match_type,pattern,country_iso,city,county
variety,Agata Black,BR,,
variety,Agata Blue,BR,,
variety,Antique Blue,BR,,
variety,Antique Blue Jumbo,BR,,
variety,Black Jumbo,BR,,
variety,Blue Jumbo,BR,,
variety,Earth Jumbo,BR,,
variety,Green,CN,,
variety,Jasper,BR,,
variety,Jellyfish,BR,,
variety,Natural Classic Jumbo,BR,,
variety,Oro Vecchio Mosaic,BR,,
variety,Pink,BR,,
variety,Red,BR,,
variety,Red Mosaic,BR,,
variety,Angel Pink,US,,
variety,Carlotta Seafoam,US,,
variety,Colorado,US,,
variety,Cotton,IR,,
variety,Egyptian Beige,EG,,
variety,Egyptian White,EG,,
variety,Golden Comb,US,,
variety,Groga,ES,,
variety,Harvest Gold,US,,
variety,Indian Red,US,,
variety,Mexico White,MX,,
variety,New Mexico Cream,US,,
variety,Persian Beige,IR,,
variety,Persian Blue,IR,,
variety,Persian Brown,IR,,
variety,Persian Green,IR,,
variety,Persian Grey,IR,,
variety,Persian White,IR,,
variety,Persian Yellow,IR,,
variety,Princess Carlotta Green,US,,
variety,Purple,US,,
variety,Red Raspberry,US,,
variety,Silk,IR,,
variety,Silvercloud,US,,
variety,Sotenal,ES,,
variety,Spotted Comb,US,,
variety,Tigereye,US,,
variety,Translucent Orange,US,,
variety,Amethyst,BR,,
variety,Aliaga Red,TR,,
variety,Angora,TR,,
variety,Ankara,TR,,
variety,Artik,AM,,
variety,Azarshahr Grey,IR,,
variety,Batu,ID,,
variety,Black Sea,TR,,
variety,Carbon Grey,CN,,
variety,China Black,CN,,
variety,Ds Gold,TR,,
variety,Ds Sina,TR,,
variety,Fujian,CN,,
variety,Georgia Brown,GE,,
variety,Golbasi,TR,,
variety,Horgita,PL,,
variety,Indonesia Black,ID,,
variety,Indonesia Grey,ID,,
variety,Indonesia Red,ID,,
variety,Iran Pink,IR,,
variety,Kayseri Grey,TR,,
variety,Leith,NZ,,
variety,Lydia Ash,TR,,
variety,Majdan Visoka,RS,,
variety,Marron Las Monjas,ES,,
variety,Nghe an Volcanic,VN,,
variety,Pietroasa,RO,,
variety,Recinto Black,MX,,
variety,Romania Grey,RO,,
variety,Sahara Purple,CN,,
variety,Sahara Rose,CN,,
variety,Shirakawa,JP,,
variety,Slovakia Grey,SK,,
variety,Slovakia Red,SK,,
variety,Taupe,SK,,
variety,Tezontle Rojo,MX,,
variety,Usak Gray,TR,,
variety,Usak Yellow,TR,,
variety,Ak,TR,,
variety,Aliaga,TR,,
variety,Amreli Grey,IN,,
variety,Armenia Black,AM,,
variety,Armenia Grey,AM,,
variety,Atlantic Lava,CN,,
variety,Auckland,NZ,,
variety,Austral Black,AU,,
variety,Baltic Grey,ID,,
variety,Basaltina Parvana,AM,,
variety,Basaltina Siciliano,IT,,
variety,Basaltite Lava,IT,,
variety,Basalto,ID,,
variety,Basalto Bauladu,IT,,
variety,Basalto De Piedra,CL,,
variety,Basalto Di Etna,IT,,
variety,Basalto Di Orvieto,IT,,
variety,Basalto Di Suni,IT,,
variety,Basalto Dos Acores,PT,,
variety,Basalto Gerona,ES,,
variety,Basalto Levigado,BR,,
variety,Batu Candi Lava,ID,,
variety,Bee Nest,VN,,
variety,Berry Black,CN,,
variety,Black Classic,ID,,
variety,Black Titan,ID,,
variety,Borgia Fumo,AM,,
variety,Borneo Black,MY,,
variety,Bronies,ID,,
variety,Bruno,ES,,
variety,China Grey,CN,,
variety,China Lava,CN,,
variety,Curi Lava,ID,,
variety,Dak Nong,VN,,
variety,Deep Grey,IT,,
variety,Derby Black,AU,,
variety,Develi,TR,,
variety,Develi Wood,TR,,
variety,Diabase,CN,,
variety,Ds,TR,,
variety,Ds Lava,TR,,
variety,Duvhult,SE,,
variety,Ergani,TR,,
variety,Gemlik Diabase,TR,,
variety,Georgia Black,GE,,
variety,Grey Marin,RO,,
variety,Gri Petrol,RO,,
variety,Guizhou Black,CN,,
variety,Gylsboda,SE,,
variety,Hafnarfjordur,IS,,
variety,Hainan Black,CN,,
variety,Hainan Grey,CN,,
variety,Heilongjiang Black,CN,,
variety,Hreppholar,IS,,
variety,Ivano Dolynske,UA,,
variety,Jinshan Black,CN,,
variety,Jordan Black,JO,,
variety,Karlshult,SE,,
variety,Kayseri,TR,,
variety,Khanh Vinh,VN,,
variety,Khust,UA,,
variety,Kiama,AU,,
variety,Kimberley,AU,,
variety,Kimberley Black,AU,,
variety,Kokonga,NZ,,
variety,Kostopolsky,UA,,
variety,Laguna,TR,,
variety,Lave Basaltique Bouzentes,FR,,
variety,Lead,GB,,
variety,Leon,CN,,
variety,Londorf,DE,,
variety,Manaseer Grey,JO,,
variety,Mayener Basaltlava,DE,,
variety,Mendiger,DE,,
variety,Menggu Black,CN,,
variety,Mesopotamia,TR,,
variety,Mucarta,TR,,
variety,Negro Oriental,UY,,
variety,Nero Assoluto,UY,,
variety,Nero Dracula,RO,,
variety,Nero Infinito,CN,,
variety,Nero Kempo,CN,,
variety,Nero Vita,TR,,
variety,Nevsehir Diabase,TR,,
variety,New Belfast,ZA,,
variety,Oahu Black,US,,
variety,Olivine,PT,,
variety,Osmaniye Black Lava,TR,,
variety,Perla Verde,TR,,
variety,Persian Black,IR,,
variety,Piedra Basaltica Molinera,ES,,
variety,Pietra Basaltina,IT,,
variety,Pietra Lavica,IT,,
variety,Pleiku,VN,,
variety,Pompeii,IT,,
variety,Puka Lava,US,,
variety,Rajasthan Black,IN,,
variety,Ratka Chrastie,SK,,
variety,Recinto Negro,MX,,
variety,Red Volcanic,CN,,
variety,Saddle Hill,NZ,,
variety,Savol Pavlov Vrch,SK,,
variety,Seis Lounge,IT,,
variety,Shirakawa Dark,JP,,
variety,Smoky Grey,GB,,
variety,Snow,CN,,
variety,Spot,CN,,
variety,Syrian Basaltic,SY,,
variety,Thaostone,VN,,
variety,Tiberias,IL,,
variety,Timaru,NZ,,
variety,Tri Kamene,SK,,
variety,Velke Dravce,SK,,
variety,Vietnam Black,VN,,
variety,Vietnam Grey,VN,,
variety,Volvic,FR,,
variety,Windsor Black,VN,,
variety,Yunnan Lava,CN,,
variety,Yunnan Red,CN,,
variety,Zhangpu Black,CN,,
variety,Bookleaf,AU,,
variety,Cam Thuy,VN,,
variety,Elk Brook,US,,
variety,Florentine,IT,,
variety,Hainan,CN,,
variety,Halquist,US,,
variety,Harkaway,AU,,
variety,Quy Hop,VN,,
variety,Victorian,AU,,
variety,Wistow,AU,,
variety,Adoquin Naranja,MX,,
variety,America Negra,MX,,
variety,Blanca Mexicana,MX,,
variety,Blanco Experiencia,MX,,
variety,Blanco Huichapan,MX,,
variety,Blanco Jalisco,MX,,
variety,Blanco Limon,MX,,
variety,Blanco Pachuca,MX,,
variety,Blanco Tinajero,MX,,
variety,Bronce,MX,,
variety,Cafe Alhambra,MX,,
variety,Cafe America,US,,
variety,Cafe Degollado,MX,,
variety,Cafe Galindo,MX,,
variety,Chiluca,MX,,
variety,Corcho,MX,,
variety,Corcho Dorado,MX,,
variety,Crema,MX,,
variety,Diamante Rosa,MX,,
variety,Dorada,MX,,
variety,Fossil,MX,,
variety,Gris Dothi,MX,,
variety,Gris Escorial,MX,,
variety,Gris Huichapan,MX,,
variety,Gris Jalisco,MX,,
variety,Gris Michoacan,MX,,
variety,Gris Moreno,MX,,
variety,Gris Puente Grande,MX,,
variety,Gris Remedios,MX,,
variety,Huixquilucan Rosa,MX,,
variety,Lavander,MX,,
variety,Lavender,MX,,
variety,Lima,MX,,
variety,Luxor,MX,,
variety,Madera,MX,,
variety,Mostaza,MX,,
variety,Naranja,MX,,
variety,Negro Huichapan,MX,,
variety,Negro Rojizo,MX,,
variety,Nuez,MX,,
variety,Piedra Galarza,MX,,
variety,Pinon,MX,,
variety,Pinon Bronze Claro,MX,,
variety,Pinon Bronze Oscuro,MX,,
variety,Pinon Chocolate,MX,,
variety,Pinon Dorado,MX,,
variety,Pinon Rio Blanco,MX,,
variety,Pinon Santa Lucia,MX,,
variety,Riviera Beige,MX,,
variety,Roja,MX,,
variety,Rojo Galindo,MX,,
variety,Rojo Paraiso,MX,,
variety,Rojo Tagui,MX,,
variety,Rosa Durazno,MX,,
variety,Rosa Ermita,MX,,
variety,Rosa Jaspeada,MX,,
variety,Rosa Mexicano,MX,,
variety,Rosa Michoacan,MX,,
variety,Sal Y Pimienta,MX,,
variety,Statuario Vena Fine,IT,,
variety,Tobacco Brown,MX,,
variety,Tobacco Orange,MX,,
variety,Uva,MX,,
variety,Verde,MX,,
variety,Verde Degollado,MX,,
variety,Verde Guanajuato,MX,,
variety,Breccia Blue,SK,,
variety,Green Breccia,EG,,
variety,Western Ivory,US,,
variety,Angelus,BR,,
variety,Black,BR,,
variety,Blue,BR,,
variety,Bonsai,BR,,
variety,Botanic,BR,,
variety,Camellot,BR,,
variety,Cave,BR,,
variety,Cristallo Azur d'Oro,BR,,
variety,Cristallo Cosmopolitan,BR,,
variety,Crystal,BR,,
variety,D'Amore,BR,,
variety,Diamond Blue Rain,BR,,
variety,Diamond Dalmata,BR,,
variety,Diamond Fiore,BR,,
variety,Diamond Fiore Mosaic,BR,,
variety,Diamond Oro,BR,,
variety,Elysian,BR,,
variety,Faberge Gold,BR,,
variety,Frost,BR,,
variety,Harpia,BR,,
variety,Iceberg,BR,,
variety,Iluminato,BR,,
variety,Iluminato Champagne,BR,,
variety,Lake,BR,,
variety,Luminatta,BR,,
variety,Mirage,BR,,
variety,Rose,BR,,
variety,Saint,BR,,
variety,Smoky,BR,,
variety,Translucent Oro,BR,,
variety,Translucent Rose,BR,,
variety,Translucent Vittro,BR,,
variety,Vivaldi,IN,,
variety,Volcanic Black,BR,,
variety,Alba Nuvolato,BR,,
variety,Alba Pietra,BR,,
variety,Avorio,BR,,
variety,Biancatto,BR,,
variety,Bianco Celestia,BR,,
variety,Bianco Stella,BR,,
variety,Bolero,BR,,
variety,Calacatta Celestia,BR,,
variety,Calacatta Columbus,BR,,
variety,Celline,BR,,
variety,Dolce Vita,BR,,
variety,Glaciers Exotic,BR,,
variety,Ludovico,BR,,
variety,Lunar,BR,,
variety,Macchia Vecchia,BR,,
variety,Matarazzo,BR,,
variety,Matterhorn,BR,,
variety,Michelangelo Calacatta,BR,,
variety,Michelangelo Prime,BR,,
variety,Milano Gray,BR,,
variety,Milano Venato PI,BR,,
variety,Nero,BR,,
variety,Oro Imperiale,BR,,
variety,Renoir Blanc,BR,,
variety,Salvatore,BR,,
variety,Satinato,BR,,
variety,Statuario,BR,,
variety,Statuario Quartzo,BR,,
variety,Valentino,BR,,
variety,Velvet White,BR,,
variety,Alps Glitter,IT,,
variety,Altamira,BR,,
variety,Aqua Blue,TR,,
variety,Aqua Grantique,US,,
variety,Arda Gold,BG,,
variety,Arda Grey,BG,,
variety,Auriu De Rodhos,RO,,
variety,Bacau,RO,,
variety,Balaka,BG,,
variety,Bamboos Gray,IT,,
variety,Beola Bianca,IT,,
variety,Beola Bianca Valle,IT,,
variety,Beola Bianca Vogogna,IT,,
variety,Beola Favalle,IT,,
variety,Beola Ghiandonata,IT,,
variety,Beola Grigia,IT,,
variety,Beola Grigia Servezzo,IT,,
variety,Beola Nera,IT,,
variety,Bergell,CH,,
variety,Biasca,CH,,
variety,Blumaggia,CH,,
variety,Bodio Nero,CH,,
variety,Bulgaria,BG,,
variety,Calanca,CH,,
variety,Caroux,FR,,
variety,Cresciano White,CH,,
variety,Da Chainca,PT,,
variety,De St Yrieix,FR,,
variety,Dorato Valmalenco,IT,,
variety,Dovre,NO,,
variety,Gloria,BG,,
variety,Gloria Platin,BG,,
variety,Golden Brown,BG,,
variety,Green Gold,CH,,
variety,Green Miracema,BR,,
variety,Hail,IT,,
variety,Ivailovgrad,BG,,
variety,Kardjali Yellow,BG,,
variety,Leubsdorf,DE,,
variety,Lodrino,CH,,
variety,Lolova,BG,,
variety,Lucerna,BR,,
variety,Maggia Boschetto,CH,,
variety,Maggia Lince,CH,,
variety,Maggia Vellutos,CH,,
variety,Maggia Wild,CH,,
variety,Maltataler,AT,,
variety,Medgidia,RO,,
variety,Miracema,BR,,
variety,Miracema Cinza,BR,,
variety,Miracema Old Gold,BR,,
variety,Muskoka Pink,CA,,
variety,Paradis,DK,,
variety,Parsac,FR,,
variety,Passeier Silver,IT,,
variety,Pink Miracema,BR,,
variety,Pont-Aven,FR,,
variety,Riviera,BR,,
variety,Rovana,CH,,
variety,Rula,SK,,
variety,Saint Just,FR,,
variety,Sesame Seed Grey,AU,,
variety,Silber,BG,,
variety,Silber Grun,CH,,
variety,Silver Grey,BG,,
variety,Stainz Grau,AT,,
variety,Stainz Grau Braun,AT,,
variety,Targu Mures,RO,,
variety,Tauern,AT,,
variety,Turda,RO,,
variety,Valser Grau,CH,,
variety,Valser Gruen,CH,,
variety,Verde Andeer,CH,,
variety,Verde Argento,IT,,
variety,Verde De Creta,RO,,
variety,Verde Italia,IT,,
variety,Verde Spriana,IT,,
variety,Vert De Glacier,CH,,
variety,Vert Evolene,CH,,
variety,White Miracema,BR,,
variety,883 Black,IN,,
variety,Abbey Grey,CA,,
variety,Abbey Rose,CA,,
variety,Abboud,SA,,
variety,Abdoud,SA,,
variety,Aberdeen,GB,,
variety,Abrolhos Crocodile,BR,,
variety,Abrolios Green,BR,,
variety,Absolute Black Ds,IN,,
variety,Absolute Black Nai,IN,,
variety,Absolute Brown,BR,,
variety,Absolute Cream,BR,,
variety,Abstract Brown,BR,,
variety,Abstract Red,IN,,
variety,Abuja Brown,NG,,
variety,Abuja Pepper and Salt,NG,,
variety,Acadian,BR,,
variety,Acadian Night,BR,,
variety,Acapulco Brown,BR,,
variety,Aceuchal,ES,,
variety,Acquarama,BR,,
variety,Addison Black,US,,
variety,Adoni Brown,IN,,
variety,Adonis Flower,CN,,
variety,Aeskered,SE,,
variety,Afo Wavy,NG,,
variety,Africa Ocean Blue,ZA,,
variety,African Canyon,NA,,
variety,African Cream,NA,,
variety,African Fantasy,ZA,,
variety,African Fusion,AO,,
variety,African Harmony,ZA,,
variety,African Ivory,ZA,,
variety,African Lilac,ZA,,
variety,African Mahogany,ZA,,
variety,African Mogano,ZA,,
variety,African Multicolor,NG,,
variety,African Rainbow,ZA,,
variety,African Silver Blue,ZA,,
variety,African Tapestry,ZA,,
variety,Afshar White,IR,,
variety,Agata,BR,,
variety,Agate,US,,
variety,Agatha Cream,BR,,
variety,Aghada Platinada,BR,,
variety,Ahrntal Valley Tonalite,IT,,
variety,Aj Brown,BR,,
variety,Aji Chume,JP,,
variety,Aji Ishi,JP,,
variety,Ak White,VN,,
variety,Aksai Red,KZ,,
variety,Aksaray Beta,TR,,
variety,Aksaray Pink,TR,,
variety,Aksaray Yaylak,TR,,
variety,Aktash,RU,,
variety,Akure Grey,NG,,
variety,Al Jamoom,SA,,
variety,Ala Noscua,RU,,
variety,Alamo Sola,BR,,
variety,Alamoot,IR,,
variety,Alaska Red,IN,,
variety,Alaska Rosa,IN,,
variety,Albany,BR,,
variety,Alberga,SE,,
variety,Albero Almendra,ES,,
variety,Albero Blanco,ES,,
variety,Albtal,DE,,
variety,Alentejo Grey,PT,,
variety,Algonquin Grey Green,CA,,
variety,Allaire,FR,,
variety,Allies Gold,IN,,
variety,Alma Grey,PT,,
variety,Alma White,PT,,
variety,Alma Yellow,PT,,
variety,Almond Jacigua,BR,,
variety,Almond Pearl Brown,IN,,
variety,Alp Snow,CN,,
variety,Alpensilber,CH,,
variety,Alpine,BR,,
variety,Alpine Gold,IN,,
variety,Alpine Star,BR,,
variety,Alpine Storm,BR,,
variety,Alps,BR,,
variety,Alvand Grey,IR,,
variety,Alvorada Brown,BR,,
variety,Alxa Yellow,CN,,
variety,Amaara,IN,,
variety,Amadeus,FI,,
variety,Amalgarh,IN,,
variety,Amarello Arabesco,BR,,
variety,Amarello Penela,PT,,
variety,Amarelo Alpendurada,PT,,
variety,Amarelo Boa Vista,BR,,
variety,Amarelo Boticas,PT,,
variety,Amarelo Cardielos,PT,,
variety,Amarelo De Felgueiras,PT,,
variety,Amarelo De Figueira,PT,,
variety,Amarelo De Fonte Arcada,PT,,
variety,Amarelo Florenca,BR,,
variety,Amarelo Frades,PT,,
variety,Amarelo Galho,PT,,
variety,Amarelo Jaguar,BR,,
variety,Amarelo Lapa,PT,,
variety,Amarelo Macieira,PT,,
variety,Amarelo Maracuja,BR,,
variety,Amarelo Moirinte,PT,,
variety,Amarelo Montemuro,PT,,
variety,Amarelo Paraiso,BR,,
variety,Amarelo San Martinho,PT,,
variety,Amarelo Santo Agostinho,BR,,
variety,Amarelo Vincenza,BR,,
variety,Amaretto,BR,,
variety,Amarillo Celta,ES,,
variety,Amarillo Extremadura,ES,,
variety,Amarillo Jara,ES,,
variety,Amarillo Monumental,ES,,
variety,Amarillo Platino,ES,,
variety,Amarillo Vilachan,ES,,
variety,Amarone,BR,,
variety,Amarula,BR,,
variety,Amazon,BR,,
variety,Amazon Black,BR,,
variety,Amazon Blue,BR,,
variety,Amazon Brown,BR,,
variety,Amazon Lilas,BR,,
variety,Amazon Pink,IN,,
variety,Amazonia,BR,,
variety,Amba Cream,IN,,
variety,Amba White,IN,,
variety,Ambatomanga,MG,,
variety,Amber Gold,CN,,
variety,Amber Persa,BR,,
variety,Amber Storm,BR,,
variety,Amber Yellow,CN,,
variety,Ambrosia Gold,BR,,
variety,Ambrosia White,IN,,
variety,Amc Red,NG,,
variety,Amendoa,BR,,
variety,Amendoa Capixaba,BR,,
variety,Amendoa Carioca,BR,,
variety,Amendoa Missi,BR,,
variety,American Gold Brazil,BR,,
variety,American Grey,US,,
variety,Ametista Black,BR,,
variety,An Gee Red,CN,,
variety,An Khe Red,VN,,
variety,Anantapur Grey,IN,,
variety,Anatoli,BR,,
variety,Anatolia Black,TR,,
variety,Anatolian Green,TR,,
variety,Ancient Brown,SA,,
variety,Andes Black,BR,,
variety,Andromeda,LK,,
variety,Andromeda Cream,IN,,
variety,Andromeda White,IN,,
variety,Angel White,BR,,
variety,Angellus,BR,,
variety,Angola Rubin,AO,,
variety,Angola Silver,AO,,
variety,Angra Brown,BR,,
variety,Angra Red,BR,,
variety,Anhai White,CN,,
variety,Anhui Ice Blue,CN,,
variety,Anji Lotus Flower,CN,,
variety,Anji Red,CN,,
variety,Anjos Gold,BR,,
variety,Ankara Fume,TR,,
variety,Ankor Galaxy,KH,,
variety,Anshan Red,CN,,
variety,Ant,TR,,
variety,Antena,XK,,
variety,Anthracite Black,BR,,
variety,Antico Cream,IN,,
variety,Antico Pearl,IN,,
variety,Antico Silver,IN,,
variety,Antik Nero Gabbro,UA,,
variety,Antique Fantasy,BR,,
variety,Antique Green,ZA,,
variety,Antique Marron,AO,,
variety,Antique White,IN,,
variety,Anxi Red,CN,,
variety,Anzola,IT,,
variety,Aobao Black,CN,,
variety,Aoki Black,JP,,
variety,Apache Red,BR,,
variety,Apollo,BR,,
variety,Apollo Storm,BR,,
variety,Apple White,IN,,
variety,Apricot Blossom,CN,,
variety,Aquarela Gold,BR,,
variety,Aquarrella Green,IR,,
variety,Aqueous,BR,,
variety,Aqueous Venato,BR,,
variety,Aqueralla Red,IR,,
variety,Aquila Red,FI,,
variety,Arabian Black,CN,,
variety,Aram Brown,IR,,
variety,Aran Cream,BR,,
variety,Arandis,NA,,
variety,Arany,BR,,
variety,Araras Gold,BR,,
variety,Arbatas,KZ,,
variety,Arboga,SE,,
variety,Arcadia,IN,,
variety,Archipelago Red,FI,,
variety,Arcka Yellow,IR,,
variety,Arctic Black Norway,NO,,
variety,Arctic Black Star,FI,,
variety,Arctic Cream,BR,,
variety,Arctic Gold,BR,,
variety,Arctic Grey,CA,,
variety,Arctic Pink,NO,,
variety,Arctic Polar White,BR,,
variety,Arctic Rainbow,CA,,
variety,Arctic Red,FI,,
variety,Arenarico,IT,,
variety,Arendus White,IN,,
variety,Ares,BR,,
variety,Aries White,BR,,
variety,Arihant Black,IN,,
variety,Aristo White,IN,,
variety,Arizona,IN,,
variety,Arizona 3d Grey,IN,,
variety,Arizona Blue,IN,,
variety,Arizona Brown,IN,,
variety,Arizona Forest Light,IN,,
variety,Armani Black,BR,,
variety,Armani White,CN,,
variety,Arnad,IT,,
variety,Arterial,BR,,
variety,Arthemis,BR,,
variety,Artic Brown,CA,,
variety,Artic Green,BR,,
variety,Articum Red,FI,,
variety,Artosha,ZA,,
variety,Artus,BR,,
variety,Aruba Dream,BR,,
variety,Aruba Gold,VE,,
variety,Arzachena,IT,,
variety,Asa Branca,BR,,
variety,Asgard White,BR,,
variety,Ash Black,IN,,
variety,Ash Brown,CA,,
variety,Ash Grey,IN,,
variety,Asian Black,CN,,
variety,Asterix,BR,,
variety,Astoria Gold,BR,,
variety,Astoria Ivory,IN,,
variety,Astoria Pink,IN,,
variety,Astrus,BR,,
variety,Aswan Red,EG,,
variety,Atacama,BR,,
variety,Atibaia,BR,,
variety,Atlantic Black,AO,,
variety,Atlantic Green,CA,,
variety,Atlantic Pink,CA,,
variety,Atlantic Star,AO,,
variety,Atlas,BR,,
variety,Audax,BR,,
variety,Aureate Grain,CN,,
variety,Aurora,FI,,
variety,Aurora Black,BR,,
variety,Aurum Black,BR,,
variety,Aurus,BR,,
variety,Ausone Silver Blue,IT,,
variety,Austral Coffee,AU,,
variety,Austral Green,AU,,
variety,Austral Juparana,AU,,
variety,Australia Desert Brown,AU,,
variety,Australia Forest Green,AU,,
variety,Autumn Green,IN,,
variety,Autumn Leaves,SE,,
variety,Autumn Yellow,PT,,
variety,Avalon White,BR,,
variety,Avatar Blue,BR,,
variety,Avatar Gold,BR,,
variety,Aves,BR,,
variety,Avocado,BR,,
variety,Avocatus,BR,,
variety,Avon Grey,IN,,
variety,Avoria White,IN,,
variety,Ayers Green,AU,,
variety,Ayvalik,TR,,
variety,Azalea Red,CN,,
variety,Azul Alpendurada,PT,,
variety,Azul Anochecer,ES,,
variety,Azul Aran,ES,,
variety,Azul Araras,BR,,
variety,Azul Bahia Blue,IR,,
variety,Azul Cinzento,PT,,
variety,Azul Claro,ES,,
variety,Azul Costa,ES,,
variety,Azul De Evora,PT,,
variety,Azul Dm,ES,,
variety,Azul Escuro,PT,,
variety,Azul Extremadura,ES,,
variety,Azul Eyes,CA,,
variety,Azul Grao Fino,PT,,
variety,Azul Guanabara,BR,,
variety,Azul Mara,VE,,
variety,Azul Nova,IN,,
variety,Azul Nuevo,IN,,
variety,Azul Ora,IN,,
variety,Azul Oscuro,ES,,
variety,Azul Palmares,BR,,
variety,Azul Pegaso,BR,,
variety,Azul Planeta,BR,,
variety,Azul Rio,BR,,
variety,Azul Serena,ES,,
variety,Azul Suede,BR,,
variety,Azul Tragal,ES,,
variety,Azul Transmontano,PT,,
variety,Azul Trujillo,ES,,
variety,Azulalia,PT,,
variety,Azulino,ES,,
variety,Azure White,IN,,
variety,Azureus,BR,,
variety,Azurite,BR,,
variety,Ba Medium,CN,,
variety,Babilon,BR,,
variety,Bacurau,BR,,
variety,Baha Golden,CN,,
variety,Bahama Blue,IN,,
variety,Bahamas,BS,,
variety,Bahamas Gold,IN,,
variety,Bahamas Green,BS,,
variety,Bahamas White,BS,,
variety,Bai Hu Jian Hong,CN,,
variety,Bai Po Huang,CN,,
variety,Baikal,BR,,
variety,Bala Flower,IN,,
variety,Balaban Green,TR,,
variety,Balfour White,US,,
variety,Bali Red,CN,,
variety,Bali White,BR,,
variety,Bally White,CN,,
variety,Ballybrew,IE,,
variety,Ballyedmonduff,IE,,
variety,Ballyknockan,IE,,
variety,Balma Black,IT,,
variety,Balmoral Green,AU,,
variety,Balmoral Red,FI,,
variety,Balthus,BR,,
variety,Baltic Azul,CN,,
variety,Baltic Brown Bb,FI,,
variety,Baltic Rosa,FI,,
variety,Baluarte,BR,,
variety,Bamboo Leaf Black,CN,,
variety,Bamboo Leafage Black,CN,,
variety,Bamboo Leafage Green,CN,,
variety,Ban Tak,TH,,
variety,Bao Loc Golden,VN,,
variety,Baoshan Grey,CN,,
variety,Baoxing Ice Black,CN,,
variety,Baoxing Rape Flower Yellow,CN,,
variety,Baoxing Red,CN,,
variety,Baoxing Watermelon Green,CN,,
variety,Bararp,SE,,
variety,Barbara White,CN,,
variety,Barbarella,BR,,
variety,Barents Blue,NO,,
variety,Barents Red,NO,,
variety,Baricatto,BR,,
variety,Bariloche,BR,,
variety,Bariloche Gold,BR,,
variety,Bariloche White,BR,,
variety,Barindong Light,VN,,
variety,Barmer Gold,IN,,
variety,Barmer Green,IN,,
variety,Barmer Yellow,IN,,
variety,Barnacullia,IE,,
variety,Baron Tham,SE,,
variety,Baroque Gold,BR,,
variety,Barra Grey,CN,,
variety,Barricato,BR,,
variety,Barroco,BR,,
variety,Basilicato,BR,,
variety,Bauchi Green,NG,,
variety,Baveno Verde,IT,,
variety,Beauty Black,IN,,
variety,Beauty Dark,BR,,
variety,Beauty Musk,BR,,
variety,Beaver Brown,FI,,
variety,Beida Black,CN,,
variety,Beige Khorramdarreh,IR,,
variety,Beige Rosa,CN,,
variety,Belgaum Grey,IN,,
variety,Bellatrix,BR,,
variety,Bellingham,US,,
variety,Belmont Rose,CA,,
variety,Belorizont,BR,,
variety,Belrose,PT,,
variety,Beluro,CA,,
variety,Belvedere,AO,,
variety,Belyauti,UZ,,
variety,Bengal Black,IN,,
variety,Bentley Grey,IN,,
variety,Bergama Grey,TR,,
variety,Bergan,NO,,
variety,Bergstrasse,DE,,
variety,Berry Brown,IN,,
variety,Bethanie,ZA,,
variety,Betulaire,BR,,
variety,Betularie,BR,,
variety,Bg Black,IN,,
variety,Bhanu Brown,IN,,
variety,Bhilwara Black,IN,,
variety,Bhilwara Grey,IN,,
variety,Bianco,BR,,
variety,Bianco Antarctica,BR,,
variety,Bianco Aurina,IT,,
variety,Bianco Aurora,BR,,
variety,Bianco Calizia,ES,,
variety,Bianco Cardigan,BR,,
variety,Bianco Catalina,BR,,
variety,Bianco Celeste,CN,,
variety,Bianco Dalmata,BR,,
variety,Bianco Gold,BR,,
variety,Bianco Jabre,BR,,
variety,Bianco Michelangelo,BR,,
variety,Bianco Monte Carlo,IT,,
variety,Bianco Montorfano,IT,,
variety,Bianco Napoleone,BR,,
variety,Bianco Pergamena,BR,,
variety,Bianco Pesca,BR,,
variety,Bianco Rubelita,BR,,
variety,Bianco Smeralda,IT,,
variety,Bianco Tapaio,BR,,
variety,Bianco Tapajo,BR,,
variety,Bianco Tarn,FR,,
variety,Bianco Tifone,IN,,
variety,Bianco Torrone,BR,,
variety,Bianco Typhoon,IN,,
variety,Big Brown Flower,CN,,
variety,Big Flower,CN,,
variety,Big Juparana,NG,,
variety,Big Sesame,CN,,
variety,Bijuri Beige,IN,,
variety,Bir Askar Brown,IN,,
variety,Birjand Daneanar,IR,,
variety,Birkenkopf,DE,,
variety,Biscotti Gold,IN,,
variety,Bishop Black,SE,,
variety,Bismark Brown,IN,,
variety,Bjaerloev,SE,,
variety,Bjarlov,SE,,
variety,Black Amber,BR,,
variety,Black Bingzhou,CN,,
variety,Black Cosmic,BR,,
variety,Black Diamond,BR,,
variety,Black Diamond Sichuan,CN,,
variety,Black Eyes,UA,,
variety,Black Falcon,BR,,
variety,Black Forest Gold,BR,,
variety,Black Fuping,CN,,
variety,Black Grain,CN,,
variety,Black Ice,UA,,
variety,Black Jack,ZA,,
variety,Black Jinan,CN,,
variety,Black Lake,BR,,
variety,Black Leopard,RU,,
variety,Black Magenta,IN,,
variety,Black Magic,TR,,
variety,Black Mamba,BR,,
variety,Black Marinace,BR,,
variety,Black Marine,IN,,
variety,Black Markino,IN,,
variety,Black Marquinho,IN,,
variety,Black Meteorite,CN,,
variety,Black Mist,BR,,
variety,Black Night,BR,,
variety,Black Orumieh,IR,,
variety,Black Pearl,IN,,
variety,Black Pepper,IN,,
variety,Black Phu Yen,VN,,
variety,Black Pingtan,CN,,
variety,Black Piranshahr,IR,,
variety,Black Prince Gabbro,UA,,
variety,Black Rwanda,RW,,
variety,Black San Marcos,BR,,
variety,Black Savannah,BR,,
variety,Black Silk,BR,,
variety,Black Sky,IN,,
variety,Black Snow Flake Diabase,US,,
variety,Black Song Hinh,VN,,
variety,Black Spot,ID,,
variety,Black Stellaris,BR,,
variety,Black Stripe,BR,,
variety,Black Taiwan,TW,,
variety,Black Taurus,BR,,
variety,Black Tear,BR,,
variety,Black Thunder,BR,,
variety,Black Ultimate,IN,,
variety,Black Vegas,BR,,
variety,Black Wave,BR,,
variety,Black-White Grain,CN,,
variety,Black Yanshan,CN,,
variety,Black Yimeng,CN,,
variety,Black Yinan,CN,,
variety,Black Yubao,CN,,
variety,Black Yulong,CN,,
variety,Black Yunnan,CN,,
variety,Black Zhangpu,CN,,
variety,Blackout,BR,,
variety,Blacksod,IE,,
variety,Blanc Du Blanc,BR,,
variety,Blanco Albuquerque,ES,,
variety,Blanco Alicante,BR,,
variety,Blanco Amanecer,ES,,
variety,Blanco Artico,ES,,
variety,Blanco Atlantico,PT,,
variety,Blanco Berrocal,ES,,
variety,Blanco Boveda,ES,,
variety,Blanco Estrella,ES,,
variety,Blanco Fantasia,ES,,
variety,Blanco Gabrielle,BR,,
variety,Blanco Galia,ES,,
variety,Blanco Leblon,BR,,
variety,Blanco Lima,ES,,
variety,Blanco Malpartida,ES,,
variety,Blanco Mara,AR,,
variety,Blanco Mera,ES,,
variety,Blanco Minho,PT,,
variety,Blanco Nacar,ES,,
variety,Blanco Nieve,ES,,
variety,Blanco Rafaela,ES,,
variety,Blanco Real,ES,,
variety,Blanco Regraex,ES,,
variety,Blanco San Marcos,AR,,
variety,Blanco San Martino,PT,,
variety,Blanco Sayago,ES,,
variety,Blanco Sierra,BR,,
variety,Blanco Sisan,ES,,
variety,Blanco Toledo,ES,,
variety,Blanco Tulum,BR,,
variety,Blanco Valle,ES,,
variety,Blanquino,ES,,
variety,Blatna,CZ,,
variety,Blauenthal,DE,,
variety,Blazing Black,FI,,
variety,Blizzard,BR,,
variety,Blooz Pink,IR,,
variety,Blue Acquarius,BR,,
variety,Blue Alaska,BR,,
variety,Blue Bahia,BR,,
variety,Blue Barracuda,BR,,
variety,Blue Bay,BR,,
variety,Blue Bono,BR,,
variety,Blue Dunes,IN,,
variety,Blue Eagle,BR,,
variety,Blue Fire,BR,,
variety,Blue Fusion,IN,,
variety,Blue Garden,BR,,
variety,Blue Gold,BR,,
variety,Blue Grain,CN,,
variety,Blue in the Night,AO,,
variety,Blue Jaguar,BR,,
variety,Blue Jeans,PK,,
variety,Blue King,ZM,,
variety,Blue Kunlun,CN,,
variety,Blue Labradorite,RU,,
variety,Blue Leopard,CN,,
variety,Blue Martinica,BR,,
variety,Blue Palladium,BR,,
variety,Blue Peacock,BR,,
variety,Blue Persa,BR,,
variety,Blue Plum,CN,,
variety,Blue Ridge,US,,
variety,Blue Silk Diamond,CN,,
variety,Blue Sky China,CN,,
variety,Blue Snake,BR,,
variety,Blue Sodalite,BR,,
variety,Blue Sucuri,BR,,
variety,Blue Thoria,IN,,
variety,Blues Gabbro,UA,,
variety,Bluette,BR,,
variety,Boafall,SE,,
variety,Bobai Black,CN,,
variety,Bodafors,SE,,
variety,Bogenes,NO,,
variety,Boguslavsky,UA,,
variety,Bohemian Gray,BR,,
variety,Bohus Grey,SE,,
variety,Bohus Silver,SE,,
variety,Boltyshevsky,UA,,
variety,Bon Accord,ZA,,
variety,Bon Red,IN,,
variety,Bonaccord Black,SE,,
variety,Bonanza Gold,IN,,
variety,Bordeaux Bahia,BR,,
variety,Bordeaux Cabernet,BR,,
variety,Bordeaux Fuji,BR,,
variety,Bordeaux Imperial,BR,,
variety,Bordeaux Montana,BR,,
variety,Bordeaux Ruby,BR,,
variety,Bordeaux Salmon,BR,,
variety,Bordeaux Terracota,BR,,
variety,Borena Hora,CZ,,
variety,Borowskie,PL,,
variety,Borujerd White,IR,,
variety,Bozi Dar,CZ,,
variety,Braennhult,SE,,
variety,Branco Acqualux,BR,,
variety,Branco Aguiar,PT,,
variety,Branco Almeida,PT,,
variety,Branco Caravela,PT,,
variety,Branco Catarina,BR,,
variety,Branco Coral,IN,,
variety,Branco Cristal,SA,,
variety,Branco De Candoso,PT,,
variety,Branco Dunas,BR,,
variety,Branco Equador,BR,,
variety,Branco Grego,BR,,
variety,Branco Gris,CN,,
variety,Branco Imaculada,BR,,
variety,Branco Ipanema,BR,,
variety,Branco Itaunas,IN,,
variety,Branco Marfim,BR,,
variety,Branco Nevasca,BR,,
variety,Branco Paris,BR,,
variety,Branco Perola,PT,,
variety,Branco Piracema,BR,,
variety,Branco Portinari,BR,,
variety,Branco Sabina,PT,,
variety,Branco Serenata,BR,,
variety,Branco Verona,BR,,
variety,Brasiliano,BR,,
variety,Brass Blue,BR,,
variety,Brazil Absolute Black,BR,,
variety,Brazil Blue Night,BR,,
variety,Brazil Brown,IR,,
variety,Brazil Ivory,BR,,
variety,Brazil Multicolor,BR,,
variety,Brazil Rainbow,BR,,
variety,Brazil White Wave,BR,,
variety,Brazilian Diamond,BR,,
variety,Brazilian Dream,BR,,
variety,Breccia Montana,BR,,
variety,Brilliant White,CN,,
variety,Brisbane Beige,AU,,
variety,Bristol Black,US,,
variety,Brixner,IT,,
variety,Broby,SE,,
variety,Bronze Falcon,BR,,
variety,Bronzite,BR,,
variety,Bronzo,BR,,
variety,Brown Bear,RU,,
variety,Brown Beauty,BR,,
variety,Brown Canyon,BR,,
variety,Brown Diamond,CN,,
variety,Brown Dunes,BR,,
variety,Brown Eyes,CA,,
variety,Brown Fb,BR,,
variety,Brown Galaxy,BR,,
variety,Brown Keshan,CN,,
variety,Brown Nut,UA,,
variety,Brown Oak,CA,,
variety,Brown Qussair,EG,,
variety,Brown Rose,IN,,
variety,Brown Star,IT,,
variety,Brown Suede,BR,,
variety,Brown Timiris,MR,,
variety,Brown Ukraine,UA,,
variety,Brownhill,FI,,
variety,Brunello,BR,,
variety,Brunet Brown Grain,CN,,
variety,Bruno Red,IN,,
variety,Buchara Grey,UZ,,
variety,Bukivske,UA,,
variety,Bukovik,RS,,
variety,Bundela Red,IN,,
variety,Burgandy Blue,BR,,
variety,Burgundy Rose,BR,,
variety,Burlwood,BR,,
variety,Butterfly Blue,CN,,
variety,Butterfly Love Golden Flower,BR,,
variety,Buxy Bayada,CN,,
variety,Cabana,BR,,
variety,Cabernet Brown,BR,,
variety,Cabugi Black,BR,,
variety,Cacao,BR,,
variety,Cacau Bahia,BR,,
variety,Cactus Boreal,BR,,
variety,Caesar White,US,,
variety,Cafe Boreal,BR,,
variety,Cafe Brown,BR,,
variety,Cafe Creme,BR,,
variety,Cafe Platino,IN,,
variety,Cafe Rio,BR,,
variety,Caffe Bruno,BR,,
variety,Caggiano Gold,CN,,
variety,Cairo,BR,,
variety,Caisara,BR,,
variety,Calca Red,AU,,
variety,Caliber Red,IN,,
variety,Calico,BR,,
variety,California Brown,BR,,
variety,California Green,US,,
variety,California Red Dragon,CN,,
variety,California White,CN,,
variety,Calvi Grand Melange,FR,,
variety,Calvi Petit Melange,FR,,
variety,Cambridge White,NA,,
variety,Camel Brown,IN,,
variety,Camelia White,US,,
variety,Camellia Red,US,,
variety,Campascio,CH,,
variety,Can Can,BR,,
variety,Canadian Black,CA,,
variety,Canadian Red,CA,,
variety,Canadian Violetta,CA,,
variety,Cano Red,CN,,
variety,Cap Star,ZA,,
variety,Capao Bonito,BR,,
variety,Cape Brown,ZA,,
variety,Cape Neddick,US,,
variety,Cape Rustenburg,ZA,,
variety,Cape White,BR,,
variety,Capella,CN,,
variety,Capo Blanco,BR,,
variety,Capolavoro,BR,,
variety,Cappadocia,BR,,
variety,Cappuccino,BR,,
variety,Capri Pink,BR,,
variety,Capricho White,MX,,
variety,Capricorn,ZA,,
variety,Capuccino Brown,BR,,
variety,Carajas,BR,,
variety,Caramel Fantastico,BR,,
variety,Caramel Macchiatto,BR,,
variety,Caramel Pink,UY,,
variety,Caramel Taupe,BR,,
variety,Caramellato,BR,,
variety,Caramelo Ornamental,BR,,
variety,Cardinal Grey,UA,,
variety,Cardinal Purple,CI,,
variety,Caribbean Green,BR,,
variety,Carioca Brown,BR,,
variety,Carmel Brown,BR,,
variety,Carmello,BR,,
variety,Carnaval,BR,,
variety,Carnival Brown,UA,,
variety,Carolina Summer,BR,,
variety,Carpazi,UA,,
variety,Carpe Diem,BR,,
variety,Cartier,BR,,
variety,Cartus White,IN,,
variety,Carybe,BR,,
variety,Cascade Coral,CA,,
variety,Casper White,IN,,
variety,Caspian White,IN,,
variety,Castle Grey,CN,,
variety,Castor Blue,BR,,
variety,Cathedral,BR,,
variety,Cats Eye Brown,IN,,
variety,Cavalete,BR,,
variety,Cavalete Black,BR,,
variety,Cavalete White,BR,,
variety,Caviale Nero,UA,,
variety,Cd Pantheon,BR,,
variety,Ceanitus,BR,,
variety,Ceara White,BR,,
variety,Cedar Rose,US,,
variety,Celestial Green,IN,,
variety,Celina Grey,US,,
variety,Centaurus,BR,,
variety,Century Ice,CN,,
variety,Century Jute,CN,,
variety,Century Platinum,CN,,
variety,Century Red,CN,,
variety,Cera Grey,IN,,
variety,Chalet,BR,,
variety,Challawa Pink,NG,,
variety,Champagne Gold,IN,,
variety,Champagne Green,CN,,
variety,Champlain,US,,
variety,Chamrajnagar Black,IN,,
variety,Chandler Bay,GB,,
variety,Chandna White,IN,,
variety,Changle Red,CN,,
variety,Changning Red,CN,,
variety,Chaozhou Red,CN,,
variety,Charcoal Black,IN,,
variety,Chardonnay,BR,,
variety,Chariot Blue,IN,,
variety,Charley Brown,US,,
variety,Charm Blue Blackish Green,NG,,
variety,Chateau,BR,,
variety,Chateaux Persa,BR,,
variety,Cheema Blue,IN,,
variety,Cheer White,CN,,
variety,Cheetah Brown,IN,,
variety,Chelmsford Gray,US,,
variety,Chengde Green,ZA,,
variety,Chenshan White,CN,,
variety,Cherkas Green,UA,,
variety,Chernomorec,BG,,
variety,Cherry Brown,IN,,
variety,Cherry Chocolate,BR,,
variety,Chestnut Blue,FI,,
variety,Cheyenne,BR,,
variety,Chief White Diamond,CN,,
variety,Chifeng Moyu,CN,,
variety,Chiffon White,IN,,
variety,Chikoo Pearl,IN,,
variety,China Apple Green,CN,,
variety,China Aurora,CN,,
variety,China Balmoral,CN,,
variety,China Coral Green,CN,,
variety,China Deer Brown,CN,,
variety,China Desert Brown,CN,,
variety,China Galaxy White,CN,,
variety,China Georgia Gray,CN,,
variety,China Giallo Fiorito,CN,,
variety,China Golden,CA,,
variety,China Mountain Red,CN,,
variety,China Multicolor Red,CN,,
variety,China Pacific Blue,CN,,
variety,China Pink Porino,CN,,
variety,China Silver White,CN,,
variety,China Star White,CN,,
variety,China Titanium,CN,,
variety,China Veneziano,CN,,
variety,Chinese Balmoral Black,CN,,
variety,Chinese Balmoral Red,CN,,
variety,Chinese Cafe Bahia,CN,,
variety,Chinese Inada,CN,,
variety,Chinese Mahogany,CN,,
variety,Chintamani Grey,IN,,
variety,Chittoor Paradiso,IN,,
variety,Chlum,CZ,,
variety,Chocolate River,BR,,
variety,Chocolate Zanjan,IR,,
variety,Chom Poo Nhong Bua,TH,,
variety,Chovnovsky,UA,,
variety,Christmas Bush,AU,,
variety,Chronos,BR,,
variety,Chrysanthemum Green,CN,,
variety,Chrysanthemum Red,CN,,
variety,Cianitus,BR,,
variety,Cibaca Pink,IN,,
variety,Cielo De Ivory,IN,,
variety,Cielo De Oro,BR,,
variety,Cierny Balog,SK,,
variety,Cinderella,BR,,
variety,Cinnamon,BR,,
variety,Cinza Alpalhao,PT,,
variety,Cinza Alpendurada,PT,,
variety,Cinza Caraculo,AO,,
variety,Cinza Castro,PT,,
variety,Cinza Corumbá,BR,,
variety,Cinza Corumbazinho,BR,,
variety,Cinza Lapa,PT,,
variety,Cinza Maua,BR,,
variety,Cinza Moirinte,PT,,
variety,Cinza Montemuro,PT,,
variety,Cinza Nobre,BR,,
variety,Cinza Penalva,PT,,
variety,Cinza Pinhel,PT,,
variety,Cinza Tropical,BR,,
variety,Cinzento Antas,PT,,
variety,Cinzento Ariz,PT,,
variety,Cinzento De Favaco,PT,,
variety,Cinzento De Satao,PT,,
variety,Cinzento Monchique,PT,,
variety,Cinzento St. Eulalia,PT,,
variety,Citrus,BR,,
variety,Classic Black,IN,,
variety,Classic Brown,CN,,
variety,Cloud Flower,CN,,
variety,Cloud Silk Grey,CN,,
variety,Cloud Vein,VN,,
variety,Cloudy Moon,IN,,
variety,Coarse Grain White,CN,,
variety,Cobalt Blue,BR,,
variety,Cobra,BR,,
variety,Cobra Black,IN,,
variety,Cobra Green,BR,,
variety,Cocktail Green,IN,,
variety,Cocoa Grey Grain,CN,,
variety,Coin Black,IN,,
variety,Cold Mountain,BR,,
variety,Colibri,BR,,
variety,Coliseu,BR,,
variety,Coliseum,BR,,
variety,Collina,BR,,
variety,Colonial,BR,,
variety,Colonial Blue,IN,,
variety,Colonial Bordeaux,BR,,
variety,Colonial Pearl,LK,,
variety,Colonial Persa,BR,,
variety,Colonial White - M,IN,,
variety,Colorado Gold,BR,,
variety,Colorado River,BR,,
variety,Colorado Rose Red,US,,
variety,Colossal White,BR,,
variety,Columbia Pink,US,,
variety,Comet,BR,,
variety,Confucius Grey,CN,,
variety,Congo Black,BR,,
variety,Connemara,IE,,
variety,Constantine,BR,,
variety,Copacabana,BR,,
variety,Copenhagen,BR,,
variety,Copper Canyon,BR,,
variety,Copper Gold,BR,,
variety,Copper Rose,CN,,
variety,Copper Silk Beige,IN,,
variety,Copper Taupe,BR,,
variety,Coral,ES,,
variety,Coral Brown,BR,,
variety,Coral Green Neimenggu,CN,,
variety,Coral Red,FI,,
variety,Coral Reef,BR,,
variety,Coral Spring,BR,,
variety,Corcovado Branco,BR,,
variety,Cordoba Cream,BR,,
variety,Corn Red,CN,,
variety,Coromandel,NZ,,
variety,Corona Pink,IN,,
variety,Corrennie,GB,,
variety,Cortina White,BR,,
variety,Cosmic Blue,BR,,
variety,Cosmic White,IN,,
variety,Cosmos Green,BR,,
variety,Costa Dakota,IN,,
variety,Costa Dorada,BR,,
variety,Costa Esmeralda,BR,,
variety,Costa Green,IN,,
variety,Costa Playo,BR,,
variety,Costa Queimada,PT,,
variety,Costa Smerelda,BR,,
variety,Costarica,BR,,
variety,Cotton Motion,BR,,
variety,Cougan Green,BR,,
variety,Coup Du Soleil,FR,,
variety,Cowra Blue,AU,,
variety,Crazy Horse,BR,,
variety,Cream,BR,,
variety,Cream Cashmere,IN,,
variety,Cream Flakes,BR,,
variety,Cream Orumieh,IR,,
variety,Cream Violet,BR,,
variety,Crema Amelia,IN,,
variety,Crema Antartida,BR,,
variety,Crema Astoria,BR,,
variety,Crema Atlantico,ES,,
variety,Crema Bahia,BR,,
variety,Crema Blandus,IN,,
variety,Crema Botanic,BR,,
variety,Crema Brazil,BR,,
variety,Crema Champan,ES,,
variety,Crema Chianti,BR,,
variety,Crema Julia,ES,,
variety,Crema Lal,TR,,
variety,Crema Macieira,PT,,
variety,Crema Mara,BR,,
variety,Crema Montana,BR,,
variety,Crema Perlato,BR,,
variety,Crema Persa,BR,,
variety,Crema Pink,CN,,
variety,Crema Romano,BR,,
variety,Crema Sabbia,IT,,
variety,Crema Taupe,BR,,
variety,Crema Terra,PT,,
variety,Crema Typhoon,BR,,
variety,Crema Valdemanco,ES,,
variety,Crema Valentino,IN,,
variety,Crema Venato,BR,,
variety,Creme Beach,BR,,
variety,Creme Marfim,BR,,
variety,Crepuscolo,BR,,
variety,Cresciano,CH,,
variety,Cristalino Classico,BR,,
variety,Cristalino Gold,BR,,
variety,Cronus,BR,,
variety,Crown Red,CN,,
variety,Cyan Angola,AO,,
variety,Cyan Yinan,CN,,
variety,Da Vinci Brown,CN,,
variety,Dahlia White,BR,,
variety,Daidai Red,CN,,
variety,Daisy Blue,IN,,
variety,Dak Song White,VN,,
variety,Dakota Blue,BR,,
variety,Dakota Crazy Horse,US,,
variety,Dakota Rose,US,,
variety,Dalian G603,CN,,
variety,Dallas Pink,BR,,
variety,Dallas White,BR,,
variety,Damghan,IR,,
variety,Danube,BR,,
variety,Danxia Red,CN,,
variety,Danyang Red,CN,,
variety,Dark Coral Green,BR,,
variety,Dark Green,IR,,
variety,Dark Green Diamond,CN,,
variety,Dark Green Gold Sand,CN,,
variety,Dark Green Purple,CN,,
variety,Dark Grey,VN,,
variety,Dark Mist,BR,,
variety,Dark Moon,BR,,
variety,Dark Steel,CA,,
variety,Darwin Brown,AU,,
variety,Deccan Red,IN,,
variety,Deep Grey Grain,NG,,
variety,Deer Isle,US,,
variety,Del Mare,BR,,
variety,Delicatus,BR,,
variety,Delicatus Brown,BR,,
variety,Delicatus Cream,BR,,
variety,Delicatus Splendor,BR,,
variety,Delirium,BR,,
variety,Delta Diamond,BR,,
variety,Desert Black,IN,,
variety,Desert Cream,IN,,
variety,Desert Dream,BR,,
variety,Desert Pearl,BR,,
variety,Desert Rose,CN,,
variety,Desert Storm Gold,BR,,
variety,Desert Wave,IN,,
variety,Desert White,BR,,
variety,Designer Brown,IN,,
variety,Develi Yaylak,TR,,
variety,Dhanpura Black,IN,,
variety,Di Capri,BR,,
variety,Diabas Omenje,NA,,
variety,Diamante Negro,BR,,
variety,Diamond Gold,CN,,
variety,Diamond Like Flowers,CN,,
variety,Diamond Pearl,US,,
variety,Diamond Pink Neimenggu,CN,,
variety,Diamond Red Huian,CN,,
variety,Diamond Rose,CN,,
variety,Diana Green,IN,,
variety,Diorite Del Piemonte,IT,,
variety,Diorite Di Traversella,IT,,
variety,Diorite Viupabra,IT,,
variety,Diyadin,TR,,
variety,Dmytrit,UA,,
variety,Dolni Brezinka,CZ,,
variety,Dolphin,TR,,
variety,Dona Grey,IN,,
variety,Donegal,IE,,
variety,Donegal Salmon,IE,,
variety,Doratus,BR,,
variety,Dove Red,CN,,
variety,Downy Red,CN,,
variety,Dragon Fireworks,CN,,
variety,Dragon Spring Red,CN,,
variety,Dragon Squama Green,CN,,
variety,Drana Multicolor Purple,CN,,
variety,Dream Green,CN,,
variety,Dream Nebula,CN,,
variety,Dream Sapphire,BR,,
variety,Dreamlike Brown,CN,,
variety,Dreamlike Rose,CN,,
variety,Drenovci,HR,,
variety,Driftwood,US,,
variety,Dubai,BR,,
variety,Duke White,IT,,
variety,Dunhuang Red,CN,,
variety,Dyed Red,CN,,
variety,Dzhil Tau,KZ,,
variety,Eagle Red,FI,,
variety,Eagle White,BR,,
variety,Earth Glitter,CA,,
variety,East River,BR,,
variety,Ebony Green,IN,,
variety,Eco Gold,BR,,
variety,Egypt Fantastic White,EG,,
variety,Eitzing,DE,,
variety,Ekachai Blue,TH,,
variety,El Grove,ES,,
variety,El Madrono Diabase,ES,,
variety,El Shayeb Assuan,EG,,
variety,Elegant Gray,BR,,
variety,Elegant White,BR,,
variety,Eliza Red,NG,,
variety,Elvas Green,PT,,
variety,Emerald Champagne,CN,,
variety,Emiclassic,AU,,
variety,Emperador Palace,CN,,
variety,Emperor Red,CN,,
variety,Empire Grey,CN,,
variety,Emporio White,ES,,
variety,Enchanted Forest,BR,,
variety,Endless Mountain,BR,,
variety,English Brown,IN,,
variety,English Teak,IN,,
variety,Englishmans Bay,US,,
variety,Enigma Black,BR,,
variety,Epprechtstein,DE,,
variety,Esko Brown,FI,,
variety,Espresso,BR,,
variety,Estuary Black,ZA,,
variety,Evening Warsaw,UA,,
variety,Ever Bright,CN,,
variety,Ever Green,CN,,
variety,Everest,BR,,
variety,Evora P2,PT,,
variety,Evora P4,PT,,
variety,Excalibur,BR,,
variety,Exodus White,BR,,
variety,Exotic Diamond,BR,,
variety,Exotic Gold,BR,,
variety,Exotic Oriental,BR,,
variety,Exotic Red,IN,,
variety,Exotic White,IN,,
variety,Explosion Black,BR,,
variety,Explosion Lime,BR,,
variety,Extreme Blue,ES,,
variety,Eystrahorn Gabbro,IS,,
variety,Ezine Grey,TR,,
variety,Fah Nam Dip,TH,,
variety,Fah Panom,TH,,
variety,Falkenberg,SE,,
variety,Fangshan Snow White,CN,,
variety,Fanon Green,BR,,
variety,Fantastic Black Waves,EG,,
variety,Fantastic Marbrasa,BR,,
variety,Fantastico Branco,BR,,
variety,Fantasy Brown,AO,,
variety,Fantasy Rainforest,CN,,
variety,Fantasy Spary,CN,,
variety,Fascination,BR,,
variety,Fashion Green,BR,,
variety,Faultage White,PT,,
variety,Feldispatus,BR,,
variety,Feldspar Gold,BR,,
variety,Feldspar White,BR,,
variety,Feldspato Bianco,BR,,
variety,Feldspato Diamante,BR,,
variety,Fengkai Flower,CN,,
variety,Fengzhen Black,CN,,
variety,Fenix Gold,BR,,
variety,Ferreira Do Alentejo,PT,,
variety,Fiesta Gold,BR,,
variety,Fily,SA,,
variety,Finnish Koral,FI,,
variety,Finnish Teak,FI,,
variety,Finnmarkit,NO,,
variety,Fior De Cactus,IN,,
variety,Fire Bordeaux,BR,,
variety,Firoozeh,IR,,
variety,Fish Belly,IN,,
variety,Fjord,NO,,
variety,Flake Brown,IN,,
variety,Flame Creek,FI,,
variety,Flamenco,FI,,
variety,Flexibly Asterion,CN,,
variety,Flint Grey,IN,,
variety,Flisa,NO,,
variety,Florence,BR,,
variety,Flower,CN,,
variety,Focus,BR,,
variety,Fogang Blue,CN,,
variety,Foglia Seca,BR,,
variety,Fontaine Green,ZA,,
variety,Fontell Red,FI,,
variety,Forest Grey,ID,,
variety,Forest White,BR,,
variety,Forsan Red,EG,,
variety,Fortune Brown,IN,,
variety,Fortune Cream,CN,,
variety,Fortune Green,IN,,
variety,Fosen Gra,NO,,
variety,Four Season Green,CN,,
variety,Fox Brown,FI,,
variety,Fragrant Red,CN,,
variety,Frappuccino,BR,,
variety,French Brown,IN,,
variety,French White,IN,,
variety,Freshwater Acadia,US,,
variety,Freshwater Pearl,US,,
variety,Frisk Red,CN,,
variety,Frost White,BR,,
variety,Frozen White,BR,,
variety,Fuerstenstein,DE,,
variety,Fujian Black,CN,,
variety,Fujian Brown Pearl,CN,,
variety,Fujian Golden Leaf,CN,,
variety,Fujian Pearl White,CN,,
variety,Funil Red,BR,,
variety,Furong Red,CN,,
variety,Fushou Red,CN,,
variety,Fusion,IN,,
variety,Fusion Gold,IN,,
variety,Fusion White,IN,,
variety,G004,CN,,
variety,G029,CN,,
variety,G030,CN,,
variety,G032,CN,,
variety,G037,CN,,
variety,G050,CN,,
variety,G061,CN,,
variety,G10,IN,,
variety,G300,CN,,
variety,G301,CN,,
variety,G304,CN,,
variety,G308,CN,,
variety,G312,CN,,
variety,G333,CN,,
variety,G346,CN,,
variety,G3536,CN,,
variety,G354,CN,,
variety,G355,CN,,
variety,G356,CN,,
variety,G358,CN,,
variety,G3587,CN,,
variety,G359,CN,,
variety,G360,CN,,
variety,G364,CN,,
variety,G370,CN,,
variety,G375,CN,,
variety,G376,CN,,
variety,G380,CN,,
variety,G381,CN,,
variety,G384,CN,,
variety,G389,CN,,
variety,G390,CN,,
variety,G394,CN,,
variety,G398,CN,,
variety,G399,CN,,
variety,G400,CN,,
variety,G402,CN,,
variety,G425,CN,,
variety,G428,CN,,
variety,G435,CN,,
variety,G452,CN,,
variety,G592,CN,,
variety,G602,CN,,
variety,G604,CN,,
variety,G605,CN,,
variety,G606,CN,,
variety,G608,CN,,
variety,G610,CN,,
variety,G611,CN,,
variety,G613,CN,,
variety,G618,CN,,
variety,G622,CN,,
variety,G628,CN,,
variety,G632,CN,,
variety,G639,CN,,
variety,G646,CN,,
variety,G650,CN,,
variety,G651,CN,,
variety,G658,CN,,
variety,G660,CN,,
variety,G663,CN,,
variety,G668,CN,,
variety,G679,CN,,
variety,G680,CN,,
variety,G683,CN,,
variety,G685,CN,,
variety,G687,CN,,
variety,G688,CN,,
variety,G693,CN,,
variety,G694,CN,,
variety,G696,CN,,
variety,G697,CN,,
variety,G699,CN,,
variety,G701,CN,,
variety,G702,CN,,
variety,G706,CN,,
variety,G712,CN,,
variety,G716,CN,,
variety,G722,CN,,
variety,G723,CN,,
variety,G725,CN,,
variety,G726,CN,,
variety,G727,CN,,
variety,G729,CN,,
variety,G730,CN,,
variety,G732,CN,,
variety,G733,CN,,
variety,G740,CN,,
variety,G743,CN,,
variety,G744,CN,,
variety,G746,CN,,
variety,G747,CN,,
variety,G748,CN,,
variety,G750,CN,,
variety,G751,CN,,
variety,G752,CN,,
variety,G753,CN,,
variety,G754,CN,,
variety,G757,CN,,
variety,G801,CN,,
variety,G804,CN,,
variety,G838,CN,,
variety,G856,CN,,
variety,G861,CN,,
variety,G869,CN,,
variety,G889,CN,,
variety,G896,CN,,
variety,Gabbro Drugoreckoe,RU,,
variety,Gabbro Red Vinga,RU,,
variety,Galactic Bronze,UA,,
variety,Galactica,BR,,
variety,Galaxia Blue,BR,,
variety,Galaxus,BR,,
variety,Galaxy Blue Black,BR,,
variety,Galaxy Cream,BR,,
variety,Gallix,CA,,
variety,Ganache,BR,,
variety,Ganzi Cherry White,CN,,
variety,Ganzi Sesame Black,CN,,
variety,Gaoming Black,CN,,
variety,Garabagh,IR,,
variety,Gardenia,IN,,
variety,Garnet Red,CN,,
variety,Garuda,BR,,
variety,Gastrodia White,CN,,
variety,Gauguin,BR,,
variety,Gaya,BR,,
variety,Gazon,BR,,
variety,Gb4 Grey,IN,,
variety,Gem Paradiso,IN,,
variety,General Red,CN,,
variety,Genesis White,BR,,
variety,Geode,BR,,
variety,Geriba,BR,,
variety,Ghadeer,SA,,
variety,Ghiandone,IT,,
variety,Ghiandone Gallura,IT,,
variety,Ghiandone Limbara,IT,,
variety,Ghiandone Luras,IT,,
variety,Ghiandone Rosato,IT,,
variety,Ghiandone Valmasino,IT,,
variety,Ghibli Gold,IN,,
variety,Ghibli Ivory,IN,,
variety,Giallita,BR,,
variety,Giallo Alaska,BR,,
variety,Giallo Amarulla,BR,,
variety,Giallo Amazon,IN,,
variety,Giallo Argento,BR,,
variety,Giallo Atlantico,ES,,
variety,Giallo Bahia,BR,,
variety,Giallo Burgundy,BR,,
variety,Giallo Calabria,IT,,
variety,Giallo California,BR,,
variety,Giallo Capri,BR,,
variety,Giallo Damara,NA,,
variety,Giallo Fantasia,CN,,
variety,Giallo Fantasy,NG,,
variety,Giallo Farfalla,BR,,
variety,Giallo Galicia,PT,,
variety,Giallo Giselle,BR,,
variety,Giallo Guaimir,VE,,
variety,Giallo Himalaya,BR,,
variety,Giallo Humaita,BR,,
variety,Giallo Latina,BR,,
variety,Giallo Matisse,BR,,
variety,Giallo Monet,BR,,
variety,Giallo Namib,ZA,,
variety,Giallo Napoleon,BR,,
variety,Giallo Nova,BR,,
variety,Giallo Ornamental,BR,,
variety,Giallo Ostrica,BR,,
variety,Giallo Ovodda,IT,,
variety,Giallo Palustris,BR,,
variety,Giallo Partenon,BR,,
variety,Giallo Parthenon,BR,,
variety,Giallo Portinari,BR,,
variety,Giallo Portofino,BR,,
variety,Giallo Real,BR,,
variety,Giallo Renoir,BR,,
variety,Giallo Rio,BR,,
variety,Giallo Sabbia,BR,,
variety,Giallo San Francisco,BR,,
variety,Giallo San Giacomo,IT,,
variety,Giallo San Rafael,BR,,
variety,Giallo Santa Rita,BR,,
variety,Giallo Santo,BR,,
variety,Giallo Sf Real White,BR,,
variety,Giallo Sofia,BR,,
variety,Giallo Speranza,BR,,
variety,Giallo Supreme,BR,,
variety,Giallo Tigrato,BR,,
variety,Giallo Topazio,BR,,
variety,Giallo Tropical,BR,,
variety,Giallo Venezia,BR,,
variety,Giallo Verona,BR,,
variety,Giallo Vitoria,BR,,
variety,Giallo West,BR,,
variety,Giresun Vizon,TR,,
variety,Gitata Gold,NG,,
variety,Gl Pink,VN,,
variety,Glacier Blue,CA,,
variety,Glacier Hemp,CN,,
variety,Glacier White,CN,,
variety,Glenaby,CA,,
variety,Glitter Green,BR,,
variety,Glittery White,CN,,
variety,Goa Red,IN,,
variety,Goas,NA,,
variety,Gobi Blue,CN,,
variety,Godhra Bhadabha,IN,,
variety,Godhra Tarsang Gray,IN,,
variety,Goeinge,SE,,
variety,Gold 500,BR,,
variety,Gold Antique,IN,,
variety,Gold Beach,IN,,
variety,Gold Black Diamond,CN,,
variety,Gold Dyed,CN,,
variety,Gold Fields,BR,,
variety,Gold Fuji,BR,,
variety,Gold Gem,CN,,
variety,Gold Grain Green,CN,,
variety,Gold Grain Guyang,CN,,
variety,Gold Grain Hami,CN,,
variety,Gold Sand Green,CN,,
variety,Gold Star,IN,,
variety,Gold Topaz,CN,,
variety,Golden Beauty,BR,,
variety,Golden Bird,BR,,
variety,Golden Bordeaux,BR,,
variety,Golden Brown Xinjiang,CN,,
variety,Golden Butterfly,BR,,
variety,Golden Buzios,BR,,
variety,Golden Cascade,NA,,
variety,Golden Cayman,BR,,
variety,Golden Chocolate,BR,,
variety,Golden Cloudy,IN,,
variety,Golden Coast,BR,,
variety,Golden Diamond Red,CN,,
variety,Golden Dream,BR,,
variety,Golden Eclipse,BR,,
variety,Golden Eye,CN,,
variety,Golden Falls,BR,,
variety,Golden Fiji,BR,,
variety,Golden Flakes,BR,,
variety,Golden Flower Red,CN,,
variety,Golden Fortune,BR,,
variety,Golden Galaxy,CN,,
variety,Golden Grain Guangdong,CN,,
variety,Golden Hemp Light,CN,,
variety,Golden Jade,BR,,
variety,Golden Jasmine,CN,,
variety,Golden Juparana,BR,,
variety,Golden King,BR,,
variety,Golden Leaf,SA,,
variety,Golden Light,BR,,
variety,Golden Lightning,IR,,
variety,Golden Marinace,BR,,
variety,Golden Melody,IN,,
variety,Golden Mix,BR,,
variety,Golden Moon,BR,,
variety,Golden Oak,IN,,
variety,Golden Paglia,BR,,
variety,Golden Persa,BR,,
variety,Golden Picasso,IN,,
variety,Golden Pompeii,BR,,
variety,Golden Queen,BR,,
variety,Golden Ray,BR,,
variety,Golden Rock,IN,,
variety,Golden Rustic,BR,,
variety,Golden Sand,BR,,
variety,Golden Shadow,IN,,
variety,Golden Sienna,BR,,
variety,Golden Silver,BR,,
variety,Golden Sky,BR,,
variety,Golden Sparkle,BR,,
variety,Golden Spot Green,CN,,
variety,Golden Spring,IN,,
variety,Golden Stallion,IN,,
variety,Golden Star Red,CN,,
variety,Golden Sun,BR,,
variety,Golden Vinhal,BR,,
variety,Golden Viper,BR,,
variety,Golden Web,IN,,
variety,Golden Years,BR,,
variety,Golden Yellow,CN,,
variety,Golpanbeh Hamedan,IR,,
variety,Gondomar,PT,,
variety,Gora Tokimovka,RU,,
variety,Gra Bohus Aevja,SE,,
variety,Grace Grey,CN,,
variety,Graffiti,BR,,
variety,Grain Beige,CN,,
variety,Grain Multicolor,CN,,
variety,Gramangola Black,AO,,
variety,Grampian Red,GB,,
variety,Gran Paradiso,VE,,
variety,Gran Pola,BR,,
variety,Grand Canyon,BR,,
variety,Grand Mahogany,US,,
variety,Granida Lc,VN,,
variety,Granja,PT,,
variety,Granville,CA,,
variety,Grass Green,CN,,
variety,Grassland Green,CN,,
variety,Gray Huanggang,CN,,
variety,Gray Isis,EG,,
variety,Gray Nuevo,IN,,
variety,Gray Rwanda,RW,,
variety,Great Lakes,US,,
variety,Great Wall Green,CN,,
variety,Great Wall Red,CN,,
variety,Green Chameleon,BR,,
variety,Green Chashan,CN,,
variety,Green Coniferals,CN,,
variety,Green Diabase,ZA,,
variety,Green Diamond Jilin,CN,,
variety,Green Dragon,BR,,
variety,Green Gaoming,CN,,
variety,Green Gem China,CN,,
variety,Green Grain,CN,,
variety,Green Huamen,CN,,
variety,Green Jade Fujian,CN,,
variety,Green Jadeite,CN,,
variety,Green Peacock,CN,,
variety,Green Piranshahr,IR,,
variety,Green Raniah,SA,,
variety,Green Ray,RU,,
variety,Green River,BR,,
variety,Green Rose,IN,,
variety,Green Sand Neimenggu,CN,,
variety,Green Shakh Do,IR,,
variety,Green Valley,BR,,
variety,Green Wave,CN,,
variety,Green Wish,BR,,
variety,Green Yiyang,CN,,
variety,Green Zanjan,IR,,
variety,Green Zoucheng,CN,,
variety,Greene County,US,,
variety,Greenland,BR,,
variety,Grey Aswan,EG,,
variety,Grey Bibala,NA,,
variety,Grey Bird,IN,,
variety,Grey Carmen,EG,,
variety,Grey Cloud,US,,
variety,Grey Diamond,CN,,
variety,Grey Flower,CN,,
variety,Grey Goose,BR,,
variety,Grey Linen,CN,,
variety,Grey Quoin,UA,,
variety,Grey River,CN,,
variety,Grey Shanqian,CN,,
variety,Grey Silk,BR,,
variety,Grey Star,CN,,
variety,Grey Sucuri,BR,,
variety,Grey Ukraine,PT,,
variety,Grey Vivacqua,BR,,
variety,Grey White Fangshan,CN,,
variety,Grey Xela,AO,,
variety,Grey Xinlin,CN,,
variety,Grey Yunmeng,CN,,
variety,Grey Zulai,CN,,
variety,Grigio Brosso,IT,,
variety,Grigio Champagne,CN,,
variety,Grigio Di Calabria,IT,,
variety,Grigio Malaga,IT,,
variety,Grigio Raffaello,IT,,
variety,Grigio Sardo,PT,,
variety,Grigio Scuro,CN,,
variety,Grigio Tortora,IT,,
variety,Grimsel,CH,,
variety,Gris Alba,ES,,
variety,Gris Avila,ES,,
variety,Gris Caceres,ES,,
variety,Gris Cadalso,ES,,
variety,Gris Campanario,ES,,
variety,Gris Conquistador,ES,,
variety,Gris Diana,ES,,
variety,Gris Estrella,ES,,
variety,Gris Fantasia,ES,,
variety,Gris Fino,PT,,
variety,Gris Guayana,GY,,
variety,Gris Jaspeado,ES,,
variety,Gris Leon,ES,,
variety,Gris Leona,VE,,
variety,Gris Mara,AR,,
variety,Gris Messi,ES,,
variety,Gris Mezquita,ES,,
variety,Gris Mondariz,ES,,
variety,Gris Montana,BR,,
variety,Gris Nevada,ES,,
variety,Gris Orinokia,VE,,
variety,Gris Paraiso,VE,,
variety,Gris Parga,ES,,
variety,Gris Pinor,ES,,
variety,Gris Plata,ES,,
variety,Gris Platino,VE,,
variety,Gris Quintana,ES,,
variety,Gris Robledo,ES,,
variety,Gris Rosado,ES,,
variety,Gris Salvaje,VE,,
variety,Gris Santamaria,ES,,
variety,Gris Santamarta,ES,,
variety,Gris Segovia,ES,,
variety,Gris Sorihuela,ES,,
variety,Gris Taguanes,VE,,
variety,Gris Tragal,PT,,
variety,Griza Yellow,BR,,
variety,Groetvik,SE,,
variety,Guadiana Oro,ES,,
variety,Guangdong Pink Grain,CN,,
variety,Guangdong Red,CN,,
variety,Guangdong Salisbury Pink,CN,,
variety,Guangdong White,CN,,
variety,Guangling Ivory Yellow,CN,,
variety,Guangming Grey,CN,,
variety,Guangming White,CN,,
variety,Guangning Black Star,CN,,
variety,Guangxi Black,CN,,
variety,Guangze Gaoyuan Red,CN,,
variety,Guangze Red,CN,,
variety,Guanshan Red,TW,,
variety,Guazubira,UY,,
variety,Guddi Ivory,NG,,
variety,Guilin Hong,CN,,
variety,Guixi Celestial Red,CN,,
variety,Guixi Immortal Red,CN,,
variety,Gujarat Brown,IN,,
variety,Gullmaren,SE,,
variety,Guna Black,IN,,
variety,Gutian Red,CN,,
variety,Guyana Red,GY,,
variety,Haapala Red,FI,,
variety,Hafslo,NO,,
variety,Haifeng Red,CN,,
variety,Hailong Island Red,CN,,
variety,Hailstorm,BR,,
variety,Hainan G654,CN,,
variety,Haisa White Grain,CN,,
variety,Haiti,BR,,
variety,Hallandia,SE,,
variety,Halmstad,SE,,
variety,Hamadan Black,IR,,
variety,Hamedan Gray,IR,,
variety,Hami Chrysanthemum Yellow,CN,,
variety,Hami Sesame Green,CN,,
variety,Hami Star Blue,CN,,
variety,Hamina Red,FI,,
variety,Hanazawa Ishi,JP,,
variety,Hanyuan Star Red,CN,,
variety,Harbor Mist,US,,
variety,Harmaa Helmi,FI,,
variety,Harmony,CA,,
variety,Hartwick White,US,,
variety,Harvest Brown,IN,,
variety,Havana,BR,,
variety,Havana Red,SA,,
variety,Havanna Blue,IN,,
variety,Hawaii,BR,,
variety,Hawaiian Bordeaux,BR,,
variety,Heaven Jade,CN,,
variety,Hebei Beige,CN,,
variety,Hebei Forest Green,CN,,
variety,Hebei Green Wave,CN,,
variety,Heidlbrunn,AT,,
variety,Helletsbakke,DK,,
variety,Henan Cherry Red,CN,,
variety,Henan Green Pearl,CN,,
variety,Henan Sakura Red,CN,,
variety,Henan Sesame White,CN,,
variety,Hengshan Black,CN,,
variety,Henry Black,CN,,
variety,Heritage Black,CA,,
variety,Heritage Valley,US,,
variety,Herrnholz,DE,,
variety,Hessischer Olivindiabas,DE,,
variety,Hibinite,RU,,
variety,Hibiscus Pink,SA,,
variety,Hidden Treasure,BR,,
variety,Himalaya White,BR,,
variety,Himalayan Brown,IN,,
variety,Hintertiessen,DE,,
variety,Hiperion,BR,,
variety,Hisar Grey,TR,,
variety,Hoa Tam,VN,,
variety,Hoetzelsberg,DE,,
variety,Homiat Red,SA,,
variety,Honey,BR,,
variety,Honey Dew,IN,,
variety,Horand,IR,,
variety,Hua Hin,TH,,
variety,Huadu Red,CN,,
variety,Hualien Diamond,CN,,
variety,Huang Nobles,CN,,
variety,Huashan Sesame White,CN,,
variety,Hubei Blue Star,CN,,
variety,Hubei Sesame White,CN,,
variety,Hudcice,CZ,,
variety,Huelgoat,FR,,
variety,Huian Pink,CN,,
variety,Huian White,CN,,
variety,Huidong White,CN,,
variety,Huilou Yellow,CN,,
variety,Humaita White,BR,,
variety,Hunan Sesame Black,CN,,
variety,Hurrem,TR,,
variety,Hurricane Gold,BR,,
variety,Hypnotic,BR,,
variety,Hyvinkaeae,FI,,
variety,Ibere Bellagio,BR,,
variety,Ibere Maestra Black,BR,,
variety,Ibere Mari White,BR,,
variety,Ibere Plantus,BR,,
variety,Ibere Soleil,BR,,
variety,Iberian White,ES,,
variety,Ibiaran Gold,BR,,
variety,Ice Black Diamond,CN,,
variety,Ice Brown,BR,,
variety,Ice Flake Blue,CN,,
variety,Ice Flake Brown,CN,,
variety,Ice Flake Red,CN,,
variety,Ice Flower Blue,CN,,
variety,Ice Flower Red,CN,,
variety,Ice Sparkle,IN,,
variety,Ice White,IN,,
variety,Icefall,BR,,
variety,Idaho Smoke,US,,
variety,Iddefjord,NO,,
variety,Iguana Green,BR,,
variety,Ikon Brown,IN,,
variety,Ile,FR,,
variety,Ilomba Blue,MW,,
variety,Imatra,FI,,
variety,Immortal Red,CN,,
variety,Impala Adriatic,BA,,
variety,Impala Medium,ZA,,
variety,Imperial Beige,IN,,
variety,Imperial Black,AU,,
variety,Imperial Cream,IN,,
variety,Imperial Green,BR,,
variety,Imperial Grey,CN,,
variety,Imperial Pearl,BR,,
variety,Imperial Pink,IN,,
variety,Imperial Red,IN,,
variety,Imperial Salmon,PT,,
variety,Impex Brown,IN,,
variety,Inada,JP,,
variety,Inani Black Marinace,IN,,
variety,Inari White,FI,,
variety,Incas Gold,IN,,
variety,India Atlantic Blue,IN,,
variety,India Autumn Mist,IN,,
variety,India Baltic Red,IN,,
variety,India Black Fantasy,IN,,
variety,India Black Forest,IN,,
variety,India Blue Flower,IN,,
variety,India Copper Brown,IN,,
variety,India Coral Brown,IN,,
variety,India Desert Rose,IN,,
variety,India Desert Sand,IN,,
variety,India Dragon Red,CN,,
variety,India Forest Green,IN,,
variety,India Ice Blue,IN,,
variety,India Juparana Bianco,IN,,
variety,India Juparana Pink,CN,,
variety,India Jurassic Green,IN,,
variety,India Mahogany,IN,,
variety,India Pearl Brown,IN,,
variety,India Queen Rose,IN,,
variety,Indian Alaska White,IN,,
variety,Indian Aspen White,IN,,
variety,Indian Aurora,IN,,
variety,Indian Kinawa,IN,,
variety,Indian Royal Brown,IN,,
variety,Indian Sunset,US,,
variety,Indigo,BR,,
variety,Indo Black,VN,,
variety,Indochina Mahogany,VN,,
variety,Infinity Gold,BR,,
variety,Ink Jade,CN,,
variety,Ink Painting,CN,,
variety,Intense Coffee,BR,,
variety,Invictus,BR,,
variety,Invierno,BR,,
variety,Ipanema Beach,BR,,
variety,Ipanema Beige,BR,,
variety,Iragna,CH,,
variety,Irish Black,IN,,
variety,Iron Blue,BR,,
variety,Iron Red,BR,,
variety,Isetskiy,RU,,
variety,Isfahan Green,IR,,
variety,Isfahan Rose,IR,,
variety,Iskcon White,IN,,
variety,Island Red,CN,,
variety,Isola Grey,CN,,
variety,Istanbul,BR,,
variety,Ita Green,BR,,
variety,Ita Rose,BR,,
variety,Ivo Red,SE,,
variety,Ivory Bahama,IN,,
variety,Ivory Brown,IN,,
variety,Ivory Coast,ZA,,
variety,Ivory Cream,IN,,
variety,Ivory Cream Gold,IN,,
variety,Ivory Elegance,IN,,
variety,Ivory Gold,BR,,
variety,Ivory Juparana,IN,,
variety,Ivory Orange,IN,,
variety,Ivory Pearl,IN,,
variety,Ivory Pink,IN,,
variety,Ivory Raw Silk,IN,,
variety,Ivory White,IN,,
variety,Iwaro Pink,NG,,
variety,Izerski,PL,,
variety,Jacaranda,BR,,
variety,Jacaranda Wood,BR,,
variety,Jade Blue,CN,,
variety,Jade Green,BR,,
variety,Jade Grey,CN,,
variety,Jade Verdure Rock,CN,,
variety,Jaguar Brown,IN,,
variety,Jalore Brown,IN,,
variety,Jalore Yellow,IN,,
variety,Jane,PT,,
variety,Jaracatia,BR,,
variety,Jarppila Rosa,FI,,
variety,Jasmine Diamond,CN,,
variety,Jasmine White,IN,,
variety,Jasper Blue,IN,,
variety,Jatoba Brown,BR,,
variety,Java Black,ID,,
variety,Jazzy,BR,,
variety,Jd Brown,IN,,
variety,Jeerawal White,IN,,
variety,Jiajun Red,CN,,
variety,Jiangxi Green,CN,,
variety,Jiangxi Yellow,CN,,
variety,Jianping Black,CN,,
variety,Jiashi Red,CN,,
variety,Jiaxi Yellow,CN,,
variety,Jidao Red,CN,,
variety,Jilin Black,CN,,
variety,Jilin White,CN,,
variety,Jinan Dark Green,CN,,
variety,Jinghai Rongchen,CN,,
variety,Jingrun Red,CN,,
variety,Jingtai Blue,CN,,
variety,Jinhu Red,CN,,
variety,Jinshan Gold,CN,,
variety,Jinsui Grey Grain,CN,,
variety,Jinzhai Bright Blue,CN,,
variety,Jonesboro,US,,
variety,Jos Light Green,NG,,
variety,Junan Red,CN,,
variety,Juparaiba,BR,,
variety,Juparana Andes,BR,,
variety,Juparana Apiaka,BR,,
variety,Juparana Arandis,NA,,
variety,Juparana Avindra,LK,,
variety,Juparana Bari,BR,,
variety,Juparana Beach,BR,,
variety,Juparana Boreal,BR,,
variety,Juparana Bronze,BR,,
variety,Juparana Campestre,BR,,
variety,Juparana Champagne,BR,,
variety,Juparana Copacabana,BR,,
variety,Juparana Crema Bordeaux,BR,,
variety,Juparana Desert,BR,,
variety,Juparana Dream,BR,,
variety,Juparana Dunas,BR,,
variety,Juparana Etna,BR,,
variety,Juparana Excotica,BR,,
variety,Juparana Fantastico,BR,,
variety,Juparana Flamingo,BR,,
variety,Juparana Florence,BR,,
variety,Juparana Gold Bluish,BR,,
variety,Juparana Golden Khan,BR,,
variety,Juparana Guyana,BR,,
variety,Juparana Itaoca,BR,,
variety,Juparana Jatoba,BR,,
variety,Juparana Linhares,BR,,
variety,Juparana Mahogany,BR,,
variety,Juparana Mantena,BR,,
variety,Juparana Natalia,BR,,
variety,Juparana Paraiba,BR,,
variety,Juparana Perla,BR,,
variety,Juparana Persa,BR,,
variety,Juparana Portobelo,BR,,
variety,Juparana Rio,BR,,
variety,Juparana Saba,SD,,
variety,Juparana Salmon,BR,,
variety,Juparana Santa Helena,BR,,
variety,Juparana Sausalito,BR,,
variety,Juparana Starlight,BR,,
variety,Juparana Sucuri,BR,,
variety,Juparana Taupe,BR,,
variety,Juparana Tier,NA,,
variety,Juparana Tobacco,BR,,
variety,Juparana Verniz,BR,,
variety,Juparana Wave Light,BR,,
variety,Jupiter Red,IN,,
variety,Jurassic Golden,IN,,
variety,Juva Red,FI,,
variety,Juzhou Red,CN,,
variety,Jyvaeskylae Black,FI,,
variety,Jyvaeskylae Light,FI,,
variety,K White,IN,,
variety,Kachia Grey,NG,,
variety,Kaduna Dark Grey,NG,,
variety,Kadur Red,IN,,
variety,Kagawa,JP,,
variety,Kahn,NA,,
variety,Kajaani Grey,FI,,
variety,Kakino White,CN,,
variety,Kalahari,BR,,
variety,Kalahari Spring,ZA,,
variety,Kalamaili Gold,CN,,
variety,Kaleidoscope,BR,,
variety,Kalinka,UA,,
variety,Kalix,SE,,
variety,Kalix River,BR,,
variety,Kallsebo,SE,,
variety,Kalvola Red,FI,,
variety,Kamai Gold,CN,,
variety,Kaman,TR,,
variety,Kamarica,BR,,
variety,Kambulatovsky,RU,,
variety,Kanakpura Multicolour,IN,,
variety,Kangayam Gold,IN,,
variety,Kangbao Red,CN,,
variety,Kangmei Black,CN,,
variety,Kanigiri Absolute Black,IN,,
variety,Kapustinsky,UA,,
variety,Karachi White,PK,,
variety,Karamay Green,CN,,
variety,Karauli Red,IN,,
variety,Kardelen,TR,,
variety,Karelia Beige,FI,,
variety,Karelia Black,RU,,
variety,Karelia Mystik,FI,,
variety,Karelia Red,FI,,
variety,Karelian Green,FI,,
variety,Karen,EG,,
variety,Karimnagar Brown,IN,,
variety,Karjalan Black Diabase,RU,,
variety,Karjalan Ruskea,RU,,
variety,Karmin,UA,,
variety,Karnataka Royal Brown,IN,,
variety,Karoo Gold,ZA,,
variety,Karoo Ice,ZA,,
variety,Karu Spotty,NG,,
variety,Karur White,IN,,
variety,Kashimir Gold,BR,,
variety,Kashimir Lapidus,BR,,
variety,Kashina Gora,RU,,
variety,Kashmir Azul,IN,,
variety,Kashmir Bahia,BR,,
variety,Kashmir Green,IN,,
variety,Kashmir Mango,IN,,
variety,Kasinge,SE,,
variety,Katuba Blue,ZM,,
variety,Katzie,IN,,
variety,Kayon Blue,CN,,
variety,Kayon Nero,CN,,
variety,Kayrus,BR,,
variety,Kaytash,UZ,,
variety,Kelardasht,IR,,
variety,Kemet,EG,,
variety,Kempton White,BR,,
variety,Kenaf Wood,CN,,
variety,Kershaw,US,,
variety,Key West Gold,US,,
variety,Kg Ebony,ZW,,
variety,Khalifehlu Chocolate,IR,,
variety,Khammam Black,IN,,
variety,Khanh Hoa,VN,,
variety,Khao Tone,TH,,
variety,Kharda Red,IN,,
variety,Khorasan Azur,IR,,
variety,Kibwezi Pink,KE,,
variety,Kibwezi Yellow,KE,,
variety,Kilimanjaro,BR,,
variety,Kilpua Red,FI,,
variety,Kinawa Gold,IN,,
variety,Kinawa Lagoa,BR,,
variety,Kinawa White,BR,,
variety,King Black,CN,,
variety,Kinna,SE,,
variety,Kirikovan,RU,,
variety,Kitaki,JP,,
variety,Kitledge Gray,US,,
variety,Klassic,US,,
variety,Klesov Red,UA,,
variety,Klettigshammer,DE,,
variety,Klong Sak,TH,,
variety,Knapper,NO,,
variety,Kodiak Brown,CA,,
variety,Koida Black,FI,,
variety,Kokar,FI,,
variety,Koksaroy Grey,UZ,,
variety,Koliwada,IN,,
variety,Kometa Black,UA,,
variety,Konstantin Imperialis,UA,,
variety,Korday,KZ,,
variety,Kordestan Green,IR,,
variety,Korninskiy,UA,,
variety,Korpi Black,FI,,
variety,Korpi Pale Red,FI,,
variety,Korpilahti,FI,,
variety,Kosmin,PL,,
variety,Kosseine,DE,,
variety,Kostrza,PL,,
variety,Kostyantynivsky,UA,,
variety,Kotalwadi Black,IN,,
variety,Kozarovice,CZ,,
variety,Kozmus,BR,,
variety,Kporoko African Multicolour,NG,,
variety,Kporoko Brown,NG,,
variety,Kporoko Spotty,NG,,
variety,Kramfors,SE,,
variety,Krin Grey,MK,,
variety,Krishna Flower,IN,,
variety,Krokstrand,NO,,
variety,Kronreuth,DE,,
variety,Krystallos Elysian,IN,,
variety,Krystallos Medley,IN,,
variety,Krystallos Pink,IN,,
variety,Kudashivsky,UA,,
variety,Kujama,NG,,
variety,Kukul,MK,,
variety,Kulla,SE,,
variety,Kunal Red,IN,,
variety,Kunnam Black,IN,,
variety,Kupetskiy,RU,,
variety,Kuppam Grey,IN,,
variety,Kurasie Grey,UZ,,
variety,Kurasie Pink,UZ,,
variety,Kurdaisk,KZ,,
variety,Kurdy,KZ,,
variety,Kurtinskiy,KZ,,
variety,Kuru Hazelnut,FI,,
variety,Kuru Red,FI,,
variety,Kuru Red Brown,FI,,
variety,Kuznechnoe,RU,,
variety,Kyaikto Violet,MM,,
variety,Kymi Brown,FI,,
variety,La Baie,CA,,
variety,Labareda Golden,BR,,
variety,Labdar Amazonite,MN,,
variety,Labrador Acier,NO,,
variety,Labrador Amostra,AO,,
variety,Labrador Gold,BR,,
variety,Labradorite Bianca,MG,,
variety,Labradorite Di Oriente,BR,,
variety,Labradorite River Blue,MG,,
variety,Labradorite Verde,MG,,
variety,Labrascar,MG,,
variety,Labrazie,FR,,
variety,Labugama Grey,LK,,
variety,Ladoga Red,RU,,
variety,Ladojskiy,RU,,
variety,Lady Green,BR,,
variety,Lages,PT,,
variety,Lagohar Black,IR,,
variety,Laguna Golden,BR,,
variety,Laholm,SE,,
variety,Laizhou Rust,CN,,
variety,Landscape Grey,CN,,
variety,Landscape Red,CN,,
variety,Lang Hua White,CN,,
variety,Lanhelin,FR,,
variety,Lanka,LK,,
variety,Lanka Olive Green,LK,,
variety,Lanka Teak,LK,,
variety,Lanove Green,UA,,
variety,Laoshan Red,CN,,
variety,Lapidus,BR,,
variety,Lapinlampi Black,FI,,
variety,Lappeenranta,FI,,
variety,Lappia Salmon,FI,,
variety,Lapponia Red,FI,,
variety,Latinum,BR,,
variety,Laurent Red,CN,,
variety,Laurentian Green,CA,,
variety,Laurentian Pink,CA,,
variety,Lava Jewel,IN,,
variety,Lawn Green,CN,,
variety,Lazuli,IN,,
variety,Leggiuna,CH,,
variety,Leikanger,NO,,
variety,Lemon Grass,IN,,
variety,Lemon Ice,IN,,
variety,Leopard Skin,CN,,
variety,Lepainen,FI,,
variety,Letnerechensky,RU,,
variety,Lettuce,IR,,
variety,Liancheng Hua,CN,,
variety,Liancheng Red,CN,,
variety,Liangcheng Green,CN,,
variety,Lianxing White,CN,,
variety,Liberec,CZ,,
variety,Liebenstein,DE,,
variety,Lieto Red,FI,,
variety,Light Green,IR,,
variety,Light Rideau Red,CA,,
variety,Lila Gerais,BR,,
variety,Lilac Purple Ningde,CN,,
variety,Lillet,IN,,
variety,Limoncello,BR,,
variety,Lina Grey,CN,,
variety,Lingshan Red,CN,,
variety,Lisya Gorka,RU,,
variety,Lithosporic,CN,,
variety,Little Green Star,CN,,
variety,Liubu Red,CN,,
variety,Ljusaryd,SE,,
variety,Lokoja Red,NG,,
variety,London Smoke,BR,,
variety,London White,IT,,
variety,Longfeng Red,CN,,
variety,Longnan Red,CN,,
variety,Longquan Red,CN,,
variety,Longshu Red,CN,,
variety,Longxu Red Dark,CN,,
variety,Lorestan,IR,,
variety,Lotus,BR,,
variety,Lotus Gold,BR,,
variety,Lotus Green,CN,,
variety,Louis Gold,CN,,
variety,Loulan Diamond,CN,,
variety,Loveria,IN,,
variety,Loyal Valley,US,,
variety,Lu Red,CN,,
variety,Lucy in the Sky,BR,,
variety,Luding Long March Red,CN,,
variety,Luding Red,CN,,
variety,Lukovetskoe,UA,,
variety,Lumerian,IN,,
variety,Luna Pearl,IT,,
variety,Lunar Eclipse,CN,,
variety,Lunar Grey,BR,,
variety,Lundhs Baltic Brown,FI,,
variety,Lundhs Ocean Blue,NO,,
variety,Luodian Green,CN,,
variety,Lushan Black Ice Flake,CN,,
variety,Lushan Pearl Red,CN,,
variety,Lushan Zhonghua Red,CN,,
variety,Luxor Blue,BR,,
variety,Luz De Compostela,ES,,
variety,Luz Del Fuego,BR,,
variety,Lyangar Grey,UZ,,
variety,Lyangar Pink,UZ,,
variety,M Black,IN,,
variety,Ma Red,CN,,
variety,Maaninka Pink,FI,,
variety,Maaninka Pink Matt,FI,,
variety,Macajuba,BR,,
variety,Macchiato Coffee,BR,,
variety,Macheado Lapa,PT,,
variety,Macondo,AO,,
variety,Madam Red B,CN,,
variety,Madam Red Lingqiu,CN,,
variety,Madame Pink,CN,,
variety,Madison,US,,
variety,Madras Red,IN,,
variety,Madurai Rose,IN,,
variety,Mag Black,BR,,
variety,Magailie White,BR,,
variety,Magic,IR,,
variety,Magic Brown,FI,,
variety,Magma Bordeaux,BR,,
variety,Magma Gold,BR,,
variety,Magnific Dark,BR,,
variety,Magnificent White,BR,,
variety,Magnolia Flower,CN,,
variety,Magnum Gold,IN,,
variety,Magnum Red,IN,,
variety,Mahabad,IR,,
variety,Mahe Brown,SC,,
variety,Maikulski,KZ,,
variety,Majestic Brown,IN,,
variety,Makalu,BR,,
variety,Malambo Gold,AR,,
variety,Malaysia Brown,MY,,
variety,Malibu,BR,,
variety,Malibu White,BR,,
variety,Malkov,CZ,,
variety,Malmoen,SE,,
variety,Mandala,BR,,
variety,Mani White,IN,,
variety,Mannari Ishi,JP,,
variety,Mansehra Absolute Black,PK,,
variety,Mansurovsky,RU,,
variety,Maori,BR,,
variety,Maoshan Black,CN,,
variety,Maple Red,CN,,
variety,Maple Red Fujian,CN,,
variety,Maracana,BR,,
variety,Maraghe,IR,,
variety,Maragheh,IR,,
variety,Maranello,BR,,
variety,Marathon,BR,,
variety,Marbrasa,BR,,
variety,Marfim Wood,BR,,
variety,Marina Green,IN,,
variety,Marinus,BR,,
variety,Marisma,BR,,
variety,Marjan Jungle,IR,,
variety,Marlin Blue,BR,,
variety,Maroon Grafite,BR,,
variety,Marquino Silver Valley,IN,,
variety,Marrakesh,BR,,
variety,Marrocos,BR,,
variety,Marrom Graphite,BR,,
variety,Marrom Perola,BR,,
variety,Marron Bahia,BR,,
variety,Marron Bois,BR,,
variety,Marron Canaveral,VE,,
variety,Marron Caribe,VE,,
variety,Marron Castor,BR,,
variety,Marron Guaiba,BR,,
variety,Mary Black,BR,,
variety,Mary Blue,BR,,
variety,Mary Gold,IN,,
variety,Masada Sun,IN,,
variety,Mascalzone,BR,,
variety,Mascarato,BR,,
variety,Mascarello Gold,BR,,
variety,Maskaratus,BR,,
variety,Maskeratus,BR,,
variety,Maslav,UA,,
variety,Mason,US,,
variety,Matala Red,AO,,
variety,Matama,ES,,
variety,Mathura Gold,IN,,
variety,Matou Flower Zhangpu,CN,,
variety,Matrix 3d,BR,,
variety,Matuu Black,KE,,
variety,Matuu Red,KE,,
variety,Mauna Loa,BR,,
variety,Mavarsky,RU,,
variety,Maverick,BR,,
variety,Maximus,BR,,
variety,Maya Blue,BR,,
variety,Mayur Multicolor,IN,,
variety,Medina Brown,SA,,
variety,Medusa Gold,BR,,
variety,Meihua Red,CN,,
variety,Melbourne Grey,AU,,
variety,Mendola,CN,,
variety,Mengshan Pink Flower,CN,,
variety,Merijaervi Red,FI,,
variety,Meruoca Classico,BR,,
variety,Mervyn Grey,GB,,
variety,Meshki Alamot,IR,,
variety,Metalicus,BR,,
variety,Metallic,BR,,
variety,Metallic White,BR,,
variety,Mezhdurechensky,RU,,
variety,Mezhyritske,UA,,
variety,Mezzanotte,BR,,
variety,Mianning Red,CN,,
variety,Michalowice,PL,,
variety,Midnight Black,US,,
variety,Mill Lane,CA,,
variety,Millenium Cream,IN,,
variety,Minguan Gray,PL,,
variety,Minotaurus,BR,,
variety,Minsk Bronze,BR,,
variety,Minsk Green,BR,,
variety,Minsk Green Gold,BR,,
variety,Mint Green,IN,,
variety,Miracle White,IN,,
variety,Mirage Cream,IN,,
variety,Miskinsay,UZ,,
variety,Missouri Red,US,,
variety,Misty Black,CN,,
variety,Misty Brown,CN,,
variety,Misty Gray,IN,,
variety,Miya,NG,,
variety,Miyi Green,CN,,
variety,Miyun Peach Blossom,CN,,
variety,Miyun Peach Red,CN,,
variety,Mng Black,IN,,
variety,Mogno Bahia,BR,,
variety,Mokoro,NA,,
variety,Molokai,BR,,
variety,Mombasa,BR,,
variety,Mon Cheri,BR,,
variety,Mona Lisa,IN,,
variety,Monaco Bordeaux,BR,,
variety,Mongolia Green,MN,,
variety,Mongolia White,CN,,
variety,Monsun,IN,,
variety,Mont Blue,IN,,
variety,Mont Carmelo,BR,,
variety,Mont Rouge,BR,,
variety,Montblanc,IN,,
variety,Monte Cristo,IN,,
variety,Monte Verde,IT,,
variety,Montreal,BR,,
variety,Monumental Rose,AO,,
variety,Monzogabbro Predazzo,IT,,
variety,Monzonite Grigio,IT,,
variety,Monzonite Verde,IT,,
variety,Moon Night,UA,,
variety,Moon Valley,BR,,
variety,Moonlight,CN,,
variety,Moonlight Grey,US,,
variety,Morning Down,ZA,,
variety,Morning Mist,IN,,
variety,Morocco,BR,,
variety,Morumbi,BR,,
variety,Morvaride,IR,,
variety,Moselokke,SE,,
variety,Moskart,UY,,
variety,Moss Brown,BR,,
variety,Motcha Ghibli,IN,,
variety,Moulin Rouge,BR,,
variety,Mount Kearney,GB,,
variety,Mount Megantic,CA,,
variety,Mountain Green,IN,,
variety,Mountain Mocha,BR,,
variety,Mountain Pink,CA,,
variety,Mourne Glen Pink,IE,,
variety,Moyu Gold,CN,,
variety,Mozambique Blue,MZ,,
variety,Mozambique Brown,BR,,
variety,Mozambique White,MZ,,
variety,Mozart,BR,,
variety,Mozart Ruby,CN,,
variety,Mp Black,IN,,
variety,Mp White,IN,,
variety,Mpape Green,NG,,
variety,Mrakotin,CZ,,
variety,Mu Black,IN,,
variety,Mudgal Grey,IN,,
variety,Muhrau,PL,,
variety,Multicolor Golden,NG,,
variety,Multicolor Maracay,VE,,
variety,Multicolor Peach,CN,,
variety,Multicolor Red,VE,,
variety,Multicolor White,CN,,
variety,Muscat Red,UA,,
variety,Muskoka Black,CA,,
variety,Mystic,IN,,
variety,Mystic Diamond,BR,,
variety,Mystic Sand,BR,,
variety,Mystic Spring,BR,,
variety,Mystique Grey,BR,,
variety,Nacarat Diamond Grain,CN,,
variety,Nadejda,RU,,
variety,Nadella Brown,IN,,
variety,Nadezhda,KZ,,
variety,Nadri Yellow,IN,,
variety,Naein Red,IR,,
variety,Naesinge,SE,,
variety,Nagina Green,IN,,
variety,Nairobi Taupe,BR,,
variety,Najran Black Volcano,SA,,
variety,Najran Gold,SA,,
variety,Namib Green,NA,,
variety,Namib Rose,NA,,
variety,Namib Silver,NA,,
variety,Namibia Grey,NA,,
variety,Namibia White,IR,,
variety,Nanan Mayflower Snow,CN,,
variety,Nanping Black,CN,,
variety,Nanping Minjiang Red,CN,,
variety,Nara Brown,CA,,
variety,Narcissus Green,CN,,
variety,Natanz Delavari,IR,,
variety,Natanz Hosseini,IR,,
variety,Natanz Molaei,IR,,
variety,Nautilus Blue,BR,,
variety,Navajo White,BR,,
variety,Ndondungo Black,AO,,
variety,Nebizhsky,RU,,
variety,Nebulous Grain,CN,,
variety,Necin,CZ,,
variety,Negresco,BR,,
variety,Negro Batalla,ES,,
variety,Negro Borba,PT,,
variety,Negro Caceres,ES,,
variety,Negro Celta,ES,,
variety,Negro Extremadura,ES,,
variety,Negro Fantasia,ES,,
variety,Negro Fino,ES,,
variety,Negro Galicia,ES,,
variety,Negro Grapesa,ES,,
variety,Negro Nacional,PT,,
variety,Negro Nevado,ES,,
variety,Negro Ochavo,ES,,
variety,Negro Reguengos,PT,,
variety,Negro Santa Olalla,ES,,
variety,Negro Tezal,ES,,
variety,Negro Venezuela,VE,,
variety,Negro Villar,ES,,
variety,Nehbandan Cream,IR,,
variety,Nehbandan Pink,IR,,
variety,Neimenggu Green Butterfly,CN,,
variety,Neimenggu Leopard Skin Green,CN,,
variety,Neimenggu Red Multicolor,CN,,
variety,Neptune,BR,,
variety,Nerazhsky,UA,,
variety,Nero Aracruz,BR,,
variety,Nero Athena,CN,,
variety,Nero Colombo,LK,,
variety,Nero Impala,ZA,,
variety,Nero Nebiyan,TR,,
variety,Nero Nuvolato,CN,,
variety,Nero Panama,PA,,
variety,Nero Pretoria,ZA,,
variety,Nero Rosario,UY,,
variety,Nero Striato,BR,,
variety,Nero Tijuca,BR,,
variety,Nero Toledo,ES,,
variety,Nero Victoria,ZA,,
variety,Net Blue,BR,,
variety,Nettuno,BR,,
variety,Netuno Bordeaux,BR,,
variety,Nevada Black,BR,,
variety,Nevasca Mist,BR,,
variety,Nevaska,BR,,
variety,New Azul Aran,BR,,
variety,New Balmoral Red,FI,,
variety,New Bianco,BR,,
variety,New Classical Brown,CN,,
variety,New Colonial Dream,IN,,
variety,New Deer Isle,CN,,
variety,New Delicatus,BR,,
variety,New Evergreen,CN,,
variety,New Forest Green,CN,,
variety,New G602,CN,,
variety,New G617,CN,,
variety,New G684,CN,,
variety,New Gold,IN,,
variety,New Golden Silver,BR,,
variety,New Grey,VN,,
variety,New Jardine,CN,,
variety,New Kashmir Gold,IN,,
variety,New Rainbow,CA,,
variety,New Red,IN,,
variety,New Rubin,IN,,
variety,New Sapphire Blue,IN,,
variety,New Shanxi Black,CN,,
variety,New Symphony Green,CN,,
variety,New Typhoon,BR,,
variety,New Wavy,CN,,
variety,Newport,CA,,
variety,Nghe an Black,VN,,
variety,Niagara Gold,BR,,
variety,Niederbobritzsch,DE,,
variety,Nigeria Ivory,NG,,
variety,Nigeria Red,NG,,
variety,Night Dream,BR,,
variety,Night Snow,CN,,
variety,Night Snow Liaoning,CN,,
variety,Nilo River,BR,,
variety,Ningde Golden Sand,CN,,
variety,Ningde Lilac Pink,CN,,
variety,Niva,BR,,
variety,Niveous,BR,,
variety,Nizhne Sanarskiy,RU,,
variety,Nkh Black,IN,,
variety,Noble,BR,,
variety,Nordberg,SE,,
variety,Nordic Red,CA,,
variety,Nordic Sunset,RU,,
variety,Normandy,FR,,
variety,North Sea,CA,,
variety,Norway Green,NO,,
variety,Nosara Green,IN,,
variety,Nosara Yellow,IN,,
variety,Notte Nero Gabbro,UA,,
variety,Noturno,BR,,
variety,Nougat,BR,,
variety,Nummular Brown Grain,CN,,
variety,Nyati Black,ZA,,
variety,Nyko Red,SE,,
variety,Nylandia,SE,,
variety,Nystad Grey,FI,,
variety,Oak Hill,US,,
variety,Oak Mountain,US,,
variety,Oasis,BR,,
variety,Oberstreit,PL,,
variety,Ocean Black,BR,,
variety,Ocean Blue,IT,,
variety,Ocean Bordeaux,BR,,
variety,Ocean Fantasy,BR,,
variety,Ocean Flower,BR,,
variety,Ocean Green,BR,,
variety,Ocean Red,BR,,
variety,Ocean White,IN,,
variety,Oconee,US,,
variety,Ocre Sevilla,ES,,
variety,Oerebo,SE,,
variety,Ohshima Ikkuyu,JP,,
variety,Ojima Super Grey,JP,,
variety,Okayama Pink,JP,,
variety,Old Gold,IN,,
variety,Oleberg,NO,,
variety,Olive,CN,,
variety,Olive Forest,IN,,
variety,Olive Green Flowers,ZA,,
variety,Olivia,IN,,
variety,Olympic Blue,CN,,
variety,Olympic White,CN,,
variety,Olympo,BR,,
variety,Omega,FI,,
variety,Omenje,NA,,
variety,Onde Buena,BR,,
variety,Onida Orange,IN,,
variety,Onix Green,BR,,
variety,Onsernone,CH,,
variety,Ontario White,CN,,
variety,Opala,BR,,
variety,Opalescence,IN,,
variety,Opalescent Grain,CN,,
variety,Opereta Gold,BR,,
variety,Oraculus,BR,,
variety,Orange Rose,CN,,
variety,Orchid White,IN,,
variety,Orcoyana Green,AR,,
variety,Oreo Black,BR,,
variety,Oreo White,BR,,
variety,Oriental Dream,IN,,
variety,Oriental Gold,BR,,
variety,Oriental White,CN,,
variety,Oriental Yellow Verniz,BR,,
variety,Orion,BR,,
variety,Orion Black,CA,,
variety,Orion White,BR,,
variety,Oripaa,FI,,
variety,Oris,BR,,
variety,Orix Brown,BR,,
variety,Oro Cristal,PT,,
variety,Oro Fino,BR,,
variety,Oro Venezuela,VE,,
variety,Orquidea Sabana,VE,,
variety,Osage,US,,
variety,Osmalynsky,UA,,
variety,Ota,FR,,
variety,Ouro Velho,PT,,
variety,Oxford Blue,US,,
variety,Oxford Gold,BR,,
variety,Oxonian Green,CN,,
variety,Oyster Pearl,CN,,
variety,Oyster White S,IN,,
variety,P Silver,IN,,
variety,Paarl Grey,ZA,,
variety,Pacific Black,IN,,
variety,Pacific Pearl,CN,,
variety,Pacific White,IN,,
variety,Pack River Dark,US,,
variety,Padang Giallo,BR,,
variety,Padang Hell,CN,,
variety,Padang White,CN,,
variety,Padding Dark,CN,,
variety,Painted Desert,BR,,
variety,Pale Rose,IN,,
variety,Paleon,BR,,
variety,Pali Cappuccino Brown,IN,,
variety,Palisades,US,,
variety,Palm Red,CN,,
variety,Palma Black,AO,,
variety,Palo Duro,BR,,
variety,Pambak,AM,,
variety,Panama Grey,CN,,
variety,Panda Black,BR,,
variety,Panda Flower,CN,,
variety,Panda White,BR,,
variety,Pandora,BR,,
variety,Pangu Golden,CN,,
variety,Pansy,CN,,
variety,Pantaleao,BR,,
variety,Pantanal,BR,,
variety,Panther Yellow,IN,,
variety,Panxi Blue,CN,,
variety,Paradise,BR,,
variety,Paradise Blue,BR,,
variety,Paradiso,IN,,
variety,Paradiso Light,IN,,
variety,Paradiso Tamin,IN,,
variety,Paraiso Da Amazonia,BR,,
variety,Parana Reale,BR,,
variety,Paris Style,CN,,
variety,Parys,ZA,,
variety,Pasko Black,FI,,
variety,Patagonia Blue,BR,,
variety,Patagonia White,BR,,
variety,Pauline Grey,CN,,
variety,Pavone,BR,,
variety,Pavonine Grain,CN,,
variety,Pawan Picasso,IN,,
variety,Peach Red,CN,,
variety,Peach Rose,CN,,
variety,Peacock Gold,BR,,
variety,Peacock Red,CN,,
variety,Peafowl Brown,CN,,
variety,Peafowl Green,CN,,
variety,Pear Flower White,IT,,
variety,Pear White,CN,,
variety,Pearl Blue,NO,,
variety,Pearl Flower,CN,,
variety,Pearl Grain Zhaoyuan,CN,,
variety,Pearl Red Grain,CN,,
variety,Pearl Rose,CN,,
variety,Pearl White,CN,,
variety,Pearl Yellow,ES,,
variety,Pearling White,CN,,
variety,Pebbelate Green,IN,,
variety,Pedra Vella De Cangas,ES,,
variety,Pedras Salgadas,PT,,
variety,Pegasus Brown,IN,,
variety,Pegasus Gold,IN,,
variety,Pegasus White,BR,,
variety,Pekkala Pink,FI,,
variety,Penizevichi Grey,UA,,
variety,Penta Gold,PK,,
variety,Peony Black,CN,,
variety,Peony Grey,CN,,
variety,Peony Red,CN,,
variety,Pepper Grey,IN,,
variety,Pepper White,CN,,
variety,Peppercorn,US,,
variety,Pepperino Dark,CN,,
variety,Peppermint,BR,,
variety,Peregrine,BR,,
variety,Pergaminho,BR,,
variety,Pergola Green,CN,,
variety,Perola Da Amazonia,BR,,
variety,Persa Avorio,BR,,
variety,Persa Brown,BR,,
variety,Persa Orion,BR,,
variety,Persa Pearl,BR,,
variety,Persian Pearl,BR,,
variety,Persian Silver,IR,,
variety,Persian Treasure,BR,,
variety,Pessinus Grey,TR,,
variety,Petrous White,IN,,
variety,Pfaben,DE,,
variety,Pg Black,FI,,
variety,Phantom Black,BR,,
variety,Phantom Golden Flower,NG,,
variety,Phoenix Diamond,CN,,
variety,Phoenix Gold,BR,,
variety,Phu Cat Violet,VN,,
variety,Picasso Green,BR,,
variety,Pictor,BR,,
variety,Pietra,BR,,
variety,Pietra Dorata,BR,,
variety,Pigeon Grey,IN,,
variety,Pilanesberg,ZA,,
variety,Pilsen,BR,,
variety,Pine Green,FI,,
variety,Pingshan Green,CN,,
variety,Pingyi Kongque Lue,CN,,
variety,Pink Afshar,IR,,
variety,Pink Art,BR,,
variety,Pink Baihujian,CN,,
variety,Pink Binh Dinh,VN,,
variety,Pink Carmel,BR,,
variety,Pink Garden,BR,,
variety,Pink Goias,BR,,
variety,Pink Grain,CN,,
variety,Pink Grain Chashan,CN,,
variety,Pink Hm,AO,,
variety,Pink Phu Yen,VN,,
variety,Pink Rose,NG,,
variety,Pink Rwanda,RW,,
variety,Pink Salmon,CN,,
variety,Pink Sesame,CN,,
variety,Pink Spring,IN,,
variety,Pink Westerly,US,,
variety,Pink Xuan Hoa,VN,,
variety,Pink Zanjan,IR,,
variety,Pink Zebarana,IN,,
variety,Pioneer Green,CN,,
variety,Piracema,BR,,
variety,Pirineus,BR,,
variety,Piroksenit,RU,,
variety,Pitaya,BR,,
variety,Pizzo Bianco,BR,,
variety,Plasma Gold,BR,,
variety,Platina Blue,BR,,
variety,Platino Palacio,ES,,
variety,Platinum Pearl,IN,,
variety,Platinum Td,ZA,,
variety,Platinum White,BR,,
variety,Plima Salt,IT,,
variety,Plochwald,AT,,
variety,Pocheon White,KR,,
variety,Poinsettia Red,CN,,
variety,Pokarna Green,IN,,
variety,Polar Mahogany,FI,,
variety,Polar Syenite,NO,,
variety,Polichrome,CA,,
variety,Pollock Green,BR,,
variety,Poluo Sesame Flower,CN,,
variety,Polychrome,CA,,
variety,Pomegranate Red,CN,,
variety,Pon Black,IN,,
variety,Pontevedra,ES,,
variety,Porfidico,ZA,,
variety,Porkkala,FI,,
variety,Portillo,BR,,
variety,Porto Branco,PT,,
variety,Porto Cervo,BR,,
variety,Porto Rosa,BR,,
variety,Pozary,CZ,,
variety,Pr Red China,CN,,
variety,Prada Gold,IN,,
variety,Prairie Brown,US,,
variety,Prairie Mountain,US,,
variety,Prajoub Manichoat,TH,,
variety,Prajoub Tao,TH,,
variety,Prata Da Amazonia,BR,,
variety,Preto Absoluto,BR,,
variety,Preto Arronches,PT,,
variety,Preto Mourinha,PT,,
variety,Princess Red,CN,,
variety,Przedborowa,PL,,
variety,Pu'er Red,CN,,
variety,Punia Grey,IN,,
variety,Purple Blue Flowers,CN,,
variety,Purple Diamond,CN,,
variety,Purple Dunes,BR,,
variety,Purple Galaxy,CN,,
variety,Purple Gold Grain,CN,,
variety,Purple Nebula,CN,,
variety,Purple Rain,BR,,
variety,Purple Red,CN,,
variety,Purple Rose,CN,,
variety,Purple White,TH,,
variety,Putian Rust,CN,,
variety,Puttaparthi Pink,IN,,
variety,Py Cream,VN,,
variety,Py Grey,VN,,
variety,Python Black,BR,,
variety,Qilu Red,CN,,
variety,Qing Red,CN,,
variety,Qingshan Red,CN,,
variety,Qingshan Red Neimenggu,CN,,
variety,Qingshan White,CN,,
variety,Qingtou White,CN,,
variety,Qingyuan Red,CN,,
variety,Quantum Black,IN,,
variety,Quanzhou White,CN,,
variety,Quasar,BR,,
variety,Queen Rose,CN,,
variety,Quicksand,CN,,
variety,Quicksand Brown,LK,,
variety,Quincunx Black,CN,,
variety,Quy Nhon Black,VN,,
variety,Quy Nhon Red,VN,,
variety,R Black,IN,,
variety,Raggio Di Sole,BR,,
variety,Raidho,BR,,
variety,Rain Forest,BR,,
variety,Rainbow Silk,CN,,
variety,Rainbow Tobacco,BR,,
variety,Raja Yellow,IN,,
variety,Rajasri Red,IN,,
variety,Rajshree Red,IN,,
variety,Rakan,SA,,
variety,Rakhni Polivsky,UA,,
variety,Rakwana Green,LK,,
variety,Ram Brown,EG,,
variety,Ram White,EG,,
variety,Rambo Green,BR,,
variety,Rame Nero,VE,,
variety,Raniwara Green,FR,,
variety,Raoping White,CN,,
variety,Rastigasta,NO,,
variety,Raumunzach,DE,,
variety,Rayakottai,IN,,
variety,Raymond Blue,IN,,
variety,Recice,CZ,,
variety,Red Apple,CN,,
variety,Red Arara,AO,,
variety,Red Baihujian,CN,,
variety,Red Beach,BR,,
variety,Red Bohus,SE,,
variety,Red Cardinal,CN,,
variety,Red Changjiang,CN,,
variety,Red Chilli,IN,,
variety,Red Colinas,BR,,
variety,Red Danjing,CN,,
variety,Red Diamond,CN,,
variety,Red Fengzhen,CN,,
variety,Red Fuqing,CN,,
variety,Red Gharda,EG,,
variety,Red Gia Lai,VN,,
variety,Red Gold,BR,,
variety,Red Grain,CN,,
variety,Red Grain Huian,CN,,
variety,Red Guilin,CN,,
variety,Red Hollywood,BR,,
variety,Red Hushi,CN,,
variety,Red Ink,BR,,
variety,Red Jiangnan,CN,,
variety,Red Jieyang,CN,,
variety,Red Laizhou,CN,,
variety,Red Liaoning,CN,,
variety,Red Maipu,IN,,
variety,Red Malibu,BR,,
variety,Red Montana,BR,,
variety,Red Moss,CN,,
variety,Red Nanyang,CN,,
variety,Red Nefertiti,EG,,
variety,Red Post,RU,,
variety,Red River,NG,,
variety,Red Safaga,EG,,
variety,Red Samoka,IN,,
variety,Red Sand,CN,,
variety,Red Sapphire,IN,,
variety,Red Segovia,ES,,
variety,Red Shijing,CN,,
variety,Red Shimian,CN,,
variety,Red Shuangjing,CN,,
variety,Red Sphynx,EG,,
variety,Red Star,NO,,
variety,Red Tongan,CN,,
variety,Red Vie,VN,,
variety,Red Wave,CN,,
variety,Red Wendeng-Z,CN,,
variety,Red Wulian,CN,,
variety,Red Wuyi,CN,,
variety,Red Yari,CN,,
variety,Red Yongjin,CN,,
variety,Red Zeshan,CN,,
variety,Reddish Grain Shijing,CN,,
variety,Reddish Grain Zhangpu,CN,,
variety,Reichenberg,CZ,,
variety,Reliquia,BR,,
variety,Rembrandt,BR,,
variety,Renaissance,BR,,
variety,Renhe Island Red,CN,,
variety,Rezhevskoy,RU,,
variety,Rich Red,IN,,
variety,Rio Fresco,BR,,
variety,Rio Preto,BR,,
variety,Ripple Idaho,US,,
variety,River Gold,IN,,
variety,River Pink,IN,,
variety,River White,IN,,
variety,Riverina,AU,,
variety,Rize Koyu Sedef,TR,,
variety,Rock Glaciers,CN,,
variety,Rock Green,IN,,
variety,Rock Mountain,BR,,
variety,Rockville Beige,US,,
variety,Rockville White,US,,
variety,Roenne,DK,,
variety,Roeyken,NO,,
variety,Rogovsky,UA,,
variety,Rojo Amara,VE,,
variety,Rojo Argallon,ES,,
variety,Rojo Bermil,ES,,
variety,Rojo Cojedes,VE,,
variety,Rojo De Salto,AR,,
variety,Rojo Guadajira,ES,,
variety,Rojo Guayana,VE,,
variety,Rojo Mirador,VE,,
variety,Rojo Oriental,UY,,
variety,Rojo Sayago,ES,,
variety,Rojo Sierra Chica,AR,,
variety,Roma Imperiale,BR,,
variety,Roman Diamond,CN,,
variety,Roman Yellow,BR,,
variety,Romance,BR,,
variety,Romano Dream,BR,,
variety,Romano Gold,BR,,
variety,Romantic Blue,IN,,
variety,Romantic Flower,CN,,
variety,Romantic Pink,IN,,
variety,Romantica Red,IN,,
variety,Romantix,BR,,
variety,Rome White,BR,,
variety,Rosa Antico,IT,,
variety,Rosa Arborea,IT,,
variety,Rosa Arronches,PT,,
variety,Rosa Azova,UA,,
variety,Rosa Baveno,IT,,
variety,Rosa Cadalso,ES,,
variety,Rosa Capela,ES,,
variety,Rosa Castello,IT,,
variety,Rosa Chicolo,ES,,
variety,Rosa Dante,ES,,
variety,Rosa Delizia,IT,,
variety,Rosa Delta,ES,,
variety,Rosa Duna,NA,,
variety,Rosa El Nasr,EG,,
variety,Rosa Extremadura,ES,,
variety,Rosa Fantasy,IN,,
variety,Rosa Ferula,IT,,
variety,Rosa Fiorito,IT,,
variety,Rosa Frades,ES,,
variety,Rosa Gala,ES,,
variety,Rosa Hoody,EG,,
variety,Rosa Hurghada,EG,,
variety,Rosa Inca,IN,,
variety,Rosa Itala,IN,,
variety,Rosa Julia,VE,,
variety,Rosa Kinawa,BR,,
variety,Rosa Kyshyn,UA,,
variety,Rosa Levante,CN,,
variety,Rosa Lucira,AO,,
variety,Rosa Lugo,ES,,
variety,Rosa Mara,AR,,
variety,Rosa Mondariz,ES,,
variety,Rosa Monforte,PT,,
variety,Rosa Porrino,ES,,
variety,Rosa Raisa,BR,,
variety,Rosa Raveno,UA,,
variety,Rosa Royal,NO,,
variety,Rosa Samambaia,BR,,
variety,Rosa Scalia,IT,,
variety,Rosa Sinai,EG,,
variety,Rosa Stresa,BR,,
variety,Rosa Tenggo,MY,,
variety,Rosa Turm,BR,,
variety,Rosado Baul,VE,,
variety,Rosavel,ES,,
variety,Rose Beta,IT,,
variety,Rose Bluette,IR,,
variety,Rose De La Clarte,FR,,
variety,Rose De Senones,FR,,
variety,Rose Forte Arimba,AO,,
variety,Rose Gold,CN,,
variety,Rose Luna,CN,,
variety,Rose Renca,AR,,
variety,Rose Wood,CA,,
variety,Rosette Brown,IN,,
variety,Rosette Light,IN,,
variety,Rosselin White,CN,,
variety,Rosso Africa,ZA,,
variety,Rosso Asian,CN,,
variety,Rosso Atlantico,PT,,
variety,Rosso Fuoco,BR,,
variety,Rosso Lanka,LK,,
variety,Rosso Marinace,BR,,
variety,Rosso Orinoco,BR,,
variety,Rosso Pantheon,IT,,
variety,Rosso Predazzo,IT,,
variety,Rosso Rubio,CN,,
variety,Rosso Santiago,UA,,
variety,Rosso Toledo,UA,,
variety,Rosso Viktoria,UA,,
variety,Rosy Black,ZM,,
variety,Royal Amber,ZA,,
variety,Royal Black Heilongjiang,CN,,
variety,Royal Blue,IN,,
variety,Royal Celadon,BR,,
variety,Royal Diamond Green,IN,,
variety,Royal Gold,BR,,
variety,Royal Gray,CN,,
variety,Royal Mahogany,US,,
variety,Royal Palm,CN,,
variety,Royal Red Brown,BR,,
variety,Royal Salmon,SA,,
variety,Royal Silver,CN,,
variety,Royal Touch,IN,,
variety,Royalty Red,CN,,
variety,Royan Black,CN,,
variety,Roze Krin,MK,,
variety,Rubina,UA,,
variety,Ruby Grain,CN,,
variety,Ruby Red,IN,,
variety,Ruby Wave,UA,,
variety,Rushan Black,CN,,
variety,Rushan White,CN,,
variety,Ruskiavuori Orbicular,FI,,
variety,Rustic Red,IN,,
variety,Rusty River,CN,,
variety,Rutile Diamond,CN,,
variety,Ruweidah Pink,SA,,
variety,Saba,BR,,
variety,Sabana Guaimir,VE,,
variety,Sabz Jangali,IR,,
variety,Sadarahalli,IN,,
variety,Safari Brown,IN,,
variety,Safari Green,IN,,
variety,Saffron Gold,IN,,
variety,Saga Grey,JP,,
variety,Sage Brush,NA,,
variety,Sagitarios,BR,,
variety,Sagitarius,BR,,
variety,Sahana Green,IN,,
variety,Sahara Beige,BR,,
variety,Sahara Brown,EG,,
variety,Sahara Diamond,BR,,
variety,Sahara Golden,NA,,
variety,Saibei Gold,CN,,
variety,Saint Louis,BR,,
variety,Saint Tropez,ES,,
variety,Sakhara,RU,,
variety,Salinas White,BR,,
variety,Salisbury Pink,US,,
variety,Salisbury Red,CN,,
variety,Salmon Negro,VE,,
variety,Salmon Peach,SA,,
variety,Salmon Tropical,VE,,
variety,Salone,IN,,
variety,Saltio Light,BR,,
variety,Salvaleon,ES,,
variety,Salvatiera,ES,,
variety,Samba Pink,BR,,
variety,Samoa,BR,,
variety,Samuelsdalen,NO,,
variety,Samuka Red,IN,,
variety,San Fedelino,IT,,
variety,San Felipe,AR,,
variety,San Gabriel Black,BR,,
variety,San Luiz,BR,,
variety,San Mamede,BR,,
variety,San Nicolas,AR,,
variety,San Pedro,PT,,
variety,San Pellegrino,IT,,
variety,San Roman,ES,,
variety,San Sebastian,CA,,
variety,Sanbao Red,CN,,
variety,Sand Cream,BR,,
variety,Sand Dunes,BR,,
variety,Sandal Fantasy,CN,,
variety,Sandal Gold,CN,,
variety,Sandalwood,LK,,
variety,Sandy Pink,BR,,
variety,Sanhe Red,CN,,
variety,Santa Angelica Black,BR,,
variety,Santa Cecilia Amber,BR,,
variety,Santa Cecilia Light,BR,,
variety,Santa Clara Black,BR,,
variety,Santa Clara Gray,BR,,
variety,Santa Fe Brown,US,,
variety,Santa Red,IN,,
variety,Santana,BR,,
variety,Santorini,BR,,
variety,Santorini Sunset,BR,,
variety,Santos,BR,,
variety,Sanxia Red,CN,,
variety,Sanyuan Flower,CN,,
variety,São Gabriel,BR,,
variety,Saolin Hong,CN,,
variety,Sapphire,CN,,
variety,Sapphire Brown,IN,,
variety,Sapphiricco,IN,,
variety,Sarary Pink,CN,,
variety,Sardinian White,IT,,
variety,Sary Tash,KG,,
variety,Saturnia,BR,,
variety,Saudi Porinoh,SA,,
variety,Saudi Salmon,SA,,
variety,Saumone,PT,,
variety,Savanna Terra,NA,,
variety,Scarlet Red,CN,,
variety,Schardinger,AT,,
variety,Schipaio,CI,,
variety,Schwarzachtal,DE,,
variety,Scottish Whin,GB,,
variety,Sd Brown,IN,,
variety,Sea Blue Flower,CN,,
variety,Sea Foam Blue,BR,,
variety,Sea Pearl,NO,,
variety,Sea Spray,CN,,
variety,Sea Spray Jilin,CN,,
variety,Sea Wave Green,CN,,
variety,Seabed Black,CN,,
variety,Seafoam,BR,,
variety,Sedlcany,CZ,,
variety,Sedona,BR,,
variety,Sekayu White,MY,,
variety,Sensa,IN,,
variety,Serizzo Antigorio,IT,,
variety,Serizzo Dubino,IT,,
variety,Serizzo Monterosa,IT,,
variety,Serizzo Scuro Valmasino,IT,,
variety,Serizzo Sempione,IT,,
variety,Sesame Black Jiaozuo,CN,,
variety,Sesame Flower,CN,,
variety,Sesame Grey,CN,,
variety,Sesame Red,CN,,
variety,Sete Mares,BR,,
variety,Seto Pink,JP,,
variety,Sevasay,UZ,,
variety,Seven Colour,CN,,
variety,Shaanxi Grey,CN,,
variety,Shabah Abha,EG,,
variety,Shahin Dej,IR,,
variety,Shahin Dezh Violet,IR,,
variety,Shahua Red,CN,,
variety,Shakeespeare Yellow,CN,,
variety,Shalgys,KZ,,
variety,Shalimar Gold,IN,,
variety,Shalishi Red,CN,,
variety,Shamrock,BR,,
variety,Shandong Grey Diamond,CN,,
variety,Shandong Mengshan Flower,CN,,
variety,Shandong Pearl White,CN,,
variety,Shandong Rosa Levante,CN,,
variety,Shandong Sesame White,CN,,
variety,Shangri-La,BR,,
variety,Shanshan Red,CN,,
variety,Shanshui,CN,,
variety,Shanxi Ice Black,CN,,
variety,Shanxi Red,CN,,
variety,Shanxi Yellow,CN,,
variety,Shanxia Green,CN,,
variety,Shanzha Red,CN,,
variety,Sharaf,SA,,
variety,Sharm,EG,,
variety,Shebhe Alamoot,IR,,
variety,Shengzhou Red Jade,CN,,
variety,Shepody,CA,,
variety,Shi Gu Luh,CN,,
variety,Shimian Color Flower,CN,,
variety,Shimian Mahogany Flower,CN,,
variety,Shine Red,CN,,
variety,Shirkouh Yazd,IR,,
variety,Shiva Black,IN,,
variety,Shivakasi Ivory,IN,,
variety,Shiyang Dark Green,CN,,
variety,Shiyang Sesame White,CN,,
variety,Shrouk Green,BR,,
variety,Shuiquan Sesame White,CN,,
variety,Siberian,BR,,
variety,Siberian Wind,BR,,
variety,Sibirskiy,RU,,
variety,Sichuan Sesame White,CN,,
variety,Siena Beige,BR,,
variety,Siena River,BR,,
variety,Siena White,BR,,
variety,Sienito Val Cervo,IT,,
variety,Sienna,IN,,
variety,Sienna Bordeaux,BR,,
variety,Sienna Cream,BR,,
variety,Sierra Brown,BR,,
variety,Sierra Gray,ES,,
variety,Sierra Verde,BR,,
variety,Silhouette Black,CN,,
variety,Silica Brown,IN,,
variety,Silica Gold,IN,,
variety,Silk White,CN,,
variety,Silver Black,BR,,
variety,Silver Blue,CN,,
variety,Silver Blue Star,CN,,
variety,Silver Canyon,NA,,
variety,Silver Cream,BR,,
variety,Silver Creek,BR,,
variety,Silver Diamond,CN,,
variety,Silver Fish,PT,,
variety,Silver Fox,BR,,
variety,Silver Galaxy,ZA,,
variety,Silver Grain Fujian,CN,,
variety,Silver Green,FI,,
variety,Silver Ink,BR,,
variety,Silver Jacigua,BR,,
variety,Silver Juparana,IN,,
variety,Silver Line,IN,,
variety,Silver Paradiso,IN,,
variety,Silver Pearl,BR,,
variety,Silver Platina,NO,,
variety,Silver Red,BR,,
variety,Silver River,BR,,
variety,Silver Rock,ES,,
variety,Silver Shot,BR,,
variety,Silver Star,IN,,
variety,Silver Tassel,CN,,
variety,Silver White,ES,,
variety,Silverado,BR,,
variety,Silvestre Duero,ES,,
variety,Silvestre Mallo,ES,,
variety,Simony Rosi Mist,UA,,
variety,Simplon White,CH,,
variety,Sinatra,BR,,
variety,Sindoori Red,IN,,
variety,Sino Pink,CN,,
variety,Sira Grey,IN,,
variety,Sirus,BR,,
variety,Sivakasi Chiffon,IN,,
variety,Sivakasi Gold,IN,,
variety,Sivakasi Pink,IN,,
variety,Skewbald Red,CN,,
variety,Skriveroy,NO,,
variety,Sky Falls,BR,,
variety,Sky Jade,CN,,
variety,Sky Silver,ES,,
variety,Skyfall,BR,,
variety,Slatina,CZ,,
variety,Sljudjanka,RU,,
variety,Sluknov Lipova,CZ,,
variety,Sluknov Rozany,CZ,,
variety,Small Pearls,CN,,
variety,Snake Red,CN,,
variety,Snake Skin,IR,,
variety,Snow Coniferals Green,CN,,
variety,Snow Fall,BR,,
variety,Snow Flake Black,CN,,
variety,Snow Flake Pearl,CN,,
variety,Snow Flake Red,CN,,
variety,Snow Flake Wool,CN,,
variety,Snow Gold,CN,,
variety,Snow Grain,CN,,
variety,Snow Grey,CN,,
variety,Snow Ice,CN,,
variety,Snow Plum,CN,,
variety,Snow White Flower,NG,,
variety,Snowflake Blue,CN,,
variety,Snowflake Green,CN,,
variety,Snowflakes,BR,,
variety,Snowland,BR,,
variety,Sobotka,PL,,
variety,Sodalita,BR,,
variety,Soederhamn,SE,,
variety,Soft Yellow,BR,,
variety,Soglio,CH,,
variety,Sognefjord,NO,,
variety,Sohanna Cream,IN,,
variety,Solar Pink,US,,
variety,Solar White,BR,,
variety,Solar White China,CN,,
variety,Solaris,BR,,
variety,Solarium,BR,,
variety,Solvag,NO,,
variety,Somon,CN,,
variety,Sonata,BR,,
variety,Sonic Black,IN,,
variety,Sophiyvsky,UA,,
variety,Sorella,IN,,
variety,Sosnovy Bor,RU,,
variety,Sovereign Copper,BR,,
variety,Sp,BR,,
variety,Spanish Grey,ES,,
variety,Sparkle Blue,IN,,
variety,Sparkle Grey,IN,,
variety,Sparkle White,BR,,
variety,Sparta Pink,US,,
variety,Spartacus,BR,,
variety,Speckled Brown,CN,,
variety,Spectrolite Arctic Blue,FI,,
variety,Spectrus,BR,,
variety,Speratus,BR,,
variety,Spice Black,IN,,
variety,Spider Web,BR,,
variety,Spindrift White,CN,,
variety,Splendor White,BR,,
variety,Splendour Gold,BR,,
variety,Spray Green,IN,,
variety,Spray Red,CN,,
variety,Spray White,CN,,
variety,Spring Breeze,BR,,
variety,Spring Green,CA,,
variety,Spring Green China,CN,,
variety,Spring Valley,CN,,
variety,Springbok Green,ZA,,
variety,Sprout Green,CN,,
variety,Sri Lanka Leopard Skin,LK,,
variety,Srikakulam Red,IN,,
variety,Ss Fein Saganaes,SE,,
variety,Ss Grob,SE,,
variety,St. Andreas,BR,,
variety,St Cloud Grey,US,,
variety,St. Johns Black,CA,,
variety,Star Beach,BR,,
variety,Star Black,CN,,
variety,Star Dust,CN,,
variety,Star Rose,CN,,
variety,Star White,BR,,
variety,Stargate Cosmos,BR,,
variety,Starlike Black,CN,,
variety,Starry Black,CN,,
variety,Starry Blue,CN,,
variety,Starry Night,UA,,
variety,Steigen Pink,NO,,
variety,Stellar,BR,,
variety,Stellato San Giacomo,IT,,
variety,Stjernoeya,NO,,
variety,Stoney Pink,BR,,
variety,Stony Creek,US,,
variety,Storen,NO,,
variety,Storm Black,BR,,
variety,Storm Eyes,BR,,
variety,Strandja,BG,,
variety,Stratford Grey,CA,,
variety,Straus,BR,,
variety,Strawberry Pink,IN,,
variety,Streblow,PL,,
variety,Strigauer,PL,,
variety,Striped Red,CN,,
variety,Strzegom,PL,,
variety,Strzelin,PL,,
variety,Studio Black,CN,,
variety,Sucupira Brown,BR,,
variety,Sucuri,BR,,
variety,Sucuri Bordeaux,BR,,
variety,Sucuri Persa,BR,,
variety,Sucuru,BR,,
variety,Suhovjazkiy,RU,,
variety,Suizhong Light Red,CN,,
variety,Suizhong Pale Red,CN,,
variety,Suizhong Sesame White,CN,,
variety,Suizhong Tiger Skin,CN,,
variety,Summer,BR,,
variety,Summer Light,BR,,
variety,Summer Sky,IN,,
variety,Summer Wheat,BR,,
variety,Summer White,BR,,
variety,Sun Flower,BR,,
variety,Sunny,IN,,
variety,Sunny Giallo,BR,,
variety,Sunset Canyon,IN,,
variety,Sunset Glow Red,CN,,
variety,Sunset Red,CN,,
variety,Sunset Rose,CN,,
variety,Supare Yellow Gold,NG,,
variety,Super Bordeaux,BR,,
variety,Superior Northern,US,,
variety,Supreme Red,IN,,
variety,Surf Grey,IN,,
variety,Surf White,CN,,
variety,Suri Blue,SR,,
variety,Svenstorp Hallandia,SE,,
variety,Svihov,CZ,,
variety,Swan Grey,CN,,
variety,Swan Red,CN,,
variety,Sweden Mahogany,SE,,
variety,Swedish Green,SE,,
variety,Sweet Gold,SA,,
variety,Sweet Pink,SA,,
variety,Symony Grey,UA,,
variety,Symphony Ash,CN,,
variety,Symphony Black,CN,,
variety,Symphony Purple,CN,,
variety,T-Rex,IR,,
variety,Taboo,BR,,
variety,Tabu,BR,,
variety,Tadoussac,CA,,
variety,Tahoe,IN,,
variety,Taibai Black,CN,,
variety,Taihang Black,CN,,
variety,Taiwan Green,CN,,
variety,Taiwan Red,CN,,
variety,Taj Lillet,IN,,
variety,Taldy Korgan,KZ,,
variety,Talila Grey,CN,,
variety,Tampere,FI,,
variety,Tan Blue,IN,,
variety,Tancara Brown,BR,,
variety,Tano Diorit,CZ,,
variety,Tansky,UA,,
variety,Tanzania Black,TZ,,
variety,Tapestry,BR,,
variety,Tashmurunskiy,RU,,
variety,Tatara,NG,,
variety,Taupe Gray,BR,,
variety,Taupe Multicolor,BR,,
variety,Taupe White,BR,,
variety,Taybad Pink,IR,,
variety,Tayga,RU,,
variety,Tc Black,VN,,
variety,Tea Green,CN,,
variety,Teheran Eyes,IR,,
variety,Teiguan Red,CN,,
variety,Teisko,FI,,
variety,Tempest Blue,BR,,
variety,Tempest Gold,BR,,
variety,Tempest Green,BR,,
variety,Tempest White,BR,,
variety,Tephra,BR,,
variety,Terengganu Green,MY,,
variety,Terra Azul,BR,,
variety,Terra Brasilis,BR,,
variety,Terra Nova,BR,,
variety,Texas Blue,BR,,
variety,Texas Brown,BR,,
variety,Texas Flower,BR,,
variety,Th Moss Green,VN,,
variety,Thai Black,TH,,
variety,Thalassia,NA,,
variety,Thanstein,DE,,
variety,Thiruvannamalai Yellow,IN,,
variety,Thrace Perla,TR,,
variety,Three Gorge Green,CN,,
variety,Three Star Red,CN,,
variety,Thunder Wave,BR,,
variety,Thunder White,BR,,
variety,Tianshan Blue,CN,,
variety,Tianshan Gold,CN,,
variety,Tiberious,BR,,
variety,Tibet Blue,CN,,
variety,Tiger Black,IN,,
variety,Tiger Brown,IN,,
variety,Tiger Eyes,BR,,
variety,Tiger Grey,BR,,
variety,Tiger Red,BR,,
variety,Tiger Rose,BR,,
variety,Tiger Skin,CN,,
variety,Tiger Skin Yellow,CN,,
variety,Tiger Wood,BR,,
variety,Tigre Branco,BR,,
variety,Timbalada,BR,,
variety,Tintoretto,BR,,
variety,Tis Grau,CZ,,
variety,Titan Xr,BR,,
variety,Titanium Gold,IN,,
variety,Titanium Green,BR,,
variety,Titanium JB,BR,,
variety,Titanium Serra,BR,,
variety,Tji Grey,IN,,
variety,Tjurkoe,SE,,
variety,Tlsty Javor,SK,,
variety,Toasted Almond,IN,,
variety,Tobacco Red,BR,,
variety,Toffee,BR,,
variety,Tokovskij,UA,,
variety,Tolga,NO,,
variety,Tongan White,CN,,
variety,Tongshan Green,CN,,
variety,Tonsberg,NO,,
variety,Topaz Brown,IN,,
variety,Topazio White,BR,,
variety,Toranj Taibad,IR,,
variety,Torbat,IR,,
variety,Torrent Cream,CN,,
variety,Torronzino,BR,,
variety,Tosbulak Grey,UZ,,
variety,Tosbulak Pink,UZ,,
variety,Tosbulak Red,UZ,,
variety,Touareg Gold,BR,,
variety,Toulon White,BR,,
variety,Tourmaline,BR,,
variety,Trakya Porfiri,TR,,
variety,Tranas Red,SE,,
variety,Trang Binh Dinh,VN,,
variety,Travnikovskiy,RU,,
variety,Trend Brown,IN,,
variety,Trenord Black,BR,,
variety,Troctolite,AL,,
variety,Trojan Horse,CN,,
variety,Tropical Apricot,IN,,
variety,Tropical Bahia,BR,,
variety,Tropical Fashion,BR,,
variety,Tropical Guarani,BR,,
variety,Tropical Montana,BR,,
variety,Tropical Treasure,BR,,
variety,Tropical Vernice,BR,,
variety,Trump Brown,IN,,
variety,Tsvetok Urala,RU,,
variety,Tuman,UA,,
variety,Tumkur Porphery,IN,,
variety,Tunas Green,BR,,
variety,Tunguska Black,BR,,
variety,Tuoli Red,CN,,
variety,Tuoli Snowflake,CN,,
variety,Tuory Pring,IN,,
variety,Turku Pink,FI,,
variety,Turtle Green,BR,,
variety,Turtle Jade,CN,,
variety,Tuscania,BR,,
variety,Tuscany Green,BR,,
variety,Twist Flower,CN,,
variety,Typhoon Bordeaux,BR,,
variety,Typhoon Gold,BR,,
variety,Typhoon Green,IN,,
variety,Uggleboda,SE,,
variety,Ukrainian Autumn,UA,,
variety,Ulan Brown,CN,,
variety,Ultramarine Grain,CN,,
variety,Uluru Australian,BR,,
variety,University Red,SA,,
variety,Unneberg,NO,,
variety,Urban,IN,,
variety,Vahlovice,CZ,,
variety,Vale Nevado,BR,,
variety,Valhalla,BR,,
variety,Valtengrund Gabbro,DE,,
variety,Vanga Fein,SE,,
variety,Vanilla,BR,,
variety,Varlamovsky,RU,,
variety,Varpaisjarvi Black,FI,,
variety,Vasilievsky,RU,,
variety,Vaskovichy,UA,,
variety,Vastad,SE,,
variety,Veekraal,ZA,,
variety,Vein,VN,,
variety,Veldt Green,CN,,
variety,Veneciatus,BR,,
variety,Venetian Ice,BR,,
variety,Venetian White,BR,,
variety,Venice Cream,IN,,
variety,Venice Gold,BR,,
variety,Venus,IN,,
variety,Vera Cruz,BR,,
variety,Verdant Flower,CN,,
variety,Verde Aquarius,BR,,
variety,Verde Baltica,FI,,
variety,Verde Bamboo,BR,,
variety,Verde Butterfly,BR,,
variety,Verde Canaima,VE,,
variety,Verde Candeias,BR,,
variety,Verde Caroni,VE,,
variety,Verde Chain,BR,,
variety,Verde Crema,BR,,
variety,Verde Cruzeiro,BR,,
variety,Verde Eco,BR,,
variety,Verde Elegante,BR,,
variety,Verde Estrella,ES,,
variety,Verde Eucalipto,BR,,
variety,Verde Fuoco,AU,,
variety,Verde Fusion,BR,,
variety,Verde Gala,ES,,
variety,Verde Giaguaro,IR,,
variety,Verde Glacier,BR,,
variety,Verde Jaco,IT,,
variety,Verde Karzai Scuro,IR,,
variety,Verde Kiwi,TR,,
variety,Verde Lago,ES,,
variety,Verde Lanka,LK,,
variety,Verde Lavras,BR,,
variety,Verde Malachite,BR,,
variety,Verde Marinace,BR,,
variety,Verde Olivo,UA,,
variety,Verde Panorama,BR,,
variety,Verde Panoramico,BR,,
variety,Verde Papagayo,BR,,
variety,Verde Paradiso,IR,,
variety,Verde Pozo,ES,,
variety,Verde Pradera,BR,,
variety,Verde Real,BR,,
variety,Verde Salvia,BR,,
variety,Verde Santiago,ES,,
variety,Verde Savoia,BR,,
variety,Verde Star,IN,,
variety,Verde Tuareg,BR,,
variety,Verde Ubatuba,BR,,
variety,Verde Vecchio,BR,,
variety,Verde Velasquez,BR,,
variety,Verde Veneziano,BR,,
variety,Verde Ventura,BR,,
variety,Verdi Ghazal Light,EG,,
variety,Verdure Corrugated,CN,,
variety,Verdurous Black,CN,,
variety,Vermelho Bahia,BR,,
variety,Vermelho Biritiba,BR,,
variety,Vermelho Ceara,BR,,
variety,Vermelho Filomena,BR,,
variety,Vermelho Real,BR,,
variety,Vermont Black,BR,,
variety,Verniz,BR,,
variety,Veronica,BR,,
variety,Vert De Giottani,FR,,
variety,Verzasca,CH,,
variety,Vesanto Red,FI,,
variety,Vesuvio Oro,BR,,
variety,Veyron,BR,,
variety,Viamao,BR,,
variety,Viano,CH,,
variety,Vicenza Taupe,BR,,
variety,Victorian Rose,IN,,
variety,Vid Pink,SA,,
variety,Vietnam Yellow,FR,,
variety,Vihiga Grey,KE,,
variety,Vihiga Red,KE,,
variety,Viitasaari,FI,,
variety,Viitasaari Pink,FI,,
variety,Viitasaari Red,FI,,
variety,Viitasaari Yellow,FI,,
variety,Villar Pink,ES,,
variety,Vincent Black,BR,,
variety,Vintage,BR,,
variety,Vintage Gold,BR,,
variety,Vintage Grey,BR,,
variety,Viola Ametista,BR,,
variety,Viola Calabria,IT,,
variety,Violet,VN,,
variety,Violet Luoyuan,FI,,
variety,Violet Ocean Blue,CN,,
variety,Violet Tropical,BR,,
variety,Violetta Red,SA,,
variety,Virolahti,FI,,
variety,Virvik,FI,,
variety,Visa Gold,CN,,
variety,Viscont White,IN,,
variety,Viseu,PT,,
variety,Vistdal,NO,,
variety,Vitoria Green,BR,,
variety,Vitoria White,BR,,
variety,Vitrium,BR,,
variety,Vizag Blue,IN,,
variety,Vizag Green,IN,,
variety,Vogue Branco,BR,,
variety,Volcano Red,BR,,
variety,Volga Blue,UA,,
variety,Vozrojdenie Forel,RU,,
variety,Vozrozhdenie,RU,,
variety,Vulcan Gold,BR,,
variety,Vung Tau Pink,VN,,
variety,Vyskovice,CZ,,
variety,Wadding Red,CN,,
variety,Wadi Forsan Light,EG,,
variety,Wady El Nil,EG,,
variety,Wager White,KH,,
variety,Walt White,CN,,
variety,Wanshan Green,CN,,
variety,Wanshan Red,CN,,
variety,Wanxi Red,CN,,
variety,Warwick Grey,CA,,
variety,Wasabi Green,BR,,
variety,Waterfall,IN,,
variety,Watheroo,AU,,
variety,Wausau Red,US,,
variety,Wave Gold,CN,,
variety,Waves Black,CN,,
variety,Waves Red,CN,,
variety,Wd Emerald,CN,,
variety,Weir Black,CN,,
variety,Well White,CN,,
variety,Wenzhou Red,CN,,
variety,Whisper White,IN,,
variety,Whistler White,CA,,
variety,White Alhambra,ES,,
variety,White Alpha,BR,,
variety,White and Black,CN,,
variety,White Aqualux,BR,,
variety,White Avsar,TR,,
variety,White Carlino,IN,,
variety,White Casablanca,BR,,
variety,White Champagne,IN,,
variety,White Chibia,AO,,
variety,White Desiree,BR,,
variety,White Diamond,BR,,
variety,White Diamond Grain,CN,,
variety,White Dongshi,CN,,
variety,White Evolution,BR,,
variety,White G,BR,,
variety,White Grain Huian,CN,,
variety,White Grain Yatai,CN,,
variety,White Grain Yunnan,CN,,
variety,White Grain Yuze,CN,,
variety,White Grain Zhangzhou,CN,,
variety,White Granada,BR,,
variety,White Guifei,CN,,
variety,White Hongtang,CN,,
variety,White Huashan,CN,,
variety,White Icarai,BR,,
variety,White Jade Fujian,CN,,
variety,White Jinshan,CN,,
variety,White Jiujiang,CN,,
variety,White Khameleon,UA,,
variety,White Linen,CN,,
variety,White Magnolia,CN,,
variety,White Maoping,CN,,
variety,White Mirage,BR,,
variety,White Mountain,BR,,
variety,White Natanz,IR,,
variety,White Nehbandan,IR,,
variety,White Nepal,BR,,
variety,White Night,IN,,
variety,White Olympus,BR,,
variety,White Ornamental,BR,,
variety,White Palmas,BR,,
variety,White Paradise,BR,,
variety,White Parador,BR,,
variety,White Phu My,VN,,
variety,White Picasso,BR,,
variety,White Pilsen,BR,,
variety,White Pingdu,CN,,
variety,White Pollux,BR,,
variety,White Queen,IR,,
variety,White Rainbow,BR,,
variety,White Ravine,BR,,
variety,White Rose,BR,,
variety,White Safaga,EG,,
variety,White Sand,BR,,
variety,White Sioux,BR,,
variety,White Sky,NA,,
variety,White Sophie,BR,,
variety,White Soul,BR,,
variety,White Splash,BR,,
variety,White Takab,IR,,
variety,White Torroncino,BR,,
variety,White Treasure,BR,,
variety,White Vegas,BR,,
variety,White Vienna,BR,,
variety,White Wendeng,CN,,
variety,White Xiao Cuo,CN,,
variety,White Yantai,CN,,
variety,Wicklow,IE,,
variety,Wild Coast Black,ZA,,
variety,Wild Rose,CN,,
variety,Wild Wine,BR,,
variety,Wildfire,BR,,
variety,Wineberry,BR,,
variety,Withered,UA,,
variety,Wolfstein,DE,,
variety,Woodbury Grey,US,,
variety,Wu Yi Red,CN,,
variety,Wucai Green,CN,,
variety,Wucai Red,CN,,
variety,Wulan Gold,CN,,
variety,Wulian Grey,CN,,
variety,Wuyi Ice Flower,CN,,
variety,Xi Li Red,CN,,
variety,Xia Red,CN,,
variety,Xiaocuo White,CN,,
variety,Xide Purplish Red,CN,,
variety,Xide Violet,CN,,
variety,Xiling Flower,CN,,
variety,Xiling Red,CN,,
variety,Xinjiang Classic Brown,CN,,
variety,Xinjiang Red,CN,,
variety,Xinmiao Red,CN,,
variety,Xinyi Sesame Black,CN,,
variety,Xishi Black,CN,,
variety,Xishi Red,CN,,
variety,Xuan Dung,VN,,
variety,Yak Black,IN,,
variety,Yale Brown,IN,,
variety,Yangtz Black,CN,,
variety,Yangtze White,CN,,
variety,Yankari,NG,,
variety,Yara Abha,EG,,
variety,Yara Grey,SA,,
variety,Yashi Gold,IN,,
variety,Ydj Green,CN,,
variety,Yellow Baipo Pingshan,CN,,
variety,Yellow Bianco Purple,CN,,
variety,Yellow Campanario,ES,,
variety,Yellow Diamond Light,BR,,
variety,Yellow Fox,BR,,
variety,Yellow Ghazal,EG,,
variety,Yellow Grain,CN,,
variety,Yellow Mantena,BR,,
variety,Yellow Moon,BR,,
variety,Yellow Rain,BR,,
variety,Yellow Rose,CN,,
variety,Yellow Subuda,CN,,
variety,Yichang Sesame Green,CN,,
variety,Yinshan Red,CN,,
variety,Yixian Hei,CN,,
variety,Ykd Black,IN,,
variety,Ylaemaan Vihreae,FI,,
variety,Yongchun Green,CN,,
variety,Yongfu Red,CN,,
variety,Yuexi Black,CN,,
variety,Yuexi Black Galaxy,CN,,
variety,Yuexi Green Diamond,CN,,
variety,Yuexi Leopard Green,CN,,
variety,Yuexi Sesame White,CN,,
variety,Yukon White,BR,,
variety,Yulan White,CN,,
variety,Yuliana,ES,,
variety,Yulong White,CN,,
variety,Yunnan Chrysanthemum Yellow,CN,,
variety,Yunsima,CN,,
variety,Yunsong Green,CN,,
variety,Yuzhno Sultayevskiy,RU,,
variety,Zahavi,BR,,
variety,Zahedan Balooch,IR,,
variety,Zambia Black,ZM,,
variety,Zanjan Peach,IR,,
variety,Zapadno Sultayevskiy,RU,,
variety,Zarabag,UZ,,
variety,Zaria Beta,NG,,
variety,Zaria Red,NG,,
variety,Zebra Black,IN,,
variety,Zelenytsya,UA,,
variety,Zelezny Brod,CZ,,
variety,Zermatt,BR,,
variety,Zeta Brown,BR,,
variety,Zeus Gold,BR,,
variety,Zhalgyz,KZ,,
variety,Zhaojun Red,CN,,
variety,Zhaoyuan Pearl,CN,,
variety,Zheltau,KZ,,
variety,Zhida Red,CN,,
variety,Zhongnuo Red,CN,,
variety,Zhu Yue Quin,CN,,
variety,Zijiang White,CN,,
variety,Zijing Black,CN,,
variety,Zijing Grey,CN,,
variety,Zimnik,PL,,
variety,Zion Grey,CN,,
variety,Zulova,CZ,,
variety,Zurich,BR,,
variety,Abadia Rosal,ES,,
variety,Abalone,SY,,
variety,Ablanica,BG,,
variety,Adair,CA,,
variety,Adalya,TR,,
variety,Adria Grigio,AL,,
variety,Aflenz,AT,,
variety,Agincourt,FR,,
variety,Aglay,AZ,,
variety,Ajlouni Desert Beige,JO,,
variety,Akushinsky,RU,,
variety,Alboke,GR,,
variety,Albus,PT,,
variety,Alcora,ES,,
variety,Alevik,EE,,
variety,Algonquin,CA,,
variety,Alhambra,ES,,
variety,Almond,HN,,
variety,Alnwick,PT,,
variety,Aloewood,GR,,
variety,Altamira Rosal,ES,,
variety,Alvaro,CN,,
variety,Amabel,CA,,
variety,Amande,CN,,
variety,Amarelo Valverde,PT,,
variety,Amarillo Fosil,ES,,
variety,Amazona Classico,PT,,
variety,Amazona Estremadura,PT,,
variety,Amazone Beige,FR,,
variety,Ambra,ES,,
variety,Ambre,FR,,
variety,Amelas Fossil,TR,,
variety,Amirato,TR,,
variety,Ampilly Medium,FR,,
variety,Ampilly Tigre,FR,,
variety,Anatolia Gray,TR,,
variety,Ancaster Blue,GB,,
variety,Ancaster Weatherbed,GB,,
variety,Angola Cream,AO,,
variety,Angola Grey,AO,,
variety,Anrochter,DE,,
variety,Ansari,SY,,
variety,Anstrude Roche Claire,FR,,
variety,Antalya,TR,,
variety,Antique Gold,IL,,
variety,Applestone,TR,,
variety,Arbon,RU,,
variety,Arctic Silver,TR,,
variety,Arena Clara,MX,,
variety,Armanazi,SY,,
variety,Art Fossil,TR,,
variety,Artesia,CA,,
variety,Arykanda,TR,,
variety,Asenka Beige,TR,,
variety,Asia Gold,PK,,
variety,Assyr Gold,SY,,
variety,Assyr Light Yellow,SY,,
variety,Assyr White,SY,,
variety,Asteroide Brown,TN,,
variety,Ataija Blue,PT,,
variety,Atlantic Beige,PT,,
variety,Atlantic Dark,PT,,
variety,Atlantic Light,PT,,
variety,Atlantis,SY,,
variety,Aurisina Chiara,IT,,
variety,Aurisina Granitello,IT,,
variety,Aurus Beige,IL,,
variety,Austin,US,,
variety,Autumn Brown,TN,,
variety,Avallon,FR,,
variety,Avalon,ES,,
variety,Avignon,FR,,
variety,Avorio San Sebastian,HR,,
variety,Azafran,ES,,
variety,Aztec,FR,,
variety,Azul Al,PT,,
variety,Azul Atlantico Silver,PT,,
variety,Azul Cadoico,PT,,
variety,Azul Casablanca,MA,,
variety,Azul Cascais,PT,,
variety,Azul Ferreiras,PT,,
variety,Azul Lourinha,PT,,
variety,Azul Moleanos,PT,,
variety,Azul Monica Silver,PT,,
variety,Azul Porto,PT,,
variety,Azul Taupe,CA,,
variety,Azul Versailles,PT,,
variety,Bajiangwen Beige,CN,,
variety,Balcik Beige,BG,,
variety,Balcik Red,BG,,
variety,Ballinasloe,IE,,
variety,Balzac,FR,,
variety,Balzac Fleuri,FR,,
variety,Bampotok,RO,,
variety,Baschioi,RO,,
variety,Basilica,HR,,
variety,Bateig Beige Verona,ES,,
variety,Bateig Blanco,ES,,
variety,Bateig Fantasia,ES,,
variety,Bateig Galaxy,ES,,
variety,Bateig Llano,ES,,
variety,Batesville,US,,
variety,Bathala,IN,,
variety,Batu Paras Jogja,ID,,
variety,Bauvalle B1,PT,,
variety,Bavarian Gold,DE,,
variety,Baycliff Caulfeild,GB,,
variety,Baycliff Lord,GB,,
variety,Beach Sand,TN,,
variety,Beauharnais Beige,FR,,
variety,Beauharnais Rose,CA,,
variety,Beaulieu,FR,,
variety,Beaulieu B5,GB,,
variety,Beaumaniere,FR,,
variety,Beauvallon Rubane,FR,,
variety,Beige Ain Dhissa,TN,,
variety,Beige Bir Dressen,TN,,
variety,Beige Classico,PT,,
variety,Beige Fantasy,ES,,
variety,Beige Fino,PT,,
variety,Beige Grey,ID,,
variety,Beige Mesh,LB,,
variety,Beige Savana,PT,,
variety,Beige Sidi Abdel Basset,TN,,
variety,Beige Sodima,TN,,
variety,Beige Sonato,PT,,
variety,Beige Topazio,PT,,
variety,Belgium Gray,BE,,
variety,Bella Antique,TR,,
variety,Belmonte,IT,,
variety,Beluga,CN,,
variety,Benjamin Gold,IL,,
variety,Berat,AL,,
variety,Bianco Perlato,IT,,
variety,Bianco Reale,TR,,
variety,Bianco Siena,IT,,
variety,Bianco Talia,TR,,
variety,Bichos,PT,,
variety,Birzeit Gold,IL,,
variety,Black Kafe,ES,,
variety,Blanca Paloma,ES,,
variety,Blanche Ramage,ES,,
variety,Blanco Altea,ES,,
variety,Blanco Nacarado,ES,,
variety,Blanco Ribera,ES,,
variety,Blanco Sepulveda,ES,,
variety,Blanco Tabarca,ES,,
variety,Blanco Tajo,ES,,
variety,Blaubank,DE,,
variety,Bleu De Vix,FR,,
variety,Blue Antico,IT,,
variety,Blue Cad,FR,,
variety,Blue Cobal,AO,,
variety,Blue Grey,TR,,
variety,Blue Lias,GB,,
variety,Blue Mist,US,,
variety,Blue Oasis,ES,,
variety,Blue Oyster,ID,,
variety,Blue Venezia,IT,,
variety,Blue Wath,GB,,
variety,Blue Wooden,CN,,
variety,Bohleite,DE,,
variety,Bois Dore,FR,,
variety,Bojan,IR,,
variety,Bolechowice,PL,,
variety,Boncourt,FR,,
variety,Bone Light,IL,,
variety,Bone White,PS,,
variety,Bonneuil,FR,,
variety,Bookan White,IR,,
variety,Borealis,EE,,
variety,Borghamn Ljusgra,SE,,
variety,Borghamn Rod,SE,,
variety,Borodinsky,RU,,
variety,Borreze,FR,,
variety,Borriol,ES,,
variety,Bosy Grey,IR,,
variety,Bouix,FR,,
variety,Boulonais,FR,,
variety,Bourgogne Blue,FR,,
variety,Bowers Basebed,GB,,
variety,Bowers Roach,GB,,
variety,Bowers Whitbed,GB,,
variety,Branco Classico,PT,,
variety,Branco De Mos,PT,,
variety,Branco Lusitanea,PT,,
variety,Branco Real,PT,,
variety,Branco Snow,PT,,
variety,Branco Valongo,PT,,
variety,Brauvilliers,FR,,
variety,Bravo,BG,,
variety,Bravo Buf,BG,,
variety,Bravo Venato,BG,,
variety,Braymar,PT,,
variety,Breama Beige,TN,,
variety,Breccia,PT,,
variety,Breccia Sinai,EG,,
variety,Brecha Maritima,PT,,
variety,Brecha St Antonio,PT,,
variety,Brecha Tavira Castanha,PT,,
variety,Brekzia,IL,,
variety,Bretagna Miele,ES,,
variety,Bretigny,FR,,
variety,Brexi,ID,,
variety,Broadcroft Basebed,GB,,
variety,Broadcroft Whitbed,GB,,
variety,Bronzato,ES,,
variety,Bronzetto,PT,,
variety,Brown Elegance,EG,,
variety,Brown Grey,CN,,
variety,Brown Matrix,IN,,
variety,Brown Shell,PS,,
variety,Bruck,ES,,
variety,Bryozoan,UA,,
variety,Buff Wath,GB,,
variety,Buffon,FR,,
variety,Buffon B15,FR,,
variety,Buffon B3,FR,,
variety,Buffon B8,FR,,
variety,Buffon B9 B10,FR,,
variety,Buffon Sagesse,FR,,
variety,Bulgari Brown,CN,,
variety,Burenbruch,DE,,
variety,Burin,HR,,
variety,Bursa White,TR,,
variety,Buxy Beige,FR,,
variety,Buxy Gris,FR,,
variety,Buxy Jaune,FR,,
variety,Buxy Nuance,FR,,
variety,Byblos,LB,,
variety,Byzantin,BE,,
variety,Cadeby Bronze,GB,,
variety,Cadeby Gold,GB,,
variety,Cadeby White,GB,,
variety,Cafe,US,,
variety,Cafe Faraon,CO,,
variety,Cafe Pinta,PT,,
variety,Cafe Upar,CO,,
variety,Calacatta Pearl,AL,,
variety,Calcario Jurassic,PT,,
variety,Calcario Real,PT,,
variety,Calcario Red,PT,,
variety,Caleruega,ES,,
variety,Calix,PT,,
variety,Caliza Bianco,ES,,
variety,Caliza Eureka,ES,,
variety,Calizia Zarci,ES,,
variety,Camargo,MX,,
variety,Camargue,FR,,
variety,Cambrian Fossil,GB,,
variety,Cambridge,US,,
variety,Camel Gold,TR,,
variety,Camel Sahara White,TR,,
variety,Camel White,TR,,
variety,Campaspero,ES,,
variety,Campden Buff,GB,,
variety,Canaan Gold,IL,,
variety,Canada Champagne,CA,,
variety,Canarian Cream,TR,,
variety,Cannes,PT,,
variety,Capri Marine,ES,,
variety,Capri Pearl,ES,,
variety,Caprior,RO,,
variety,Capuchine,FR,,
variety,Caramel Mocha,CN,,
variety,Caramiel,ES,,
variety,Carina Gold,PS,,
variety,Carmen Pink,MY,,
variety,Carthage Ivory,TN,,
variety,Carthage White,TN,,
variety,Castel Beige,IL,,
variety,Castel Rose,IL,,
variety,Castle Beige,PT,,
variety,Catalan Grey,ES,,
variety,Catania,IT,,
variety,Cecina,EG,,
variety,Cedar Beige,SY,,
variety,Cedar Breccia,LB,,
variety,Cedar Hill Cream,US,,
variety,Cenia Azul,ES,,
variety,Century Blue,PT,,
variety,Cerkesli Orchidee,TR,,
variety,Chambolle,FR,,
variety,Chambord,CA,,
variety,Chambord Beige,FR,,
variety,Chambord Gold,FR,,
variety,Chambroad,FR,,
variety,Champagne French,FR,,
variety,Champagne Grey,HR,,
variety,Chanceaux,FR,,
variety,Chantilly White,FR,,
variety,Charmot,FR,,
variety,Chassagne Beauharnais Saumone,FR,,
variety,Chassignelles,FR,,
variety,Chateau Landon,FR,,
variety,Chauvigny,FR,,
variety,Chestnut,US,,
variety,Chianca Albanese,AL,,
variety,Chilton,US,,
variety,China White,CN,,
variety,China Yellow,CN,,
variety,Chinon,FR,,
variety,Chocolate Jerusalem,IL,,
variety,Chocolate Oman,OM,,
variety,Cimbo,ID,,
variety,Ciucurova,RO,,
variety,Clauzetto Rudista,IT,,
variety,Clauzetto Unito,IT,,
variety,Coastal Sand,MX,,
variety,Codacal Dunas,PT,,
variety,Combe Brune,FR,,
variety,Comblanchien,FR,,
variety,Comblanchien Lm,FR,,
variety,Condado,ES,,
variety,Coombefield Roach,GB,,
variety,Coombefield Xe,GB,,
variety,Corantos Gold,LB,,
variety,Cordova Shell,US,,
variety,Coreno Breccia,IT,,
variety,Corgoloin,FR,,
variety,Corinthian,TR,,
variety,Corte,ES,,
variety,Corton Beige Rose,FR,,
variety,Corton Fleury,FR,,
variety,Corton Medieval,FR,,
variety,Cortona,US,,
variety,Corus,IL,,
variety,Cote D Azur,ES,,
variety,Cote Dor,FR,,
variety,Cotswold,GB,,
variety,Cottonwood Top Ledge,US,,
variety,Coulmier,FR,,
variety,Cream Alden,TR,,
variety,Cream Classic,IR,,
variety,Cream Cobal,AO,,
variety,Cream Mos,PT,,
variety,Cream Saudi,SA,,
variety,Creeton Silver Bed,GB,,
variety,Crema Anciente,TR,,
variety,Crema Bavaria,DE,,
variety,Crema Beida,ES,,
variety,Crema Bella,TR,,
variety,Crema Casiel,TR,,
variety,Crema Castello,HR,,
variety,Crema Cenia,ES,,
variety,Crema Champagne,GR,,
variety,Crema Continental,ES,,
variety,Crema Cybele,TR,,
variety,Crema Demo,ES,,
variety,Crema Europa,ES,,
variety,Crema Fiorito,BG,,
variety,Crema Fosil,ES,,
variety,Crema Giallo,TR,,
variety,Crema Giulia,HR,,
variety,Crema Luminous,IR,,
variety,Crema Machiato,BG,,
variety,Crema Mar,PT,,
variety,Crema Marbella,ES,,
variety,Crema Maroc,MA,,
variety,Crema Mediterraneo,TN,,
variety,Crema Mendi,BR,,
variety,Crema Mora,IT,,
variety,Crema Moralejo,ES,,
variety,Crema Nova,ES,,
variety,Crema Novelda,ES,,
variety,Crema Palancar,ES,,
variety,Crema Patricia Fossil,TR,,
variety,Crema Pearl,IT,,
variety,Crema Raquel,PT,,
variety,Crema S,LB,,
variety,Crema Sahara,TR,,
variety,Crema Santarem,PT,,
variety,Crema Sevilla,ES,,
variety,Crema Spot,BG,,
variety,Crema Sts,BG,,
variety,Crema Tropical,ID,,
variety,Crema Veneziana,IT,,
variety,Creme Al,PT,,
variety,Creme Artico,PT,,
variety,Creme Camel,PT,,
variety,Creme De Provence,FR,,
variety,Creme Oriente,TN,,
variety,Creme Real,PT,,
variety,Creme Regina,PT,,
variety,Creme Vdm,PT,,
variety,Creta,GR,,
variety,Creta Coral,GR,,
variety,Cuddapah Black,IN,,
variety,Cupablue,ES,,
variety,Cypress,GR,,
variety,Cyprus,CY,,
variety,Dali White,ES,,
variety,Dalle De Lignon,FR,,
variety,Dark Cream,IR,,
variety,Debnik,PL,,
variety,Decanska Breca,XK,,
variety,Demati Esperia,GR,,
variety,Dematiou Green,GR,,
variety,Derbyshire,GB,,
variety,Desert Gold,SY,,
variety,Desert Grey,SA,,
variety,Desert Path,TR,,
variety,Desert Pink,CN,,
variety,Desert Sunset,OM,,
variety,Deserto Fiorito,RO,,
variety,Deserto Unito,RO,,
variety,Desserto Grigio,RO,,
variety,Detay,TR,,
variety,Develi Silver,TR,,
variety,Dew,BA,,
variety,Dichar,LB,,
variety,Dicle Crema,TR,,
variety,Didone,TN,,
variety,Dietfurt,DE,,
variety,Dieue,FR,,
variety,Dijon,LB,,
variety,Dinarit,HR,,
variety,Dior Beige,IR,,
variety,Dolenjska,SI,,
variety,Dolit,HR,,
variety,Domus,ES,,
variety,Domus Bianca,ES,,
variety,Dorado Tepexi,MX,,
variety,Dorato,TR,,
variety,Dore Royale,MA,,
variety,Dover Grey,US,,
variety,Dover Shell,US,,
variety,Dowlow,GB,,
variety,Dragon Beige,TR,,
variety,Dry Rigg,GB,,
variety,Durango,MX,,
variety,Ebenwies,DE,,
variety,Ebur,PT,,
variety,Eco Beige,GB,,
variety,Edene,TR,,
variety,Egy Gray Light,EG,,
variety,Elazig Amaretto,TR,,
variety,Elazig Cream,TR,,
variety,Eldorado,ES,,
variety,Elegant Green,TR,,
variety,Elektron Blue,PT,,
variety,Emelas Pearl,TR,,
variety,Encarnado Negrais,PT,,
variety,Eslamabad,IR,,
variety,Estaillades,FR,,
variety,Estremadura Creme,PT,,
variety,Euville,FR,,
variety,Evora,PT,,
variety,Ew Gold,US,,
variety,Eyzies Fin,FR,,
variety,Falaudi,IN,,
variety,Fantastic,EG,,
variety,Fantasy,TR,,
variety,Fantasy Blue,PT,,
variety,Fassuta Red,IL,,
variety,Fatima Cream B1,PT,,
variety,Fatima Cream B2-V,PT,,
variety,Fertorakos,HU,,
variety,Figueiras Beje F1,PT,,
variety,Figueiras Beje F4-F5,PT,,
variety,Figueiras Blue F1,PT,,
variety,Figueiras Blue F4-F5,PT,,
variety,Figueiras Mix,PT,,
variety,Filstone Beije Fossil,PT,,
variety,Filstone Beije Ml Gold,PT,,
variety,Filstone Hard Grey,PT,,
variety,Finike White,TR,,
variety,Fior Di Mare,IT,,
variety,Flannel,IT,,
variety,Flavigny,FR,,
variety,Flavigny Dore,FR,,
variety,Flemi Veine,FR,,
variety,Flesh Bone,SY,,
variety,Fletto,EG,,
variety,Flint Hills,US,,
variety,Flora,XK,,
variety,Florac,ES,,
variety,Floral Cream,IR,,
variety,Florenza,FR,,
variety,Flower Gold,IN,,
variety,Flowery Chittor,IN,,
variety,Fond Du Lac,US,,
variety,Fonjone,PT,,
variety,Fontain Clair,PT,,
variety,Fontainebleau,PT,,
variety,Fontenay Clair,FR,,
variety,Fosil Blancalpe Lumaquela,ES,,
variety,Fosil Seif Lumaquela,ES,,
variety,Fosilius,TR,,
variety,Fossil Beige,TR,,
variety,Fossil Columbia,CO,,
variety,Fossil Gold,IN,,
variety,Fossil Gray,EG,,
variety,France Beige,FR,,
variety,Frankonia Grey,DE,,
variety,French Blue,FR,,
variety,French Gray,CN,,
variety,Frontenac,FR,,
variety,Frontier Gray,US,,
variety,Gabouri,US,,
variety,Galaxia,MA,,
variety,Galia White,SY,,
variety,Galilee Buff,IL,,
variety,Galit,BA,,
variety,Gambier,AU,,
variety,Garden City Buff,US,,
variety,Garden City Gray,US,,
variety,Gardenia Ivory,ID,,
variety,Garonne,MA,,
variety,Gasell,EE,,
variety,Gelato Yellow,IN,,
variety,Geneva Blue,PT,,
variety,German Beige,DE,,
variety,Giallo Antico,LB,,
variety,Giallo Autunno,TR,,
variety,Giallo Dalmatia,HR,,
variety,Giallo Iasi,RO,,
variety,Giallo Mediterranean,TR,,
variety,Giallo Oriente,HR,,
variety,Giallo Provenza,MA,,
variety,Giallo Sicilia,IT,,
variety,Giallo Tabae,TR,,
variety,Giallo Valentino,LB,,
variety,Gillberga Grey,SE,,
variety,Ginseng Cream,CN,,
variety,Ginseng Gold,CN,,
variety,Giron Beige,ES,,
variety,Giron Grey,ES,,
variety,Gjirokastra,AL,,
variety,Gjurasi,AL,,
variety,Glavica,BA,,
variety,Glavika,XK,,
variety,Glen Rose,US,,
variety,Gohare,IR,,
variety,Gohare Krokodil,IR,,
variety,Gold Chinese,CN,,
variety,Gold Coral,PT,,
variety,Gold Oak,PS,,
variety,Golden Beach,PT,,
variety,Golden Caramel,TR,,
variety,Golden Cream,EG,,
variety,Golden Fossils,PS,,
variety,Golden Lotus,TN,,
variety,Golden Oasis,ES,,
variety,Golden Platino,EG,,
variety,Golden Shell,SY,,
variety,Golden Sherry,ES,,
variety,Goldswil,CH,,
variety,Goluchow,PL,,
variety,Gotic Mory,TR,,
variety,Gotland Litorina,SE,,
variety,Grabrun Borghamn,SE,,
variety,Granada Beige,ES,,
variety,Grand Tortoise,CN,,
variety,Granitello Sicilia,IT,,
variety,Gray Granbury,US,,
variety,Gregorio Absolute,ID,,
variety,Gregorio Grey,ID,,
variety,Grey Foussana,TN,,
variety,Grey Smoke,IT,,
variety,Grey Venezia,ES,,
variety,Gri Olive,RO,,
variety,Grigio Alpi,IT,,
variety,Grigio Fiorito,IT,,
variety,Gris Batalha,PT,,
variety,Gris Bleu De Savoie,FR,,
variety,Gris Liso,PT,,
variety,Gris Oscuro,CO,,
variety,Gris Pardo,PT,,
variety,Gris Perla,MX,,
variety,Gris Siliana,TN,,
variety,Gris Sodima,TN,,
variety,Gris Thala,PT,,
variety,Gristone,ID,,
variety,Grove Whitbed,GB,,
variety,Guiting,GB,,
variety,Haapsalu,EE,,
variety,Hadrian,US,,
variety,Haffouz,TN,,
variety,Hainaut Blue,BE,,
variety,Halicarnassus,TR,,
variety,Halila Beige,IL,,
variety,Halila Gold,IL,,
variety,Halkyn Fossil,GB,,
variety,Halkyn Light,GB,,
variety,Hamedan,IR,,
variety,Hampton,US,,
variety,Harvest Straw,US,,
variety,Hashdy,YE,,
variety,Hathor Cream,EG,,
variety,Hauteville C,FR,,
variety,Hauteville D,FR,,
variety,Hauteville E,FR,,
variety,Hauteville Perle,FR,,
variety,Haz,TR,,
variety,Haz Cloudy,TR,,
variety,Hebron Bone,PS,,
variety,Hebron Gold,IL,,
variety,Helios Beige,TR,,
variety,Henan Yellow,CN,,
variety,Honey Moon,JO,,
variety,Hopton Wood,GB,,
variety,Hove,NO,,
variety,Hugo Beige,RO,,
variety,Hunza Grey,PK,,
variety,Ibri Gold,IN,,
variety,Icy Flower,CN,,
variety,Ifjord,NO,,
variety,Imperial Gold,EG,,
variety,Indiana Gray,US,,
variety,Inverness,CA,,
variety,Iran White,IR,,
variety,Irish Blue,IE,,
variety,Isernia,IT,,
variety,Istrian White,HR,,
variety,Ivory Alabastrino,TR,,
variety,Ivory Antico,TR,,
variety,Ivory Antiqued,TR,,
variety,Ivory Borneo,MY,,
variety,Ivory Lace,PS,,
variety,Jaffa,AU,,
variety,Jaguar,AL,,
variety,Jaisalmer Yellow,IN,,
variety,Jamtland Gray,SE,,
variety,Jamtland Svart,SE,,
variety,Jardin Fleuri,FR,,
variety,Jasmine,TR,,
variety,Jaune Clore,TN,,
variety,Jaune Dore,TN,,
variety,Jaune Fleuri,LB,,
variety,Jaune Monton,FR,,
variety,Jaune Primrose,FR,,
variety,Jaune Safra,DZ,,
variety,Jerusalem,IL,,
variety,Jerusalem Cream A59,PS,,
variety,Jerusalem Cream At2,PS,,
variety,Jerusalem Deep Blue,PS,,
variety,Jerusalem Desert,PS,,
variety,Jerusalem Eyes,PS,,
variety,Jerusalem Grey,IL,,
variety,Jerusalem Royal Pink,PS,,
variety,Jerusalem Sea Shells,PS,,
variety,Jerusalem Tides,PS,,
variety,Jon Grey,ES,,
variety,Jordans Basebed,GB,,
variety,Jordans Roach,GB,,
variety,Jordans Whitbed,GB,,
variety,Jura Brown,DE,,
variety,Jura Cream,DE,,
variety,Jura Gelb,DE,,
variety,Jura Grey Blue,DE,,
variety,Jura Melange,DE,,
variety,Juzina,HR,,
variety,Kafr Nabo,SY,,
variety,Kaleshjani,AL,,
variety,Kali Cream,TR,,
variety,Kanfanar,HR,,
variety,Kansas,US,,
variety,Kapela,PL,,
variety,Kappelshamn,SE,,
variety,Karaki Grey,JO,,
variety,Karina Beige,RO,,
variety,Karina Flourish,RO,,
variety,Karina Light,RO,,
variety,Karina Rice Beige,RO,,
variety,Karina V,RO,,
variety,Karki,PS,,
variety,Karmiel,IL,,
variety,Karsy,PL,,
variety,Kastamonu Beige,TR,,
variety,Katori,TR,,
variety,Kazlje,SI,,
variety,Khaiber,EG,,
variety,Khalele,JO,,
variety,Khalili,PS,,
variety,Khatmia,EG,,
variety,Khorramabad,IR,,
variety,Kilkenny Black Fossil,IE,,
variety,Kinari,ID,,
variety,Kinnekulle Gray,SE,,
variety,Kinnekulle Roedrosig,SE,,
variety,Kirmenjak Bayadere,HR,,
variety,Kirmenjak Blue,HR,,
variety,Kirmenjak Dark,HR,,
variety,Kirmenjak Sav,HR,,
variety,Klikovaca,ME,,
variety,Kohilie,SY,,
variety,Komani,ME,,
variety,Korenici,HR,,
variety,Kota Beige,IN,,
variety,Kota Black,IN,,
variety,Kota Blue,IN,,
variety,Kota Brown,IN,,
variety,Kota Green,IN,,
variety,Kour,LB,,
variety,Kovashice Bulqize,AL,,
variety,Kramsacher,AT,,
variety,Krensheim,DE,,
variety,Kuna Bella,BG,,
variety,Kunda Golden,EE,,
variety,Kuzda Beige,PK,,
variety,La Rosee,FR,,
variety,Ladoix,FR,,
variety,Lagos Mix,PT,,
variety,Laksefjord,NO,,
variety,Larrys,FR,,
variety,Lauder,FR,,
variety,Laufen,CH,,
variety,Laurentian Rose,CA,,
variety,Lavignes,FR,,
variety,Lavoux Dore,FR,,
variety,Le Noisette,TN,,
variety,Lecarrow,IE,,
variety,Leonardo,IT,,
variety,Leopardo,EG,,
variety,Lerouville,FR,,
variety,Libiaz,PL,,
variety,Light Rose,TR,,
variety,Light Somon,TR,,
variety,Likya Royal,TR,,
variety,Lima Branco,MX,,
variety,Limassol,CY,,
variety,Lime Grey,IN,,
variety,Lime Pink,IN,,
variety,Limeyrat Gris,FR,,
variety,Limeyrat Jaune,FR,,
variety,Limra,TR,,
variety,Lincolnshire,GB,,
variety,Lindanas,TR,,
variety,Lini,AL,,
variety,Lioz Abancado,PT,,
variety,Lioz Dourado Antigo,PT,,
variety,Lioz Santo Florient,PT,,
variety,Lipica Fiorito,SI,,
variety,Lipica Unito,SI,,
variety,Liva Crema,TR,,
variety,Loaloah,EG,,
variety,London Blue,PT,,
variety,Louriblue,PT,,
variety,Loveron Grey,ES,,
variety,Lowe,ES,,
variety,Lucentum,PT,,
variety,Lueders,US,,
variety,Lueders Roughback,US,,
variety,Lumaquela Ambar,ES,,
variety,Lumaquela Crema,ES,,
variety,Luna Bianco,TR,,
variety,Luster Gray,IN,,
variety,Luster Green,IN,,
variety,Maceira Blue,PT,,
variety,Maceira Gold,PT,,
variety,Maceira Mix,PT,,
variety,Machalot,MA,,
variety,Macron,ES,,
variety,Maghar,IL,,
variety,Magny Dore,FR,,
variety,Malaga,ES,,
variety,Malaka Gray,ID,,
variety,Malake,IL,,
variety,Mali I Thate,AL,,
variety,Maljat,ME,,
variety,Manavgat Yellow,TR,,
variety,Manchu Caviar,CN,,
variety,Mandana Green,IN,,
variety,Mango,PK,,
variety,Mankato,US,,
variety,Maqtar,MA,,
variety,Mara Creme,CA,,
variety,Mara Grey,CA,,
variety,Marbella Blanca,ES,,
variety,Marbella Perla,ES,,
variety,Marcevo,BG,,
variety,Mareuil En Perigord,FR,,
variety,Marib,YE,,
variety,Marina,IT,,
variety,Marmo,SA,,
variety,Marseille,FR,,
variety,Marvdasht,IR,,
variety,Masada,IL,,
variety,Masai,HR,,
variety,Massangis Clair,FR,,
variety,Mazzaro,IT,,
variety,Medea,DZ,,
variety,Mediterranean,HR,,
variety,Mediterranean Gold,HU,,
variety,Mediterranean Pearl,TR,,
variety,Mekeginsky,RU,,
variety,Melly Grey,EG,,
variety,Menia,EG,,
variety,Merah Batu,ID,,
variety,Mercury,ID,,
variety,Mesopotamia Silver Blue,TR,,
variety,Mesta Grey Sunta,TR,,
variety,Meteora Beige,GR,,
variety,Michigan,US,,
variety,Migny Clair,FR,,
variety,Migny Jaune,FR,,
variety,Milas Green Brown,ES,,
variety,Miljevina,BA,,
variety,Milk Scaped by Pebble,VN,,
variety,Milky,IR,,
variety,Mill Creek,US,,
variety,Milli Sicilia,EG,,
variety,Millie Brown,EG,,
variety,Milos Green,GR,,
variety,Minnesota,US,,
variety,Mironja,HR,,
variety,Miros,TR,,
variety,Misi Yahudi,IL,,
variety,Mittenwald Rot,DE,,
variety,Mixed Wath,GB,,
variety,Mizzi Ahmar,PS,,
variety,Moav,PS,,
variety,Moca Blue,PT,,
variety,Moca Creme Az,PT,,
variety,Moca Creme Medio Escovado,PT,,
variety,Moca Medio,PT,,
variety,Moca Medium Grain,PT,,
variety,Moca Mistral,PT,,
variety,Moca Mos,PT,,
variety,Moca Seco,PT,,
variety,Moca Tabac,PT,,
variety,Moca Venato,PT,,
variety,Moca Wind,PT,,
variety,Mocha Creme,TR,,
variety,Mocha White,PT,,
variety,Modiin,IL,,
variety,Modrzew,PL,,
variety,Mois Gold,PT,,
variety,Moka Gold,TR,,
variety,Mokattam,EG,,
variety,Moleanos B4,PT,,
variety,Moleanos Caravelle,PT,,
variety,Moleanos M10,PT,,
variety,Moleanos Mc6r,PT,,
variety,Moleanos Migna,PT,,
variety,Moleanos White,PT,,
variety,Moleskin,GB,,
variety,Molicreme,PT,,
variety,Monaco Beige,PT,,
variety,Monastir,BG,,
variety,Moneasa Negru,RO,,
variety,Moneasa Rouge,RO,,
variety,Monsanto,GB,,
variety,Mont Dore,PT,,
variety,Monte Carlo,FR,,
variety,Montelimar,FR,,
variety,Monterosa,ES,,
variety,Montigny,FR,,
variety,Montmoyen,FR,,
variety,Montpellier,FR,,
variety,Moon,TR,,
variety,Moon Brown,ES,,
variety,Morawica Jasna,PL,,
variety,Morelia,EG,,
variety,Moschee,TR,,
variety,Moshawah,JO,,
variety,Mosor,HR,,
variety,Mrar Brown,IL,,
variety,Mucha,PL,,
variety,Murcia,ES,,
variety,Muschelkalk,BE,,
variety,Myachkovsky,RU,,
variety,Myra,TR,,
variety,Nabresina,IT,,
variety,Naerke Gra,SE,,
variety,Naerke Grabrun,SE,,
variety,Nanov,BG,,
variety,Nanovitsa,BG,,
variety,Napoleon Mouchete,FR,,
variety,Napolina,PT,,
variety,National Orange,CN,,
variety,Nazareth,IL,,
variety,Negev Brown,IL,,
variety,Negin Brown,IR,,
variety,Negro Sabana Grande,HN,,
variety,Negro Superior,HN,,
variety,Nerekhta White,RU,,
variety,Nero Belgio,BE,,
variety,Nessuna,ES,,
variety,Netstal,CH,,
variety,New Beige,IR,,
variety,New Blue,PT,,
variety,New Italian,IN,,
variety,New Moca,TR,,
variety,New Niwala,ES,,
variety,New Pearl,CN,,
variety,New Yangtze,CN,,
variety,New York,PT,,
variety,Nicchio,SY,,
variety,Nimbus,TR,,
variety,Nira Beige,LB,,
variety,Niwala Blanca,ES,,
variety,Niwala Rosa,ES,,
variety,Nord Blue,PT,,
variety,Normandy Blue,PT,,
variety,Norrvange,SE,,
variety,Novo Mesto,US,,
variety,Nubian Grey,EG,,
variety,Oamaru,NZ,,
variety,Ocean Beige,IR,,
variety,Ocra Green,IN,,
variety,Ocra Multi,IN,,
variety,Ocra Pink,IN,,
variety,Oeland Gray,SE,,
variety,Oeland Hors,SE,,
variety,Oeland Red,SE,,
variety,Oeland Roedflammig,SE,,
variety,Ojinaga,MX,,
variety,Old Italian,IT,,
variety,Olenivsky,UA,,
variety,Olympus,TR,,
variety,Omberg Grafflammig,SE,,
variety,Omberg Roedfflammig,SE,,
variety,Onia Beige,PT,,
variety,Orbicular,PE,,
variety,Orfeo Beige,BG,,
variety,Orgita,EE,,
variety,Orgita Mix,EE,,
variety,Orgita Yellow,EE,,
variety,Orient Beige,TN,,
variety,Orient Fossil,TR,,
variety,Orient Rose,TR,,
variety,Orifossil,FR,,
variety,Orleans Beige,TR,,
variety,Osso Cream,CN,,
variety,Ottawa Platinum,CA,,
variety,Ottoman,TR,,
variety,Pachuca,MX,,
variety,Padro,ES,,
variety,Paglierina Grigia,IT,,
variety,Paglierino Dorato,IT,,
variety,Pakistan Champagne,PK,,
variety,Palladium,TN,,
variety,Palmyra,TR,,
variety,Paras Gold Yogya,ID,,
variety,Paras Jogja,ID,,
variety,Patara,TR,,
variety,Pazin Mandorlato,HR,,
variety,Pedra Fosil,ES,,
variety,Penaclaro,ES,,
variety,Penuela,MX,,
variety,Pequin,IL,,
variety,Pergamena,IT,,
variety,Perigord Hautelyre,FR,,
variety,Perla,AL,,
variety,Perla Bianca,TR,,
variety,Perlato Classico,XK,,
variety,Perlina,PT,,
variety,Perlit,HR,,
variety,Perpignan,FR,,
variety,Perryfield Perrycott,GB,,
variety,Perryfield Roach,GB,,
variety,Perryfield Shelly,GB,,
variety,Petra,BG,,
variety,Pewter,US,,
variety,Phoenicia Beige,SY,,
variety,Piedra Blanco Juneda,ES,,
variety,Piedra De Alcor,ES,,
variety,Pierre De Bourgogne,FR,,
variety,Pierre De Caen,FR,,
variety,Pierre De Jaumont,FR,,
variety,Pierre De Lens,FR,,
variety,Pierre De Ruoms,FR,,
variety,Pierre Dordogne,FR,,
variety,Pietra Carparo Bianca,IT,,
variety,Pietra Di Istria,HR,,
variety,Pietra Di Noto,IT,,
variety,Pietra Piasentina,IT,,
variety,Pietranova Bianca,IT,,
variety,Pilgrim,US,,
variety,Pinczow,PL,,
variety,Pink Boreal,PT,,
variety,Pink Coral,IT,,
variety,Pink Liberty,IT,,
variety,Pinkaro Lime,PK,,
variety,Planit,HR,,
variety,Plano,US,,
variety,Planolit,HR,,
variety,Platinum,US,,
variety,Platinum Gray,CN,,
variety,Platteville,US,,
variety,Plaza Gray,US,,
variety,Podeni,RO,,
variety,Pompignan Gris,FR,,
variety,Pont Du Gard,FR,,
variety,Pontval,PT,,
variety,Porsgrunn,NO,,
variety,Portland Blue,GB,,
variety,Portland Grey,US,,
variety,Portland Roach,GB,,
variety,Portobello,PT,,
variety,Pouillenay Gris,FR,,
variety,Prairie Shell,US,,
variety,Premeaux,FR,,
variety,Premeaux Banque,FR,,
variety,Priaclaro,ES,,
variety,Pribylov,CZ,,
variety,Provence Dore,FR,,
variety,Purbeck Blue,GB,,
variety,Purdemurru,EE,,
variety,Qabatiya,PS,,
variety,Qafe Shtama,AL,,
variety,Qatranah Red,JO,,
variety,Qatranah White,JO,,
variety,Rainbow,MX,,
variety,Ramages,PT,,
variety,Rasotica,HR,,
variety,Rattlesnake,US,,
variety,Rebecca,TN,,
variety,Red Desert,JO,,
variety,Red Jaemtland,SE,,
variety,Red Lorca,ES,,
variety,Red Moneasaa,RO,,
variety,Redheart,CN,,
variety,Reef Point,ES,,
variety,Relvinha Rv,PT,,
variety,Repen Classico,IT,,
variety,Repen Povir,SI,,
variety,Reval,EE,,
variety,Richemont Blanc,FR,,
variety,Richemont Bleu,FR,,
variety,Rijo,PT,,
variety,Rijo Do Codacal,PT,,
variety,Rising Sun,PT,,
variety,Riviera Beige Arena,MX,,
variety,Roche De Bonifacio,FR,,
variety,Roche Du Val,FR,,
variety,Roche Jaune,FR,,
variety,Rocheret Bayadere,FR,,
variety,Rocheron Dore Clair,FR,,
variety,Rocherons Beige,FR,,
variety,Rocheval,FR,,
variety,Rodez,LB,,
variety,Rosa Alcamo,IT,,
variety,Rosa Lucida,IT,,
variety,Rosa San Marco,HR,,
variety,Rosa Zarci,ES,,
variety,Rosal Ar,PT,,
variety,Rosal B,PT,,
variety,Rosal C,PT,,
variety,Rosal Codacal Contra,PT,,
variety,Rosal Dunas,PT,,
variety,Rosal Original,PT,,
variety,Rosal Real,PT,,
variety,Rosal T,PT,,
variety,Rosal Vogue,PT,,
variety,Rosalia,RO,,
variety,Roscommon Blue,IE,,
variety,Rose Beige,CN,,
variety,Rose Carla,LB,,
variety,Rose De Premeaux,FR,,
variety,Rosso Borneo,MY,,
variety,Rum Beige,CN,,
variety,Rumiantsevo,BG,,
variety,Rumyantsevo,BG,,
variety,Rustic Beige,TR,,
variety,Rustic Buff,US,,
variety,Ruwaished,JO,,
variety,Ruzica,BA,,
variety,Sabana Black and Gold,HN,,
variety,Sabana Gold,HN,,
variety,Saffron,IN,,
variety,Safir Beige,IR,,
variety,Sahara Gold,IN,,
variety,Sahara Pearl,US,,
variety,Sahara Somon,TR,,
variety,Saint Clair Fleuri,US,,
variety,Saint Hubert,PT,,
variety,Saint Leu,FR,,
variety,Saint Marc Clair,FR,,
variety,Saint Marc Jaune,FR,,
variety,Saint Pierre Linear,CA,,
variety,Saint Raphael Dore,FR,,
variety,Saint Remy,FR,,
variety,Saint Teodoro,PT,,
variety,Sakura Cream,CN,,
variety,Salem Gold,TR,,
variety,Salem Grey,TR,,
variety,Salterwath,GB,,
variety,Samarcanda,TN,,
variety,San Girolamo,HR,,
variety,San Lorenzo,HN,,
variety,San Mateo,ES,,
variety,San Miguel,US,,
variety,San Pietro,HR,,
variety,San Remo Fossil,IT,,
variety,San Vicente,ES,,
variety,Sandbar Natural,ES,,
variety,Sandstorm,TR,,
variety,Sandy Cream,MX,,
variety,Sandy Creek,EG,,
variety,Sandy P,ES,,
variety,Santa Lucija,HR,,
variety,Santenay,FR,,
variety,Santenoy,PT,,
variety,Sao Rafael Gm,PT,,
variety,Sarah,IT,,
variety,Sarah Fiorito,IT,,
variety,Sarmada,SY,,
variety,Savonnieres,FR,,
variety,Schwarzenseer Rot,AT,,
variety,Sea Brown,IR,,
variety,Sea Shell,ES,,
variety,Sea Trace,US,,
variety,Seabed Gold,TR,,
variety,Sedona Ivory,US,,
variety,Selen Light,TR,,
variety,Selgase Grey,EE,,
variety,Selgase Mix,EE,,
variety,Selina Blue,HR,,
variety,Semoi Tan,ES,,
variety,Semond Clair,FR,,
variety,Semond Jaune,FR,,
variety,Senesun,CA,,
variety,Serpentino Beige,PT,,
variety,Sessame,TR,,
variety,Sevillia,ES,,
variety,Shandong Blue,CN,,
variety,Shangri,CN,,
variety,Shell Beige,TR,,
variety,Shell Reef White,ES,,
variety,Shells Reef Beige,SY,,
variety,Shells Reef Caramel,SY,,
variety,Shells Reef Green,SY,,
variety,Shells Reef Pink,SY,,
variety,Shirin,IR,,
variety,Sicilia Brown,IT,,
variety,Sidera Beige,TR,,
variety,Sierra Elvira,ES,,
variety,Silit,BA,,
variety,Silver Cloud,TR,,
variety,Silver Shadow,US,,
variety,Silverdale,US,,
variety,Silverwater,CA,,
variety,Simena,TR,,
variety,Sinai Pearl Light,EG,,
variety,Sinu Aquamarina,CO,,
variety,Sinu Dark,CO,,
variety,Sinu Mix,CO,,
variety,Sireuil Hauteroche Beige,FR,,
variety,Siyah Lale,TR,,
variety,Skalyste,UA,,
variety,Slite,SE,,
variety,Smoked Fog,US,,
variety,Snow Hill,MX,,
variety,Sodervange,SE,,
variety,Soedervange,SE,,
variety,Sombra,PE,,
variety,Sonoma White,US,,
variety,Sonora Cream,MX,,
variety,South Coast,AU,,
variety,Spain Gold,ES,,
variety,Spiced Linen,US,,
variety,Springfield Blend,US,,
variety,Spuma Beige,LB,,
variety,St. Amber,IL,,
variety,St Benedict,FR,,
variety,St Briare,FR,,
variety,St Etienne,FR,,
variety,St. Florient Rose,PT,,
variety,St Laurent Indonesia,ID,,
variety,St. Mary Cream,US,,
variety,St Pierre,FR,,
variety,St Tropez,FR,,
variety,St Vincent,BG,,
variety,Stanhope Black,GB,,
variety,Stanleys Quarry Bed,GB,,
variety,Starlight,CN,,
variety,Stoneycombe,GB,,
variety,Sugar Beige,TR,,
variety,Sulawesi Pink,ID,,
variety,Sumartin,HR,,
variety,Sunset Pink,TR,,
variety,Sunshine Gold,TR,,
variety,Sveti Petar,HR,,
variety,Syriana,SY,,
variety,Tafel,BE,,
variety,Taffouh,PS,,
variety,Tamala,AU,,
variety,Tandoor Blue,IN,,
variety,Tandur Yellow,IN,,
variety,Tarh Choob Mika,IR,,
variety,Tavel Ivory,FR,,
variety,Tavel Rose,FR,,
variety,Tavira Dourado,PT,,
variety,Tempus,HR,,
variety,Tenelija,BA,,
variety,Tennessee Imperial Black,US,,
variety,Tenniken,CH,,
variety,Teriesta Light,EG,,
variety,Terra Coral,GR,,
variety,Terra Honey,GR,,
variety,Terracota,AR,,
variety,Tervoux,FR,,
variety,Testa,LB,,
variety,Texas Cream,US,,
variety,Texas Pearl,US,,
variety,Texas Sunset,US,,
variety,Texas White,US,,
variety,Thala Beige Coquillage,TN,,
variety,Thala Beige Veine Fleuri,TN,,
variety,Thar Grey,ES,,
variety,Thara,PK,,
variety,Threecastles,IE,,
variety,Tibet Gold,IN,,
variety,Ticul Gold,MX,,
variety,Ticul Naranja,MX,,
variety,Tiger,AL,,
variety,Tiger Gold,BG,,
variety,Tigre Beige,TR,,
variety,Tina,ES,,
variety,Tippy Beige,PK,,
variety,Tobza Yellow,JO,,
variety,Togma Beige,TR,,
variety,Toplic,BG,,
variety,Toprak Cream,TR,,
variety,Tounga Beige,TN,,
variety,Trahyte,RO,,
variety,Trani Bronzetto,IT,,
variety,Trani Cocciolato,IT,,
variety,Transilvania Bicolor,RO,,
variety,Transilvania Gold,RO,,
variety,Transylvania Brown,RO,,
variety,Transylvania Coral,RO,,
variety,Transylvania Deep Coral,RO,,
variety,Transylvania Rice,RO,,
variety,Transylvania V Gray,RO,,
variety,Triesta Grey,EG,,
variety,Trieste,IT,,
variety,Tsarevo,BG,,
variety,Tuffeau,FR,,
variety,Turtle Brown,CN,,
variety,Tuscano Clasico,MX,,
variety,Tushevski,RU,,
variety,Umtstone,TR,,
variety,Ungru,EE,,
variety,United Beige,TN,,
variety,Untersberg Rot,AT,,
variety,Untersberger Forelle,AT,,
variety,Uxmal,MX,,
variety,Valanges,FR,,
variety,Vallangis Jaune,FR,,
variety,Vanak,IR,,
variety,Vasalemma,EE,,
variety,Vatel Blue,PT,,
variety,Vauban,FR,,
variety,Vaucluse,LB,,
variety,Venezia,IT,,
variety,Venus Beige,BG,,
variety,Venus Grey,MK,,
variety,Verde Caceres,ES,,
variety,Verdoval,ES,,
variety,Verona Cream,US,,
variety,Verona Fossil,US,,
variety,Versailles Cream,PT,,
variety,Vertigo,HR,,
variety,Veselje Fiorito,UY,,
variety,Veseljko,HR,,
variety,Vidraco Ataija Beige,PT,,
variety,Vidraco Ze Gomes,PT,,
variety,Vienne Gris,PT,,
variety,Vieux Monde,FR,,
variety,Villebois Jaune,FR,,
variety,Villon,FR,,
variety,Vincent Gris,PT,,
variety,Visocani Unito,HR,,
variety,Visone,IT,,
variety,Visso Montenegro,ME,,
variety,Vratsa Varovik,BG,,
variety,Vratza,BG,,
variety,Vrsar Verdino,HR,,
variety,Wa,AU,,
variety,Wachenzell,DE,,
variety,Wachenzeller,DE,,
variety,Waikerie,AU,,
variety,Wallace Creek,CA,,
variety,Walnut Brown,TR,,
variety,Wapanucka Oolitic,US,,
variety,Warm Beige,ES,,
variety,West,CN,,
variety,Westhill,GB,,
variety,White Castle,MD,,
variety,White Cheese,CN,,
variety,White Desert,JO,,
variety,White Fossil,ES,,
variety,White Grain,CN,,
variety,White Java,ID,,
variety,White Lymra,CN,,
variety,White Minho,PT,,
variety,Wiarton Light,CA,,
variety,Windsor White,ES,,
variety,Winfield,US,,
variety,Xishan White Dew,CN,,
variety,Yamburg,RU,,
variety,Yana,IT,,
variety,Yangtze River,CN,,
variety,Yatta Yellow,IL,,
variety,Yazir Spider Beige,TR,,
variety,Yellow,TR,,
variety,Yellow Breeze,ES,,
variety,Yellow Diamond,OM,,
variety,Yellow Grey,IN,,
variety,Yellow Meche,LB,,
variety,Yellow Rubies,PS,,
variety,Yellow Sun,LB,,
variety,Yellow Sunset,LB,,
variety,Yellow Touch,LB,,
variety,Yorke Peninsula,AU,,
variety,Zalat,JO,,
variety,Zazia,TN,,
variety,Zecevo,HR,,
variety,Zhenfeng Wooden,CN,,
variety,Zhetibaiski,KZ,,
variety,Zola Grey,TN,,
variety,Zygmuntowka,PL,,
variety,Abadeh Amvaj,IR,,
variety,Abadeh Done Berenji,IR,,
variety,Abadeh Iraji,IR,,
variety,Abadeh Samimi,IR,,
variety,Abayuba,UY,,
variety,Abba Grey,CN,,
variety,Abshoye Gray,IR,,
variety,Absolute White,TR,,
variety,Abu Figurative,IN,,
variety,Acadia White,CN,,
variety,Aconcagua,BR,,
variety,Acoustic Gray,TR,,
variety,Acqua Bianca,IT,,
variety,Active Beige,TR,,
variety,Active Gray,TR,,
variety,Ada Beige,TR,,
variety,Adara,TR,,
variety,Adavi,IR,,
variety,Adela,VN,,
variety,Aden Dark,TR,,
variety,Adin Silk,TR,,
variety,Adiyaman Beige,TR,,
variety,Adiyaman Emperador,TR,,
variety,Adonis Beige,TR,,
variety,Adranos Black,TR,,
variety,Adranos Cherry,TR,,
variety,Adria Mink,TR,,
variety,Adriatic Black,TR,,
variety,Adriatic Blue,TR,,
variety,Aegean Brown,TR,,
variety,Aegean Cream,GR,,
variety,Aegean Dalmatian,TR,,
variety,Aegean Dream,TR,,
variety,Aegean Grey Light,TR,,
variety,Aegean Light Beige,TR,,
variety,Aegean Marina,GR,,
variety,Aegean Rose Dark,TR,,
variety,Aegean Rose Light,TR,,
variety,Aegean Spider,TR,,
variety,Aella,GR,,
variety,Aero Cream,TR,,
variety,Aerolite,TR,,
variety,Aether,GR,,
variety,African Beige,EG,,
variety,African Black,IR,,
variety,African Colorful,NA,,
variety,African Nero Portoro,ZA,,
variety,African Palisandro,NA,,
variety,Afrodite Brown,TR,,
variety,Afyon Beige,TR,,
variety,Afyon Black,TR,,
variety,Afyon Dark Beige,TR,,
variety,Afyon Gold,TR,,
variety,Afyon Lilac Sugar,TR,,
variety,Afyon Moonlight,TR,,
variety,Afyon Porto,TR,,
variety,Afyon Silver,TR,,
variety,Afyon Sky,TR,,
variety,Afyon Sugar White,TR,,
variety,Afyon White Billur,TR,,
variety,Agean Grey,TR,,
variety,Agora,TR,,
variety,Agora Brown,TR,,
variety,Agora Grey,TR,,
variety,Aguarela,PT,,
variety,Aiantas,GR,,
variety,Ajax,GR,,
variety,Ajax White,TR,,
variety,Akcadag Beige,TR,,
variety,Akmersan Beige,TR,,
variety,Akmonia Silver,TR,,
variety,Akoya,TR,,
variety,Akpinar Beige,TR,,
variety,Aktan Grey,TR,,
variety,Al Abbas Pearls,EG,,
variety,Al Mokhattatt,YE,,
variety,Al Suwaiq,OM,,
variety,Ala Carrara,TR,,
variety,Alabama Creme,US,,
variety,Alabama Rose,US,,
variety,Alabama Scuro,US,,
variety,Alabama Vinculus,US,,
variety,Alacakaya Aliento,TR,,
variety,Alacakaya Cielo,TR,,
variety,Aladag Grey,TR,,
variety,Alanya Light Emperador,TR,,
variety,Alanya Portoro,TR,,
variety,Alaska White,BR,,
variety,Alba Beige,TR,,
variety,Alba Calacatta,BR,,
variety,Alba Kronos,BR,,
variety,Albarose,IR,,
variety,Albella,TR,,
variety,Albert White,TR,,
variety,Alboris,IT,,
variety,Alcantara Black,ES,,
variety,Alden Beige,TR,,
variety,Aleksandrovsky Black,RU,,
variety,Alessandro,GR,,
variety,Alex Grey,TR,,
variety,Alex Perlatino,EG,,
variety,Alexander White,GR,,
variety,Alexis White,TR,,
variety,Alfeo,GR,,
variety,Algeria White,DZ,,
variety,Algrey,TR,,
variety,Alhar,YE,,
variety,Alhar Flower,YE,,
variety,Alice,CN,,
variety,Aligodarz Escato,IR,,
variety,Aligodarz Gray,IR,,
variety,Aligodarz Meshki Sefid,IR,,
variety,Aligodarz Sefid,IR,,
variety,Aliki,GR,,
variety,Alim Blue,TR,,
variety,Alitan,CN,,
variety,Allium Rossa,TR,,
variety,Allure Silver,BR,,
variety,Ally Grey,CN,,
variety,Ally Magic,CN,,
variety,Alma Fuoco,IT,,
variety,Almendra,MX,,
variety,Almond Waltz,TR,,
variety,Alnoir,TR,,
variety,Alpes,AL,,
variety,Alpha,EG,,
variety,Alpi,TR,,
variety,Alpinina,PT,,
variety,Alps White,CN,,
variety,Altai White,RU,,
variety,Altius,GR,,
variety,Altman White,TR,,
variety,Altvater,CZ,,
variety,Altvater Dark,CZ,,
variety,Alun,RO,,
variety,Amadeus Bluette,PT,,
variety,Aman Beige,TR,,
variety,Amanos Black,TR,,
variety,Amara,TR,,
variety,Amarillo Parador,ES,,
variety,Amarone Exclusive,IR,,
variety,Amasya Antique Beige,TR,,
variety,Amasya Crema Marfil,TR,,
variety,Amasya Perlato Beige,TR,,
variety,Amazing Brown,PK,,
variety,Amazing Green,IR,,
variety,Amazing Silver,GR,,
variety,Amazon Coffee,MX,,
variety,Amazon Grey,TR,,
variety,Amazon White,TR,,
variety,Amazonia Brown,BR,,
variety,Ambaji Adanga,IN,,
variety,Ambaji Apollo Green,IN,,
variety,Ambaji Panther,IN,,
variety,Ambar,ES,,
variety,Ambarino,ES,,
variety,Amber Red,TR,,
variety,Ambrato,IT,,
variety,Ambrosia,GR,,
variety,Amedian Beige,TR,,
variety,Amelas Beige,TR,,
variety,American Beige,EG,,
variety,Amman Beige,TR,,
variety,Amoerial Ghamsari,IR,,
variety,Amore Bianco,TR,,
variety,Amotion Gray,IR,,
variety,Amoy Blue,CN,,
variety,Amsterdam,BR,,
variety,Amun Cream,EG,,
variety,Amvaj,IR,,
variety,Anaisian,IR,,
variety,Anarak,IR,,
variety,Anasol,ES,,
variety,Anatolia Cappucino,TR,,
variety,Anatolian Red,TR,,
variety,Anatolian Sugar,TR,,
variety,Andalus,OM,,
variety,Andean Landscape,PE,,
variety,Andes Grey,CN,,
variety,Andhi Blue Moon,IN,,
variety,Andhi Modern Art,IN,,
variety,Ang Creama Nova,TR,,
variety,Angel Beige,CN,,
variety,Anglesey,GB,,
variety,Anglesey Vein,GB,,
variety,Anka Beige,TR,,
variety,Ankara Grey,TR,,
variety,Ankele,FI,,
variety,Antalya Sultan Beige,TR,,
variety,Antartide,BR,,
variety,Anthracite Gold,TR,,
variety,Antigone,GR,,
variety,Antilop,TR,,
variety,Antique Beige,TR,,
variety,Antique Fonce,NO,,
variety,Antique Verdatre,FR,,
variety,Antrasit,TR,,
variety,Aomari Brown,CN,,
variety,Apenino,TR,,
variety,Aphrodisias Cloudy,TR,,
variety,Apollion Black,TR,,
variety,Apollo Beige,TR,,
variety,Appalachian Green Danby,US,,
variety,Appenino,TR,,
variety,Apple Ash,CN,,
variety,Apricena Bronzetto,IT,,
variety,Apuan Fantasy,IT,,
variety,Aqua Luna,TR,,
variety,Aqua Shadow,TR,,
variety,Aqua Shadow Dark,TR,,
variety,Aquarela,BR,,
variety,Aquarium Thala,TN,,
variety,Arabella,TR,,
variety,Arabescato Arni,IT,,
variety,Arabescato Breccia,TR,,
variety,Arabescato Carcariana,IT,,
variety,Arabescato Cervaiole,IT,,
variety,Arabescato Ducale,IT,,
variety,Arabescato Faniello,IT,,
variety,Arabescato Garfagnana,IT,,
variety,Arabescato Greco Gold,GR,,
variety,Arabescato Harmony,IT,,
variety,Arabescato Meraviglioso,IT,,
variety,Arabescato Mossa,IT,,
variety,Arabescato Orobico Gold,IT,,
variety,Arabescato Orobico Grigio,IT,,
variety,Arabescato Piana,IT,,
variety,Arabescato Trambiserra,IT,,
variety,Arabescato Violet,TR,,
variety,Arabescatto,BR,,
variety,Arabesco Versilia,IT,,
variety,Arabescus White,BR,,
variety,Aragonite Brown,IT,,
variety,Arahite Blue,TR,,
variety,Aramis Bronze,OM,,
variety,Aran White,TR,,
variety,Arana Maroon,TR,,
variety,Arana Marron Spider,TR,,
variety,Arancio Di Selva,IT,,
variety,Araxova,GR,,
variety,Arcadia Grey,GR,,
variety,Archida,IR,,
variety,Arcobaleno,TR,,
variety,Arctic Blue,CN,,
variety,Arctic Blue Sky,CN,,
variety,Arctic Fox,CN,,
variety,Arctic Ocean,CA,,
variety,Ardal Banaii,IR,,
variety,Arelia Venato,TR,,
variety,Arena Tempisque,CR,,
variety,Ares Acqua,GR,,
variety,Ares Brown,TR,,
variety,Ares Titania Grey,GR,,
variety,Areti White,GR,,
variety,Argalasti White,GR,,
variety,Argent Grey,TR,,
variety,Argent Violetta,TR,,
variety,Argolis Red,GR,,
variety,Argos Black Breccia,GR,,
variety,Argos Black Veiny,GR,,
variety,Arhaby,YE,,
variety,Ari Beige,TR,,
variety,Ariana Silk,IR,,
variety,Ariassos,TR,,
variety,Aris,GR,,
variety,Aris Breccia,CN,,
variety,Aris Pink,CN,,
variety,Aris Silver,TR,,
variety,Ariston Gl,GR,,
variety,Ariston V,GR,,
variety,Arkadia,GR,,
variety,Arlesienne,IT,,
variety,Armani,TR,,
variety,Armani Brown Fossil,TR,,
variety,Armani Silver,TR,,
variety,Armarino Grey,CN,,
variety,Armoni,TR,,
variety,Arobo Dune,PK,,
variety,Arotco Black,IR,,
variety,Arsa,IR,,
variety,Arta Pink,GR,,
variety,Artesian White,GR,,
variety,Artic White,GR,,
variety,Artico,MX,,
variety,Artigas,UY,,
variety,Artik Green,NO,,
variety,As Fantastic,TR,,
variety,Asar Beige,TR,,
variety,Asaria,IR,,
variety,Asenka Rise Dark,TR,,
variety,Asenka Rise Light,TR,,
variety,Asgard Grey,TR,,
variety,Ashburton,GB,,
variety,Asia Beige,TR,,
variety,Asia White Grey,TR,,
variety,Aspen Grey,US,,
variety,Aspur Brown,IN,,
variety,Assinis Silver Grey,GR,,
variety,Assos Grey,TR,,
variety,Astana Silver,TR,,
variety,Astir,GR,,
variety,Astra White Venato,GR,,
variety,Atallos Beige,TR,,
variety,Atbara Black Rose,SD,,
variety,Athen Grey,CN,,
variety,Athena,GR,,
variety,Athena Gray,GR,,
variety,Athena Red,GR,,
variety,Athens Beige,TR,,
variety,Athos,GR,,
variety,Athos Green,GR,,
variety,Athos Red,GR,,
variety,Ati Brown,IR,,
variety,Atlantic,CN,,
variety,Atlantic Blue,AO,,
variety,Atlantic Grey,TR,,
variety,Atlantis Grey,TR,,
variety,Atlantis White,ZA,,
variety,Attica,BR,,
variety,Audi Snow White,CN,,
variety,Augusta White,US,,
variety,Auman Beige,TR,,
variety,Aura Grey,TR,,
variety,Aurelius White,BR,,
variety,Aurora Blue,BR,,
variety,Aurora Boreale,AT,,
variety,Aurora Perola,BR,,
variety,Aurora Prata,BR,,
variety,Austin Beige,TR,,
variety,Austin Gray,CN,,
variety,Austral Dream,AU,,
variety,Australian Emperador,AU,,
variety,Australis,BR,,
variety,Autumn,IR,,
variety,Autumn Beige,IR,,
variety,Avalanche,BR,,
variety,Avalanche Platinum,BR,,
variety,Avebury Black,GB,,
variety,Avenza,TR,,
variety,Avesta Smoke,TR,,
variety,Avid Dark Grey,IR,,
variety,Avorio Di Segesta,IT,,
variety,Avorio Rosato,IT,,
variety,Avorio Venato,IT,,
variety,Awbazak,AF,,
variety,Awra Black,TR,,
variety,Ayda Beige,TR,,
variety,Ayhan Beige,TR,,
variety,Azalea Beige,TR,,
variety,Azna White,IR,,
variety,Azucena,TR,,
variety,Azul Arabescato,TR,,
variety,Azul Kristal,BR,,
variety,Azul Lagoa,PT,,
variety,Azul Pinta Smeralda,BR,,
variety,Azure,IR,,
variety,Azzurro Di Oriente,IT,,
variety,Azzurro Notte,IT,,
variety,B Ivory,ID,,
variety,Babylon Cream,TR,,
variety,Babylon Grey,TR,,
variety,Babylonia,IR,,
variety,Badal Grey,PK,,
variety,Bahar Light,TR,,
variety,Bahar Red,TR,,
variety,Bahar Rosalia,TR,,
variety,Baharan,IR,,
variety,Bahia Grey,TR,,
variety,Bai Yulan Beige,TR,,
variety,Bai Zhenzhu Beige,TR,,
variety,Bajestan Pink,IR,,
variety,Balboura Beige,TR,,
variety,Balboura Rose,TR,,
variety,Bali Grey,ID,,
variety,Bali Honey,ID,,
variety,Balikesir Black,TR,,
variety,Balkan White Com,MK,,
variety,Ballot Grey,TR,,
variety,Bally Beige,LB,,
variety,Baltic Gray,TR,,
variety,Bama Grey,CN,,
variety,Bamboo,CN,,
variety,Banswara Purple,IN,,
variety,Banswara White,IN,,
variety,Bao Kang Grey,CN,,
variety,Baopo Grey,TR,,
variety,Baoxing Grey Flower,CN,,
variety,Baoxing Spindrift,CN,,
variety,Barajas,ES,,
variety,Baran Grey,TR,,
variety,Barcelona,ES,,
variety,Barcelona Black,CN,,
variety,Barcelona Gold,CN,,
variety,Barcelona Grey,TR,,
variety,Bardiglietto,IT,,
variety,Bardiglio Nuvolato Manhattan,IT,,
variety,Bardiglio Seravezza,IT,,
variety,Bari,IT,,
variety,Baroda White,IN,,
variety,Baroque Brown,CN,,
variety,Bastam,IR,,
variety,Bastia,TR,,
variety,Bati Beige,TR,,
variety,Batik Black,MY,,
variety,Batik Light,MY,,
variety,Batik Medium,MY,,
variety,Batik Rosa,MY,,
variety,Bauhinia Flower,CN,,
variety,Bawang Hua,CN,,
variety,Bay Dream,TR,,
variety,Bayburt Black,TR,,
variety,Baykan Beige,TR,,
variety,Beach Flower,TR,,
variety,Beach Gold,CN,,
variety,Beauty Jade,CN,,
variety,Behabad,IR,,
variety,Beichuan Lida,CN,,
variety,Beige,IR,,
variety,Beige Alpi,IT,,
variety,Beige Bahia,BR,,
variety,Beige Maya,MX,,
variety,Beige Moonlight,TR,,
variety,Beige Saumon,TR,,
variety,Beige Snow,TR,,
variety,Beige Wooden,TR,,
variety,Beijing Blue,CN,,
variety,Beijing Pink,CN,,
variety,Beirut Beige,EG,,
variety,Bela,IR,,
variety,Belek Sultan,TR,,
variety,Bella,IR,,
variety,Bella Flower,TR,,
variety,Bella Marlot Black,TR,,
variety,Bella Monica,IR,,
variety,Bella Pink Beige,TR,,
variety,Bellagio,MX,,
variety,Bellagio Coral,MX,,
variety,Bellini,ID,,
variety,Bellissimo,IT,,
variety,Bens Grey,IT,,
variety,Berkshire Beige,PL,,
variety,Bernini Gray,IT,,
variety,Betcheno,EG,,
variety,Betulla,CN,,
variety,Bianca Fina,IT,,
variety,Bianca Fiore,IT,,
variety,Bianca Foresta,TR,,
variety,Bianca Mist,AU,,
variety,Bianca Narino,TR,,
variety,Bianca Signora,IT,,
variety,Bianco Adin,TR,,
variety,Bianco Alanur,TR,,
variety,Bianco Altissimo,IT,,
variety,Bianco Azzurro,BR,,
variety,Bianco Beige,TR,,
variety,Bianco Bellissimo,IT,,
variety,Bianco Bello,IT,,
variety,Bianco Brasile,BR,,
variety,Bianco Buca,IT,,
variety,Bianco Capri,IT,,
variety,Bianco Carrara a,IT,,
variety,Bianco Carrara Campanili,IT,,
variety,Bianco Carrara Primavera,IT,,
variety,Bianco Carrara Tecchione,IT,,
variety,Bianco Carrara Unito C,IT,,
variety,Bianco Cascata,TR,,
variety,Bianco Cattani,IT,,
variety,Bianco Colorato,TR,,
variety,Bianco Colubraia,IT,,
variety,Bianco Coral,IR,,
variety,Bianco Corte Ga,TR,,
variety,Bianco Corte Standart,TR,,
variety,Bianco Crystalline,GR,,
variety,Bianco Diamante,CN,,
variety,Bianco Eclipse,BR,,
variety,Bianco Efeso,TR,,
variety,Bianco Equatoriale,IT,,
variety,Bianco Flocos,BR,,
variety,Bianco Fontana,TR,,
variety,Bianco Forza,IT,,
variety,Bianco Ghiaccio,BR,,
variety,Bianco Ginevra,IT,,
variety,Bianco Gioia Statuarietto,IT,,
variety,Bianco Ibiza,TR,,
variety,Bianco Illirico,XK,,
variety,Bianco Impala,BR,,
variety,Bianco Iride,IT,,
variety,Bianco Ispirato,TR,,
variety,Bianco Lara,TR,,
variety,Bianco Lasa Fantastico,IT,,
variety,Bianco Lasa Unito,IT,,
variety,Bianco Luna,TR,,
variety,Bianco Medici,TR,,
variety,Bianco Mediterranean,BR,,
variety,Bianco Milan,CN,,
variety,Bianco Naxos,GR,,
variety,Bianco Ondulare,IT,,
variety,Bianco Palomino,NA,,
variety,Bianco Pennsylvania,US,,
variety,Bianco Perlino,IT,,
variety,Bianco Piastra Bagnata,IT,,
variety,Bianco Piastramarina,IT,,
variety,Bianco Pineta,TR,,
variety,Bianco Regina,IT,,
variety,Bianco River,TR,,
variety,Bianco Rosso,TR,,
variety,Bianco Sarda,BR,,
variety,Bianco Savana,NA,,
variety,Bianco Sebaste,TR,,
variety,Bianco Sera,CN,,
variety,Bianco Sereno,GR,,
variety,Bianco Siberia,BR,,
variety,Bianco Spino,IT,,
variety,Bianco Superiore,GR,,
variety,Bianco Tamara,IT,,
variety,Bianco Trambiserra,IT,,
variety,Bianco V,GR,,
variety,Bianco V Cremo,CN,,
variety,Bianco Valencia,TR,,
variety,Bianco Velluto,IT,,
variety,Bianco Vena,GR,,
variety,Bianco Venosta,IT,,
variety,Bianco Vita,TR,,
variety,Bianco Zara,IT,,
variety,Bianco Zebrino,IT,,
variety,Biancone Apricena,IT,,
variety,Biancone Orosei,IT,,
variety,Bidasar Green,IN,,
variety,Bilecik Spider Beige,TR,,
variety,Bim Son,VN,,
variety,Bindal,NO,,
variety,Bini Kama,AF,,
variety,Birjand Forest Green,IR,,
variety,Bisaya Beige,MY,,
variety,Biskala Beige,IT,,
variety,Bitlis Grey,TR,,
variety,Bitlis White,TR,,
variety,Bizzaro White,IN,,
variety,Bla Olaf,NO,,
variety,Black Absolut,MA,,
variety,Black and Brown Breccia,DO,,
variety,Black and White Sardegna,IT,,
variety,Black Beauty,IR,,
variety,Black Bonanza,IR,,
variety,Black Calacatta,IT,,
variety,Black Carmanah,CA,,
variety,Black Cherry,TR,,
variety,Black Crocodile,TR,,
variety,Black Eagle White,TR,,
variety,Black Emerald,IN,,
variety,Black Esfahan,IR,,
variety,Black Explomar,MA,,
variety,Black Galaxy,IR,,
variety,Black Ice Flower,CN,,
variety,Black Illusion,CN,,
variety,Black Infinity,MX,,
variety,Black Iris,TR,,
variety,Black Jacob,CN,,
variety,Black Maku,IR,,
variety,Black Mango,TR,,
variety,Black Maras,TR,,
variety,Black Marrone,TR,,
variety,Black Martini,TR,,
variety,Black Ocean,IR,,
variety,Black Paint,IR,,
variety,Black Queen,TR,,
variety,Black Safari,MX,,
variety,Black Sea Beige,TR,,
variety,Black Secret,IT,,
variety,Black Shadow,IR,,
variety,Black Spot White,CN,,
variety,Black Storm,TR,,
variety,Black Swan,TR,,
variety,Black Symphony,IR,,
variety,Black Yinxun Palissandro,MM,,
variety,Black Zebra,PK,,
variety,Blanc Zayan,MA,,
variety,Blanco Alconera,ES,,
variety,Blanco Aroche,ES,,
variety,Blanco Aurora,MX,,
variety,Blanco Bego,MX,,
variety,Blanco Chive,ES,,
variety,Blanco Cristal,MX,,
variety,Blanco Durango,MX,,
variety,Blanco Goya,TR,,
variety,Blanco Grey,PK,,
variety,Blanco Guadiana,MX,,
variety,Blanco Guatemala,GT,,
variety,Blanco Iberico Claro,ES,,
variety,Blanco Iberico Oscuro,ES,,
variety,Blanco Ibiza Grey,TR,,
variety,Blanco Lama,ES,,
variety,Blanco Lijar,ES,,
variety,Blanco Macael,ES,,
variety,Blanco Marfil,MX,,
variety,Blanco Mina Real,MX,,
variety,Blanco Nebula,ES,,
variety,Blanco Pirg,ES,,
variety,Blanco San Marino,ES,,
variety,Blanco Veneciano,MX,,
variety,Bleu Antique,FR,,
variety,Blue Arch Arial,ID,,
variety,Blue Argentato,IT,,
variety,Blue Caribbean Marfil,DO,,
variety,Blue Coast,TR,,
variety,Blue Coral,CN,,
variety,Blue Dream,CA,,
variety,Blue Dreams,GR,,
variety,Blue Emperador Crystalline,IR,,
variety,Blue Gefarnato,TR,,
variety,Blue Gray,EG,,
variety,Blue Line,TR,,
variety,Blue Lotus,IR,,
variety,Blue Majestic,IR,,
variety,Blue Marlin,ID,,
variety,Blue Mediterranean,BR,,
variety,Blue San Nicola,IT,,
variety,Blue Sand,IT,,
variety,Blue Sapphire,IN,,
variety,Blue Savoy,FR,,
variety,Blue Sea,CN,,
variety,Blue Solare,TR,,
variety,Blue Star,KE,,
variety,Blue Storm,PT,,
variety,Blue Totem,CN,,
variety,Blue Velvet,IR,,
variety,Blue Water,PT,,
variety,Blue Wave,TR,,
variety,Bluefall,CN,,
variety,Bluelover,CN,,
variety,Bluetta,TR,,
variety,Bluette Venato,IT,,
variety,Bohdikov,CZ,,
variety,Bohemia,CN,,
variety,Boka Rose,ET,,
variety,Boka White,IN,,
variety,Bolivia Blue,CN,,
variety,Bonita Beige,TR,,
variety,Borbon Beige,DO,,
variety,Boreal,AO,,
variety,Borland Jade,CN,,
variety,Botan Rose,TR,,
variety,Botana,SD,,
variety,Botichinno,PK,,
variety,Botro Noir,FR,,
variety,Botticelli,BR,,
variety,Botticino Perlato,IT,,
variety,Botticino Super Light,IT,,
variety,Bounce,TR,,
variety,Braennlyckan,SE,,
variety,Braennlyckan Moerk,SE,,
variety,Branco Cristalino,ES,,
variety,Branco Estremoz,PT,,
variety,Branco Maroteira,PT,,
variety,Branco Moura,BR,,
variety,Brasilia Blue,BR,,
variety,Brazil Cappuccino,BR,,
variety,Brazil Chocolate,BR,,
variety,Brazil Green,BR,,
variety,Brazilian White,BR,,
variety,Breccia Adonis,TR,,
variety,Breccia Antica,IT,,
variety,Breccia Asia,UZ,,
variety,Breccia Aurora Gold,IT,,
variety,Breccia Aurora Laredo,IT,,
variety,Breccia Aurora San Carlo,IT,,
variety,Breccia Beige,TR,,
variety,Breccia Botticelli,IT,,
variety,Breccia Capraia,IT,,
variety,Breccia Carsica,IT,,
variety,Breccia Champagne,IT,,
variety,Breccia Colorata,FR,,
variety,Breccia Coral,BR,,
variety,Breccia Corchia,IT,,
variety,Breccia Croata,HR,,
variety,Breccia Damascata,IT,,
variety,Breccia De Honefleure,FR,,
variety,Breccia Deja,AL,,
variety,Breccia Di Montepulciano,IT,,
variety,Breccia Di Venere,IT,,
variety,Breccia Dorata,IT,,
variety,Breccia Esperia,IT,,
variety,Breccia Estrella,PT,,
variety,Breccia Fleury,FR,,
variety,Breccia Gharghavol,IR,,
variety,Breccia Gold,TR,,
variety,Breccia Imperiale,IT,,
variety,Breccia Irpina,IT,,
variety,Breccia Khatmia,EG,,
variety,Breccia Limone,IT,,
variety,Breccia Marina Dark,IT,,
variety,Breccia Marina Light,IT,,
variety,Breccia Medusa,MA,,
variety,Breccia Monreale,IT,,
variety,Breccia Montalto,IT,,
variety,Breccia Montecitorio,IT,,
variety,Breccia Numidia,TN,,
variety,Breccia Of Mycenae,GR,,
variety,Breccia Oniciata Beige,IT,,
variety,Breccia Oniciata Pink,IT,,
variety,Breccia Onyta,TR,,
variety,Breccia Orientale,IT,,
variety,Breccia Paradiso,XK,,
variety,Breccia Pernice,IT,,
variety,Breccia Pernice Chiara,IT,,
variety,Breccia Policroma,IT,,
variety,Breccia Pontificia,IT,,
variety,Breccia Primavera,IT,,
variety,Breccia Romana,MA,,
variety,Breccia Sarda,IT,,
variety,Breccia Sarda Fiocco,IT,,
variety,Breccia Siena,IT,,
variety,Breccia Silver Grey,GR,,
variety,Breccia Toscana,IT,,
variety,Breccia Van Gogh,IT,,
variety,Breccia Vaticana,IT,,
variety,Breccia Verde Seravezza,IT,,
variety,Breccia Verde Versilia,IT,,
variety,Breccia Vulcano,IT,,
variety,Brecha Do Algarve,PT,,
variety,Breche De Aubisque,FR,,
variety,Breche De Guillestre,FR,,
variety,Breche De Louvre,FR,,
variety,Breche De Montemeyan,FR,,
variety,Breche De Saint Maximin,FR,,
variety,Breche Medicis,IT,,
variety,Breche Oriental,FR,,
variety,Breche Romarin,FR,,
variety,Breche Rouge,FR,,
variety,Breche Sanguine,DZ,,
variety,Breche Vendome,FR,,
variety,Breche Versailles,FR,,
variety,Brescia Carollina,TR,,
variety,Brezza Coffee,TR,,
variety,Brezza Gold,TR,,
variety,Brezza Gray,TR,,
variety,Broccatello Di Siena,IT,,
variety,Broccatello Gherardesca,IT,,
variety,Bromo Aneka,ID,,
variety,Bronceado Costa Sol,ES,,
variety,Bronze Dore,TN,,
variety,Bronze Fantasy,TR,,
variety,Bronze Olive,ES,,
variety,Brown Coffee,IR,,
variety,Brown Dragon,CN,,
variety,Brown Earth,TR,,
variety,Brown Giordania,JO,,
variety,Brown Khenifra,MA,,
variety,Brown Lake,IR,,
variety,Brown Marquina,CN,,
variety,Brown Marshal,IR,,
variety,Brown Meridian,AZ,,
variety,Brown Oceanic,CN,,
variety,Brown Queen,TR,,
variety,Brown River,TR,,
variety,Brown St. Laurent,FR,,
variety,Brown Storm,EG,,
variety,Brown Wooden,CN,,
variety,Brownie,TR,,
variety,Bruce Gray,CN,,
variety,Bruno Grey,TR,,
variety,Bruno White,IN,,
variety,Bucova,RO,,
variety,Bulacan Red,PH,,
variety,Bulgari Gold,CN,,
variety,Bulgari White,TR,,
variety,Burberry,TR,,
variety,Burberry Dark Beige,TR,,
variety,Burberry Light Beige,TR,,
variety,Burdur Cream,TR,,
variety,Burdur White,TR,,
variety,Burnt Brown,IN,,
variety,Bursa Antique Beige,TR,,
variety,Bursa Bordeux,TR,,
variety,Bursa Light Emperador,TR,,
variety,Buteasa,RO,,
variety,Buteasa Furnir,RO,,
variety,Butterfly Red,CN,,
variety,Bvlgari Blue,CN,,
variety,Byzantine Wood,CN,,
variety,Caballero Black,DO,,
variety,Caballero Gray,DO,,
variety,Caballero White,DO,,
variety,Cacedonia White,IN,,
variety,Cachoeiro,BR,,
variety,Cadirkaya Silver Grey,TR,,
variety,Caesar Beige,TR,,
variety,Caesar Grey,CN,,
variety,Cafe Cream,CN,,
variety,Cafe Latte Dark,TR,,
variety,Cafe Melange,FR,,
variety,Cafe Mina,TR,,
variety,Cafe Novelo,MX,,
variety,Cafe Ole,TR,,
variety,Caffe Amaro,IT,,
variety,Caffe Moka,IT,,
variety,Cagla,TR,,
variety,Cagliari Ash,IT,,
variety,Caihui,CN,,
variety,Cairns Grey,CN,,
variety,Cal White,TR,,
variety,Calaberno Beige,TR,,
variety,Calacatta,IT,,
variety,Calacatta Apuano,IT,,
variety,Calacatta Australe,AU,,
variety,Calacatta Azul,IT,,
variety,Calacatta Bagiana,IT,,
variety,Calacatta Beige,TR,,
variety,Calacatta Belgia,IT,,
variety,Calacatta Black Vein,IT,,
variety,Calacatta Borghese,BR,,
variety,Calacatta Brasil,BR,,
variety,Calacatta Caldia,IT,,
variety,Calacatta Celeste,TR,,
variety,Calacatta Corchia,IT,,
variety,Calacatta Cremo,IT,,
variety,Calacatta Crestola,IT,,
variety,Calacatta Da Vinci,BR,,
variety,Calacatta Egeo,TR,,
variety,Calacatta Fabbricotti,IT,,
variety,Calacatta Fantasy,BR,,
variety,Calacatta Fendi,BR,,
variety,Calacatta Green,TR,,
variety,Calacatta Helena,TR,,
variety,Calacatta Ibla,IT,,
variety,Calacatta Iron White,CN,,
variety,Calacatta Ivory,IT,,
variety,Calacatta Joyce,GR,,
variety,Calacatta Lagina,TR,,
variety,Calacatta Lincoln,IT,,
variety,Calacatta Luis Sanchez,ES,,
variety,Calacatta Margot,VN,,
variety,Calacatta Mashhad,IR,,
variety,Calacatta Mezza Macchia,IT,,
variety,Calacatta Murano,IT,,
variety,Calacatta Mystic,TR,,
variety,Calacatta Noguchi,BR,,
variety,Calacatta Oblique,IT,,
variety,Calacatta Oyster,IT,,
variety,Calacatta Perla,IT,,
variety,Calacatta Regina,IT,,
variety,Calacatta Sky,IT,,
variety,Calacatta Tucci,IT,,
variety,Calacatta Vagli Rosato,IT,,
variety,Calacatta Velluto,IT,,
variety,Calacatta Vintage,IT,,
variety,Calacatta Viola,IT,,
variety,Calacatta Viola Rosata,IT,,
variety,Calacatta Wow,IT,,
variety,Calcita Blue,BR,,
variety,Calcutta Latte,IN,,
variety,Calcutta Vegli,IN,,
variety,California Gray,IT,,
variety,California Pink,TR,,
variety,Calista Cream,TR,,
variety,Callache,CA,,
variety,Calypso Pearl,TR,,
variety,Cambodia Lux Ash,KH,,
variety,Camboriu,BR,,
variety,Camel Beige,PK,,
variety,Camelia Rose,IR,,
variety,Camelion Beige,TR,,
variety,Camellia Gold,TR,,
variety,Camilia,EG,,
variety,Camouflage,AL,,
variety,Campan Melange,FR,,
variety,Campan Payolle Gris,FR,,
variety,Camus Beige,TR,,
variety,Canadian White,CA,,
variety,Canaria White,TR,,
variety,Canella Grey,GR,,
variety,Canhimei Green,AO,,
variety,Cankiri Serpentinite,TR,,
variety,Canyon Beige,TR,,
variety,Cape Breton Bordeaux,CA,,
variety,Capo Calaberno,TR,,
variety,Cappucino,TR,,
variety,Cara White,IR,,
variety,Caracata,TR,,
variety,Caraibica,BR,,
variety,Caramel,PK,,
variety,Caramel Beige,GR,,
variety,Caramel Light,TR,,
variety,Caravaca Beige,ES,,
variety,Caravaggio,BR,,
variety,Carbonico,PL,,
variety,Caressi Blue,TR,,
variety,Caretta Caretta,TR,,
variety,Carey Brown,ES,,
variety,Caria White,TR,,
variety,Caribbean Blond,DO,,
variety,Caribbean Grey,TR,,
variety,Caribbean Island,NA,,
variety,Caribbean Marfil,DO,,
variety,Carmania,IR,,
variety,Carmel Beige,TR,,
variety,Carmelia Beige,LB,,
variety,Carmen Rossa Queen,TR,,
variety,Carmen White,MY,,
variety,Caronica Grey,IT,,
variety,Carradinha,PT,,
variety,Carrara London Fog,IT,,
variety,Carrara Monte Bianco,IT,,
variety,Carrara Orion,IT,,
variety,Carrarinha,BR,,
variety,Carraviet,VN,,
variety,Carso Grey,TR,,
variety,Carthage Brown,TN,,
variety,Casa Blue,BR,,
variety,Casa Grey,IT,,
variety,Caska,MK,,
variety,Caspian,IR,,
variety,Caspian Bisque,TR,,
variety,Caspian Gray,TR,,
variety,Cassandra Beige,TR,,
variety,Cassanora Beige,TR,,
variety,Castano Brown,TR,,
variety,Castel Grey,CN,,
variety,Castione Chiaro,CH,,
variety,Castle Brown,TR,,
variety,Castro Vicente,PT,,
variety,Cataleia,IT,,
variety,Catalina Beige,DO,,
variety,Catera Grey,CN,,
variety,Catharina,EG,,
variety,Catrina Grey,EG,,
variety,Cattani Mare,IT,,
variety,Cavdir Beige,TR,,
variety,Cedar Oniciata,IT,,
variety,Celadon,CN,,
variety,Centella Asiatica,CN,,
variety,Central Beige,TR,,
variety,Century Black Ice Flower,CN,,
variety,Ceppo Di Vagli,IT,,
variety,Ceppo Grey,TR,,
variety,Ceppo Romano,IT,,
variety,Ceppo Rosso,AL,,
variety,Ceppo Verde,IR,,
variety,Cervenilla,XK,,
variety,Chambeli,PK,,
variety,Champagne,BR,,
variety,Champagne Gray,CN,,
variety,Champagne Rosado,BR,,
variety,Chanderia White,IN,,
variety,Chandon Rouge,FR,,
variety,Chanel Cloud,TR,,
variety,Chanel Dark,TR,,
variety,Chanel Gold,TR,,
variety,Chang E Beige,TR,,
variety,Changbai White Jade,CN,,
variety,Chehrak,IR,,
variety,Chem Grey,TR,,
variety,Chenaran Brown,IR,,
variety,Chenaran Grey,IR,,
variety,Cherry,TR,,
variety,Cherry Blossom,CN,,
variety,Cherry Gold,IN,,
variety,Chestnut Brown,PH,,
variety,Chiampo Paglierino,IT,,
variety,Chiara Beige,TR,,
variety,China Arabescato,CN,,
variety,China Blue,CN,,
variety,China Blue Sky,CN,,
variety,China Brown,CN,,
variety,China Calacatta Grey,CN,,
variety,China Carrara,CN,,
variety,China Desert Beige,CN,,
variety,China Emperador Gold,CN,,
variety,China Golden Black,CN,,
variety,China Lactea,CN,,
variety,China Maya White,CN,,
variety,China Portoro Gold,CN,,
variety,China Spider Beige,CN,,
variety,China Sunset Pink,CN,,
variety,Chinese St.Laurent,CN,,
variety,Chini Mehriz,IR,,
variety,Chios Brown,IR,,
variety,Chios Red,GR,,
variety,Chira Light Emperador,CN,,
variety,Chirpan Breccia,BG,,
variety,Chloe Ice Ash,CN,,
variety,Chocolaire,IN,,
variety,Chocolate,VN,,
variety,Chocolate Grey,TR,,
variety,Chocolate White,MY,,
variety,Chompoo Kam Mam,TH,,
variety,Chris Ivory,SY,,
variety,Christmas Beige,OM,,
variety,Chrysanthemum Yellow,CN,,
variety,Cide Beige,TR,,
variety,Cielo Grey,BR,,
variety,Cilicia Beige,TR,,
variety,Cincinnati Diamond,IN,,
variety,Cinnamon Beige,TR,,
variety,Cintilante Blue,BR,,
variety,Cinye,TR,,
variety,Cinza Cristalino,ES,,
variety,Cinza Raiado,PT,,
variety,Ciocorosa,IT,,
variety,Cipolin Sanguins,DZ,,
variety,Cipollino,GR,,
variety,Cipollino Di Valdieri,IT,,
variety,Cipollino Nero,CN,,
variety,Cipollino Ondulato Rosso,IT,,
variety,Cipollino Renoir,CN,,
variety,Cippo Grey,IN,,
variety,Circo White,BR,,
variety,Cirpan,BG,,
variety,Cirrus,OM,,
variety,Citrine Beige,TR,,
variety,Clara White,TR,,
variety,Claro Rosal,PT,,
variety,Claros Grey,TR,,
variety,Cleopatra Beige,TR,,
variety,Clivia,CN,,
variety,Cloud Atlas,CN,,
variety,Cloud Cristale,BR,,
variety,Cloud Nine,BR,,
variety,Cloud Time,CN,,
variety,Cloudy Beige,TR,,
variety,Cloudy Gohare,IR,,
variety,Cloudy Gold,IN,,
variety,Cloudy Makro Brown,TR,,
variety,Cloudy Mist,BR,,
variety,Cloudy White Jade,MM,,
variety,Clova Cream,TR,,
variety,Cm Dark,IN,,
variety,Cm Light,IN,,
variety,Coastal Gray,TR,,
variety,Cocktail Beige,TR,,
variety,Coconut Beige,IR,,
variety,Coffee,IR,,
variety,Coffee Been,CN,,
variety,Coffee Gold Brown,IR,,
variety,Coffee Milk,VN,,
variety,Coffee Mocha,IR,,
variety,Coffee Mousse,CN,,
variety,Coheba,GR,,
variety,Cohim White,TR,,
variety,Coil,RU,,
variety,Coin Blanco,ES,,
variety,Coke,PK,,
variety,Cold Jadeite,BR,,
variety,Color Grey,CN,,
variety,Colorado Yule,US,,
variety,Colorful Coral,CN,,
variety,Colossae Crema,TR,,
variety,Conchiglia Rara,IT,,
variety,Confusion Blue,IR,,
variety,Confusion Dark,BR,,
variety,Confusion Light,BR,,
variety,Connemara Barnanoraun,IE,,
variety,Connemara Dark Green,IE,,
variety,Connemara Derryclare,IE,,
variety,Connemara Sepia,IE,,
variety,Connemara White,IE,,
variety,Connemarble Light Green,IE,,
variety,Continental Beige,EG,,
variety,Coolness White Jade,CN,,
variety,Copo Black,IR,,
variety,Copper Brown,TR,,
variety,Copper Grey,BR,,
variety,Copper Star,DZ,,
variety,Copper Yellow,CN,,
variety,Coral Jade,CN,,
variety,Corinthian Beige Nature,GR,,
variety,Cornelian Beige,TR,,
variety,Corona Grey,GR,,
variety,Corsica,TR,,
variety,Corteccia Brown,RO,,
variety,Cosmic Beige,IN,,
variety,Cosmic Rose,CN,,
variety,Cosmo White,GR,,
variety,Cosmos Olive,TR,,
variety,Costa Azzurra,BR,,
variety,Costa Cream,TR,,
variety,Cotton Beige,IR,,
variety,Covelano White,IT,,
variety,Crape Myrtle,CN,,
variety,Cream Arc,IR,,
variety,Cream Aria,IR,,
variety,Cream Bella,TR,,
variety,Cream Galaxy,TR,,
variety,Cream Ivory,IR,,
variety,Cream Jade,CN,,
variety,Cream Miniature,IR,,
variety,Cream Namin,IR,,
variety,Cream Ole,TR,,
variety,Cream Pearl,EG,,
variety,Cream Riviera,BR,,
variety,Cream Rose,CN,,
variety,Cream Vanian,IR,,
variety,Cream Wave,IR,,
variety,Cream White,TR,,
variety,Creama Berrato,TR,,
variety,Creama Dora,TR,,
variety,Creamsa,TR,,
variety,Crema Alexandra,TR,,
variety,Crema Bellisimo,TR,,
variety,Crema Bello,EG,,
variety,Crema Bil Latte,TR,,
variety,Crema Bonica,TR,,
variety,Crema Brule,CN,,
variety,Crema Caracol,VE,,
variety,Crema Caribe,VE,,
variety,Crema Carita,TR,,
variety,Crema Chora,TR,,
variety,Crema Cordoba,MX,,
variety,Crema Cornicopia,TR,,
variety,Crema Dare,TR,,
variety,Crema Dena,IR,,
variety,Crema Dolomit,TR,,
variety,Crema Dorlion,TR,,
variety,Crema Eda,TR,,
variety,Crema Elizabeth,ID,,
variety,Crema Eva,TR,,
variety,Crema Fantasia,ES,,
variety,Crema Fantastico,IT,,
variety,Crema Fatin,TR,,
variety,Crema Fiora,TR,,
variety,Crema Hugo,ID,,
variety,Crema Iberico,ES,,
variety,Crema Kasta,TR,,
variety,Crema Kemalpasa,TR,,
variety,Crema Konya,TR,,
variety,Crema Life,TR,,
variety,Crema Lima,TR,,
variety,Crema Linda,TR,,
variety,Crema Lux,TR,,
variety,Crema Lykia,TR,,
variety,Crema Magna,TR,,
variety,Crema Mare Perla,TR,,
variety,Crema Marfil,ES,,
variety,Crema Marfil Gold,ES,,
variety,Crema Morata,ES,,
variety,Crema Mori,ID,,
variety,Crema Natural Santa,TR,,
variety,Crema Nera,TR,,
variety,Crema Oliva,TR,,
variety,Crema Panna,TR,,
variety,Crema Parador,ES,,
variety,Crema Patricia,TR,,
variety,Crema Patricia Pink,TR,,
variety,Crema Peach,TR,,
variety,Crema Penta,TR,,
variety,Crema Perlino,TR,,
variety,Crema Petras,TR,,
variety,Crema Porto,TR,,
variety,Crema Rare,TR,,
variety,Crema Royal Beige,IR,,
variety,Crema Saida,TR,,
variety,Crema Salma,ID,,
variety,Crema Santa Ana,ES,,
variety,Crema Sante,TR,,
variety,Crema Santo,ID,,
variety,Crema Saray,TR,,
variety,Crema Shine,TR,,
variety,Crema Sicilia,IT,,
variety,Crema Siena,ES,,
variety,Crema Skrapari,AL,,
variety,Crema Sol,TR,,
variety,Crema Star,TR,,
variety,Crema Striato,BR,,
variety,Crema Sunset,TR,,
variety,Crema Unico,TR,,
variety,Crema Valencia,ES,,
variety,Crema Valle,CO,,
variety,Crema Verona,IT,,
variety,Cremanata,ID,,
variety,Cremasiva Light,TR,,
variety,Creme Do Mouro,PT,,
variety,Creme Elysee,GR,,
variety,Creme Lagoa,PT,,
variety,Creme Maroteira,PT,,
variety,Cremera,TR,,
variety,Cremino Nuvolato,IT,,
variety,Cremo Avana,IT,,
variety,Cremo Tirreno,IT,,
variety,Cresta Black,GR,,
variety,Creta Grey,GR,,
variety,Crete White,GR,,
variety,Cretto Dark,VE,,
variety,Cretto Light,VE,,
variety,Crevola Blue,IT,,
variety,Crevola Di Ossola Unito,IT,,
variety,Crevola Di Ossola Venato,IT,,
variety,Crimean Grey,TR,,
variety,Cristalita Blue,BR,,
variety,Cristalita Honey,BR,,
variety,Cristalite Blue,BR,,
variety,Cristallino De Angola,AO,,
variety,Crna Kricka,HR,,
variety,Croatia Fiorito,HR,,
variety,Crocodile Beige,TR,,
variety,Crown Beige,TR,,
variety,Crystallite,IN,,
variety,Cuban Brown,IN,,
variety,Cubana Beige,TR,,
variety,Cullinan Brown,CN,,
variety,Cumulus White,TR,,
variety,Cupid Beige,CN,,
variety,Cyan Flower White,CN,,
variety,Cygnus Grey,CN,,
variety,Cyrstal White,CN,,
variety,Czarny,PL,,
variety,Da Vinci,GR,,
variety,Dadu Beige,CN,,
variety,Daisy Grey,CN,,
variety,Dakara,IT,,
variety,Dalati,ET,,
variety,Dalati Grey,ET,,
variety,Dalida,TR,,
variety,Dalmania,TR,,
variety,Dalmata,BR,,
variety,Dalmatian,TR,,
variety,Dalya Golden Rose,TR,,
variety,Dalya Rose,TR,,
variety,Dama Grey,GR,,
variety,Damas,IR,,
variety,Damascata,IR,,
variety,Damasco White,NA,,
variety,Damasta Silver Grey,GR,,
variety,Danae Ariston,GR,,
variety,Danae Bianco Gala,GR,,
variety,Danae Flower,GR,,
variety,Danae Nuvo Grey,GR,,
variety,Danae Pighes,GR,,
variety,Danae Velvet,GR,,
variety,Danae Venus,GR,,
variety,Danba White,CN,,
variety,Danish Cream,TR,,
variety,Danxia Red Jade,CN,,
variety,Darius Black,TR,,
variety,Dark Beige Fossil,TR,,
variety,Dark Cloudy,TR,,
variety,Dark Deep Blue,TR,,
variety,Dark Green G Strakes,IN,,
variety,Dark Grey Galaxy,IR,,
variety,Dark Pink,TR,,
variety,Dark Pink Rose,IR,,
variety,Dark Rosy,OM,,
variety,Dark Silver Grey,TR,,
variety,Dark Spring,IR,,
variety,Dazzle White,IN,,
variety,Dd,IR,,
variety,Debreste,MK,,
variety,Deep Blue,TR,,
variety,Deep Green,TR,,
variety,Deep Ocean Beige,TR,,
variety,Deep Purple,TR,,
variety,Deh Bala Yazd,IR,,
variety,Dehbid Chahmorghi,IR,,
variety,Dehbid Royal Cream,IR,,
variety,Dehbid Spider,IR,,
variety,Dehnow,AF,,
variety,Dejavu,IR,,
variety,Delano,TR,,
variety,Delfino Samina,IR,,
variety,Delicate Cream,TR,,
variety,Delicate Grey,OM,,
variety,Delta Beige,TR,,
variety,Dema Gray,TR,,
variety,Demiraglar New Beige,TR,,
variety,Dena Rosa,IR,,
variety,Desert Flower,OM,,
variety,Desert Oasis,OM,,
variety,Desert Peach,GR,,
variety,Desert Silver,GR,,
variety,Desert Silver Red,OM,,
variety,Devmer Beige,TR,,
variety,Dharmeta,IN,,
variety,Dhofar Mist,OM,,
variety,Diamond,BR,,
variety,Diamond Beige,TR,,
variety,Diamond Grey,TR,,
variety,Dias Arabescato,GR,,
variety,Dias Cielo,GR,,
variety,Dias Cielo Vein,GR,,
variety,Dias Cloudy,GR,,
variety,Dias Statuario,GR,,
variety,Dicle Sahara,TR,,
variety,Didima Brown,GR,,
variety,Didima Grey,GR,,
variety,Didyma Beige,GR,,
variety,Digua,TR,,
variety,Diler Beige,TR,,
variety,Dioclez,TN,,
variety,Dione,BG,,
variety,Dior Grey,CN,,
variety,Diplomat,IR,,
variety,Diplomat Gol Mamoli,IR,,
variety,Diplomat Sefid,IR,,
variety,Dispilio,GR,,
variety,Diyarbakir Beige,ES,,
variety,Diyarbakir Emperador,TR,,
variety,Djamon Ischi,JP,,
variety,Djon Light,EG,,
variety,Dk Green,TR,,
variety,Doce Emperador,TR,,
variety,Doga Beige,TR,,
variety,Dolce Beige,TR,,
variety,Dolce Whita,TR,,
variety,Dolcetto Perlato,IT,,
variety,Dolit White,GR,,
variety,Dolomitstein,CH,,
variety,Dolphin Blue,TR,,
variety,Doly,GR,,
variety,Domokos Red Brown,GR,,
variety,Domvrena Beige,GR,,
variety,Donatello,BR,,
variety,Donau,RO,,
variety,Dorian Grey,GR,,
variety,Doris Grey,IR,,
variety,Dorsaf,TN,,
variety,Dorset Grey,CN,,
variety,Double Creamy Beige,CN,,
variety,Draco,GR,,
variety,Dragon Dark,CN,,
variety,Dragon Gold,ES,,
variety,Dragon Green,CN,,
variety,Dragon Kemal,TR,,
variety,Dragon Red,IR,,
variety,Dragonia,AL,,
variety,Drama Green,GR,,
variety,Drama Ocean Blue,GR,,
variety,Drama Silver Grey,GR,,
variety,Dream,MX,,
variety,Dream Beige,TR,,
variety,Dream Night,TR,,
variety,Dreamtime,AU,,
variety,Dreamworld,CN,,
variety,Dry Rose,TR,,
variety,Dubai Gold,TR,,
variety,Duchessa Gris,ES,,
variety,Duna White,TR,,
variety,Dungarpur White,IN,,
variety,Duquesa Brechado,ES,,
variety,Dusun Beige,MY,,
variety,Dynasty Purple,CN,,
variety,Dyno Beige,OM,,
variety,Dynossaurus,PT,,
variety,Eagle Beige,TR,,
variety,Eagle Grey,CN,,
variety,Earl Grey,CN,,
variety,Earth Blue,TR,,
variety,Earth Grey,TR,,
variety,Eastern Green,JP,,
variety,Ebony Grey,IT,,
variety,Ebony Suede,ES,,
variety,Ebruli,TR,,
variety,Eclipsia White,BR,,
variety,Eclisse Lunare,IT,,
variety,Ecru,TR,,
variety,Ecuador Beige,EC,,
variety,Ecuador Grey,EC,,
variety,Edessa Black,GR,,
variety,Edith Green,CN,,
variety,Efes Cream,TR,,
variety,Efes Sun,TR,,
variety,Efsus Ochre,TR,,
variety,Egeon White,GR,,
variety,Egufume,LB,,
variety,Egypt Sahara Beige,EG,,
variety,Egyptian Emperador Light,EG,,
variety,Eiffel White,GR,,
variety,Ekeberg Bla,SE,,
variety,Ekeberg Ljus,SE,,
variety,Ekeberg Moerk,SE,,
variety,Ekolas Cream,TR,,
variety,Eksioglu Calacatta,TR,,
variety,El Dorado,MX,,
variety,Elba Blue,GR,,
variety,Elba Gold,GR,,
variety,Elba Grey,GR,,
variety,Elba Sky,GR,,
variety,Elbistan Beige,TR,,
variety,Electra Marun,GR,,
variety,Electra Pantheon,GR,,
variety,Elegance,TR,,
variety,Elegance Grey,TR,,
variety,Elegant Gold,CN,,
variety,Elephant Gray,CN,,
variety,Elicream,MX,,
variety,Elif Beige,TR,,
variety,Elikonas Beige,GR,,
variety,Elikonas Gold,IR,,
variety,Elixir,IR,,
variety,Ella Cream,IR,,
variety,Ellikon Red Vein,GR,,
variety,Elmali Beige,TR,,
variety,Emek Deep Blue,TR,,
variety,Emelas Beige,TR,,
variety,Emerald Beige,IN,,
variety,Emerald Pearl,TR,,
variety,Emerald White,IN,,
variety,Emgoni,TR,,
variety,Emir Grey,TR,,
variety,Emotion,TR,,
variety,Emperador Black,CN,,
variety,Emperador Olive,TR,,
variety,Emperador Orientale,CN,,
variety,Emperor Golden Beige,IR,,
variety,Emperor Grey,CN,,
variety,Empire Golden,CN,,
variety,Empire Green,TR,,
variety,Empress,TW,,
variety,Empress Beige,TR,,
variety,Empress Green,TW,,
variety,Energy Beige,TR,,
variety,England Beige,IR,,
variety,Entas New Beige,TR,,
variety,Ephesus Beige,TR,,
variety,Ephesus Grey,TR,,
variety,Epidauros Red,GR,,
variety,Equinox,BR,,
variety,Era Silver,GR,,
variety,Erbalunga,FR,,
variety,Erdem,TR,,
variety,Eretria Grey,GR,,
variety,Eretria Red,GR,,
variety,Ergani Beige,TR,,
variety,Eriza Beige,TR,,
variety,Erkon Grey,TR,,
variety,Erlake Blue,CN,,
variety,Ermas Golden,TR,,
variety,Ermenek Beige,TR,,
variety,Ermioni Red Brown,GR,,
variety,Eros,TR,,
variety,Ersa,FR,,
variety,Erythrai,TR,,
variety,Erzurum White,TR,,
variety,Escalettes,FR,,
variety,Escato,IR,,
variety,Eskipazar Beige,TR,,
variety,Eskisehir Beige,TR,,
variety,Eskisehir Emperador,TR,,
variety,Espara Beige,TR,,
variety,Espresso Macchiato,TR,,
variety,Essential Grey,IT,,
variety,Esserando,NA,,
variety,Estee Lauder,TR,,
variety,Estremoz Crema Con Vergada,PT,,
variety,Estremoz Creme,PT,,
variety,Estremoz Medio,PT,,
variety,Eternity,TR,,
variety,Etowah Fleuri,GE,,
variety,Etowah Pink,US,,
variety,Eunika Grey,CN,,
variety,Eurasian Brown,IR,,
variety,Eurasian Wood Grain,CN,,
variety,Eureka Calacatta Danby,US,,
variety,Euro Green,TR,,
variety,Euroasia White,TR,,
variety,Eurobeige,GR,,
variety,Europe,CN,,
variety,European Grey Emperador,CN,,
variety,European Network,CN,,
variety,Eva Grey,TR,,
variety,Everbloom Dark,TR,,
variety,Everbloom Pink,TR,,
variety,Everpink,ID,,
variety,Evia Brown,GR,,
variety,Evora White,BR,,
variety,Excellent White,GR,,
variety,Exim Brown,VN,,
variety,Exotic Blue,TR,,
variety,Exotic Pandora,BR,,
variety,Exotic Veins,CN,,
variety,Eymer Black,TR,,
variety,Eyra Gold,TR,,
variety,Fangshan Green,CN,,
variety,Fangshan Grey,CN,,
variety,Fangshan Peach Red,CN,,
variety,Fantasia Coto,ES,,
variety,Fantasia Silvia,EG,,
variety,Fantastic Blue,BR,,
variety,Fantastic Silver,TR,,
variety,Fantastico Vagli,IT,,
variety,Fantastico White,CN,,
variety,Fantasy Gold,IT,,
variety,Fantasy Rose,CN,,
variety,Fantasy Sand,CN,,
variety,Farasouy Royal White,IR,,
variety,Fashion Beige,TR,,
variety,Fatty Grey,TR,,
variety,Faux Verona,TR,,
variety,Fawn Beige,CN,,
variety,Feather Beige,IR,,
variety,Feather Brown,IR,,
variety,Feather Grey,IR,,
variety,Fendi Beige,TR,,
variety,Fendi Blue,TR,,
variety,Fendi Gold,TR,,
variety,Ferragamo Gray,IT,,
variety,Fethiye Dark Emperador,TR,,
variety,Fethiye Light Beige,TR,,
variety,Fethiye Light Emperador,TR,,
variety,Filaki,GR,,
variety,Filettato America,IT,,
variety,Filetto Silsela,EG,,
variety,Fine Lines Snow White,CN,,
variety,Finland Emperador,TR,,
variety,Fiona Beige,TR,,
variety,Fior Di Pesco Orientale,TR,,
variety,Fior Di Rosa,IT,,
variety,Fior Pesco,TR,,
variety,Fiorito Dalia,IT,,
variety,Fish Maw Blue,CN,,
variety,Flamingo,IN,,
variety,Flash Night,TR,,
variety,Fleur Rouge,MA,,
variety,Flexible Grey,TR,,
variety,Flora Beige,TR,,
variety,Flora Emperador,TR,,
variety,Flora Ice,TR,,
variety,Florentine Beige,TR,,
variety,Flower Espiner,IR,,
variety,Flowered Cream,CN,,
variety,Fontaine Black,CN,,
variety,Forest Blue,BR,,
variety,Forest Gray,TR,,
variety,Forest Wood,CN,,
variety,Formidable,IT,,
variety,Fortezza,TR,,
variety,Fortune Beige,IR,,
variety,Fortune Red,PK,,
variety,Fossil Black,CN,,
variety,Fossil Cream,TR,,
variety,Fossil Tempisque,CR,,
variety,Four Seasons,IT,,
variety,French Grey,CN,,
variety,French Red Dragon,EG,,
variety,French Vanilla Grey,GR,,
variety,Frigya Beige,TR,,
variety,Frontier Grey,PK,,
variety,Frosterley,GB,,
variety,Frosty Flame,CN,,
variety,Frosty Pebbles,EG,,
variety,Frozen,IR,,
variety,Fulvio,TR,,
variety,Fume,TR,,
variety,Fumo Di Toscana,IT,,
variety,Fusion Berry,TR,,
variety,Fusion Grey,IR,,
variety,Gabane,ES,,
variety,Gabriola,CA,,
variety,Gaia Grey,TR,,
variety,Gala Beige,TR,,
variety,Galapagos,TR,,
variety,Galata,BG,,
variety,Galaxy Chip,PK,,
variety,Galaxy White,VN,,
variety,Gallati Grey,IT,,
variety,Gandomak,IR,,
variety,Gandomak Shiraz,IR,,
variety,Gangral Blue,IN,,
variety,Garda Crema,IT,,
variety,Garnet Rush,IN,,
variety,Garny,TN,,
variety,Gartier Green,PH,,
variety,Gattouna,TN,,
variety,Gaudi Grey,IR,,
variety,Gaudi White,TR,,
variety,Gazgan Black,UZ,,
variety,Gazgan Light,UZ,,
variety,Gazgan Red,UZ,,
variety,Geeman Gold,TR,,
variety,Gem Grey,CN,,
variety,Gemlik Prasino,TR,,
variety,Gentleman Grey,CN,,
variety,Gentleman White,CN,,
variety,Geyser White,IT,,
variety,Ghazak,AF,,
variety,Ghermez Anarak Salsali,IR,,
variety,Ghermez Shabani,IR,,
variety,Ghorveh,IR,,
variety,Giallo Anticato,TR,,
variety,Giallo Atlantide,IN,,
variety,Giallo Da Vinci,IT,,
variety,Giallo Delegatto,TR,,
variety,Giallo Etrusco,XK,,
variety,Giallo Golpa,IR,,
variety,Giallo Grey,TR,,
variety,Giallo Marfilia,CN,,
variety,Giallo Marfim,BR,,
variety,Giallo Monforte,MA,,
variety,Giallo Numidia,TN,,
variety,Giallo Palma,MA,,
variety,Giallo Reale,IT,,
variety,Giallo Samad,OM,,
variety,Giallo Siena Medio,IT,,
variety,Giallo Solare,EG,,
variety,Giallo Stradivari,IT,,
variety,Giallo Vermont,CN,,
variety,Giallo White,TR,,
variety,Giselle Grey,TR,,
variety,Glaccy,TR,,
variety,Global Pink,IN,,
variety,Gloria Venato,BR,,
variety,Glorious White,CN,,
variety,Glory White,IR,,
variety,Gohara,IR,,
variety,Gold Africa,EG,,
variety,Gold Beige,AU,,
variety,Gold Brick Grey,CN,,
variety,Gold Butterfly,OM,,
variety,Gold Grain,CN,,
variety,Gold Mesh,CN,,
variety,Gold Rom Beige,TR,,
variety,Gold Sahara,EG,,
variety,Gold Vein,AU,,
variety,Golden Age,TR,,
variety,Golden Athena,GR,,
variety,Golden Aurora,EG,,
variety,Golden Bella,TR,,
variety,Golden Chain,EG,,
variety,Golden Cloud,CN,,
variety,Golden Cobra,IN,,
variety,Golden Cream Beige,IR,,
variety,Golden Fire,TR,,
variety,Golden Flame,TR,,
variety,Golden Flower,IN,,
variety,Golden Grey,IN,,
variety,Golden Imperial,TR,,
variety,Golden Lasa,IT,,
variety,Golden Leaf Beige,TR,,
variety,Golden Marin,TR,,
variety,Golden Night,IR,,
variety,Golden Ocher,CN,,
variety,Golden Olive,IR,,
variety,Golden Pearl,EG,,
variety,Golden Primrose,TR,,
variety,Golden Rice,TR,,
variety,Golden Rose Cream,IR,,
variety,Golden Sand White Jade,CN,,
variety,Golden Silk,TR,,
variety,Golden Sunrise,CN,,
variety,Golden Tuareg,BR,,
variety,Golden Wave,TR,,
variety,Golden White,TR,,
variety,Gonabad Rose,IR,,
variety,Goose Feather White,CN,,
variety,Goose Grey,TR,,
variety,Gorgino Black,TR,,
variety,Goshaghan,IR,,
variety,Gostivar,MK,,
variety,Gothic Grey,TR,,
variety,Goya Gold,CN,,
variety,Grace Gray,CN,,
variety,Grace Green,CN,,
variety,Grada Grey,IR,,
variety,Grafite,PK,,
variety,Grammos Kastoria,GR,,
variety,Gran Fossil,MA,,
variety,Grand Antique Grey,MX,,
variety,Grand Constantine,DZ,,
variety,Grand Grey,TR,,
variety,Grand Melange,FR,,
variety,Grano De Sal,MX,,
variety,Granville Beige,TR,,
variety,Graphite Roots,IT,,
variety,Graphito,IN,,
variety,Grass White Jade,CN,,
variety,Grauspinne,AT,,
variety,Gravel Gray,TR,,
variety,Gray Blue Sky,BR,,
variety,Gray Glory,CN,,
variety,Gray Impala,BR,,
variety,Gray Levanto,TR,,
variety,Gray Philharmonic,TR,,
variety,Gree Grey Rose,CN,,
variety,Green Antigua,IR,,
variety,Green Bowenite,ZA,,
variety,Green Breccia Mlb,EG,,
variety,Green Breccia Mna,EG,,
variety,Green Cloud,IN,,
variety,Green Jade,IR,,
variety,Green Lake,CN,,
variety,Green Light Beige,TR,,
variety,Green Namibe,AO,,
variety,Green Paradise,IR,,
variety,Green Pearl,TR,,
variety,Green Pine,CN,,
variety,Green Sky,IN,,
variety,Green Velvet,GR,,
variety,Greenish Beige,TR,,
variety,Greenish White,VN,,
variety,Greenland Grey,GR,,
variety,Grey Agf,PT,,
variety,Grey Alicante,TR,,
variety,Grey Apricot,VN,,
variety,Grey Beauty,CN,,
variety,Grey Blue Wood Vein,CN,,
variety,Grey Breccia,IN,,
variety,Grey Diana,TR,,
variety,Grey Dove,TR,,
variety,Grey Emperador,IR,,
variety,Grey Fossil,CN,,
variety,Grey Furi,IN,,
variety,Grey Ginevra,IT,,
variety,Grey Ice,TR,,
variety,Grey Jean,MA,,
variety,Grey Khenifra,MA,,
variety,Grey Lido,MA,,
variety,Grey Lumpang,TH,,
variety,Grey Mocha,TR,,
variety,Grey Montana,TR,,
variety,Grey Moon,TR,,
variety,Grey Pagala,TG,,
variety,Grey Palladium,IR,,
variety,Grey Portoro,TR,,
variety,Grey Rocks,GR,,
variety,Grey Roots,TR,,
variety,Grey Stream,TR,,
variety,Grey Thala,TN,,
variety,Grey Vein,VN,,
variety,Grey Verona,MX,,
variety,Grey Williams,TR,,
variety,Grey Wolf,CN,,
variety,Grigio Acqua,IT,,
variety,Grigio Adriatico,IT,,
variety,Grigio Astratto,IT,,
variety,Grigio Aurora,IT,,
variety,Grigio Bellissimo,IT,,
variety,Grigio Billiemi,IT,,
variety,Grigio Boden,IT,,
variety,Grigio Bottarga,IT,,
variety,Grigio Byron,IT,,
variety,Grigio Capri,IT,,
variety,Grigio Cattani,IT,,
variety,Grigio Collemandina,IT,,
variety,Grigio Dolomiti,TR,,
variety,Grigio Egeo,GR,,
variety,Grigio Fumo,IL,,
variety,Grigio Ginari,AL,,
variety,Grigio Greza,TR,,
variety,Grigio Italia,IT,,
variety,Grigio Libo,IT,,
variety,Grigio Linosa,IT,,
variety,Grigio Lugano,TR,,
variety,Grigio Mirto,IT,,
variety,Grigio Moncervetto,IT,,
variety,Grigio Monet,BR,,
variety,Grigio Orsola,IT,,
variety,Grigio Panarea,IT,,
variety,Grigio Pineta,TR,,
variety,Grigio Stardust,TR,,
variety,Grigio Tao,TN,,
variety,Grigio Taormina,IT,,
variety,Grigio Tucci,IT,,
variety,Grigio Venato,MK,,
variety,Grigio Versilia,IT,,
variety,Grinette,TR,,
variety,Gris Alboran,ES,,
variety,Gris Balear,ES,,
variety,Gris Cevenol,FR,,
variety,Gris Coral,MX,,
variety,Gris De Villette,FR,,
variety,Gris Deva,ES,,
variety,Gris Flanelle,FR,,
variety,Gris Melange,IT,,
variety,Gris Nebula,TR,,
variety,Gris Payande,CO,,
variety,Gris Porto,TR,,
variety,Gris Pulpis,ES,,
variety,Gris Sahara,MA,,
variety,Gris Saint Edouard,BE,,
variety,Gris Shoul,MA,,
variety,Gris Siboney,CU,,
variety,Gris Versailles,BE,,
variety,Gris Zarci,ES,,
variety,Grizio,TR,,
variety,Grolla,IT,,
variety,Gross Kunzendorf,PL,,
variety,Groznjan Beli,HR,,
variety,Guacamaya Gray,VE,,
variety,Guang Red,CN,,
variety,Guang Yellow,CN,,
variety,Guangxi White,CN,,
variety,Gucci Grey,TR,,
variety,Guifei Gold,CN,,
variety,Guizhou Wood,CN,,
variety,Gujarat Green,IN,,
variety,Hadizade,IR,,
variety,Haftouman,IR,,
variety,Hamitovsky,RU,,
variety,Hammer Beige,TR,,
variety,Hamzabe,IR,,
variety,Handsome Brown,TR,,
variety,Handsome Grey,TR,,
variety,Hang Grey,CN,,
variety,Hanma Cream,TR,,
variety,Happy Gold,CN,,
variety,Harar Beige,ET,,
variety,Harley Beige,IR,,
variety,Harmankaya Beige,TR,,
variety,Harmankoy Beige,TR,,
variety,Harmony Beige,TR,,
variety,Harsin,IR,,
variety,Harsin White,IR,,
variety,Hashma,EG,,
variety,Hatrung Yellow,VN,,
variety,Hatrung Yellow Light,VN,,
variety,Havana Grey,TR,,
variety,Haveli Black,IN,,
variety,Havza,TR,,
variety,Haymana Altini,TR,,
variety,Haymana Beige,TR,,
variety,Haz Black,TR,,
variety,Hazar Beige,TR,,
variety,Hazar Pink,TR,,
variety,Hazare Baghal,AF,,
variety,Hbb Arabescato,TR,,
variety,Hegge,NO,,
variety,Hekou Snow White,CN,,
variety,Helena,TR,,
variety,Helicon Gold,GR,,
variety,Helicon Spider,GR,,
variety,Heliconas Beige,GR,,
variety,Henry Grey,IT,,
variety,Henry White,IT,,
variety,Henzi,OM,,
variety,Heraclea White,GR,,
variety,Herat White,AF,,
variety,Hermes Black,TR,,
variety,Hermes Gold,TR,,
variety,Hermes Lamda,GR,,
variety,Hermes Sigma,GR,,
variety,Heten,IR,,
variety,Hibiscus Red,CN,,
variety,Hibiscus White,CN,,
variety,Hidden Dragon,CN,,
variety,Higil,CN,,
variety,Hillary,TR,,
variety,Hilton Grey,FR,,
variety,Himalayan Green,CN,,
variety,Himalayan Grey,IT,,
variety,Himalayan Oak,IN,,
variety,Himalayan Teak,IN,,
variety,Hittite White,TR,,
variety,Holanta,TR,,
variety,Honey Brown,IN,,
variety,Horiat,IR,,
variety,Horizon,TR,,
variety,Hotavlje Fantazija,SI,,
variety,Hotavlje Roza,SI,,
variety,Hotavlje Sivi,SI,,
variety,Hualien Grey,TW,,
variety,Hualien White,TW,,
variety,Huantan Beige,IR,,
variety,Hugo Giallo,ID,,
variety,Hugo Grigio,CN,,
variety,Huma Wave,IR,,
variety,Hunan White,CN,,
variety,Hurricane,BR,,
variety,Hyatt Beige,TR,,
variety,Iban Beige,MY,,
variety,Iban Line,MY,,
variety,Ibra Grey,OM,,
variety,Ibri Beige,OM,,
variety,Ibri Yellow,OM,,
variety,Icarus White,GR,,
variety,Ice Age White,CN,,
variety,Ice Beige,TR,,
variety,Ice Berg White,IN,,
variety,Ice Black,CN,,
variety,Ice Blue,CA,,
variety,Ice Flower White,IR,,
variety,Ice Imperial,BR,,
variety,Ice King,TR,,
variety,Iceberg Grey,BR,,
variety,Icelandic Wood,CN,,
variety,Icon Brown,TR,,
variety,Ig White Jal,IN,,
variety,Ikarus,GR,,
variety,Ikran White,CN,,
variety,Ilda Beige,TR,,
variety,Ilis,GR,,
variety,Illuminatus,BR,,
variety,Illusion Bronze,TR,,
variety,Illyrian Grey,AL,,
variety,Imperator,MK,,
variety,Imperial Danby,US,,
variety,Imperial Dark,PK,,
variety,Imperial Peach,CN,,
variety,Imperial Roshan,IR,,
variety,Inca Brown,PE,,
variety,Incarnat Alpha,FR,,
variety,Inchiostro Verde,NA,,
variety,India Blue Sky,IN,,
variety,Indian Red Jasper,EG,,
variety,Indian Rosso,IN,,
variety,Indian Statuario,IT,,
variety,Indo Beige,ID,,
variety,Indo Italian,IN,,
variety,Indo Levanto,IN,,
variety,Indo Marfil,ID,,
variety,Indo Waria,IN,,
variety,Indus Gold,PK,,
variety,Infinito White,TR,,
variety,Infinity Grey,TR,,
variety,Ink White,CN,,
variety,Ink Wood Grain,CN,,
variety,Inka Brown,PE,,
variety,Innovia Beige,TR,,
variety,Invisible Antique,TR,,
variety,Invisible Blue,BR,,
variety,Invisible Grey Gold,BR,,
variety,Invisible White,BR,,
variety,Ioannina Beige,GR,,
variety,Ionian Brown,GR,,
variety,Ioriano,IT,,
variety,Ipoh,MY,,
variety,Iraji,IR,,
variety,Iran Golden Brown,IR,,
variety,Iran Sofita,IR,,
variety,Iridanos,GR,,
variety,Iris,EG,,
variety,Iris Cream,TR,,
variety,Iris Cream Light,TR,,
variety,Iris Cream Rosa,TR,,
variety,Iris Gray,TR,,
variety,Iris White,BR,,
variety,Irish Green,IE,,
variety,Irish Grey,IE,,
variety,Iron Lace,AU,,
variety,Isabella,TR,,
variety,Isaura Spider Beige,TR,,
variety,Isinda,TR,,
variety,Isis Gold,EG,,
variety,Isparta,TR,,
variety,Isparta Grey,TR,,
variety,Isporada Beige,TR,,
variety,Italian Classic Beige,IT,,
variety,Italian Wood Grain,IT,,
variety,Italy Dark Gray,IT,,
variety,Italy Gold,IT,,
variety,Italy Gold Coffee,IT,,
variety,Italy Jade,IT,,
variety,Ivory Beige,IR,,
variety,Ivory Classic,IR,,
variety,Ivory Cloud,TR,,
variety,Ivory Creamy,EG,,
variety,Ivory Cristallina,CH,,
variety,Ivory Light,EG,,
variety,Ivory Red,TR,,
variety,Ivory Rosalia,TR,,
variety,Jade Leaf,PK,,
variety,Jade Peacock,TR,,
variety,Jakarta,ID,,
variety,Jalapeno Green,IN,,
variety,Jane Grey,CN,,
variety,Jania Crema,PH,,
variety,Jasmin,TR,,
variety,Jasmine Blue,TR,,
variety,Jasmine Dark,TR,,
variety,Jasmine Gold,TR,,
variety,Jasper Green,IN,,
variety,Java Brown,ID,,
variety,Java Cream,ID,,
variety,Java Grey,ID,,
variety,Java Melarosa,ID,,
variety,Java Pink,ID,,
variety,Java Rosso,ID,,
variety,Jazz Gold,CN,,
variety,Jazz Grey,TR,,
variety,Jazz White,GR,,
variety,Jeans Blue,TR,,
variety,Jenny Pink,AU,,
variety,Jersey Grey,IN,,
variety,Jet Black,PK,,
variety,Jhanjhar White,IN,,
variety,Jhiri,IN,,
variety,Jiangxi Jueshi,CN,,
variety,Jiashi White,CN,,
variety,Jiess,CN,,
variety,Jinhua Cream,CN,,
variety,Jiroft,IR,,
variety,Jiuhua Jade,CN,,
variety,Jolbar,IR,,
variety,Jolie Grey,BR,,
variety,Jordan Grey,JO,,
variety,Josheghan,IR,,
variety,Josheghan Sefid,IR,,
variety,Julian Jade,CN,,
variety,Jungle Black,CN,,
variety,Jupiter Grey,PT,,
variety,Jurassic Cream,TR,,
variety,K5,OM,,
variety,K5 Reddish,OM,,
variety,K5 Reddish Dark,OM,,
variety,Kabul Grey,AF,,
variety,Kadazan Beige,MY,,
variety,Kaftar Khana,AF,,
variety,Kahla,MA,,
variety,Kahramanmaras Light Beige,TR,,
variety,Kairuru,NZ,,
variety,Kalasia,PK,,
variety,Kali Botacino,TR,,
variety,Kali Brown,TR,,
variety,Kaman Gold Beige,TR,,
variety,Kaman Ivory,TR,,
variety,Kamelia,IR,,
variety,Kamphaeng,TH,,
variety,Kampos,GR,,
variety,Kangar,MY,,
variety,Kanor Grey,CN,,
variety,Kapa Beige,TR,,
variety,Kapa Cappucino,TR,,
variety,Kapela Rozowy,PL,,
variety,Kaptan Black,TR,,
variety,Karabuk Brown,TR,,
variety,Karacabey Black,TR,,
variety,Karahalli White,TR,,
variety,Karako,TR,,
variety,Karaman Pink,TR,,
variety,Karboni Arka,IR,,
variety,Karen Gold,CN,,
variety,Karesi White,TR,,
variety,Karia Cream,TR,,
variety,Karibib Black,NA,,
variety,Kariz Amir,AF,,
variety,Karizmeer,AF,,
variety,Karlstejn,CZ,,
variety,Karnezeika Beige,GR,,
variety,Karystos,GR,,
variety,Kas Beige,TR,,
variety,Kashan Golden Brown,IR,,
variety,Kashmar,IR,,
variety,Kasiki Grey,CN,,
variety,Kasite Red,CN,,
variety,Kasta Veiny,NZ,,
variety,Kastamonu Rosalia,TR,,
variety,Kate White,CN,,
variety,Katni Beige,IN,,
variety,Katni Green,IN,,
variety,Katni Pink,IN,,
variety,Katrina,EG,,
variety,Kavala Grey,GR,,
variety,Kavosh,IR,,
variety,Kawi Agung,ID,,
variety,Kazan Beige,TR,,
variety,Keda Grey,TR,,
variety,Kemalpasa White Turquoise,TR,,
variety,Kemore White,PK,,
variety,Kensington,US,,
variety,Kenya White,KE,,
variety,Kerem Delijan,IR,,
variety,Kerem Kashan,IR,,
variety,Kerem Shahre Kord,IR,,
variety,Kerem Shahrekord Sartipy,IR,,
variety,Kerman Brown,IR,,
variety,Kerman Cream,IR,,
variety,Kesariaji Green,IN,,
variety,Kesariya Green,IN,,
variety,Khabourah Cumulus,OM,,
variety,Khadel Gris,TN,,
variety,Khaki Grey,TR,,
variety,Khaki White,CN,,
variety,Khazana,IN,,
variety,Khlong Hat,TH,,
variety,Khob Sangan,IR,,
variety,Khoorose,IR,,
variety,Khor Ghermez Salsali,IR,,
variety,Khor Yekrangi,IR,,
variety,Khour,IR,,
variety,Khoy Red,IR,,
variety,Kibik Kordonskiy,RU,,
variety,Kik,HR,,
variety,King Blue,TR,,
variety,King Blue Golden Grey,TR,,
variety,King Brown,TR,,
variety,King Emperador,ID,,
variety,Kingdom,IR,,
variety,Kings Ash,CN,,
variety,Kirsehir White,TR,,
variety,Kissavos,GR,,
variety,Kiwi Green,CN,,
variety,Knidos,TR,,
variety,Koala,ID,,
variety,Kocar White,TR,,
variety,Koelginskoe,RU,,
variety,Kokinovraxos Multicolour,GR,,
variety,Koky Beige,TR,,
variety,Kolkata White,IN,,
variety,Kolmarden,SE,,
variety,Komotini,GR,,
variety,Konglomera Valencia,IR,,
variety,Korykos Beige,TR,,
variety,Koteshwar,IN,,
variety,Koteshwar Adanga,IN,,
variety,Koteshwar Albeta,IN,,
variety,Kozani White,GR,,
variety,Krastal Mittel,AT,,
variety,Kris Vivo,IN,,
variety,Krute,ME,,
variety,Ksm,IR,,
variety,Kula,GR,,
variety,Kulun Gold,CN,,
variety,Kunt Silver Royal,TR,,
variety,Kuri Blue,TR,,
variety,Kuros Perle De Nacre,FR,,
variety,Kurudere,TR,,
variety,Kutahya Black,TR,,
variety,Kycnos White,GR,,
variety,Kylin,CN,,
variety,Kyra Beige,TR,,
variety,Labrador,IN,,
variety,Lady Grey,CN,,
variety,Lady Pink,MY,,
variety,Lady Purple,IN,,
variety,Lafei Beige,IR,,
variety,Lafi,IR,,
variety,Lafina,GR,,
variety,Laguna Black,TR,,
variety,Laguna Grey,BR,,
variety,Laibid,IR,,
variety,Laibid Shajareh,IR,,
variety,Laibid Tornado,IR,,
variety,Lais Grey,GR,,
variety,Laiyang Green,CN,,
variety,Landscape Blue,CN,,
variety,Landscape Green,CN,,
variety,Landscape Painting,CN,,
variety,Landscape White,CN,,
variety,Langdok,IR,,
variety,Langka Ash,ID,,
variety,Lanya Beige,TR,,
variety,Lanza Gray,TR,,
variety,Lanzarote,BR,,
variety,Lao Cai White,VN,,
variety,Laodikya Crema,TR,,
variety,Lapis Beige,TR,,
variety,Lapis Lazuli,CN,,
variety,Lapponia Green,FI,,
variety,Lapys Grey,IT,,
variety,Lara Cream,TR,,
variety,Laranda Beige,TR,,
variety,Las Vegas White,CN,,
variety,Lasa Bianco Vena Verde,IT,,
variety,Lasa Individual,IT,,
variety,Lasa Venato,IT,,
variety,Lasa Venato Arabescato,IT,,
variety,Lasa Venato Cevedale,IT,,
variety,Laura Beige,TR,,
variety,Lava,IR,,
variety,Lavender Beige,CN,,
variety,Lavender Grey,TR,,
variety,Lavender Pink,CN,,
variety,Lavento Maroon,IN,,
variety,Laybid,IR,,
variety,Laybid Palangi,IR,,
variety,Laybid Sefid,IR,,
variety,Laybid Tornado,IR,,
variety,Laymer Beige,TR,,
variety,Lazize,BR,,
variety,Lazy Sunday,CN,,
variety,Leaf Green,IN,,
variety,Ledmore Green,GB,,
variety,Lefkippi,GR,,
variety,Lefkon Striped,GR,,
variety,Legend,IT,,
variety,Legno,IT,,
variety,Lemon Gold,IR,,
variety,Leo Beige,TR,,
variety,Leodikeia Crema,TR,,
variety,Leonardo Da Vinci,ID,,
variety,Leopard Gray,TR,,
variety,Leopard Rock,ZW,,
variety,Leopard Skin Flower,CN,,
variety,Leopardo Rose,TR,,
variety,Lepenica,BG,,
variety,Lericy,IT,,
variety,Lesno Brdo Roza,SI,,
variety,Levadia Black,IN,,
variety,Levadia Pink,GR,,
variety,Levin Brown,IR,,
variety,Leykon Aigeoy,GR,,
variety,Liaoning White,CN,,
variety,Libeccio,IT,,
variety,Liberty,IR,,
variety,Lide Grey,TR,,
variety,Life Cream Beige,TR,,
variety,Light Beige,TR,,
variety,Light Brown,TR,,
variety,Light Cream,TR,,
variety,Light Olive Ash,TR,,
variety,Light Pink,TR,,
variety,Light Spring,IR,,
variety,Light Yellow,VN,,
variety,Lightning Grey,US,,
variety,Lightning Simi,TR,,
variety,Likya Beige,TR,,
variety,Likya Grey,TR,,
variety,Likya Rose,TR,,
variety,Lilac Gray,MA,,
variety,Lilac White,TR,,
variety,Lilia,TR,,
variety,Lilleberg,NO,,
variety,Lillia Gray,CN,,
variety,Lillium Beige,TR,,
variety,Lily Gray,CN,,
variety,Lily Green,CN,,
variety,Limnia,GR,,
variety,Limnias White,GR,,
variety,Limoge Beige,TR,,
variety,Limoni Sedef,TR,,
variety,Lina White,TR,,
variety,Linea,VN,,
variety,Linen,TR,,
variety,Linglong Jade,CN,,
variety,Lio,IR,,
variety,Lion,TR,,
variety,Lipov,CZ,,
variety,Lisica,MK,,
variety,Litos Crema,TR,,
variety,Lola Sky,TR,,
variety,London Gold,CN,,
variety,London Gray,EG,,
variety,Longin Jade,CN,,
variety,Lord White,IN,,
variety,Loreal Wood Grain,CN,,
variety,Lorena White,BR,,
variety,Los Roques,IT,,
variety,Loto,IR,,
variety,Lotus Beige,TR,,
variety,Lotus Coffee,TR,,
variety,Lotus Pink,CN,,
variety,Lotus Yellow,TR,,
variety,Louis,TR,,
variety,Louis Grey,CN,,
variety,Louis Xiii Golden Beige,TR,,
variety,Louis Xiv,TR,,
variety,Louvre White,IN,,
variety,Lucciano Rose,CN,,
variety,Lucia,HR,,
variety,Lucida Luna,TR,,
variety,Luding Multicolor,CN,,
variety,Lugga Salmon,TR,,
variety,Lugga White,TR,,
variety,Lumen,BR,,
variety,Luminous,AO,,
variety,Lumix,BR,,
variety,Lumos Beige,TR,,
variety,Luna Dark,TR,,
variety,Luna Mexa,TR,,
variety,Luna River,TR,,
variety,Lunel Rubane,FR,,
variety,Lushan Green,CN,,
variety,Lusso Nero,IR,,
variety,Lux Gris,IT,,
variety,Luxor Gold,EG,,
variety,Luxor Grey,EG,,
variety,Luxuria,BR,,
variety,Lycia Beige,TR,,
variety,Lydia,GR,,
variety,Lydia Beige,TR,,
variety,Lygourio Beige,GR,,
variety,Lykos Gray,TR,,
variety,Macchia Vecchia Rossa,CH,,
variety,Macedonian White,GR,,
variety,Maciel,UY,,
variety,Macota,AO,,
variety,Madagascar Exotic,IN,,
variety,Madeira,ES,,
variety,Madrid Grey,IR,,
variety,Mafin Grey,IR,,
variety,Magic Cream,TR,,
variety,Magic Green,CN,,
variety,Magic Ocean,CN,,
variety,Magic White,CN,,
variety,Magma,IR,,
variety,Magnita Silver,TR,,
variety,Magnolia Gray,CN,,
variety,Magnus White,BR,,
variety,Mahalat Golden Black,IR,,
variety,Mahkam Brown,IR,,
variety,Mahkam Done Berenji,IR,,
variety,Mahkam Golden,IR,,
variety,Mahkam Gray,IR,,
variety,Mahkam Light Cream,IR,,
variety,Mahkam Smoky,IR,,
variety,Mahtab,IR,,
variety,Mahyar Golden Black,IR,,
variety,Maia White,GR,,
variety,Mairev Black,MA,,
variety,Mairev Brown,MA,,
variety,Mairev Grey,MA,,
variety,Majan,OM,,
variety,Majestic,GR,,
variety,Majestic Rose,IR,,
variety,Makassar Royal Beige,ID,,
variety,Makrana Dungri,IN,,
variety,Makrana White,IN,,
variety,Mal White,PK,,
variety,Malaga Beige,TR,,
variety,Malay Botticino,MY,,
variety,Malaysia Black,MY,,
variety,Maldives White,TR,,
variety,Mallalo,ID,,
variety,Mandalay White,MM,,
variety,Manni Beige,IR,,
variety,Manto Sagrado White,MX,,
variety,Manyas White,TR,,
variety,Maple Leaf,TR,,
variety,Maral,IR,,
variety,Maras Grey,TR,,
variety,Marbella White,TR,,
variety,Mare Grey,TR,,
variety,Marengo Grey,TR,,
variety,Mariah Grey,CN,,
variety,Marin White,TR,,
variety,Marinas,CN,,
variety,Marine Beige,TR,,
variety,Marine Black,IN,,
variety,Mariola,EG,,
variety,Marmara Ocean Blue,TR,,
variety,Marmara Wave,TR,,
variety,Marmara Zebra,TR,,
variety,Marmaran Cream,IR,,
variety,Marmaran Golden Grey,IR,,
variety,Marmorise,BR,,
variety,Maron,EG,,
variety,Maron Kesra,TN,,
variety,Maronia Beige,GR,,
variety,Maroon Di Notte,TR,,
variety,Marqueen,TR,,
variety,Marron Cappuccino,IR,,
variety,Marron Glace,IR,,
variety,Marron Jmm,MA,,
variety,Marrone Breccia,IT,,
variety,Mars,IR,,
variety,Mars Beige,OM,,
variety,Maryland Green,US,,
variety,Maserati Grey,IT,,
variety,Mashhad Emperador Dark,IR,,
variety,Masso Oro,TR,,
variety,Matisse,IT,,
variety,Matrix Beige,TR,,
variety,Matrix Grey,CN,,
variety,Matrix Stream,US,,
variety,Maya Red,CN,,
variety,Med Cream,TR,,
variety,Med Green,GR,,
variety,Med Grey,EG,,
variety,Medenine Red,TN,,
variety,Mediterranean Cream,MA,,
variety,Medium Green,TW,,
variety,Medium Pink,TR,,
variety,Medusa,BR,,
variety,Megita Beige,EG,,
variety,Meli Brown,EG,,
variety,Melika,IR,,
variety,Melissa Beige,TR,,
variety,Melitta Beige,TR,,
variety,Melitta Berg,TR,,
variety,Melitta Ice,TR,,
variety,Melitta Lin Gray,TR,,
variety,Melitta Orange,TR,,
variety,Melitta Rose,TR,,
variety,Melly Cecilia,EG,,
variety,Melograno,IT,,
variety,Mendip,GB,,
variety,Menekse,TR,,
variety,Menes Golden Brown,TR,,
variety,Menes Grey,CN,,
variety,Mengen Silver,TR,,
variety,Meonya Beige,TR,,
variety,Mercury White,IN,,
variety,Merida Yellow,MX,,
variety,Meridian Green,IN,,
variety,Merlot,TR,,
variety,Mersin Bianco Perla,TR,,
variety,Mersin Walnut,TR,,
variety,Mesopotamia Flowery Beige,TR,,
variety,Mesopotamia Soloi Beige,TR,,
variety,Mesopotamia Wavy Beige,TR,,
variety,Mesr Brown,IR,,
variety,Mesta Beige,TR,,
variety,Mesta Emperador Dark,TR,,
variety,Mesta Emperador Light,TR,,
variety,Meteor Grey,CN,,
variety,Metropol Grey,TR,,
variety,Meya Grey,TR,,
variety,Mezzorgiorno,IT,,
variety,Midnight Sun,NO,,
variety,Mika Brown,IR,,
variety,Milan Golden Rainbow,CN,,
variety,Milan Red,CN,,
variety,Milano Grey,TR,,
variety,Milas Green,TR,,
variety,Milas Lemon,TR,,
variety,Milas Lilac,TR,,
variety,Milas Royal,TR,,
variety,Milky Opal,IN,,
variety,Millennium Rose,IR,,
variety,Mimosa,EG,,
variety,Mimoza Beige,TR,,
variety,Ming Brown,CN,,
variety,Minia Perlatino,EG,,
variety,Mink,TR,,
variety,Minoan Grey,GR,,
variety,Mioni Beige,TR,,
variety,Mira Cream,TR,,
variety,Mira Rose,TR,,
variety,Mirabilis,AO,,
variety,Miracle Cream,TR,,
variety,Miracle Levanto,IN,,
variety,Mirage Cristalita,BR,,
variety,Miranda Beige,TR,,
variety,Missisquoi,US,,
variety,Missisquoi Verde De Aqua,US,,
variety,Mist Silk,CN,,
variety,Mistral White,GR,,
variety,Misty Beige,EG,,
variety,Moca Dark Beige,TR,,
variety,Moca Sienna,TR,,
variety,Mocca Beige,TR,,
variety,Mocha Beige,TR,,
variety,Modica Grey,CN,,
variety,Mogano,CN,,
variety,Mohammad Agha,AF,,
variety,Monaco Brown,LB,,
variety,Monai Beige,IR,,
variety,Monarch Plum,MY,,
variety,Monarch Red,HU,,
variety,Mondragone Grigio Scogliera,IT,,
variety,Monica Gray,TR,,
variety,Monica Red,IT,,
variety,Monsoon Pearl,IN,,
variety,Mont Parnes,GR,,
variety,Montclair Danby,IT,,
variety,Monte Bello,TR,,
variety,Montemaggiore,IT,,
variety,Montenegro,ME,,
variety,Montepuez,MZ,,
variety,Montepuez Cinzento,MZ,,
variety,Moon Beige,TR,,
variety,Moon Jasmine,IN,,
variety,Moon Pearl,TR,,
variety,Moon White,PL,,
variety,Moonstone Cream Fossil,TR,,
variety,Moonstone Cream Rosa,TR,,
variety,Morato,IT,,
variety,Moresco Brown,MX,,
variety,Moroccan White,TR,,
variety,Morvarid Abade Green,IR,,
variety,Morwad White,IN,,
variety,Mosaico Crema,IT,,
variety,Moschettato Gioia,IT,,
variety,Moskovsky,RU,,
variety,Moss Grey,EG,,
variety,Moundros,GR,,
variety,Mount Grey,TR,,
variety,Mount Rainier,BR,,
variety,Mountain Beige,IR,,
variety,Mountain Ice White,CN,,
variety,Mountain Water Beige,CN,,
variety,Mramorskoye,RU,,
variety,Mugla,TR,,
variety,Mugla Mystic White,TR,,
variety,Mugla Sugar,TR,,
variety,Mugla White Cloudy,TR,,
variety,Mugla White Golden,TR,,
variety,Mugla White Ibiza,TR,,
variety,Mugla White Isg,TR,,
variety,Muhur Red,AL,,
variety,Multicolor,IR,,
variety,Multicolored Gray Gems,CN,,
variety,Munyat,EG,,
variety,Mura Dark,BG,,
variety,Mura Light,BG,,
variety,Murgiano,IT,,
variety,Murseller Red,TR,,
variety,Murtal Grau Blau,AT,,
variety,Musang King,MY,,
variety,Muses Grey,GR,,
variety,Mustafa Kemal Pasa Grey,TR,,
variety,Myanmar Coffee,MM,,
variety,Myanmar Dark,MM,,
variety,Myanmar Jade,MM,,
variety,Mylonite,NO,,
variety,Mysia Beige,TR,,
variety,Mystic Brown,TR,,
variety,Mystic Gray,TR,,
variety,Mystic River,MM,,
variety,Mystique Brown,CN,,
variety,Nadi Black,IN,,
variety,Nadi Figure,IN,,
variety,Nadi Pigeon,IN,,
variety,Nadi White Lapato,IN,,
variety,Nadi White Lining,IN,,
variety,Nadi White Net Fish,IN,,
variety,Naguscel Grigio,IT,,
variety,Naka Beige,IR,,
variety,Nallihan White,TR,,
variety,Namaqua Grey,ZA,,
variety,Namaqua Yellow,ZA,,
variety,Namib Bianco,NA,,
variety,Namib Calacatta,BR,,
variety,Namib Crayon,BR,,
variety,Namib Dover,BR,,
variety,Namibian Honey,NA,,
variety,Napoleon,FR,,
variety,Napoleon Grand Melange,FR,,
variety,Narcisse,TR,,
variety,Narva,RU,,
variety,Nasta,SE,,
variety,Natalie,TR,,
variety,National Gray,CN,,
variety,National Ivory Cream,MX,,
variety,Navagio Blue,BR,,
variety,Naxos Creme,GR,,
variety,Naxos Grey,GR,,
variety,Nayputaung,MM,,
variety,Nayyo Beige,TR,,
variety,Negro Calatorao,ES,,
variety,Negro Caracol,CO,,
variety,Negro Intenso,ES,,
variety,Negro Persia,IR,,
variety,Negro Pinta,ES,,
variety,Nehodiv,CZ,,
variety,Nembro Giallo,IT,,
variety,Nemesis Beige,TR,,
variety,Neom White,TR,,
variety,Neoma Beige,TR,,
variety,Neptuno,MX,,
variety,Nerinea,ES,,
variety,Nero Bella,TR,,
variety,Nero Colonnata,IT,,
variety,Nero Colonnata Sky,IT,,
variety,Nero Di Ormea,IT,,
variety,Nero Exotico,IN,,
variety,Nero Italia,IT,,
variety,Nero Levanto,TR,,
variety,Nero Marquina,TR,,
variety,Nero Picasso,TR,,
variety,Nero Port Laurent,MA,,
variety,Nero Portoro Bianco,IT,,
variety,Nero Portoro Vena Fine,IT,,
variety,Nero Pulpis,ES,,
variety,Nero St Laurent,FR,,
variety,Nero Vecchio,CN,,
variety,Nessus,GR,,
variety,Nesto,CN,,
variety,Nestos,GR,,
variety,Nestos Beige,GR,,
variety,Nestos Grey A1,GR,,
variety,Nestos Pink,GR,,
variety,Nestos Riga Somon,GR,,
variety,Nestos Victoria White,GR,,
variety,Net Grey,TR,,
variety,Neu Sangan,IR,,
variety,Neverland Ranch Grey,CN,,
variety,Nevra Beige,TR,,
variety,Nevruz Grey,TR,,
variety,New Burdur Beige,TR,,
variety,New Butterfly Beige,TR,,
variety,New Carrara White,CN,,
variety,New Clouds Gray,CN,,
variety,New Cold Jade,CN,,
variety,New Cyprus Grey,TR,,
variety,New Demati,GR,,
variety,New Elegant Beige,TR,,
variety,New Emperador,CN,,
variety,New Italian Gray,TR,,
variety,New Latte,TR,,
variety,New Leopard Brown,TR,,
variety,New Marfil,IR,,
variety,New Moon Beige,TR,,
variety,New Olive Marin,TR,,
variety,New Oman Grey,CN,,
variety,New Perlato,EG,,
variety,New Selvia,EG,,
variety,New Shell,EG,,
variety,New Silver Light,GR,,
variety,New Silver River,TR,,
variety,New Spring,CN,,
variety,New Tundra Blue,TR,,
variety,Neyriz Spider,IR,,
variety,Niagara Black,VE,,
variety,Niederoeblarn Hellgrau,AT,,
variety,Niederoeblarn Roetlich,AT,,
variety,Night Lightnings,IR,,
variety,Nijrana Brown,IN,,
variety,Nilus,PT,,
variety,Nima Grey,TR,,
variety,Nimbus White,TR,,
variety,Nisa White,TR,,
variety,Nisio,GR,,
variety,Nizarana White,IN,,
variety,Nm Dark,IN,,
variety,Noble Beige,TR,,
variety,Noble Grey,FR,,
variety,Noir Alps,FR,,
variety,Noir Azilal,MA,,
variety,Noir Berbere,TN,,
variety,Noir Francaise,FR,,
variety,Noir Grand Antique,TR,,
variety,Noisette Fleury,IT,,
variety,Nonidas,NA,,
variety,Nordic Blu,TR,,
variety,Nordic Grey,TR,,
variety,North Light,CA,,
variety,Norway White,NO,,
variety,Norwegian Green,NO,,
variety,Norwegian Rose,NO,,
variety,Notre Dame,FR,,
variety,Nouvelle Grey,FR,,
variety,Nova Beige,PK,,
variety,Nova Silver,TR,,
variety,Novana Beige,TR,,
variety,Novi Pazar,RS,,
variety,Novita Beige,TR,,
variety,Novo Ruivina,PT,,
variety,Nuance,IT,,
variety,Nucleus,TR,,
variety,Nuovo Bello,CN,,
variety,Nurhak Beige,TR,,
variety,Nuvolato Classico,IT,,
variety,Nuvolato Gold,IT,,
variety,Nuvolato White,NA,,
variety,Nyks,TR,,
variety,O Red,IN,,
variety,Oasis Blue,TR,,
variety,Oasis Green,GR,,
variety,Occhialino,IT,,
variety,Ocean,TR,,
variety,Ocean Blue Grey,CN,,
variety,Ocean Cream,TR,,
variety,Ocean Eyes,TR,,
variety,Ocean Fossil,PK,,
variety,Ocean Galaxy,CN,,
variety,Ocean Gray,TR,,
variety,Ocean Pearl,IN,,
variety,Ocean Star,CN,,
variety,Ocean Twilight,IR,,
variety,Oceanus,GR,,
variety,Ocros Grey,TR,,
variety,Octavia Beige,TR,,
variety,Odessa Green,GR,,
variety,Ojo Gris,TR,,
variety,Ola Gris,TR,,
variety,Olive Ash,TR,,
variety,Olive Avantgarde,TR,,
variety,Olive Green,IN,,
variety,Olive Grey,TR,,
variety,Olive Marine,TR,,
variety,Olive Red,IT,,
variety,Olive Sunset,TR,,
variety,Olympia Red,GR,,
variety,Olympian White Danby,US,,
variety,Olympus Dark,BR,,
variety,Oman Beige Rose,OM,,
variety,Oman Dark Emperador,OM,,
variety,Oman Elegant Grey,OM,,
variety,Oman Gold,OM,,
variety,Oman Ivory Cream,OM,,
variety,Oman Opal Pink,OM,,
variety,Oman Perlatino,OM,,
variety,Omani,OM,,
variety,Omani Chocolate,OM,,
variety,Omani Mubrah,OM,,
variety,Omani Royal Cream,OM,,
variety,Omani White Pearl,OM,,
variety,Ombra Di Caravaggio,RS,,
variety,Omega Blue,TR,,
variety,Omman Beige,TR,,
variety,Onda Bianca,IT,,
variety,Ondagata Scuro,IT,,
variety,Onde Elegante,IT,,
variety,One White,CN,,
variety,Onix White,ES,,
variety,Only Beige,TR,,
variety,Onyeike,VN,,
variety,Opal Brown,OM,,
variety,Opal Cream,OM,,
variety,Opal Gray,TR,,
variety,Opal Pink,NO,,
variety,Opal Sand,CN,,
variety,Opalina,IT,,
variety,Opalite,TR,,
variety,Opera,TN,,
variety,Opera Green,IR,,
variety,Opera Grey,IR,,
variety,Opera White,IR,,
variety,Opulent Pure,VN,,
variety,Orange Beige,TR,,
variety,Orange River,CA,,
variety,Orazia Gold,AU,,
variety,Orazio White,IT,,
variety,Orbicular Black,AU,,
variety,Orca Black and White,BR,,
variety,Orcca,TR,,
variety,Ordu Beige,TR,,
variety,Orient Dream,TR,,
variety,Orient Flower,TR,,
variety,Orient Pink,TR,,
variety,Oriental,CN,,
variety,Oriental Amber,IN,,
variety,Oriental Cream,OM,,
variety,Oriental Grey,TR,,
variety,Oriental Rose,TR,,
variety,Orion Grey,TR,,
variety,Orkideh,IR,,
variety,Orkideh Fasa,IR,,
variety,Orkisan Rose,TR,,
variety,Oro Valverde,MA,,
variety,Oro Venato,TR,,
variety,Orobico Grigio Rosa,IT,,
variety,Orosei Perlato,IT,,
variety,Oroza,OM,,
variety,Orto Di Donna Venato,IT,,
variety,Orumiyeh,IR,,
variety,Oryx Beige,EG,,
variety,Oscar Beige,TR,,
variety,Oscar Flower,CN,,
variety,Oska Beige,TR,,
variety,Ostria,GR,,
variety,Ottimo Crema,TR,,
variety,Ottimo Latte,TR,,
variety,Ottoman Pearl,TR,,
variety,Ovulato,NA,,
variety,Ozbak,IR,,
variety,Ozzy Grey,TR,,
variety,P5,OM,,
variety,P6,OM,,
variety,Pacific Blue,PT,,
variety,Pacific Cream,IR,,
variety,Pacific Gold,CN,,
variety,Pacific Gray,IR,,
variety,Pacific Peach,CN,,
variety,Pado,TR,,
variety,Paeez,IR,,
variety,Paeez Zanganeh,IR,,
variety,Pajol,AO,,
variety,Pak Chong,TH,,
variety,Pakistan Chocolate,PK,,
variety,Pakistan Elegant Beige,PK,,
variety,Pakistan Fossil,PK,,
variety,Pakistan Olive Brown,PK,,
variety,Pakistan Sahara Beige,PK,,
variety,Pakistan Tiger Beige,PK,,
variety,Palisandro Blue,IT,,
variety,Palisandro Light,TR,,
variety,Palissandro Antique,VN,,
variety,Palissandro Blue Danube,IT,,
variety,Palissandro Blue Nuvolato,IT,,
variety,Palissandro Boheme,VN,,
variety,Palissandro Bronzo,IT,,
variety,Palissandro Classico,IT,,
variety,Palissandro Dromos,IT,,
variety,Palissandro Fiorito,IT,,
variety,Palissandro Greco,GR,,
variety,Palissandro Oniciato Chiaro,IT,,
variety,Palissandro Reale,IT,,
variety,Palissandro Tigrato,IT,,
variety,Palm Black,VN,,
variety,Palm Green,TR,,
variety,Palm Springs,CN,,
variety,Palmyra Creme,SY,,
variety,Paloda Brown,IN,,
variety,Paloda Pink,IN,,
variety,Paloda White,IN,,
variety,Palombino,IT,,
variety,Pamir Cloud,CN,,
variety,Pamir Snow,IT,,
variety,Panchon Grey,TH,,
variety,Panchon Red,TH,,
variety,Panda Grey,IN,,
variety,Panda Pink,CN,,
variety,Panda Wavy,IN,,
variety,Pandora Beige,HR,,
variety,Pandora White,CN,,
variety,Pandoros,TR,,
variety,Pannonia Terracotta,HU,,
variety,Pantheon,EG,,
variety,Panther Skin,VN,,
variety,Paonazetto Bianco,IT,,
variety,Paonazzeto,IT,,
variety,Paonazzo,IT,,
variety,Par Tavoosi Arsanjan,IR,,
variety,Par Tavoosi Ramshe,IR,,
variety,Par Tavoosi Yazd,IR,,
variety,Paradise Cream,IR,,
variety,Parana,BR,,
variety,Parapanda,ES,,
variety,Pardis,IR,,
variety,Parian,GR,,
variety,Paris Grey,TR,,
variety,Paris Rose,CN,,
variety,Parnonas White,GR,,
variety,Partavosi Meshki,IR,,
variety,Partavousi,IR,,
variety,Pasha,PK,,
variety,Pasha Beige,IR,,
variety,Pasha Cream,PK,,
variety,Pasha Gold,PK,,
variety,Pasha Gray,TR,,
variety,Pasha White,PK,,
variety,Passion Beige,TR,,
variety,Paston Grey,CN,,
variety,Patak,IR,,
variety,Patalvas,IN,,
variety,Patara Beige,TR,,
variety,Patara Light Emperador,TR,,
variety,Patch Work,TR,,
variety,Patek Phili,CN,,
variety,Patris,IR,,
variety,Paul Klee,BR,,
variety,Pavonazzetto,IT,,
variety,Peach Blossom,VN,,
variety,Peach Parfait,CN,,
variety,Peacock Green,CN,,
variety,Pearl,TR,,
variety,Pearl Of Kaptan,TR,,
variety,Pearly Beige,TR,,
variety,Pelagey Black Kuzbas,RU,,
variety,Pelagonia,MK,,
variety,Pena Dark Blue,IT,,
variety,Penaros,ES,,
variety,Pentelikon White,GR,,
variety,Perak White,MY,,
variety,Perfetto,TR,,
variety,Perla Bello,TR,,
variety,Perla Flower,GR,,
variety,Perla Marfil,TR,,
variety,Perla Nera,TR,,
variety,Perla Nouva,TR,,
variety,Perla Veins,GR,,
variety,Perla Venata,BR,,
variety,Perlantica,TN,,
variety,Perlatino Di Oriente,IT,,
variety,Perlatino Royal,IT,,
variety,Perlato,TR,,
variety,Perlato Cofano,IT,,
variety,Perlato Fiorito,IT,,
variety,Perlato Nocciolato,IT,,
variety,Perlato Nova,TR,,
variety,Perlato Queen,IN,,
variety,Perlato Sand,CN,,
variety,Perlato Svevo,IT,,
variety,Perlato Wave,TR,,
variety,Perlatto,TR,,
variety,Perlatto Europe,TR,,
variety,Perlatus,BR,,
variety,Perlington Beige,TR,,
variety,Persian Arabescato,IR,,
variety,Persian Asgard,IR,,
variety,Persian Emprador,IR,,
variety,Persian Golden Rose,IR,,
variety,Persian Golden Spider,IR,,
variety,Persian Perlatino,IR,,
variety,Persian Rosalia,IR,,
variety,Persian Silver Wave,IR,,
variety,Persian Spring,IR,,
variety,Pertek Beige,TR,,
variety,Peru Grey,PE,,
variety,Peru Salmon,PE,,
variety,Pesco White,IT,,
variety,Petra Brown Light,OM,,
variety,Petra Fossil,OM,,
variety,Petrus Grey,TR,,
variety,Pewter Rose,CN,,
variety,Pfunders,IT,,
variety,Phantom,CN,,
variety,Phantom Green,CN,,
variety,Phelps Grey,CN,,
variety,Philippines Perlato,PH,,
variety,Piadin Beige,TR,,
variety,Pianeta Blue,TR,,
variety,Piano Grey,CN,,
variety,Picasso Fantasy,CN,,
variety,Picasso Grey,TR,,
variety,Picasso White,CN,,
variety,Pico White,IN,,
variety,Piel Serpentina,ES,,
variety,Pieta Blu,TR,,
variety,Pieta Venatino,TR,,
variety,Pietra Cardosa,IT,,
variety,Pietra Viva,IT,,
variety,Pietralba,FR,,
variety,Piges Drama White,GR,,
variety,Piges Fiorito,GR,,
variety,Pigon White,GR,,
variety,Pilbara Cream,AU,,
variety,Pink Agf,PT,,
variety,Pink Angel,TR,,
variety,Pink Caribbean Marfil,DO,,
variety,Pink City,TR,,
variety,Pink Color Jade,CN,,
variety,Pink Dove,TR,,
variety,Pink Khor,IR,,
variety,Pink Prankatai,TH,,
variety,Pink Rhino,NA,,
variety,Pink Roses,CN,,
variety,Pinkish Grey,OM,,
variety,Pino Verde,IR,,
variety,Pinta Verde,BR,,
variety,Pirges Medium,GR,,
variety,Pirgon Alas,GR,,
variety,Pirgon Ebru Arabesque,GR,,
variety,Pirgon Mist,GR,,
variety,Pirgon Nivatus,GR,,
variety,Pirgos White,GR,,
variety,Pisa Grey,TR,,
variety,Plain Green,IN,,
variety,Plasnica,MK,,
variety,Platinum Cloud Wood,IT,,
variety,Platinum Sands,BR,,
variety,Plato Cream,TR,,
variety,Plavi Tok,RS,,
variety,Pocahodas,GR,,
variety,Pocahodas Cloudy,GR,,
variety,Pocahodas Dark,GR,,
variety,Poggiorsini Melange,IT,,
variety,Pohodilovskoe,RU,,
variety,Pokhodilova Grey,RU,,
variety,Polar Grey,TR,,
variety,Polar White,OM,,
variety,Polaris Gold,MK,,
variety,Polotsky,RU,,
variety,Polyetta Beige,TR,,
variety,Polyetta Rosalia,TR,,
variety,Polygram,IT,,
variety,Pomegranate Beige,IR,,
variety,Ponte Vecchio,IT,,
variety,Pool Jade,CN,,
variety,Porpishe,IR,,
variety,Port Black,CN,,
variety,Port Saint Laurent,MA,,
variety,Portasanta,IT,,
variety,Portinari,BR,,
variety,Porto Black,TR,,
variety,Porto Rosso,TR,,
variety,Portofino,CN,,
variety,Portorino,IT,,
variety,Portoro Antalya,TR,,
variety,Portoro Peru,PE,,
variety,Portoro Red,CN,,
variety,Potala Grey,TR,,
variety,Poymer Pink,TR,,
variety,Poymer Spotted,TR,,
variety,Poymer White,TR,,
variety,Prague Emperador,CN,,
variety,Prali Bardiglio,IT,,
variety,Prali Cipollino,IT,,
variety,Prali Statuario,IT,,
variety,Premium Gray,GR,,
variety,President,IR,,
variety,Prestige Brown,TR,,
variety,Prestige Noir,MA,,
variety,Pretty Pink,CN,,
variety,Prilep White,GR,,
variety,Princess Brown,IR,,
variety,Princess Gold,EG,,
variety,Princeton,TR,,
variety,Prinos,GR,,
variety,Provence Grey,CN,,
variety,Pudaung Badu,MM,,
variety,Purple Ash,CN,,
variety,Purple Beige,TR,,
variety,Purple Breeze,TR,,
variety,Purple Cream,CN,,
variety,Purple Desert,TR,,
variety,Purple Sea,TR,,
variety,Purple Wave,IR,,
variety,Purple Wooden,CN,,
variety,Purplish White,MY,,
variety,Pushtulimsky,RU,,
variety,Putin Wood,IT,,
variety,Pyramid Beige,EG,,
variety,Pyramids,EG,,
variety,Python Grey,BR,,
variety,Pythoon White,BR,,
variety,Qalamkar,AF,,
variety,Qalatak,AF,,
variety,Qamar Pearl,MY,,
variety,Qinling Gold,CN,,
variety,Qom White,IR,,
variety,Qorveh,IR,,
variety,Queen White,VN,,
variety,Queensland Fire,AU,,
variety,Quercum Red Beige,TR,,
variety,Queretaro,MX,,
variety,Qussair,EG,,
variety,Raddix,GR,,
variety,Radiant Black,CN,,
variety,Raffaello,BR,,
variety,Raggio Di Luna,IT,,
variety,Ragno Rosa,TR,,
variety,Rain Clouds,CN,,
variety,Rainbow Red,CN,,
variety,Rainbow White,CN,,
variety,Rajado,BR,,
variety,Rajlaxmi,IN,,
variety,Rajnagar White,IN,,
variety,Ram Gray,TR,,
variety,Ramshe Tosi Salsali,IR,,
variety,Randy Silver Line,MY,,
variety,Rankin Grey,CN,,
variety,Rauchkristall,AT,,
variety,Rauris Blau,AT,,
variety,Rauris Dunkel,AT,,
variety,Rauris Hell,AT,,
variety,Raymond Silver,IN,,
variety,Rayna Rosa,MY,,
variety,Real Silver,TR,,
variety,Red Bavanat,IR,,
variety,Red Canyon,GR,,
variety,Red Cherry,TR,,
variety,Red Cream,CN,,
variety,Red Dragon Blue,CN,,
variety,Red Dreams,TR,,
variety,Red Elekanta,IN,,
variety,Red Flamingo Purple,IN,,
variety,Red Fossil,IR,,
variety,Red Grey,TR,,
variety,Red Ice,MA,,
variety,Red Impala,ID,,
variety,Red Jade,CN,,
variety,Red Kuzbas,RU,,
variety,Red Line Santa Ana,IR,,
variety,Red Line Shanna,IR,,
variety,Red Louis,CN,,
variety,Red Moon,IT,,
variety,Red Passion,IN,,
variety,Red Phoenix,LB,,
variety,Red Rocks,GR,,
variety,Red Root Vein,IR,,
variety,Red Sangestan,IR,,
variety,Red Shiraz,IR,,
variety,Red Sirogojno,RS,,
variety,Red Sunset,CN,,
variety,Red Vein Beige,CN,,
variety,Red Wood Grain,CN,,
variety,Red Zebra,PK,,
variety,Regal,TR,,
variety,Regal Fishskin Beige,TR,,
variety,Regal Sapphire,TR,,
variety,Regal Spotty Beige,TR,,
variety,Regent Multi Gray,VN,,
variety,Regina Beige,TR,,
variety,Regolit Beige,TR,,
variety,Reina Beige,TR,,
variety,Renoir,BR,,
variety,Rentina Green,GR,,
variety,Renur,UY,,
variety,Restonica Vert,FR,,
variety,Retro Beige,TR,,
variety,Retro Breccia,TR,,
variety,Revolution,BR,,
variety,Rhine White,CN,,
variety,Rich Beige,TR,,
variety,Rigato,TR,,
variety,Rimini Grey,TR,,
variety,Rios Beige,CN,,
variety,Rising Star,TR,,
variety,Ritsona Evia,GR,,
variety,Ritsona Gold,GR,,
variety,Ritz Gray,TR,,
variety,River Grey,TR,,
variety,River Wave,IN,,
variety,Roaming Brown,CN,,
variety,Rocky Beige,IR,,
variety,Rods Brown,LB,,
variety,Roi Soleil,FR,,
variety,Rojo Antalya,TR,,
variety,Rojo Caravaca,ES,,
variety,Rojo Cebuano,PH,,
variety,Rojo Coral,CN,,
variety,Rojo Coralo,ES,,
variety,Rojo Marroqui,UY,,
variety,Rojo Peach,MX,,
variety,Roland Gray,IR,,
variety,Rolex Grey,TR,,
variety,Roma Blue,IN,,
variety,Roma Grey,IT,,
variety,Roman Beige,TR,,
variety,Roman Impression,CN,,
variety,Roman White,IN,,
variety,Romantic Grey,CN,,
variety,Romblon,PH,,
variety,Rosa Anark,IR,,
variety,Rosa Aphrodite,TR,,
variety,Rosa Aridol,UY,,
variety,Rosa Atlantide,PT,,
variety,Rosa Aurora Claro,PT,,
variety,Rosa Baccarat,MK,,
variety,Rosa Bahia,BR,,
variety,Rosa Bella,IR,,
variety,Rosa Bello,IT,,
variety,Rosa Candoglia,IT,,
variety,Rosa Corallo,IT,,
variety,Rosa Cordoba,AR,,
variety,Rosa Cruise,TR,,
variety,Rosa Damascus,IT,,
variety,Rosa Del Garda,IT,,
variety,Rosa Do Norte,BR,,
variety,Rosa El Rei,PT,,
variety,Rosa Fantastic,TR,,
variety,Rosa Imperiale,IT,,
variety,Rosa Mavrovo,MK,,
variety,Rosa Mirage,TR,,
variety,Rosa Monica,NA,,
variety,Rosa Pardais,PT,,
variety,Rosa Patara,TR,,
variety,Rosa Peralba,IT,,
variety,Rosa Perlino,IT,,
variety,Rosa Pistalo,IR,,
variety,Rosa Reale,DO,,
variety,Rosa Sabrina,IR,,
variety,Rosa San Marcos,PT,,
variety,Rosa Sicilia,IT,,
variety,Rosa Silver,TR,,
variety,Rosa Tea,CN,,
variety,Rosa Tongho,CN,,
variety,Rosa Valencia,ES,,
variety,Rosa West,ZM,,
variety,Rosalia Light,TR,,
variety,Rosalia Red,TR,,
variety,Rosalin Pink,TR,,
variety,Rosalina Dark,OM,,
variety,Rosaline,TR,,
variety,Rosato Beige,TR,,
variety,Rose Beige Rosalia,TR,,
variety,Rose Crema Shaiana,CN,,
variety,Rose De Brignoles,FR,,
variety,Rose Garden,IR,,
variety,Rose Ice Jade,CN,,
variety,Rose Mahallat,IR,,
variety,Rose Onterial Beige,TR,,
variety,Rose Pearl,OM,,
variety,Rose Persia,IR,,
variety,Rose Rainbow,CN,,
variety,Rose Rainbow Blue,CN,,
variety,Rose Sidi Bouzid,TN,,
variety,Rosetta Vena,EG,,
variety,Rossa Pianificato,CN,,
variety,Rossa Regina,ID,,
variety,Rosso Alba,LB,,
variety,Rosso Albania,AL,,
variety,Rosso Antico,IT,,
variety,Rosso Antigua,IR,,
variety,Rosso Asiago,IT,,
variety,Rosso Atlantide Fatima,PT,,
variety,Rosso Bello,TR,,
variety,Rosso Bizantina,GR,,
variety,Rosso Bona,IR,,
variety,Rosso Breccia,IT,,
variety,Rosso Cait,XK,,
variety,Rosso Cardinale,IT,,
variety,Rosso Damasco,IT,,
variety,Rosso Daniel,ES,,
variety,Rosso Di Trento,IT,,
variety,Rosso Francia,FR,,
variety,Rosso Ginari,AL,,
variety,Rosso Golzar,IR,,
variety,Rosso Inferno,IT,,
variety,Rosso Iris Macedonia,GR,,
variety,Rosso Karpato,UA,,
variety,Rosso Khust,UA,,
variety,Rosso Laguna,TR,,
variety,Rosso Luana,IT,,
variety,Rosso Magnaboschi,IT,,
variety,Rosso Mahan,IR,,
variety,Rosso Pallido,CN,,
variety,Rosso Rupas,IR,,
variety,Rosso Sahara,MA,,
variety,Rosso Tem,TR,,
variety,Rosso Venato,TR,,
variety,Rosso Venezia,AU,,
variety,Rouge Antique Scuro,FR,,
variety,Rouge Belge,BE,,
variety,Rouge Chemtou,TN,,
variety,Rouge De Vitrolles,FR,,
variety,Rouge Des Pyrenees,FR,,
variety,Rouge Du Roi,FR,,
variety,Rouge Du Sud,TN,,
variety,Rouge Griotte Belge,FR,,
variety,Rouge Incarnat,FR,,
variety,Rouge Rue,FR,,
variety,Rowland Beige,CN,,
variety,Royal Amber Gold,EG,,
variety,Royal Beige,TR,,
variety,Royal Black,TR,,
variety,Royal Black Wooden,IN,,
variety,Royal Boutique,ID,,
variety,Royal Brown,TR,,
variety,Royal Cream,TR,,
variety,Royal Danby,US,,
variety,Royal Eccellenza,TR,,
variety,Royal Jasper,CN,,
variety,Royal Oyster,NA,,
variety,Royal Quinlan,CN,,
variety,Royal Red,CN,,
variety,Royal Sky,SA,,
variety,Royal Vein Black,MA,,
variety,Rozaline,TR,,
variety,Rozalit,HR,,
variety,Rozanka,PL,,
variety,Ruby Beige,TR,,
variety,Ruivina,IR,,
variety,Ruivina Antique,PT,,
variety,Ruivina Arabescato,PT,,
variety,Ruivina Da Fonte,PT,,
variety,Ruivina Spider Black,PT,,
variety,Ruivina Storm,PT,,
variety,Rujan,BA,,
variety,Ruschita,RO,,
variety,Ruschita Creme Rosa,RO,,
variety,Ruschita Roz,RO,,
variety,Ruschita White,RO,,
variety,Russian White,RU,,
variety,Saalburger Altrot,DE,,
variety,Sabian Black,ET,,
variety,Sabz,IR,,
variety,Sabz Sartipy,IR,,
variety,Saco Gray,IR,,
variety,Sadakhlo,GE,,
variety,Sadora Grey,TR,,
variety,Safran White,TR,,
variety,Sagalassos Cream,TR,,
variety,Sago,ID,,
variety,Sagyin White,MM,,
variety,Sahara,EG,,
variety,Sahara Blanc,TR,,
variety,Sahara Dust,EG,,
variety,Sahara Noir,TN,,
variety,Sahara Waves,SY,,
variety,Sahra,TR,,
variety,Saijo Green,CN,,
variety,Saint Anne,BE,,
variety,Saint Anne Des Pyrenees,FR,,
variety,Saint Anne Francais,FR,,
variety,Saint Florian,IT,,
variety,Saint Laurent Grey,TR,,
variety,Saint Paul Red,CN,,
variety,Saint Pelagia,KH,,
variety,Saka Beige,TR,,
variety,Salalah Rose,OM,,
variety,Salamis Red,GR,,
variety,Salang,AF,,
variety,Salieti,GE,,
variety,Salmone Bahia,BR,,
variety,Salmone Beige,TR,,
variety,Salome Aphrodite,GR,,
variety,Salome Brown,TR,,
variety,Salome Grey,TR,,
variety,Salome Kozani,GR,,
variety,Salsali Royal Beige,IR,,
variety,Salvadori,TR,,
variety,Sama,EG,,
variety,Samaha Light,EG,,
variety,Samangan Brown,AF,,
variety,Samara Beige,TR,,
variety,Samina Beige,IR,,
variety,Sammakka White,ET,,
variety,Samri Golden Beige,TR,,
variety,San Luis,MX,,
variety,San Martin,UY,,
variety,San Moritz,BR,,
variety,San Simone,BR,,
variety,Sanandaj,IR,,
variety,Sanata Paris,TR,,
variety,Sanberun Beige,TR,,
variety,Sand Dune Beige,CN,,
variety,Sand Wave Beige,CN,,
variety,Sandian Beige,TR,,
variety,Sandra,NO,,
variety,Sandy Blue,IT,,
variety,Sandy Royal,TR,,
variety,Sania Grey,IR,,
variety,Santa Ana Black,PE,,
variety,Santa Clara,ES,,
variety,Santa Clara Cream,TR,,
variety,Santa Elena,GR,,
variety,Santa Marina,GR,,
variety,Santa Royal,TR,,
variety,Santo Tomas,MX,,
variety,Santorini White,GR,,
variety,Sao Cristovao,BR,,
variety,Sapanca Green,TR,,
variety,Sapphire Green,IN,,
variety,Sapphirus Dark,TR,,
variety,Sapphirus Light,TR,,
variety,Sara Cream,TR,,
variety,Saraburi White Grey,TH,,
variety,Saraburi White Pink,TH,,
variety,Saranda,AL,,
variety,Sardis Dolomiti,TR,,
variety,Saricakaya Beige,TR,,
variety,Sarika Beige,TR,,
variety,Sarila,CN,,
variety,Sarrancolin Ilhet,FR,,
variety,Sarrancolin Versailles,FR,,
variety,Sarsi,MY,,
variety,Sasso Rosso,IT,,
variety,Satin Extra Beige,TR,,
variety,Saura Brown,TR,,
variety,Savana Grey,TR,,
variety,Savana Pearl,TR,,
variety,Sayanski,RU,,
variety,Sayansky Pink,RU,,
variety,Scandalous,BR,,
variety,Schlossberg Kristall,AT,,
variety,Scorpio,IN,,
variety,Scorpion Brown,IN,,
variety,Scottish Gray,TR,,
variety,Screw Cream,CN,,
variety,Sea Bell,TR,,
variety,Sea Grey,TR,,
variety,Sea Pearl Violet,IN,,
variety,Sea Reef,CN,,
variety,Sea Star,US,,
variety,Sea Wave,TR,,
variety,Sea Wave Grey,CN,,
variety,Seacoast Grey,CN,,
variety,Seashell,CN,,
variety,Seattle Beige,TR,,
variety,Seattle Gold,CN,,
variety,Seattle Gray,CN,,
variety,Seawater Green,CN,,
variety,Sebastian Beige,TR,,
variety,Sebastian Grey,TR,,
variety,Seben Emperador,TR,,
variety,Sedef White,TR,,
variety,Sefid Sahara,IR,,
variety,Seiqali Gandomak,IR,,
variety,Selas,GR,,
variety,Selen Beige,TR,,
variety,Selim,TR,,
variety,Semirom,IR,,
variety,Semirom Kochaki,IR,,
variety,Sequoia Brown,BR,,
variety,Sequoia Grey,BR,,
variety,Sera Brown,TR,,
variety,Serpagenty,EG,,
variety,Serpeggiante Apricena,IT,,
variety,Serpeggiante Chiaro,IT,,
variety,Serpeggiante Classico Trani,IT,,
variety,Serpentino Verde Vittoria,IT,,
variety,Sesame Black,CN,,
variety,Sesame Light Beige,TR,,
variety,Sesame White,CN,,
variety,Seychelles,SC,,
variety,Shaanxi Rosa Salmon,CN,,
variety,Shaanxi White,CN,,
variety,Shadow Grey,TR,,
variety,Shadow Storm,IT,,
variety,Shadow White,BR,,
variety,Shahyadi,IR,,
variety,Shaliz Cream,IR,,
variety,Shampoo Beige,ID,,
variety,Shandian Beige,TR,,
variety,Shandien Beige,TR,,
variety,Shangrila White,CN,,
variety,Shanna,IR,,
variety,Shanxi Green,CN,,
variety,Shaoyang Black,CN,,
variety,Shayan,IR,,
variety,Sheida Cream,IR,,
variety,Shell White,SY,,
variety,Sheraton Beige,IR,,
variety,Shilin Beige,CN,,
variety,Shimian Green,CN,,
variety,Shining Balls,CN,,
variety,Shining Cloud,TR,,
variety,Shining Pearl,TR,,
variety,Shirley Beige,ES,,
variety,Siatel,IR,,
variety,Siberian Beige,CN,,
variety,Sichuan Beige,CN,,
variety,Sichuan Black,CN,,
variety,Sicilia Perlatino,IT,,
variety,Sicilia White,CN,,
variety,Sicily Breccia,IT,,
variety,Sicily Grey,IT,,
variety,Sidi Kacem,MA,,
variety,Siena Gold Classico,IT,,
variety,Siena Grigio,IT,,
variety,Sienna Brown,PK,,
variety,Sierra Madre,PH,,
variety,Sierra Pearl,MY,,
variety,Sihamoni Ruby,MM,,
variety,Silence Grey,TR,,
variety,Silicka Brezova,SK,,
variety,Silifke Beige,TR,,
variety,Silk Bayat,IR,,
variety,Silk Beige,IR,,
variety,Silk Dehbid,IR,,
variety,Silk Espiner,IR,,
variety,Silk Hashemi,IR,,
variety,Silk Jadid,IR,,
variety,Silk Road,CN,,
variety,Silk Yellow,VN,,
variety,Silkway Beige,TR,,
variety,Silkway Intense Fossil,TR,,
variety,Silky Wood,TR,,
variety,Sillion,TR,,
variety,Silver,TR,,
variety,Silver Azul,BR,,
variety,Silver Belinda,TR,,
variety,Silver Bottocino,TR,,
variety,Silver Carrara,IT,,
variety,Silver Cast,TR,,
variety,Silver Dark,OM,,
variety,Silver Diana,TR,,
variety,Silver Dusk,TR,,
variety,Silver Fantasy,TR,,
variety,Silver Gray Dragon,CN,,
variety,Silver Grey a,TR,,
variety,Silver Ice,TR,,
variety,Silver Karaman,TR,,
variety,Silver Lake,PL,,
variety,Silver Light,OM,,
variety,Silver Marmara,TR,,
variety,Silver Mist,IR,,
variety,Silver Moon,IT,,
variety,Silver Olympus,BR,,
variety,Silver Pearl Grey,CN,,
variety,Silver Platinum,TR,,
variety,Silver Spider,TR,,
variety,Silver Stream,IR,,
variety,Silver Wave Brown,CN,,
variety,Silver Waves,TR,,
variety,Silver West,ZM,,
variety,Silver Wood,IT,,
variety,Silverow,CN,,
variety,Silvia,EG,,
variety,Simakan Brown,IR,,
variety,Simakan Shandy Beige,IR,,
variety,Simi,TR,,
variety,Simon,IR,,
variety,Simone,FR,,
variety,Sina Beige,TR,,
variety,Sinai Dark Grey,EG,,
variety,Sinai Pearl,EG,,
variety,Sinijana,TR,,
variety,Sirdjan Chini,IR,,
variety,Sirjan,IR,,
variety,Sitovo Pink,BG,,
variety,Sivas Cherry,TR,,
variety,Sivas White,TR,,
variety,Sivec Classico,GR,,
variety,Sivrihisar,TR,,
variety,Sivrihisar Beige,TR,,
variety,Sivrihisar Crema Beige,TR,,
variety,Sivrihisar Rosalia,TR,,
variety,Skiathos,GR,,
variety,Skiros,GR,,
variety,Skiros Antico,GR,,
variety,Skrzuti,RS,,
variety,Sky Blue White,CN,,
variety,Sky Bolkhari,IR,,
variety,Sky Light Gray,TR,,
variety,Sky Line,TR,,
variety,Sky Moire,CN,,
variety,Skyros Aegean Blue,GR,,
variety,Skyros Clouds,GR,,
variety,Skyros Flower,GR,,
variety,Skyros Sea Shells,GR,,
variety,Skyros Silver,GR,,
variety,Skyros Silver Light,GR,,
variety,Skyros Yellow Whitish,GR,,
variety,Slivenec,CZ,,
variety,Smoke Dark,AT,,
variety,Smoke Vein,VN,,
variety,Smoke White,AT,,
variety,Smoked,BR,,
variety,Smokey,TR,,
variety,Smoky Black,IN,,
variety,Sneznikov,CZ,,
variety,Snowflake Black,CN,,
variety,Snowflake Gray,CN,,
variety,Snowflake White,TR,,
variety,Snowy Mountain,CN,,
variety,Sodalite,IR,,
variety,Soelker Gruen,AT,,
variety,Sofia Beige,TR,,
variety,Sofitel Gold,TR,,
variety,Sogut Gold,TR,,
variety,Sohar,OM,,
variety,Soho Grey,CN,,
variety,Solamoon,IR,,
variety,Solana,CN,,
variety,Solar Grey,TR,,
variety,Solo Grey,IR,,
variety,Solto White,TR,,
variety,Sona Beige,PK,,
variety,Sonal White,IN,,
variety,Sorati,IR,,
variety,Sorati Abade,IR,,
variety,Soren Black,IR,,
variety,Soul Beige,TR,,
variety,Soul Grey,TR,,
variety,Space Grey,TR,,
variety,Spanish Gold,ES,,
variety,Sparkling Calacatta,VN,,
variety,Sparkling Carrara,VN,,
variety,Sparkling Galaxy,VN,,
variety,Spartan Beige,TR,,
variety,Spica,TR,,
variety,Spider Golden,GR,,
variety,Spider Green,IN,,
variety,Spider Light,TR,,
variety,Spider Red,CN,,
variety,Spinas,IR,,
variety,Spirolina Rose,IR,,
variety,Spitz Gruen,AT,,
variety,Spring Wave,CN,,
variety,Spring Yellow,IR,,
variety,Spyder,PT,,
variety,St Andrews,PT,,
variety,St Annne Arudy,FR,,
variety,St. Benedikt,TZ,,
variety,St. Croix Brown,IT,,
variety,St. Julian,PT,,
variety,Star Beige,TR,,
variety,Star Bucks,ID,,
variety,Star Gold,IN,,
variety,Star Grey,TR,,
variety,Starline,TR,,
variety,Staroladozhsky,RU,,
variety,Statuarietto,IT,,
variety,Statuario Ango,GR,,
variety,Statuario Belgia,IT,,
variety,Statuario Cervaiole,IT,,
variety,Statuario Michelangelo,IT,,
variety,Statuario Mina Reale,MX,,
variety,Statuary,IT,,
variety,Stella Alpina,IT,,
variety,Stellar Wave,GR,,
variety,Stellar White,CN,,
variety,Stenopos,GR,,
variety,Steppe Grey,TR,,
variety,Sterling Grey,IR,,
variety,Stilvon Black Gold,GR,,
variety,Stilvon Black White,GR,,
variety,Stin Gray,TR,,
variety,Stinger Grey,TR,,
variety,Storm Gray,TR,,
variety,Stratus,OM,,
variety,Stratus Danby,US,,
variety,Striato Ducale,IT,,
variety,Striato Grigio,TR,,
variety,Striato Olimpico,TR,,
variety,Striatto,PT,,
variety,Striped White,CN,,
variety,Strissiato,GR,,
variety,Styra Green,GR,,
variety,Suchomasty,CZ,,
variety,Sugar Cream,TR,,
variety,Sugar Pink,TR,,
variety,Suhogerll,XK,,
variety,Suli Blue,NA,,
variety,Sultan Gold,TR,,
variety,Summer Brown,IT,,
variety,Sun White,CN,,
variety,Sunk Pinolith,AT,,
variety,Sunny Dark,EG,,
variety,Sunny Grey,CN,,
variety,Sunny Rose,EG,,
variety,Sunset,TR,,
variety,Sunset Grey,BA,,
variety,Sunset Wood,CN,,
variety,Sunshine,TR,,
variety,Super Lilac,TR,,
variety,Superior,GR,,
variety,Superior Altius,GR,,
variety,Superior Dove,GR,,
variety,Superlative,BR,,
variety,Supikovice,CZ,,
variety,Supren Bordo Yellow,TR,,
variety,Sutluce Beige,TR,,
variety,Swiss White,IN,,
variety,Syan Red Cream,CN,,
variety,Sykis,GR,,
variety,Sylvester Beige,TR,,
variety,Sylvia Pearl,MY,,
variety,Sylvia Yellow,EG,,
variety,Symon,IR,,
variety,Symphony Cream,ZM,,
variety,Symphony Sands,CN,,
variety,Symphony White,CN,,
variety,Synada Antique,TR,,
variety,Synnada Brown,TR,,
variety,Syria Spider Beige,SY,,
variety,Syrian Emperador,SY,,
variety,Syrian Ruby,SY,,
variety,Tacoma Grey,TR,,
variety,Tahiti Blue,BR,,
variety,Tahiti Pearl,BR,,
variety,Tahiti White,CN,,
variety,Ajmer White,IN,,
variety,Takhtak,IR,,
variety,Takun Pink,TH,,
variety,Tala Barone,EG,,
variety,Talathello Dimaond,TR,,
variety,Talli Blue,CA,,
variety,Talli Green,CA,,
variety,Tally Green,CA,,
variety,Tamara Grey,TR,,
variety,Tanley Beige,CN,,
variety,Tanzania Sparkling White,TZ,,
variety,Tapisa,TR,,
variety,Tarahumara,MX,,
variety,Tardos,HU,,
variety,Tarn,MA,,
variety,Tarnov,BG,,
variety,Tarsus Beige,TR,,
variety,Tarsus Brown,TR,,
variety,Tauergruen Serpentinit,AT,,
variety,Taurus Brown,TR,,
variety,Taurus Rose,TR,,
variety,Tavira Amarelo,PT,,
variety,Tawny Beige,TR,,
variety,Teak Wood,PK,,
variety,Teflon Grey,CN,,
variety,Temagami Pink,CA,,
variety,Temiros,TR,,
variety,Temmer Golden Brown,TR,,
variety,Tempisque Marfil,CR,,
variety,Temple Pink,CN,,
variety,Tenesei,GR,,
variety,Tennessee Pink,US,,
variety,Teos Fire,TR,,
variety,Teos Green,TR,,
variety,Tepeaca Rose,MX,,
variety,Termeh,IR,,
variety,Terra Di Minorca,IT,,
variety,Terra Di Siena,PE,,
variety,Terra Green,TR,,
variety,Terra Marine,TR,,
variety,Terra Mater,TR,,
variety,Terrasanta,LB,,
variety,Tersis,IR,,
variety,Tesla Brown,CN,,
variety,Tesla Grey,TR,,
variety,Tesoro Bianco,BR,,
variety,Tesoro Blue,BR,,
variety,Tesoro Grigio,TR,,
variety,Tesoro Scandalus,BR,,
variety,Tetra Beige Dark,TR,,
variety,Texas Grey,TR,,
variety,Tg Gray,ID,,
variety,Thala Beige,TN,,
variety,Thassos,GR,,
variety,Thassos Crystallina,GR,,
variety,Thassos Fiorito,GR,,
variety,Thassos Imperial,GR,,
variety,Thassos Spider,GR,,
variety,Thassos Vein,GR,,
variety,Thives Red,GR,,
variety,Thomas Grey,MX,,
variety,Thora Beige,ID,,
variety,Three Gorges Rose Red,CN,,
variety,Thunder,IR,,
variety,Thunder Cloud,BR,,
variety,Thunder Grey,TR,,
variety,Tiana,IR,,
variety,Tianshan Jade,CN,,
variety,Tianyun Beige,TR,,
variety,Tiffany,BR,,
variety,Tiger Emperador,TR,,
variety,Tiger Orchid,TR,,
variety,Tiger Parvin,IR,,
variety,Tigris,TR,,
variety,Tilos,BG,,
variety,Tinara,TR,,
variety,Tino Gray,TR,,
variety,Tinos Green,GR,,
variety,Tira,IR,,
variety,Tiramisu,ID,,
variety,Titan Black,TR,,
variety,Titan Imperial,IR,,
variety,Titanic Storm,CN,,
variety,Titanium Grey,TR,,
variety,Titanium Silver,TR,,
variety,Tivona Rosa,MY,,
variety,Tizne,TN,,
variety,Tlupana Blue Grey,CA,,
variety,Toffee Brown,BR,,
variety,Toji,IR,,
variety,Tomorri White Pearl,AL,,
variety,Tongshan Cream Beige,CN,,
variety,Tongshan Red,CN,,
variety,Tonny Black,CN,,
variety,Topaz White,TR,,
variety,Topkara Silver,TR,,
variety,Topolov,BG,,
variety,Toprak Cornato,TR,,
variety,Torkie,IR,,
variety,Toronto Gold,IN,,
variety,Toros Black,TR,,
variety,Toros Gold,TR,,
variety,Toros Rose,TR,,
variety,Tortoise Shell,US,,
variety,Tosi Dolfini Ramshe,IR,,
variety,Trakya Kumulus,TR,,
variety,Trani Apricena,IT,,
variety,Trani Bianco H,IT,,
variety,Trani Biancone,IT,,
variety,Trani Broccato,IT,,
variety,Trani Commerciale,IT,,
variety,Trani Fiorito,IT,,
variety,Trani Nuvolato,IT,,
variety,Trani Perlatino,IT,,
variety,Trani Rosato,IT,,
variety,Travera,PK,,
variety,Travin,EG,,
variety,Trigaxes Escuro,PT,,
variety,Troizina Red,GR,,
variety,Tropical Blue Sky,BR,,
variety,Tropical Blue Star,BR,,
variety,Trotol,ID,,
variety,Troya,TR,,
variety,Troya Beige,TR,,
variety,Troya Cream,TR,,
variety,Trump Beige,TR,,
variety,Truva White,TR,,
variety,Tucson White,BR,,
variety,Tuhar Mramor,SK,,
variety,Tuhar Rosa,SK,,
variety,Tulip,IR,,
variety,Tulip Brown,CN,,
variety,Tumer Beige,TR,,
variety,Tundra,NO,,
variety,Tundra Blue Medium,TR,,
variety,Tundra Forest,TR,,
variety,Tundra Grey 3d,TR,,
variety,Tundra Light,TR,,
variety,Tundra Oceans,TR,,
variety,Turdra Grey,CN,,
variety,Turkey Beige,TR,,
variety,Turkey Breccia Aurora,TR,,
variety,Turkey Calacatta Cielo,TR,,
variety,Turkey Desert Cream,TR,,
variety,Turkey Glacier White,TR,,
variety,Turkey Golden Spider,TR,,
variety,Turkey Gray,TR,,
variety,Turkey Red Spider,TR,,
variety,Turkish Calacatta Gold,TR,,
variety,Turkish Daino Reale,TR,,
variety,Turkish Palissandro,TR,,
variety,Turquesa,CO,,
variety,Turquoise Mg,IR,,
variety,Turtle Venato,CN,,
variety,Tuscan Super White,IT,,
variety,Twilight Pink,TR,,
variety,Tyana,TR,,
variety,Tynada Galaxy,TR,,
variety,Tyrani Grey,MX,,
variety,Udaipur Pink,IN,,
variety,Ufaleyskaya,RU,,
variety,Uige Grey,AO,,
variety,Ultimate Grey,TR,,
variety,Ultraman Beige,TR,,
variety,Uludag White,TR,,
variety,Umo Beige,TR,,
variety,Umraya White,IN,,
variety,Una Crven,BA,,
variety,Urania Surf,GR,,
variety,Usak Grey,TR,,
variety,Usak Pink,TR,,
variety,Usak White Pearl,TR,,
variety,Utopia,GR,,
variety,Uygar Cream Beige,TR,,
variety,Uzunov,MK,,
variety,Val Venosta,IT,,
variety,Valencia Yellow,ES,,
variety,Valensa Gray,TR,,
variety,Vallestrona,IT,,
variety,Valley Gray,TR,,
variety,Valued Cream,GR,,
variety,Van Gogh Grey,CN,,
variety,Van Gogh White,CN,,
variety,Vanilla Cream,TR,,
variety,Vanilla Ice,TR,,
variety,Vanilla Marfil,IR,,
variety,Vanilla Silver,TR,,
variety,Vanilla Whitish,GR,,
variety,Vanmer Brown,TR,,
variety,Vanta Black,BR,,
variety,Variation Rv,ID,,
variety,Vegas Gold,TR,,
variety,Velingrad,BG,,
variety,Vella,BG,,
variety,Velvet Cream,BR,,
variety,Velvet Red,IR,,
variety,Velvet Taupe,IT,,
variety,Venatino,IT,,
variety,Venatino C,IT,,
variety,Venato Fantastico,IT,,
variety,Vencac Beli,RS,,
variety,Vencac Plavi,RS,,
variety,Venetian Beige,TR,,
variety,Veneto White,IT,,
variety,Veneza,BR,,
variety,Venice Brown,IT,,
variety,Venus Black,TR,,
variety,Venus Vox,GR,,
variety,Vera Silk,OM,,
variety,Verde Acceglio,IT,,
variety,Verde Acqua,TR,,
variety,Verde Alpi,IT,,
variety,Verde Antico,GR,,
variety,Verde Arabescato,TR,,
variety,Verde Aver,IT,,
variety,Verde Barricato,IT,,
variety,Verde Borgogna,IR,,
variety,Verde Candia,GR,,
variety,Verde Cavendish,US,,
variety,Verde Cesana,IT,,
variety,Verde Chaine,MA,,
variety,Verde Chassagne,FR,,
variety,Verde Chatillon,IT,,
variety,Verde Devi,ID,,
variety,Verde Donai,PT,,
variety,Verde Elazig,TR,,
variety,Verde Fontainemore,IT,,
variety,Verde Gloria,GR,,
variety,Verde Gressoney,IT,,
variety,Verde Guatemala,IN,,
variety,Verde Jaspe,BR,,
variety,Verde Laguna,TR,,
variety,Verde Lemon,AR,,
variety,Verde Levanto,TR,,
variety,Verde Luchensa,IT,,
variety,Verde Malenco,IT,,
variety,Verde Marine,IN,,
variety,Verde Orezza,FR,,
variety,Verde Oriente,RO,,
variety,Verde Panama,BR,,
variety,Verde Polcevere,IT,,
variety,Verde Prali,IT,,
variety,Verde Rossa,CN,,
variety,Verde Saint Denis,IT,,
variety,Verde Serpentino,IT,,
variety,Verde Serrano,CU,,
variety,Verde Smeralda,IR,,
variety,Verde Speranza,ZA,,
variety,Verde Vecchia,IT,,
variety,Verde Viana,PT,,
variety,Verde Virginia,IT,,
variety,Verdello Di Trento,IT,,
variety,Vergina Red,GR,,
variety,Veria White,GR,,
variety,Vermion Beige,GR,,
variety,Vermion Green,GR,,
variety,Vermont Grey,US,,
variety,Vermont Verde Antique,US,,
variety,Verona Hajiabad Black,IR,,
variety,Verona Verdello,IT,,
variety,Verona White,TR,,
variety,Veronio,PK,,
variety,Verrezat,XK,,
variety,Versace Gold,TR,,
variety,Versace Grey,TR,,
variety,Versailles Green,FR,,
variety,Vert De Estours,FR,,
variety,Vert Explomar,MA,,
variety,Verzino Frabosa,IT,,
variety,Vetrina,TR,,
variety,Vica,TR,,
variety,Vicentte Beige,CN,,
variety,Victoria Beige,OM,,
variety,Victoria Blue,CN,,
variety,Victoria Nuvola,CA,,
variety,Victory Beige,TR,,
variety,Victory Grey,TR,,
variety,Vienna Golden,CN,,
variety,Vienna Wood Grain,CN,,
variety,Vietnam Adanga,VN,,
variety,Vietnam Beige,VN,,
variety,Vietnam Cream,VN,,
variety,Vietnam Palissandro Bluette,VN,,
variety,Vigaria Peach,PT,,
variety,Vigaria Vg,PT,,
variety,Villagio Beige,TR,,
variety,Vintage White,TR,,
variety,Viola Brasile,BR,,
variety,Viola Piemontese,IT,,
variety,Violet Blaze,CN,,
variety,Violet Brown,IN,,
variety,Violet Gold,CN,,
variety,Violett Leopard,CN,,
variety,Virgin Beige,TR,,
variety,Vision Beige,TR,,
variety,Vitez,BA,,
variety,Vittoria,BR,,
variety,Vize Pembe,TR,,
variety,Vizon Beige,TR,,
variety,Vizon Grey,TR,,
variety,Vizone,TR,,
variety,Volakas Calacatta,GR,,
variety,Volakas Diagonal,GR,,
variety,Volakas Gold,GR,,
variety,Volcano,IN,,
variety,Volcano Blue,IN,,
variety,Volocas,IR,,
variety,Volos Black,GR,,
variety,Volos Brown,GR,,
variety,Voltorino,TR,,
variety,Vona Tabas,IR,,
variety,Vytina Black,CN,,
variety,Wachau Gestreift,AT,,
variety,Wachau Gruen,AT,,
variety,Wachau Hell Gewolkt,AT,,
variety,Wachau Smaragd,AT,,
variety,Wachauer Dunkel Uni,AT,,
variety,Wagamama,ID,,
variety,Wardak White,AF,,
variety,Water Cloudy Grey,CN,,
variety,Water Fern Roots,VN,,
variety,Water Lily,IR,,
variety,Water Line,MY,,
variety,Wave,TR,,
variety,Wave White,CN,,
variety,Wavy Beige,TR,,
variety,Wavy Black,TR,,
variety,Wealth Red,CN,,
variety,Web Green,IN,,
variety,Western Beige,IR,,
variety,White Arapkir Beige,TR,,
variety,White Beauty,CN,,
variety,White Bursa Beige,TR,,
variety,White Cintilante,BR,,
variety,White Coffee,CN,,
variety,White Crabapple,CN,,
variety,White Cream Pagala,TG,,
variety,White Dipper,ES,,
variety,White Dragon,CN,,
variety,White Dream,BR,,
variety,White Georgia,US,,
variety,White Hearth,TR,,
variety,White House Beige,TR,,
variety,White Karacasu,TR,,
variety,White Leopard,TR,,
variety,White Lightning,US,,
variety,White Melody,CN,,
variety,White Mentelle,CN,,
variety,White Mosaic,BR,,
variety,White Mw,MX,,
variety,White Namibe,TR,,
variety,White Ocean,BR,,
variety,White Opal,AU,,
variety,White Palace Beige,CN,,
variety,White Pearl Antique,TR,,
variety,White Royal,ZM,,
variety,White Salsali,IR,,
variety,White Sensation,BR,,
variety,White Sierra,AR,,
variety,White Star Beige,TR,,
variety,White Storm,TR,,
variety,White Sunset,TR,,
variety,White Super ES,BR,,
variety,White Swan,TR,,
variety,White Syberian,BR,,
variety,White Tiger,MX,,
variety,White Truffle,BR,,
variety,White Vein,VN,,
variety,White Water,CN,,
variety,White Waves,TR,,
variety,White Wood Jade,CN,,
variety,Willow Green,CN,,
variety,Windsor Grey,CN,,
variety,Wine Red,IR,,
variety,Winter Mist,CN,,
variety,Winter River Snow,CN,,
variety,Winter Sweet,IR,,
variety,Wolfville Gray,BR,,
variety,Wombeyan Grey,AU,,
variety,Wonder Grey,IN,,
variety,Wonderful Grey,CN,,
variety,Wonderland,CN,,
variety,Wooden Gold,CN,,
variety,Woodstone,TR,,
variety,World Expo Gold,TR,,
variety,Wyndham Grey,KH,,
variety,Xiangfei Beige,IR,,
variety,Xijier,CN,,
variety,Xingeli,CN,,
variety,Xinyashi White,MM,,
variety,Ya Beige,TR,,
variety,Yabo White,CN,,
variety,Yadeen Beige,TR,,
variety,Yaghoot,IR,,
variety,Yalun Gold,CN,,
variety,Yamantau,RU,,
variety,Yekaterinburg Green,RU,,
variety,Yellow Breccia,VN,,
variety,Yellow Cream,CN,,
variety,Yellow Damascus,SY,,
variety,Yellow Louise,CN,,
variety,Yellow Mellal,MA,,
variety,Yellow Nghe an,VN,,
variety,Yellow Pearl,EG,,
variety,Yellow Shanxi,CN,,
variety,Yellow Wooden,CN,,
variety,Yesilova Beige,TR,,
variety,Yetra Red,IN,,
variety,Yinxun Palissandro,MM,,
variety,Yixing Red Cream,CN,,
variety,Ylang,EG,,
variety,Yugong Cream,CN,,
variety,Yunnan Blue,CN,,
variety,Yushu Forest Wind,CN,,
variety,Zacapa Nublado,GT,,
variety,Zafarana,EG,,
variety,Zafir Gold,GR,,
variety,Zalzala,IN,,
variety,Zamzam,EG,,
variety,Zandobbio,IT,,
variety,Zar Waryaz,PK,,
variety,Zara Beige,IR,,
variety,Zara Gris,PT,,
variety,Zarband,UZ,,
variety,Zare,IR,,
variety,Zbuzany,CZ,,
variety,Zebra,NA,,
variety,Zebra Gray,TR,,
variety,Zebra Green,CN,,
variety,Zebra White,BR,,
variety,Zebrina,TR,,
variety,Zebrino Bluette,IT,,
variety,Zebrino Gold,ES,,
variety,Zedernhaus,AT,,
variety,Zenana,NA,,
variety,Zepia,UY,,
variety,Zeytoni Khoy,IR,,
variety,Zhaxi Grey,CN,,
variety,Zhuoma Grey,CN,,
variety,Ziarat Grey,PK,,
variety,Zijing Red,CN,,
variety,Zion Beige,ID,,
variety,Ziyu Beige,CN,,
variety,Zola Beige,MA,,
variety,Zurmat,AF,,
variety,3d,TR,,
variety,Abi Rang Shedi,IR,,
variety,Abri,IR,,
variety,Absolut,BR,,
variety,Acquamarina,PK,,
variety,Aegean,TR,,
variety,Afghan Pink,AF,,
variety,Afghanistan White,AF,,
variety,African Sunrise,TZ,,
variety,Agri Honey,TR,,
variety,Agri White,TR,,
variety,Akhisar,TR,,
variety,Alabaster,CN,,
variety,Alabastro a Pecorella,DZ,,
variety,Alabastro Do Vimioso,PT,,
variety,Alabastro Volterra Marrone,IT,,
variety,Alabastro Wenge,MX,,
variety,Alasehir Traonyx,TR,,
variety,Almar Green,AF,,
variety,Almar White,AF,,
variety,Alp White,TR,,
variety,Ametista,TZ,,
variety,Ananas,MX,,
variety,Antique Brown,CN,,
variety,Antofagasta Azul,AR,,
variety,Arco Iris,MX,,
variety,Argento,MX,,
variety,Asali,IR,,
variety,Asena,TR,,
variety,Autumn White,TR,,
variety,Avatar,TR,,
variety,Avion Blue,IR,,
variety,Azteca,MX,,
variety,Azul White,IR,,
variety,Azur,AR,,
variety,Bafa,TR,,
variety,Baja,MX,,
variety,Bale Stalaktit,HR,,
variety,Balikesir,TR,,
variety,Balochistan Brown,PK,,
variety,Banja E Pejes,XK,,
variety,Bayburt,TR,,
variety,Bianco Giorno,TR,,
variety,Bianco Venato,MX,,
variety,Black Cloud,TR,,
variety,Black Dragon,CN,,
variety,Black Emotion,TR,,
variety,Black Traonyx,IR,,
variety,Blanco Perla,MX,,
variety,Blaze,GR,,
variety,Blue Ice,TR,,
variety,Blue River,TR,,
variety,Blue Traonyx,IR,,
variety,Bolagh Green,IR,,
variety,Bolourin,IR,,
variety,Brown,PE,,
variety,Brown Bubble,TR,,
variety,Brown Fantasy Traonyx,IR,,
variety,Bubble,TR,,
variety,Burgundy,PK,,
variety,Bursa Green,TR,,
variety,Butter Scotch,CN,,
variety,Cafe Emperador,IT,,
variety,Candle,IR,,
variety,Canyon,MX,,
variety,Caramello,EG,,
variety,Carmel,IL,,
variety,Carped,TR,,
variety,Carpet,TR,,
variety,Catrame,TR,,
variety,Cedro,HN,,
variety,China Beige,CN,,
variety,China Gold,CN,,
variety,China Honey,CN,,
variety,China Rainbow,CN,,
variety,Cielo Del Sahara Blue,IR,,
variety,Cielo Del Sahara Giallo,IR,,
variety,Cloudy,MX,,
variety,Coffee Line,TR,,
variety,Cola,TR,,
variety,Colored Green,IR,,
variety,Colored Pink,IR,,
variety,Colorful,PK,,
variety,Cream Traonyx,IR,,
variety,Cristallo Di Rocca,IT,,
variety,Crocodile Green,IR,,
variety,Cubuk Brown,TR,,
variety,Da Siberia,PT,,
variety,Daheim,NA,,
variety,Dazzle,IN,,
variety,Dehgolan,IR,,
variety,Demirci Gray,TR,,
variety,Demirci Honey,TR,,
variety,Diamond White,IR,,
variety,Diana Smoky,IR,,
variety,Diany,IN,,
variety,Dilegno,TR,,
variety,Dorak,TR,,
variety,Dream Ocean,IR,,
variety,Durango Orange,MX,,
variety,Durango Rainbow,MX,,
variety,Elazig White,TR,,
variety,Emerald,IR,,
variety,Emerald Metis Amare,IR,,
variety,Erzurum Blue,TR,,
variety,Eskisehir Rainbow,TR,,
variety,Evia,GR,,
variety,Falsa Agata,ES,,
variety,Fantasia Rosso,MX,,
variety,Fantastico,IR,,
variety,Faraon,MX,,
variety,Fire,TR,,
variety,Flame,IR,,
variety,Floreado,MX,,
variety,Galaxy,MX,,
variety,Geo,IR,,
variety,Ghorve,IR,,
variety,Ghorveh White,IR,,
variety,Ghost,EG,,
variety,Glittery,IR,,
variety,Gold,TR,,
variety,Gold Blue Jade,IR,,
variety,Gold Wood Grain,CN,,
variety,Golden Blue,IR,,
variety,Golden Desert Grey,TR,,
variety,Golden Dragon,CN,,
variety,Golden Gray,IR,,
variety,Golden Turquoise,IR,,
variety,Gorjan Stalaktit,HR,,
variety,Gray Bubble,TR,,
variety,Greek Lava,GR,,
variety,Grey Pearl,PE,,
variety,Gunsmoke,MX,,
variety,Hadise,TR,,
variety,Helmand Brown,AF,,
variety,Himalayan,IN,,
variety,Honey Amber,MX,,
variety,Honey Crema,TR,,
variety,Honey Tiger,TR,,
variety,Honey Traonyx,IR,,
variety,Hunza,PK,,
variety,Ice,IN,,
variety,Ice Flake Jade,CN,,
variety,Imperial,MX,,
variety,India Green,IN,,
variety,India Pink,IN,,
variety,India White,IN,,
variety,Inferno,GR,,
variety,Inka,MX,,
variety,Iran Light Green,IR,,
variety,Iran Yellow,IR,,
variety,Iris Pink,IR,,
variety,Ivme Cappuccino,TR,,
variety,Ivory,TR,,
variety,Ivory Jade,MX,,
variety,Jade Flower,TR,,
variety,Jalisco Black,MX,,
variety,Jalisco Orange,MX,,
variety,Jalisco White,MX,,
variety,Jaune,DZ,,
variety,Jordan Brown,JO,,
variety,Kari Ice,NA,,
variety,Karma Traonyx,IR,,
variety,Kashmir,TR,,
variety,Keramati,IR,,
variety,Kerman Turquoise,IR,,
variety,Kerman Veined Green,IR,,
variety,Kerman White,IR,,
variety,Kizilca,TR,,
variety,Klb Peach,IR,,
variety,Koka,IR,,
variety,Kowloon Play Bead,CN,,
variety,Lady,IN,,
variety,Lazang Traonyx,IR,,
variety,Lazang White,IR,,
variety,Lb Perfect Peach,IR,,
variety,Lemon,IR,,
variety,Lettuce Green,IR,,
variety,Lg,PK,,
variety,Lg Extra Orange,IR,,
variety,Lida Cappuccino,TR,,
variety,Lifora,TR,,
variety,Light,BR,,
variety,Lucky Zlata,SK,,
variety,Lushnija,AL,,
variety,Lushnje Honey,AL,,
variety,Macadame,BR,,
variety,Macedonia Honey,MK,,
variety,Macedonian Cappuccino,MK,,
variety,Manaseer,JO,,
variety,Mandarina,CO,,
variety,Mandarino,TR,,
variety,Maragheh Green,IR,,
variety,Marmar Sabz,IR,,
variety,Marmar Sefid,IR,,
variety,Marmaran Amber,IR,,
variety,Matrix,TR,,
variety,Meshed Honey,IR,,
variety,Mesquite,MX,,
variety,Mexico Jade Green,MX,,
variety,Meymeh Pearl,IR,,
variety,MGT,IR,,
variety,Mgt Grey,IR,,
variety,Miel,MX,,
variety,Miele,BR,,
variety,Mixed,BR,,
variety,Mono Green,IR,,
variety,Monte Juan,HN,,
variety,Morning Star,GR,,
variety,Mukarram Gold,PK,,
variety,Multicolor Gold,TZ,,
variety,Multicolor Jade,TR,,
variety,Multicolor Traonyx,IR,,
variety,Myanmar Colorful,MM,,
variety,Nacarado,BR,,
variety,Naghadeh Pink,IR,,
variety,Namibia,NA,,
variety,New,TR,,
variety,New Amber,CN,,
variety,Nuga,TR,,
variety,Oaxaca,MX,,
variety,Onice Smoke,CN,,
variety,Oran,DZ,,
variety,Orange,IR,,
variety,Orange Bubble,IR,,
variety,Orange Tiger,MX,,
variety,Organic,IR,,
variety,Pakistan Blue,PK,,
variety,Pakistan Gold,PK,,
variety,Pakistan Green,PK,,
variety,Paradise Red,TR,,
variety,Peachy,IR,,
variety,Peacock Ink,CN,,
variety,Persian Pink,IR,,
variety,Persian Tiger,IR,,
variety,Peruvian Fantastico,PE,,
variety,Pesca,IR,,
variety,Pharaoh,MX,,
variety,Picasso Red,TR,,
variety,Pina,MX,,
variety,Pineapple,MX,,
variety,Plywood,IR,,
variety,Porteghali,IR,,
variety,Porteghali Mojdar,IR,,
variety,Pure White,PK,,
variety,Qorve White,IR,,
variety,Red Dragon,MX,,
variety,Resin Yellow,CN,,
variety,Rich Tianmen,CN,,
variety,River,TR,,
variety,Rojo,CN,,
variety,Rojo Passion,MX,,
variety,Rojo Vulkano,MX,,
variety,Rosa Grande,US,,
variety,Rosin Jade,CN,,
variety,Rosso Meraviglia,IT,,
variety,Ruby,CN,,
variety,Salmi,IR,,
variety,Salumber,IN,,
variety,Samba,TR,,
variety,Saraystone Traonyx,TR,,
variety,Seben Honey,TR,,
variety,Seben Rainbow,TR,,
variety,Sef,TR,,
variety,Sefid Asali,IR,,
variety,Sefid Babashorab,IR,,
variety,Sefid Bloor,IR,,
variety,Seyitgazi Brown,TR,,
variety,Sharon,TR,,
variety,Silifke,TR,,
variety,Silvana,IR,,
variety,Sistan White,IR,,
variety,Sky Blue,IR,,
variety,Sky Cream,TR,,
variety,Smeralda,IR,,
variety,Smoke Jade,CN,,
variety,Snake Skin Traonyx,IR,,
variety,Sorati Rang Shode,IR,,
variety,Spider Jade,CN,,
variety,Spider White,IR,,
variety,Spisske,SK,,
variety,Stalattite,IT,,
variety,Starlica,TR,,
variety,Starlicia,TR,,
variety,Storm,MX,,
variety,Sultan,TR,,
variety,Sunset Cloud,TR,,
variety,Surreal,BR,,
variety,Tanzania,TZ,,
variety,Teana Buddha,CN,,
variety,Terra,GR,,
variety,Terracotta,MX,,
variety,Terrazzo,TR,,
variety,Tiffany White,IR,,
variety,Tirat Karmel,IL,,
variety,Titanium White,IR,,
variety,Topaz,TR,,
variety,Touran Posht Green,IR,,
variety,Translucent Greige,CN,,
variety,Traver,TR,,
variety,Tripolis,TR,,
variety,Tropical,MX,,
variety,Tropicale,MX,,
variety,Turhal Lemon,TR,,
variety,Turkey Brown,TR,,
variety,Turkey Golden,TR,,
variety,Turkey Grey,TR,,
variety,Turkey Light Green,TR,,
variety,Turkey Smoked,TR,,
variety,Turkey Tiger,TR,,
variety,Turkey White,TR,,
variety,Tut,TR,,
variety,Usak White,TR,,
variety,Valley,IT,,
variety,Van Gogh,IR,,
variety,Van Light Green,TR,,
variety,Vanilla Sky,TR,,
variety,Vedi,AM,,
variety,Velluto,MX,,
variety,Verde Afghanistan,AF,,
variety,Vetro,PK,,
variety,Vista Grande,US,,
variety,Volos,GR,,
variety,Vulcan,TR,,
variety,Vulcano,TR,,
variety,Walnut,IR,,
variety,Water Wave,IR,,
variety,Wawes,TZ,,
variety,White,PT,,
variety,White Jade,CN,,
variety,White Traonyx,IR,,
variety,Willow,TR,,
variety,Yakawlang,AF,,
variety,Yellow Cloud,MX,,
variety,Yellow Traonyx,IR,,
variety,Yellow Web,TR,,
variety,Zebrino,AR,,
variety,Zlata Oniks,SK,,
variety,Zucchero,TR,,
variety,Zula,EC,,
variety,Adoquin Morado,CL,,
variety,Arbatash,KG,,
variety,Azizbekov Red,AZ,,
variety,Beucha Grau,DE,,
variety,Branzoller,IT,,
variety,Bredvad,SE,,
variety,Cembra,IT,,
variety,China Purple,CN,,
variety,China Red,CN,,
variety,Eggentaler,IT,,
variety,Egypt Black,EG,,
variety,Egypt Red,EG,,
variety,Fujian Green,CN,,
variety,Gardena,IT,,
variety,Giallogiotto,IT,,
variety,Green Grey,MX,,
variety,Groden,IT,,
variety,Grodner,IT,,
variety,Jarrah Red,AU,,
variety,Marrone,IT,,
variety,Mexico Red,MX,,
variety,Molten Grey,IT,,
variety,Molten Red,IT,,
variety,Montiggler,IT,,
variety,Porfido Diaz,AR,,
variety,Porfido Rojo,AR,,
variety,Red Shouning,CN,,
variety,Red Yazd,IR,,
variety,Rhomben,NO,,
variety,Rittner,IT,,
variety,Rotwand,IT,,
variety,Sarner Grau,IT,,
variety,Sarner Rosso,IT,,
variety,Shokufeh Esfahan,IR,,
variety,Starry Purple,CN,,
variety,Steger,IT,,
variety,Terlaner,IT,,
variety,Thunder Brown,CN,,
variety,Trentino Grey,IT,,
variety,Verde Peru,PE,,
variety,Yazd Brown,IR,,
variety,Yazd Green,IR,,
variety,Yazd Rainbow,IR,,
variety,Emerald Green,BR,,
variety,Acquamare,BR,,
variety,African Fusion - Belvedere,AO,,
variety,Aligator,BR,,
variety,Allure,BR,,
variety,Andes,IN,,
variety,Anthra Black,BR,,
variety,Anubis,BR,,
variety,Appaloosa,BR,,
variety,Arturo,IN,,
variety,Arturo Blu,BR,,
variety,Arturo Green,BR,,
variety,Asgard,BR,,
variety,Aurora Green,BR,,
variety,Azul Macaubas,IN,,
variety,Azul Macaubus,IN,,
variety,Azzurra Bay,BR,,
variety,Bacarat,BR,,
variety,Black Java,IN,,
variety,Black Panther,BR,,
variety,Black Phantus,IN,,
variety,Blue Alpine,IN,,
variety,Blue Mare,BR,,
variety,Blue Roma,BR,,
variety,Blue Tempest,BR,,
variety,Blue Treasure,BR,,
variety,Bordeaux,IN,,
variety,Botanic Green,IN,,
variety,Bramante,BR,,
variety,Brilliant Black,BR,,
variety,Brilliant Grey,BR,,
variety,Calacatta Black,BR,,
variety,Calacatta Lux,BR,,
variety,Calypso Gold,BR,,
variety,Capri,BR,,
variety,Casablanca,BR,,
variety,Chandon Black,BR,,
variety,Chantilly,BR,,
variety,Chateau Blanc,BR,,
variety,Cielo,BR,,
variety,Cippo Fantasy,IN,,
variety,Cristallo Rosa,BR,,
variety,Crystallo Bianco,IN,,
variety,Crystallo Roso,IN,,
variety,Crystallo Spazio,IN,,
variety,Crystallo Traslux,IN,,
variety,da Vince,BR,,
variety,Dakar,BR,,
variety,Delle Alpi,BR,,
variety,Denali,BR,,
variety,Desert Blue,BR,,
variety,Diamond Black,BR,,
variety,Diamond Emerald Green,BR,,
variety,Explosion Blue,BR,,
variety,Fantasy Lux,BR,,
variety,Flamboyant,BR,,
variety,Fuschite,IN,,
variety,Fusion Dark,BR,,
variety,Fusion Multicolor,BR,,
variety,Green Patagonia,BR,,
variety,Green Star,BR,,
variety,Grey Macaubus,IN,,
variety,Gucci,BR,,
variety,Ijen Blue,BR,,
variety,Illusion,IN,,
variety,Infinity Blue,BR,,
variety,Infinity White,IN,,
variety,J'adore Visuvio,BR,,
variety,Jade,IN,,
variety,Jade Pearl,BR,,
variety,Jadore,BR,,
variety,Kimberly Pink,IN,,
variety,Kouros,BR,,
variety,Kristallo Superiore,BR,,
variety,Lake Tahoe,BR,,
variety,Le Blanc,BR,,
variety,London Grey,BR,,
variety,Lunar Gray,BR,,
variety,Lux White,BR,,
variety,Macallan,BR,,
variety,Macaubas Fantasy,BR,,
variety,Macobus Blue,CN,,
variety,Maderius,IN,,
variety,Maharajah,IN,,
variety,Mamba Black,IN,,
variety,Marbella,BR,,
variety,Massimo,IN,,
variety,Maximus White,BR,,
variety,Michelangelo,BR,,
variety,Mocamblu,IN,,
variety,Mykonos,BR,,
variety,Naika,BR,,
variety,Nebula,BR,,
variety,Noronha,BR,,
variety,Nuage,BR,,
variety,Nuvole,IN,,
variety,Ocean Waves,BR,,
variety,Palomino,BR,,
variety,Panetone,IN,,
variety,Paramount,BR,,
variety,Patagonia,IN,,
variety,Patagonia Luna,IN,,
variety,Patagonia Pink,IN,,
variety,Perla Elegance,BR,,
variety,Perla Lume,BR,,
variety,Perla Murano,BR,,
variety,Perla Santana,BR,,
variety,Petroclus,IN,,
variety,Pietra Grigia,BR,,
variety,Quantum,BR,,
variety,Santiago,BR,,
variety,Sauipe,IN,,
variety,Sierra Green,IN,,
variety,Silverstone,BR,,
variety,Spider Black,BR,,
variety,Splendido Brown,IN,,
variety,Super Black,BR,,
variety,Supreme,BR,,
variety,Symphony,BR,,
variety,Taj Mahal,BR,,
variety,Tanzanita,BR,,
variety,Thera,BR,,
variety,Thesauros,BR,,
variety,Tiffany Nassau,BR,,
variety,Toblerone,BR,,
variety,Tycoon White,IN,,
variety,Vega Blue,BR,,
variety,Venom,BR,,
variety,Verde Esmeralda,IN,,
variety,Verona Green,IN,,
variety,Vision,BR,,
variety,Vitra,BR,,
variety,Vittra,IN,,
variety,White Eve,BR,,
variety,Wild Acqua,BR,,
variety,Yosemite,BR,,
variety,Zanari,BR,,
variety,Zenith Lux,BR,,
variety,Bulgaria Beige,BG,,
variety,Bulgaria Pink,BG,,
variety,Mezodomb,HU,,
variety,Monok,HU,,
variety,Nova Bana,SK,,
variety,Ratka,HU,,
variety,Skyline,NO,,
variety,Absolute Grey Pearl,IT,,
variety,Absolute Red,IT,,
variety,Agra Red,IN,,
variety,Agra White,IN,,
variety,Agrinio Grey,GR,,
variety,Aguilar,ES,,
variety,Akkaya,TR,,
variety,Albamiel,ES,,
variety,Albero Marrone,BG,,
variety,Alberta,CA,,
variety,Amherst Gray,US,,
variety,Ann Twyford,GB,,
variety,Antiq Rosal,ES,,
variety,Apple Grey,CN,,
variety,Aquia Creek,US,,
variety,Arenaria Grigio Perla,IT,,
variety,Australian Wood,AU,,
variety,Autumn Blend,US,,
variety,Avessac,FR,,
variety,Azul Pirineo,ES,,
variety,Baja Drift,US,,
variety,Balaton,HU,,
variety,Bansi Pink,IN,,
variety,Barcice,PL,,
variety,Barwald,PL,,
variety,Bassa Beige,ZA,,
variety,Bayirkoy,TR,,
variety,Bearl,GB,,
variety,Beau Grey,AU,,
variety,Bebertal,DE,,
variety,Bedonia,IT,,
variety,Beig Champagne,FR,,
variety,Beige Almorqui,ES,,
variety,Beige Desert,IN,,
variety,Beige Sand,LB,,
variety,Bentheimer Gold,DE,,
variety,Berea,US,,
variety,Bermuda Dunes,US,,
variety,Bharatpur Pink,IN,,
variety,Bhuj Pink,IN,,
variety,Big Sky,US,,
variety,Bijolia,IN,,
variety,Birmingham Buff,US,,
variety,Bister Range,AU,,
variety,Blagdon,GB,,
variety,Blanca Castilla,ES,,
variety,Blanco Select,US,,
variety,Blaxter,GB,,
variety,Bloom Run,US,,
variety,Bobos,ID,,
variety,Bollingen,CH,,
variety,Bozanov,CZ,,
variety,Brenna,PL,,
variety,Bretagna Brown,ES,,
variety,Bretagna Green,ES,,
variety,Brisbane,AU,,
variety,Broniow,PL,,
variety,Brown Wave,US,,
variety,Bruna Rosal,ES,,
variety,Buchberg,CH,,
variety,Buckland,AU,,
variety,Buckskin Light,US,,
variety,Budhpura Grey,IN,,
variety,Buff,IN,,
variety,Buff Australian,AU,,
variety,Buff Brown,IN,,
variety,Buff Gray,IN,,
variety,Buffelspoort,ZA,,
variety,Bundi Buff,IN,,
variety,Burgpreppach,DE,,
variety,Cambrian Cream,US,,
variety,Camel Dust,IN,,
variety,Canela,ES,,
variety,Carbery,IE,,
variety,Carmel Cream,US,,
variety,Carniglia,IT,,
variety,Carolina,US,,
variety,Catcastle Buff,GB,,
variety,Cemento,ES,,
variety,Champenay,FR,,
variety,Charme Beige,ES,,
variety,Chief Cliff,US,,
variety,China Green,CN,,
variety,China Pink,CN,,
variety,China Wooden,CN,,
variety,Choctaw Tan,US,,
variety,Clay,OM,,
variety,Coalbank,US,,
variety,Coastal Brown,AU,,
variety,Colebrook,AU,,
variety,Colorado Buff,US,,
variety,Colorado Red,US,,
variety,Coogee,AU,,
variety,Copp Cragg,GB,,
variety,Copper,US,,
variety,Coral Grey,ES,,
variety,Corncockle,GB,,
variety,Correze,FR,,
variety,Corsehill Red,GB,,
variety,Cortices Vein,CN,,
variety,Coteron,ES,,
variety,Cotta,DE,,
variety,Cove Red,US,,
variety,Credit Valley Red,CA,,
variety,Creggaun,IE,,
variety,Crema Dorada,ES,,
variety,Czaple,PL,,
variety,Dark Tan,OM,,
variety,Darney,GB,,
variety,Debden,AU,,
variety,Deerfield,US,,
variety,Delhi Beige,IN,,
variety,Delhi Brown,IN,,
variety,Delhi Gold,IN,,
variety,Delhi Grey,IN,,
variety,Demati Grey,GR,,
variety,Desert Brown,IN,,
variety,Desert Light,DE,,
variety,Desert Multicolor,IN,,
variety,Desert Queen,IT,,
variety,Dhari,IN,,
variety,Dholpur Beige,IN,,
variety,Dholpur Pink,IN,,
variety,Dholpur White,IN,,
variety,Dhrangadhra,IN,,
variety,Diamant,ZA,,
variety,Dlugopole,PL,,
variety,Dlugosz,PL,,
variety,Doddington,GB,,
variety,Dukes,GB,,
variety,Dune Rosal,ES,,
variety,Dunhouse Buff,GB,,
variety,Dunnville,US,,
variety,Earth,OM,,
variety,Elswick Grey,GB,,
variety,Fantasy Grey,CN,,
variety,Fine Buff,CN,,
variety,Fine Yellow,IN,,
variety,Finkenbach,DE,,
variety,Flatwillow,US,,
variety,Floresta,ES,,
variety,Forest,ES,,
variety,Forest Of Dean,GB,,
variety,Fossil Mint,IN,,
variety,Fraser,AU,,
variety,Friedewald Hell,DE,,
variety,Friedrichsanfang,DE,,
variety,Frontier,US,,
variety,Gaja Modak,IN,,
variety,Garda Yellow,IN,,
variety,Gemuenda,DE,,
variety,Gildehaus,DE,,
variety,Ginger,IT,,
variety,Gnodstadt,DE,,
variety,Gold Buckskin,US,,
variety,Golden,ZA,,
variety,Golden Dawn,ZA,,
variety,Golden Gobi,CN,,
variety,Golden Palimo,ID,,
variety,Golden Sharani,TH,,
variety,Golden Sunset,AU,,
variety,Gora,PL,,
variety,Gotland,SE,,
variety,Gottor Black,ES,,
variety,Grain,ES,,
variety,Grampians,AU,,
variety,Gres Basque,CA,,
variety,Gres Erquy,FR,,
variety,Gres Fontainebleau,FR,,
variety,Gres Royal,CA,,
variety,Gres St Mathieu,CA,,
variety,Greti,BG,,
variety,Grey Pietra,VN,,
variety,Grigio Aitos,IT,,
variety,Grigio Di Istria,HR,,
variety,Grigio Valentino,AL,,
variety,Grigio Valverde,MA,,
variety,Gris Moncayo,ES,,
variety,Gris Tapiz,ES,,
variety,Guinea Gold,AU,,
variety,Guntliweid,CH,,
variety,Gwalior Mint Green,IN,,
variety,Hahnbruch,DE,,
variety,Heilgersdorfer,DE,,
variety,Heuchelberg,DE,,
variety,Hin Sai Daeng,TH,,
variety,Hockenau,PL,,
variety,Hohenzollernpark,PL,,
variety,Homestead Range,AU,,
variety,Horicky,CZ,,
variety,Howley Park,GB,,
variety,Hualapai Chocolate,US,,
variety,Humboldt,US,,
variety,Ibbenbueren,DE,,
variety,Imperial Sun,BG,,
variety,India Beige,IN,,
variety,Indonesia Green,ID,,
variety,Ita Gold,IN,,
variety,Jacobsville,US,,
variety,Jaipur Rainbow,IN,,
variety,Janina,GR,,
variety,Javorka,CZ,,
variety,Jodhpur Brown,IN,,
variety,Jodhpur Red,IN,,
variety,John Brown,US,,
variety,Katni Brown,IN,,
variety,Katni Grey,IN,,
variety,Katni Yellow,IN,,
variety,Khaki Plum,CN,,
variety,Kheemuch,IN,,
variety,Kielce,PL,,
variety,Kili Green,ZA,,
variety,Kilkenny,IE,,
variety,Kilzinger,PL,,
variety,Kingston Orange,CA,,
variety,Kirchevo,BG,,
variety,Kirschfurter,DE,,
variety,Kocber,TR,,
variety,Konigsgratzer,CZ,,
variety,Kopulak,PL,,
variety,Kota Desert,IN,,
variety,Kotah Yellow,IN,,
variety,Kybides,CY,,
variety,Kyllburg,DE,,
variety,Lacken,IE,,
variety,Lalitpur Grey,IN,,
variety,Lalitpur Yellow,IN,,
variety,Lambhill,GB,,
variety,Larochette,LU,,
variety,Lazenby Red,GB,,
variety,Leitrim,IE,,
variety,Lemunda,SE,,
variety,Lesotho,LS,,
variety,Luhansk,UA,,
variety,Luhansk Brown,UA,,
variety,Luhansk Grey,UA,,
variety,Luhansk Rainbow,UA,,
variety,Lumaquela Rosa,ES,,
variety,Mandana Red,IN,,
variety,Mandras,GR,,
variety,Mangrove Buff,AU,,
variety,Manoora,AU,,
variety,Maribor,SI,,
variety,Marina Rosal,ES,,
variety,Maroota Gold,AU,,
variety,Marron Pirineus,ES,,
variety,Masegno Di Istria,HR,,
variety,Matanela,ES,,
variety,Mazu,IN,,
variety,Mcgregor Lake,US,,
variety,Mecina,ES,,
variety,Mg Gold,BG,,
variety,Miltenberg,DE,,
variety,Mission Springs,US,,
variety,Misty Rose,US,,
variety,Moccasin,US,,
variety,Modak,IN,,
variety,Modak Pink,IN,,
variety,Modak Yellow,IN,,
variety,Molten,IT,,
variety,Monet,BR,,
variety,Monmouth Red,GB,,
variety,Morayma,BR,,
variety,Morocco Green,MA,,
variety,Moss,US,,
variety,Mount White,AU,,
variety,Mountain Gold,AU,,
variety,Mountain Water Vein,IN,,
variety,Mountcharles,IE,,
variety,Mucharz,PL,,
variety,Muhlbach,DE,,
variety,Naboomspruit,ZA,,
variety,Neckartenzlingen,DE,,
variety,Neidenbach,DE,,
variety,Neubrunn,DE,,
variety,New Ao,IN,,
variety,Niederalfingen,DE,,
variety,Niederhofen,DE,,
variety,Niederschona,DE,,
variety,Niwala Peach,ES,,
variety,Northern Red,CA,,
variety,Northumberland Buff,GB,,
variety,Oak,US,,
variety,Oatlands Brown,AU,,
variety,Ocean Rosal,ES,,
variety,Ohio,US,,
variety,Oker,ES,,
variety,Oklahoma,US,,
variety,Old English Town,AU,,
variety,Olivia Fantastic,AL,,
variety,Olivia Perla,AL,,
variety,Olsbruecken Roetlich,DE,,
variety,Oman Grey,OM,,
variety,Oslo Gray,US,,
variety,Otley,GB,,
variety,Outback Red,AU,,
variety,Palau,ES,,
variety,Palimanan,ID,,
variety,Palimanan Light,ID,,
variety,Panther,IN,,
variety,Paras Bali Silakarang,ID,,
variety,Parkoszowice,PL,,
variety,Peach,US,,
variety,Peachwood,CN,,
variety,Peak Moor,GB,,
variety,Pennsylvania Rosa,US,,
variety,Pennsylvania Rust,US,,
variety,Peru Beige,PE,,
variety,Pescenjaki,SI,,
variety,Pfrondorf,DE,,
variety,Picture,ZA,,
variety,Piedra Muneca,CO,,
variety,Pietra Arenaria Sicilia,IT,,
variety,Pietra Del Cardoso,IT,,
variety,Pietra Del Cilento,IT,,
variety,Pietra Di Cielo,IT,,
variety,Pietra Di Gorgoglione Grigio,IT,,
variety,Pietra Di Matraia,IT,,
variety,Pietra Di Peglio,IT,,
variety,Pietra Di Sarnico,IT,,
variety,Pietra Di Vico,IT,,
variety,Pietra Extradura,IT,,
variety,Pietra Forte Colombino,IT,,
variety,Pietra Forte Fiorentina,IT,,
variety,Pietra Serena Del Trasimeno,IT,,
variety,Pietra Serena Di Ascoli,IT,,
variety,Pietra Serena Extraforte,IT,,
variety,Piles Creek,AU,,
variety,Pindos Grey,AL,,
variety,Pista Green,IN,,
variety,Pistash Rock Beige,MA,,
variety,Plumpton Red,GB,,
variety,Podhorni,CZ,,
variety,Prospect,US,,
variety,Pueblo,US,,
variety,Pyrmont Pink,AU,,
variety,Quintanar,ES,,
variety,Quorn Brown,AU,,
variety,Rachael Beige,AL,,
variety,Radkow,PL,,
variety,Radkow Fein,PL,,
variety,Radkow Grob,PL,,
variety,Radkow Mittel,PL,,
variety,Raj Green,IN,,
variety,Raj Red,IN,,
variety,Rajpura Pink,IN,,
variety,Rakowice,PL,,
variety,Raveena,IN,,
variety,Ravina,IN,,
variety,Real Madrid White,ES,,
variety,Rebel Grey,IT,,
variety,Red Chocolate,IN,,
variety,Red Wooden,CN,,
variety,Reka,CZ,,
variety,Rice White,CN,,
variety,Rippon Buff,IN,,
variety,River Black,CN,,
variety,River Wood,IN,,
variety,Roarin Run,US,,
variety,Rocafort,ES,,
variety,Roettbacher,DE,,
variety,Rojo Neila,ES,,
variety,Romanit,BA,,
variety,Rosa Vidal,ES,,
variety,Roscrea,IE,,
variety,Rosewood,IN,,
variety,Ruckers,PL,,
variety,Rust,CN,,
variety,Rytlow,PL,,
variety,Sagar Black,IN,,
variety,Sagebrush,US,,
variety,Santafiora,IT,,
variety,Savanna Paver,AU,,
variety,Schleerieth,DE,,
variety,Schoenbacher,DE,,
variety,Scotch Buff,GB,,
variety,Sebastian,US,,
variety,Sedona Red,US,,
variety,Seminole,US,,
variety,Serai Bali,ID,,
variety,Shandong Red,CN,,
variety,Shiraz,US,,
variety,Shirehill,GB,,
variety,Shivpuri,IN,,
variety,Sichuan Brown,CN,,
variety,Sichuan Dark Red,CN,,
variety,Sichuan Yellow,CN,,
variety,Sielec,PL,,
variety,Sienna Range,AU,,
variety,Sierra,US,,
variety,Sierra Beige,AU,,
variety,Sierra Blue,CA,,
variety,Sikhiu,TH,,
variety,Silver Ash,AU,,
variety,Silver Retro,HU,,
variety,Sirgwitz,PL,,
variety,Skala,PL,,
variety,Sliven,BG,,
variety,Smilow,PL,,
variety,Smokeyblue,US,,
variety,Sobolow,PL,,
variety,Sosnowica Beige,PL,,
variety,Sosnowica Red,PL,,
variety,Spain Yellow,ES,,
variety,St Bees,GB,,
variety,St. Margrethen,CH,,
variety,Stanton Moor,GB,,
variety,Stawell,AU,,
variety,Steigerwald,DE,,
variety,Stoneraise Red,GB,,
variety,Stringybark,AU,,
variety,Sugari,IN,,
variety,Sun Rise,OM,,
variety,Sunset Bronze,US,,
variety,Sunset Sung,PK,,
variety,Swan Beige,CN,,
variety,Swirl,US,,
variety,Sydney Range,AU,,
variety,Syrian,SY,,
variety,Szczytina,PL,,
variety,Szydlowek,PL,,
variety,Szydlowiecki Kremowy,PL,,
variety,Szydlowiecki Yellow,PL,,
variety,Tablerock,US,,
variety,Tafalla,ES,,
variety,Taj Red,IN,,
variety,Taj Rose,IN,,
variety,Tan,OM,,
variety,Tarhe Chob,IR,,
variety,Teka Rosal,ES,,
variety,Telluride Gold,US,,
variety,Tequila Sunrise,US,,
variety,Teracotta,OM,,
variety,Tesin,CZ,,
variety,Tethys Beige,CN,,
variety,Texas,US,,
variety,Tiger Pink,IN,,
variety,Timber Creek,US,,
variety,Tint Mint Green,IN,,
variety,Tipperary Cream,IE,,
variety,Tobacco Rainbow,CN,,
variety,Tribeca,PT,,
variety,Tumlin,PL,,
variety,Tweed,US,,
variety,Uncastillo,ES,,
variety,Utah Red,US,,
variety,Valdeporres,ES,,
variety,Verde Ginari,AL,,
variety,Vietnam Brown,VN,,
variety,Vietnam Green,VN,,
variety,Villamayor,ES,,
variety,Vinh Phuc,VN,,
variety,Wabi-Sabi,ID,,
variety,Warthau,PL,,
variety,Wartowice,PL,,
variety,Wattscliffe,GB,,
variety,Weiler,DE,,
variety,Wenge Rustic,IR,,
variety,Wenge Sab,IR,,
variety,Western Gold,AU,,
variety,Western Sunset,AU,,
variety,White Lavender,AU,,
variety,White Palimo,ID,,
variety,White Paras Yogya,ID,,
variety,Wildhorse Swirl,US,,
variety,Wilkeson,US,,
variety,Winchester,US,,
variety,Windsor Gray,US,,
variety,Windy City,US,,
variety,Witton Fell,GB,,
variety,Wloch,PL,,
variety,Wlochy,PL,,
variety,Wondabyne,AU,,
variety,Wooden,IN,,
variety,Wooden Grey,IN,,
variety,Woodkirk,GB,,
variety,Woodland,IN,,
variety,Worzeldorf,DE,,
variety,Wustenzell,DE,,
variety,Yellow Lymjar,ES,,
variety,Yetman,AU,,
variety,Yunan White,CN,,
variety,Yunnan Beige,CN,,
variety,Zarnow,PL,,
variety,Zbylutow,PL,,
variety,Zeliszow,PL,,
variety,Zerkowice,PL,,
variety,Zuschen,DE,,
variety,Black Vulcan,BR,,
variety,Agata Blue Spiral,BR,,
variety,Agata Brown,BR,,
variety,Agata Colors,BR,,
variety,Agata Natural,BR,,
variety,Agata Tropicalia,BR,,
variety,Agata White,BR,,
variety,Arctic,BR,,
variety,Crystallo,IN,,
variety,Golden Aura,BR,,
variety,Iluminato Vitro,BR,,
variety,Jasper Red,IN,,
variety,Quartzo Vitro,BR,,
variety,Verde Crystallo,IN,,
variety,African Blue,ZA,,
variety,African Sun,ZA,,
variety,Amazonia Graphite,BR,,
variety,Angers,FR,,
variety,Aqua Rose,CN,,
variety,Argentina Black,AR,,
variety,Ashok Gold,IN,,
variety,Assulo,ES,,
variety,Autumn Lilac,IN,,
variety,Autumn Mist,IN,,
variety,Bashan Green,CN,,
variety,Basket Range,AU,,
variety,Bean Green,CN,,
variety,Beasain,ES,,
variety,Benuza,ES,,
variety,Black Mica,FI,,
variety,Black Velvet,IT,,
variety,Blackberry,BR,,
variety,Blaubok,ZA,,
variety,Bokkraal,ZA,,
variety,Brazil Gold,BR,,
variety,Brazil Grey,BR,,
variety,Brazilian Black,BR,,
variety,Brazilian Rust,BR,,
variety,Brown Java,ID,,
variety,Buckingham,US,,
variety,Bundi,IN,,
variety,Burlington,GB,,
variety,Burlington River,AU,,
variety,Cabinet Gorge,US,,
variety,California Gold,IN,,
variety,Canteverde Grey,BR,,
variety,Casatorra,FR,,
variety,Castaneiro,ES,,
variety,Castlemaine,AU,,
variety,Celeste,BR,,
variety,Charcoal Blue,CN,,
variety,China Apricot,CN,,
variety,China Autumn,CN,,
variety,China Jade,CN,,
variety,China Lilac,CN,,
variety,China Multicolor,CN,,
variety,China Strata Grey,CN,,
variety,Colombia Multicolor,CO,,
variety,Cyan,CN,,
variety,Cyanosis,CN,,
variety,Dark Blue Grey,GB,,
variety,Dark Gray,CN,,
variety,Del Carmen Black,ES,,
variety,Delabole,GB,,
variety,Denizli Yellow,TR,,
variety,Desert Raja,IN,,
variety,Devli Green,IN,,
variety,Elephant Hide,ZA,,
variety,Finna,NO,,
variety,French Vanilla,IN,,
variety,Galaxy Green,IN,,
variety,Golden Multicolor,IN,,
variety,Green Egypt,EG,,
variety,Green Grit,CN,,
variety,Green Moss,BR,,
variety,Green Witch,BR,,
variety,Guishun Green,CN,,
variety,Heather Blue,GB,,
variety,Heather Grey,GB,,
variety,Heather Red,GB,,
variety,Hebei Black,CN,,
variety,Hebei Green,CN,,
variety,Hebei Rust,CN,,
variety,Highland,GB,,
variety,Himachal Green,IN,,
variety,Hubei Black,CN,,
variety,Imperial Blend,CN,,
variety,India Black,IN,,
variety,India Gold,IN,,
variety,Indian Autumn,IN,,
variety,Indian Creek,IN,,
variety,Indian Green,IN,,
variety,Infercoa,ES,,
variety,Jak,IN,,
variety,Jak Multicolor,IN,,
variety,Jbernardos Grey,ES,,
variety,Jenkow,PL,,
variety,Jiangxi Black,CN,,
variety,Jiangxi Multicolor,CN,,
variety,Jinxiu,CN,,
variety,Jungle Green,BR,,
variety,Kalimantan Green,ID,,
variety,Karabash Green,RU,,
variety,Karthali,NP,,
variety,Karystos Black,GR,,
variety,Karystos Brown,GR,,
variety,Kavala,GR,,
variety,Kudu,ZA,,
variety,Kund Black,IN,,
variety,Kund Multicolor,IN,,
variety,Kund Peacock,IN,,
variety,La Bana,ES,,
variety,Labrador Verde,IT,,
variety,Lai Chau,VN,,
variety,Lilac Gold,TH,,
variety,Lime Peacock,IN,,
variety,Linzhou Silver,CN,,
variety,Llechwedd,GB,,
variety,Los Molinos,ES,,
variety,Los Oscos,ES,,
variety,M Green,IN,,
variety,Mahu,IN,,
variety,Makali,ES,,
variety,Mansara Grey,PK,,
variety,Matacon Wave,BR,,
variety,Matacouta Blue Black,ES,,
variety,Mayur,IN,,
variety,Mazista Black,ZA,,
variety,Mazista Brown,ZA,,
variety,Mazista Grey,ZA,,
variety,Mintaro,AU,,
variety,Monson,US,,
variety,Montana Grey,AR,,
variety,Montana Red,US,,
variety,Montauk Blue,BR,,
variety,Morisca Negra,ES,,
variety,Morisca Oro,ES,,
variety,Mourisca Ouro,BR,,
variety,Multi Green,TH,,
variety,Multi Pink,IN,,
variety,Multicolor Green,BR,,
variety,Multicolour,EG,,
variety,Mustang,BR,,
variety,Nag Green,IN,,
variety,Nayong Black,CN,,
variety,Newcastle Dark Grey,AU,,
variety,Nilsiae,FI,,
variety,Odollo,ES,,
variety,Olifant,ZA,,
variety,Orense,ES,,
variety,Oriflam,ZA,,
variety,Orivesi,FI,,
variety,Ostrich Grey,IN,,
variety,Oyster,CN,,
variety,Pacific Brown,BR,,
variety,Pacific Grey,BR,,
variety,Pakistan Black,PK,,
variety,Paljakka Cloudberry,FI,,
variety,Peacock,IN,,
variety,Pennsylvania Black,CN,,
variety,Phoenix Black,CN,,
variety,Piedra Laja Negra,CL,,
variety,Pink Sand,CN,,
variety,Pitangui Black,BR,,
variety,Pizarra De Leon,ES,,
variety,Plevin,FR,,
variety,Porto,PT,,
variety,Portofino Green,BR,,
variety,Radibush Golden,MK,,
variety,Raj Black,IN,,
variety,Raja Red,IN,,
variety,Rich Autumn,ZA,,
variety,Rietvlei,ZA,,
variety,Rioja Kenia,ES,,
variety,Riven Black,CN,,
variety,Riverstone Grey,AR,,
variety,Rocaber Blue-Grey,ES,,
variety,Rosa,ZA,,
variety,Rosa Brasile,BR,,
variety,Rustic,IN,,
variety,San Pedro De Trones,ES,,
variety,Sanjani Autumn,IN,,
variety,Santa Cruz,AR,,
variety,Sarria Blue,ES,,
variety,Savgaon,NP,,
variety,Sea Green,US,,
variety,Senty Green,IN,,
variety,Sesame Yellow,CN,,
variety,Sikis,GR,,
variety,Silica,CN,,
variety,Silver Gray,IN,,
variety,Silver Nickel,BR,,
variety,Silver Shine,IN,,
variety,South Multi Pink,IN,,
variety,Southland Green,NZ,,
variety,Spain Black,ES,,
variety,Spalding,AU,,
variety,Steel Grey,GR,,
variety,Strata Grey,US,,
variety,Taojiang Grey,CN,,
variety,Terra Red,IN,,
variety,Thailand Black,TH,,
variety,Tony Brown,IN,,
variety,Turkey Green,TR,,
variety,Unfading Green,US,,
variety,Unfading Mottled Green,US,,
variety,Unfading Purple,GB,,
variety,Unfading Red,US,,
variety,Valdeorras Casayo,ES,,
variety,Valdeorras Domiz,ES,,
variety,Valdeorras Mormeau,ES,,
variety,Valdeorras Rozadais,ES,,
variety,Valdeorras San Vicente,ES,,
variety,Verde Lugo,ES,,
variety,Verdigris,BR,,
variety,Vermont Gray,US,,
variety,Vermont Purple,US,,
variety,Vijay Gold,IN,,
variety,Welsh,GB,,
variety,Welsh Purple,GB,,
variety,West Country,ZA,,
variety,White Red,CN,,
variety,Winchester Black,US,,
variety,Wine,BR,,
variety,Xemil,ES,,
variety,Xiayunling Green,CN,,
variety,Xiayunling Rust,CN,,
variety,Xingzi Black,CN,,
variety,Yekaterinburg,RU,,
variety,Yellow Rust,TH,,
variety,Yixian Multicolor,CN,,
variety,Alberene,US,,
variety,Anastacia,BR,,
variety,Barroca,BR,,
variety,Beleza,BR,,
variety,Black Minas,BR,,
variety,Black Nolasco,BR,,
variety,Brazil Duro,BR,,
variety,Buzio,BR,,
variety,Cinza Verde,BR,,
variety,Evergreen,BR,,
variety,Fresco,IN,,
variety,Fumaca,BR,,
variety,Green Dry,BR,,
variety,Green Iron,BR,,
variety,Green Mountain,BR,,
variety,Grigio Florenca,BR,,
variety,Gullfjell,NO,,
variety,Hazel Eyes,US,,
variety,Hudson Ash,BR,,
variety,Ice Flower,US,,
variety,Inani,IN,,
variety,India Grey,IN,,
variety,Ipanema,BR,,
variety,Julia,BR,,
variety,Kannada,IN,,
variety,Kianta Sky,FI,,
variety,Kivia Blue,FI,,
variety,Marmolina,PE,,
variety,Matata Black,IN,,
variety,Mineral Black,BR,,
variety,Mirasol,BR,,
variety,Mirasol Forest,BR,,
variety,Monterrey,BR,,
variety,Mumbai Gray,IN,,
variety,Noire,BR,,
variety,Nunna Vuolukivi,FI,,
variety,Nunnanlahti,FI,,
variety,Pine,BR,,
variety,Portin Vuolukivi,FI,,
variety,Porto Alegre,BR,,
variety,Pratima,BR,,
variety,Python,IN,,
variety,Rio Blue,BR,,
variety,Rio Grande,US,,
variety,Sabon,IN,,
variety,Santa Barbara,BR,,
variety,Santa Rita,BR,,
variety,Santa Rita Venata,BR,,
variety,Sao Luis,BR,,
variety,Saratoga,BR,,
variety,Savon Pierre,BR,,
variety,Sel Kleber,NO,,
variety,Somaca,BR,,
variety,Space Black,IN,,
variety,Tulikivi,FI,,
variety,Tulikivi Blue,FI,,
variety,Tulikivi Grey,FI,,
variety,Tulikivi Sky,FI,,
variety,Utapau Forest,BR,,
variety,Vermont,US,,
variety,Abgarm Cream,IR,,
variety,Abyaneh,IR,,
variety,Acquasanta Grigio,IT,,
variety,Adalya Noce,TR,,
variety,Afghanistan Yellow,AF,,
variety,Afyon,TR,,
variety,Afyon Grey,TR,,
variety,Afyon Yellow,TR,,
variety,Aghbolagh,IR,,
variety,Airon,GR,,
variety,Aizona Cream,TR,,
variety,Aizona Pink,TR,,
variety,Aizona Red,TR,,
variety,Aizona Red Coffee,TR,,
variety,Akdag Red,TR,,
variety,Alabastrino,IT,,
variety,Alaska Silver,TR,,
variety,Alexandria,TR,,
variety,Alfa,GR,,
variety,Alimoglu Beige,TR,,
variety,Alm Plateado,TR,,
variety,Alpaca,PE,,
variety,Alpina,TR,,
variety,Amaranto,PE,,
variety,Amarillo,MX,,
variety,Anaconda,PE,,
variety,Anatolian Gold,TR,,
variety,Andino Bruno,PE,,
variety,Andino Dark,PE,,
variety,Anemone White,IR,,
variety,Angelica,PE,,
variety,Angoran Beige,IR,,
variety,Anthill,PE,,
variety,Antico Traonyx,IR,,
variety,Antiguo,MX,,
variety,Antique,TR,,
variety,Antique Bronze,TR,,
variety,Apokoronas,GR,,
variety,Apollonia Beige,TR,,
variety,Apricot,TR,,
variety,Aqualina,TR,,
variety,Araks,AM,,
variety,Ararat Gold,AM,,
variety,Ararat Noce,AM,,
variety,Argent,TR,,
variety,Argiroupoli,GR,,
variety,Aridea,GR,,
variety,Arinea,GR,,
variety,Arini Cream,MK,,
variety,Arini Noce,MK,,
variety,Arizona Fantasy,TR,,
variety,Armenia Beige,AM,,
variety,Armenia Gold,AM,,
variety,Armenia Ivory,AM,,
variety,Artavazdski,AM,,
variety,Ash,TR,,
variety,Aspendos Creme,TR,,
variety,Aspendos Grigio,TR,,
variety,Atashkooh,IR,,
variety,Atilla,TR,,
variety,Aurelius Silver,TR,,
variety,Aymaran Cream,PE,,
variety,Azarshahr Noce,IR,,
variety,Azarshar Yellow,IR,,
variety,Bahia,BR,,
variety,Bahman,IR,,
variety,Baja Cream,MX,,
variety,Balikesir Noce,TR,,
variety,Bauhaus,DE,,
variety,Bayburt Light,TR,,
variety,Bayburt Medium,TR,,
variety,Beige Tra,IR,,
variety,Bella Corilus,TR,,
variety,Bella Margo,TR,,
variety,Bella Synada,TR,,
variety,Beykisla Light,TR,,
variety,Bianco Dei,IT,,
variety,Bianco Sibillino,IT,,
variety,Bipolar,MX,,
variety,Bir Jdid,MA,,
variety,Bitlis Golden,TR,,
variety,Blackish,TR,,
variety,Blanco Fossil,TR,,
variety,Blanco Platinum,TR,,
variety,Blue Vein,IN,,
variety,Bonampak,MX,,
variety,Booneh Panir,IR,,
variety,Borsec,RO,,
variety,Brava,PE,,
variety,Bst,TR,,
variety,Bucak Noce,TR,,
variety,Bucak Silver,TR,,
variety,Buckskin,US,,
variety,Budakalasz,HU,,
variety,Bulutlu,TR,,
variety,Burdur Medium,TR,,
variety,Caesar,IT,,
variety,Camila,PE,,
variety,Camoluk,TR,,
variety,Capricho,MX,,
variety,Caribbean,TR,,
variety,Carnival,MX,,
variety,Carpinis,RO,,
variety,Cascade White,TR,,
variety,Cashmere Silver,TR,,
variety,Cassata,PE,,
variety,Centurion,MX,,
variety,Chaldoran,IR,,
variety,Chaperra Cream,MX,,
variety,Chihuahua,MX,,
variety,Chocolate Bi Moj,IR,,
variety,Chocolate Mojdar,IR,,
variety,Chocolate Momtaz,IR,,
variety,Chocolate Yazd,IR,,
variety,Cinler Scabas,TR,,
variety,Cinler Walnut,TR,,
variety,Classic,TR,,
variety,Classic Beige,TR,,
variety,Cloud,IR,,
variety,Cloudy Angelica,PE,,
variety,Cocoa,IR,,
variety,Coffee Brown,TR,,
variety,Coliseo,MX,,
variety,Colossae Antique,TR,,
variety,Com Light,TR,,
variety,Com Medium,TR,,
variety,Conimbriga,PT,,
variety,Consta,TR,,
variety,Country,TR,,
variety,Country Fantasy,TR,,
variety,Country Tuscany,TR,,
variety,Crema Andino,PE,,
variety,Crema Antares,ES,,
variety,Crema Gerbera,IR,,
variety,Crema Viejo,PE,,
variety,Cuervo,MX,,
variety,Curiaca Blanco,PE,,
variety,Curiaca Dorado,PE,,
variety,Curiaca Romano,PE,,
variety,Daisy,TR,,
variety,Dalmatina Gold,MK,,
variety,Dareh Bokhari,IR,,
variety,Dark Brown,TR,,
variety,Dark Hajiabad,IR,,
variety,Dark Noce,PE,,
variety,Dark Walnut,TR,,
variety,Dashtakhar,AM,,
variety,Dazano,IT,,
variety,Dehbid Cream,IR,,
variety,Denizli,TR,,
variety,Denizli Yesil,TR,,
variety,Desert Creme,US,,
variety,Desert Sand,MX,,
variety,Deva,RO,,
variety,Doodi,IR,,
variety,Duna,TR,,
variety,Durango Blonde,MX,,
variety,Durango Chocolate,MX,,
variety,Durango Dorado,MX,,
variety,Durango Paredon,MX,,
variety,Durango Zacatecas,MX,,
variety,Ebano,IR,,
variety,Eco Medium,TR,,
variety,Efes,TR,,
variety,Egeus,TR,,
variety,Egnatia,GR,,
variety,Ekachai Beige,TH,,
variety,Elazig Gold,TR,,
variety,Elazig Noche,TR,,
variety,Emotion Light,TR,,
variety,Emperor,TR,,
variety,Enigma,TR,,
variety,Epidauros,GR,,
variety,Erdem Noble,TR,,
variety,Erzurum Beige,TR,,
variety,Eskisehir Light,TR,,
variety,Eskisehir Noche,TR,,
variety,Europa,PE,,
variety,Exclusive Beige,MD,,
variety,Exotic Lucce,PE,,
variety,Export Light,TR,,
variety,Export Medium,TR,,
variety,Fiorito,PE,,
variety,Fiorito Puebla,MX,,
variety,Fire Red,IR,,
variety,Firoz Kooh,IR,,
variety,Flava,TR,,
variety,Flavia,TR,,
variety,Flax Walnut,TR,,
variety,Gala Gold,TR,,
variety,Gauingen,DE,,
variety,Gazanbar,IR,,
variety,Gazanbar Beige,IR,,
variety,Gazanbar Silver,IR,,
variety,Geoagiu,RO,,
variety,Gerdooyi,IR,,
variety,Giallo Levanto,TR,,
variety,Gokkaya Light,TR,,
variety,Goksu,TR,,
variety,Gold River,TR,,
variety,Golden Black,IR,,
variety,Golden Walnut,IR,,
variety,Grasred,TR,,
variety,Grasrose,TR,,
variety,Grindio,PE,,
variety,Gs,IR,,
variety,Guangxi Cream,CN,,
variety,Gumushane Medium,TR,,
variety,Hades,PE,,
variety,Haz Yellow,TR,,
variety,Hazar,TR,,
variety,Hazelnut,TR,,
variety,Hesar Silver,IR,,
variety,Heser Black,IR,,
variety,Hevmagyarad,SK,,
variety,Hidalgo,MX,,
variety,Hilal,TR,,
variety,Horizont,IT,,
variety,Hubei Beige,CN,,
variety,Hye,AM,,
variety,Ice Wood,TR,,
variety,Idaho,US,,
variety,Ilica,TR,,
variety,Inka Gold,PE,,
variety,Inti,PE,,
variety,Iran Noce,IR,,
variety,Iran Red,AZ,,
variety,Ivory Medium,TR,,
variety,Jordan Gold,JO,,
variety,Kalzard Red,IR,,
variety,Kapandriti,GR,,
variety,Kapiol,IR,,
variety,Karabuk Yellow,TR,,
variety,Karaman Noce,TR,,
variety,Karmel White,IL,,
variety,Kashan Coffee,IR,,
variety,Kashan Silver,IR,,
variety,Katmer,TR,,
variety,Kayseri Light,TR,,
variety,Kayseri Noce,TR,,
variety,Kello,PE,,
variety,Kemer White,TR,,
variety,Kepez Silver,TR,,
variety,Kerem Mojdar,IR,,
variety,Khalvangah,IR,,
variety,Khormayi Arian,IR,,
variety,Khormayi Mojdar,IR,,
variety,Kirsehir Noce,TR,,
variety,Kissamos,GR,,
variety,Kleos,TR,,
variety,Konya Noce,TR,,
variety,Konya Scabas,TR,,
variety,Konya Silver,TR,,
variety,Kozlu Noche,TR,,
variety,Krasnopetschersk,UA,,
variety,Kremna,TR,,
variety,Kuckovo,MK,,
variety,Kula Light,TR,,
variety,Kula Noce,TR,,
variety,Kumanovo,MK,,
variety,Kutahya Beige,TR,,
variety,Kutahya Noce,TR,,
variety,Kutahya Red,TR,,
variety,Kyrgyzstan Beige,KG,,
variety,Kyrgyzstan Silver,KG,,
variety,La Rubia,PE,,
variety,Lait,IT,,
variety,Lebanon Silver,LB,,
variety,Levice Zlato,SK,,
variety,Libyan,LY,,
variety,Light Sunset,TR,,
variety,Lok,IR,,
variety,Lome Dasht,IR,,
variety,Lucce,PE,,
variety,Ludrova,SK,,
variety,Macael Beige,ES,,
variety,Maco Beige,IR,,
variety,Maco Light Silver,IR,,
variety,Madiera,PE,,
variety,Mahalat,IR,,
variety,Mahallat Beige,IR,,
variety,Mahallat Pink,IR,,
variety,Mahogany,IT,,
variety,Maidan Wardak,AF,,
variety,Maiz,PE,,
variety,Majnoon,IR,,
variety,Manisa Light,TR,,
variety,Manisa Noche,TR,,
variety,Marfil,MX,,
variety,Marjan Silver,IR,,
variety,Maroon,IR,,
variety,Marron Alhambra,IR,,
variety,Masis,AM,,
variety,Matka,MK,,
variety,Matka Noche,MK,,
variety,Medium,TR,,
variety,Medium Bordeaux,TR,,
variety,Medium Colorful,TR,,
variety,Medium Hajiabad,IR,,
variety,Mersin Medium,TR,,
variety,Mesta Green,TR,,
variety,Metallica,TR,,
variety,Mexican Light,MX,,
variety,Mexico,MX,,
variety,Mezzo,PE,,
variety,Miami Light,TR,,
variety,Midas Brown,TR,,
variety,Milan,IT,,
variety,Miletus,TR,,
variety,Minerva White,IT,,
variety,Mocha,MX,,
variety,Modena Grey,TR,,
variety,Mojdar Momtaz,IR,,
variety,Moka,MX,,
variety,Monreal Red,MX,,
variety,Montagna Walnut,IT,,
variety,Moretti,IT,,
variety,Mudurnu,TR,,
variety,Mugla Karacasu,TR,,
variety,Mugla Noce,TR,,
variety,Multi Color,ES,,
variety,Mussel,TR,,
variety,Mut,TR,,
variety,Myanmar Yellow,MM,,
variety,Namadi,IR,,
variety,Natanz,IR,,
variety,Noah,AM,,
variety,Noce Bonita,TR,,
variety,Noce Light,PE,,
variety,Novi Pazar Beli,RS,,
variety,Oaxaca Fiorito,MX,,
variety,Ocean Silver,IR,,
variety,Ochre,MX,,
variety,Old Mission,MX,,
variety,Olivillo,ES,,
variety,Olivium,TR,,
variety,Olympos,TR,,
variety,Oniciato Bianco,IT,,
variety,Oniciato Venato,IT,,
variety,Oro Azteca,MX,,
variety,Osor,IR,,
variety,Oxido,MX,,
variety,Peach Blend,TR,,
variety,Pedre Dark,PE,,
variety,Pedre Light,PE,,
variety,Persian Ivory,IR,,
variety,Peruvian Tobacco,PE,,
variety,Petro Beige,IR,,
variety,Pewter Silver,TR,,
variety,Philadelphia Scabos,TR,,
variety,Piano,PE,,
variety,Pichi,IR,,
variety,Poliche Krin,MK,,
variety,Poros,GR,,
variety,Prado,IT,,
variety,Provence,TR,,
variety,Puebla,MX,,
variety,Ramshe,IR,,
variety,Ramshe Mojdar,IR,,
variety,Rapolano Biscotti,IT,,
variety,Rattle Skin,IR,,
variety,Rattle Skin Dark,IR,,
variety,Reale,PE,,
variety,Red Arizona,MX,,
variety,Red Soraya,IR,,
variety,Reddish,TR,,
variety,Riviera Maya,MX,,
variety,Roccia,IT,,
variety,Rocky Mountain Mocha,US,,
variety,Rojo Alhambra,ES,,
variety,Roman Silver,IT,,
variety,Rose Gray,SY,,
variety,Rose River,IR,,
variety,Rumi,PE,,
variety,Rumiconda,PE,,
variety,Rust Gold,PE,,
variety,Rustic Golden Silver,IR,,
variety,Ruzbachy,SK,,
variety,Saba Peach,IR,,
variety,Sahara Bronze,TR,,
variety,Sahara Sand,EG,,
variety,Salmas,IR,,
variety,San Juan,AR,,
variety,San Pablo,MX,,
variety,Saraburi,TH,,
variety,Savana,MX,,
variety,Scabas,IR,,
variety,Scabas Brown,TR,,
variety,Scabas Cream,TR,,
variety,Scabas Gold,TR,,
variety,Scabas Green,TR,,
variety,Scabella,TR,,
variety,Scabos,TR,,
variety,Scheherazade,US,,
variety,Serpentino,MX,,
variety,Shokolati Bi Moj Kashan,IR,,
variety,Siena Silver,IT,,
variety,Silver Avanos,TR,,
variety,Silver Gold,IR,,
variety,Siteia,GR,,
variety,Sitra,TR,,
variety,Sivas Medium,TR,,
variety,Sivas Noce,TR,,
variety,Skra,GR,,
variety,Slm Beige,IR,,
variety,Smoky Brown,IR,,
variety,Sojat,IN,,
variety,Sparta,TR,,
variety,Spissky,SK,,
variety,St. Caterina,IT,,
variety,St. Caterina Avorio,IT,,
variety,Storm Sky,IT,,
variety,Suede,MX,,
variety,Sugar,TR,,
variety,Sun,AM,,
variety,Sunrise,TR,,
variety,Supremo,PE,,
variety,Sureyya Red,TR,,
variety,Susurluk Red,TR,,
variety,Syrian Grey,SY,,
variety,Syrian Pink,SY,,
variety,Tabasco,MX,,
variety,Tajareh,IR,,
variety,Targh Mohammadi,IR,,
variety,Targh Yellow,IR,,
variety,Tch,IR,,
variety,Tempesta,PE,,
variety,Tenistete,MX,,
variety,Tepexi,MX,,
variety,Thai,TH,,
variety,Tlb Noche,TR,,
variety,Tmt Beige,IR,,
variety,Tobacco,MX,,
variety,Torreon,MX,,
variety,Toscano Blend,TR,,
variety,Toscano Noce,IT,,
variety,Tostado,MX,,
variety,Trabej,TR,,
variety,Traonyx,IR,,
variety,Traonyx Vedi,AM,,
variety,Turkey Alabastrino,TR,,
variety,Turkey Cream,TR,,
variety,Turquoise,TR,,
variety,Tuscany Beige,TR,,
variety,Tuscany Chocolate,TR,,
variety,Tuscany Gold,IT,,
variety,Tuscany Peru,PE,,
variety,Tuscany Platinum,TR,,
variety,Umbria Pendio,IT,,
variety,Valencia,TR,,
variety,Vamvakofito,GR,,
variety,Variegation,CN,,
variety,Varieta,TR,,
variety,Velky Kliz,SK,,
variety,Venato,PE,,
variety,Venetian,TR,,
variety,Vezir Aizanoi Pink,TR,,
variety,Victoria Traonyx,IR,,
variety,Vicuna,PE,,
variety,Violet Jeiran,IR,,
variety,Volterra,IT,,
variety,Volubilis,MA,,
variety,Walnut Mahallat,IR,,
variety,Waltz,TR,,
variety,White Wave,TR,,
variety,Wild,IT,,
variety,Wood Grain,IR,,
variety,Yatagan,TR,,
variety,Yazd Grey,IR,,
variety,Yazd Pink,IR,,
variety,Yellow Brown,TR,,
variety,Yellow Gerberia,IR,,
variety,Yellow Makoo,IR,,
variety,Yellow Soraya,IR,,
variety,Yozgat,TR,,
variety,Yozgat Walnut,TR,,
variety,Yurac Oscuro,PE,,
variety,Zanjan Beige,IR,,
variety,Zefran,TR,,
variety,Aksalur Gulkurusu,TR,,
variety,Amarilla De Ayagaures,ES,,
variety,Anadolu Limra,TR,,
variety,Ani,AM,,
variety,Antique Crimson,TR,,
variety,Antique Yellow,TR,,
variety,Antique Yellow White,TR,,
variety,Armenia L,AM,,
variety,Basdere Cherry Red,TR,,
variety,Basdere Sky Blue,TR,,
variety,Brandy Crag,GB,,
variety,Bursting,GB,,
variety,Byurakan,AM,,
variety,Coffee Foam,TR,,
variety,Cumbria Green,GB,,
variety,Demirtas Black,TR,,
variety,Dscherwesch Brown,AM,,
variety,Dscherwesch Red,AM,,
variety,Elterwater,GB,,
variety,Esbelli White,TR,,
variety,Ettringen,DE,,
variety,Felsit,AM,,
variety,Gorenja Vas,SI,,
variety,Gris Arucas,ES,,
variety,Haemus,BG,,
variety,Haikan Suk,KR,,
variety,Hoktemberyan,AM,,
variety,Iber,ES,,
variety,Ignimvritis Lesbos,GR,,
variety,Jadjur,AM,,
variety,Jezersko,SI,,
variety,Kayseri Beige,TR,,
variety,Kayseri Black,TR,,
variety,Kayseri Pink,TR,,
variety,Kayseri Red,TR,,
variety,Kayseri Yellow,TR,,
variety,Kirkby,GB,,
variety,Moka Suk,KR,,
variety,Piedra Roja Bermeja,ES,,
variety,Piracica,SI,,
variety,Roemer,DE,,
variety,Sahra Yellow,TR,,
variety,Sahra Yellow-White,TR,,
variety,Serbia Brown,RS,,
variety,Sukabumi Green,ID,,
variety,Tokajer Vulkantuff,HU,,
variety,Tran,BG,,
variety,Tufo Giallo,IT,,
variety,Unika,BG,,
variety,Weiberner,DE,,
variety,Zhejiang Gray,CN,,
variety,White Taj,BR,,
pattern,crystallo,IN,,
pattern,pakistan,PK,,
pattern,amarillo,ES,,
pattern,cinzento,PT,,
pattern,persian,IR,,
pattern,vietnam,VN,,
pattern,kayseri,TR,,
pattern,sichuan,CN,,
pattern,durango,MX,,
pattern,sesame,CN,,
pattern,turkey,TR,,
pattern,brazil,BR,,
pattern,fujian,CN,,
pattern,yunnan,CN,,
pattern,china,CN,,
pattern,india,IN,,
pattern,afyon,TR,,
pattern,persa,BR,,
pattern,trani,IT,,
pattern,agata,BR,,
pattern,sefid,IR,,
pattern,mugla,TR,,
pattern,beola,IT,,
pattern,iran,IR,,
pattern,yazd,IR,,
pattern,oman,OM,,
pattern,lasa,IT,,
