Key,model,generated
slab_agate_agata_black_043e2e2e-83af-4986-8a1a-fddedd69e70b,legacy,
slab_agate_agata_blue_689b4192-d88b-43ab-bebf-e255e1d1a779,legacy,
slab_agate_antique_blue_c129fc93-4c9b-431f-8293-9958586ba8bd,legacy,
slab_agate_antique_blue_jumbo_990b4e8f-eed4-4302-9328-a51c282ccc7c,legacy,
slab_agate_black_jumbo_c846f9d2-8c8a-490c-ae62-7ee2f12f981f,legacy,
slab_agate_blue_jumbo_6f05b588-ea50-484b-a938-c09ddd6647d5,legacy,
slab_agate_earth_jumbo_94b4dcd9-4598-4eef-b65b-c52dac40eec1,legacy,
slab_agate_green_49cbc366-250f-484a-8179-7c89a94f41cc,legacy,
slab_agate_jasper_25a8ea14-bc36-4910-b231-5cab91069c9e,legacy,
slab_agate_jellyfish_b1dca5e5-e9e3-4536-988e-2f9fd57d5e2e,legacy,
slab_agate_natural_classic_jumbo_5edfd6c6-7c8e-4542-b50c-f9517992f0b4,legacy,
slab_agate_oro_vecchio_mosaic_abdb908f-e654-41c9-a7b6-40d5de1caec9,legacy,
slab_agate_pink_9356ed9d-b83d-4ca4-9332-ea64ffda1582,legacy,
slab_agate_red_66d0649b-c59a-4fbe-bd82-3b7f50538a28,legacy,
slab_agate_red_mosaic_56bc291f-f3a3-4f65-bf1e-7180b83622af,legacy,
slab_alabaster_angel_pink_6f8ca262-f2e7-4541-8971-18d465923e0c,legacy,
slab_alabaster_carlotta_seafoam_4fb254fb-fb3d-4aa4-ba1d-a46ac577bcd6,legacy,
slab_alabaster_colorado_7cd874ce-2591-4cfc-9581-e8015a787195,legacy,
slab_alabaster_cotton_a1f7a520-1ad4-4719-aec4-57ff39c6e06d,legacy,
slab_alabaster_egyptian_beige_ff6ec971-f0e2-417b-a929-b2ef05d7fa8b,legacy,
slab_alabaster_egyptian_white_dd742343-ccb4-4fce-b801-19a8c0ac995b,legacy,
slab_alabaster_golden_comb_b84fef32-6edf-4a78-ad21-99a011d9bd46,legacy,
slab_alabaster_groga_ba586edc-606d-43b1-bc81-633bc44d5f8b,legacy,
slab_alabaster_harvest_gold_3c61686c-9d20-4eb3-ac5d-273b89b082dc,legacy,
slab_alabaster_indian_red_6c664e73-d7cd-4a44-aca0-b914d3ec666a,legacy,
slab_alabaster_mexico_white_ff84c783-dec9-4d55-b2a4-0d1fb1923767,legacy,
slab_alabaster_new_mexico_cream_c81084ea-3d99-48da-bb24-e9641cf4833c,legacy,
slab_alabaster_persian_beige_94d81420-852f-46a7-8fd8-8c41de166c26,legacy,
slab_alabaster_persian_blue_19b0537f-55b3-4546-994e-6b3e0480a4a6,legacy,
slab_alabaster_persian_brown_a0acc6f0-d8b0-417f-9c54-ad17f075b3f6,legacy,
slab_alabaster_persian_green_72abcdbf-8ecb-4047-9c26-44e742a40e9a,legacy,
slab_alabaster_persian_grey_5162e5be-86a9-40b3-9a44-138d27795ef5,legacy,
slab_alabaster_persian_white_18c4f4d4-375c-48e6-b91b-f19daaf42db5,legacy,
slab_alabaster_persian_yellow_b9e4bc41-ee26-4b4d-b950-6a46c55eb5de,legacy,
slab_alabaster_princess_carlotta_green_0f0135bc-7b17-43de-9f64-14f11fe6fb61,legacy,
slab_alabaster_purple_89f15a5c-8949-4df2-b4bc-9045b793da6c,legacy,
slab_alabaster_red_raspberry_8976d9e8-3014-4b09-9917-1a85d210bbd8,legacy,
slab_alabaster_silk_d069a75e-200a-4363-83e7-be128eb82ea9,legacy,
slab_alabaster_silvercloud_25beb224-4258-457d-b2ca-21c2315e17f9,legacy,
slab_alabaster_sotenal_91ae2e58-3485-485c-a3d9-6e835cd4f60f,legacy,
slab_alabaster_spotted_comb_1631a01c-3691-4b0c-a94e-cc750208aedb,legacy,
slab_alabaster_tigereye_6d6f5023-e934-433c-a06a-76d739b23785,legacy,
slab_alabaster_translucent_orange_6b7cce3a-4461-4f8d-baa6-1ca21df4e066,legacy,
slab_amethyst_amethyst_8b031bcc-3d1d-4872-85c4-b7e5fe4fb44a,legacy,
slab_andesite_grey_andesite_76d6e6b2-a04a-4215-8f44-19234bbef847,legacy,
slab_andesite_black_andesite_35250a35-db65-48ef-9ff7-f3c3ea5c17c1,legacy,
slab_andesite_indonesian_andesite_bdbf03bf-532d-4343-8867-a193f852210a,legacy,
slab_andesite_bali_andesite_c4d49cea-0e41-4dbf-a3ad-15dc9292eb99,legacy,
slab_andesite_aliaga_red_c2a97e9b-f1fe-4f3a-bb7b-a4f6727ec0cf,legacy,
slab_andesite_angora_9ff4ae06-36e8-4315-a291-766f62a97955,legacy,
slab_andesite_ankara_1d4b68fa-e697-4334-9fe1-c0758d066a35,legacy,
slab_andesite_artik_5a427adf-9749-411a-84be-b50cc8875cfa,legacy,
slab_andesite_azarshahr_grey_398414ba-c593-436e-a072-2f435dcb421a,legacy,
slab_andesite_batu_515b5cd0-9c30-44ed-bcc7-fa0b565ae34e,legacy,
slab_andesite_black_sea_3c7fd7ca-3fc8-4ad4-bce9-63302bc33ae4,legacy,
slab_andesite_carbon_grey_5862b880-ba37-4ad1-8ab3-3fc825529021,legacy,
slab_andesite_china_black_fe9a7c9f-e1fc-4d76-b472-26110f4a71c9,legacy,
slab_andesite_ds_gold_902cf74d-42f5-43ef-b114-a3d2e1f9f803,legacy,
slab_andesite_ds_sina_d167e161-acc9-4755-911e-6343af82bf4a,legacy,
slab_andesite_fujian_8c427c09-3d0b-4572-8491-d33299022561,legacy,
slab_andesite_georgia_brown_a1d885ef-ccb4-4f12-ad9f-1208bd7a6818,legacy,
slab_andesite_golbasi_d4dd12a5-dc46-477a-89a0-a674990b5d93,legacy,
slab_andesite_horgita_561245af-3e2b-4491-be21-c7ad8af87fb9,legacy,
slab_andesite_indonesia_black_edd4ab2d-8a4a-4139-b796-a819da389fe2,legacy,
slab_andesite_indonesia_grey_afa58995-c5f1-4b66-aa81-75537e453e89,legacy,
slab_andesite_indonesia_red_e096bb88-9e20-45d6-9bba-3b2e4eb484a9,legacy,
slab_andesite_iran_pink_74674969-09c7-47cf-85bb-6809e3666119,legacy,
slab_andesite_kayseri_grey_ef02acf6-b8c5-4fa8-8e86-183308346815,legacy,
slab_andesite_leith_b3bd7af8-8f5d-42e5-9438-3e7e4e122cb9,legacy,
slab_andesite_lydia_ash_41033e5b-3ebb-4104-b2f5-dad9fbc57ce9,legacy,
slab_andesite_majdan_visoka_bb971cf9-9d01-4040-83c8-d18b46d4696f,legacy,
slab_andesite_marron_las_monjas_7368eab2-1382-4c6c-9339-81ff6d31f356,legacy,
slab_andesite_nghe_an_volcanic_fbcd8e24-4fcd-4331-857d-766e0e8a3d79,legacy,
slab_andesite_pietroasa_eb8968dc-75e3-4f8a-8c78-b27c1765b6bb,legacy,
slab_andesite_recinto_black_3f0a5d7f-467c-44c5-b747-51735a116a0c,legacy,
slab_andesite_romania_grey_71200921-40dc-46d1-b6f3-545f94744c1d,legacy,
slab_andesite_sahara_purple_e9670a8f-09f7-4ca7-8e8d-45500a7aec5e,legacy,
slab_andesite_sahara_rose_02685663-4a7c-4406-ad87-742c86696749,legacy,
slab_andesite_shirakawa_e67e73db-ba90-485f-9326-23472386e97f,legacy,
slab_andesite_slovakia_grey_23a3999f-7c2f-48d3-8fcc-34fa1b392d66,legacy,
slab_andesite_slovakia_red_8f54f8ba-d8c2-4f0e-a184-9582b300948f,legacy,
slab_andesite_taupe_7b3c4f86-08b9-4bb6-80fd-ef4a8772a05d,legacy,
slab_andesite_tezontle_rojo_ad2ab7a3-ce50-4b2e-81d7-9bd1f326ef2c,legacy,
slab_andesite_usak_gray_c67439a4-4456-4d8c-b4f7-9f8e2271403a,legacy,
slab_andesite_usak_yellow_737e1f0a-6c00-48dd-8793-a46a29139a31,legacy,
slab_basalt_black_basalt_f5392d6b-32e7-46f1-890f-8308959c4270,legacy,
slab_basalt_grey_basalt_e86769a2-5069-43d5-a197-aaa3c9f56949,legacy,
slab_basalt_hainan_basalt_76c6b070-3506-481c-89b6-b164c1aab424,legacy,
slab_basalt_zhangpu_basalt_6f8b0862-3784-4032-8191-fc5e39222a8f,legacy,
slab_basalt_lava_stone_pietra_lavica_0717b671-5a7e-4876-acc6-24f14698df6b,legacy,
slab_basalt_blue_stone_basalt_321641af-5bb8-4c8d-bda6-168af0eb3564,legacy,
slab_basalt_mongolian_black_basalt_79911b7e-44c7-4c81-a69f-771bcf4b805f,legacy,
slab_basalt_wollongong_basalt_fe68b31d-e991-4406-b532-b51ab94ef54a,legacy,
slab_basalt_vietnamese_basalt_ffc02832-53ee-4508-8a23-14e0e5447cf4,legacy,
slab_basalt_basaltina_1b2789f7-8d68-4298-8f26-9a58e4c6e5d2,legacy,
slab_basalt_columbia_black_basalt_7fcb7d1f-6639-46e6-9a74-4a45435a2f3e,legacy,
slab_basalt_ak_4f5dca7f-4baf-4d9f-8675-0d6f945432d6,legacy,
slab_basalt_aliaga_2050c842-c52a-48a3-bb18-75fc9216e81c,legacy,
slab_basalt_amreli_grey_5cdc72a8-6593-43cd-b04c-23c405f6e034,legacy,
slab_basalt_armenia_black_f1846183-8d1f-42c2-81be-fede847f81dd,legacy,
slab_basalt_armenia_grey_f1e802f5-14d9-4149-b53a-c0600ed5af0a,legacy,
slab_basalt_atlantic_lava_ce217610-0bf8-40cd-a610-0ce027e38d84,legacy,
slab_basalt_auckland_95bd672a-8a21-4236-bae0-7914007a4044,legacy,
slab_basalt_austral_black_96403445-a6c2-42e9-acd2-65ec698264b9,legacy,
slab_basalt_baltic_grey_17aebce6-a264-41f7-8a19-4e33189dc3c1,legacy,
slab_basalt_basaltina_parvana_3b26beab-4911-462f-b5f0-d0d0c8ae72c4,legacy,
slab_basalt_basaltina_siciliano_cd82ed96-65cd-4289-b036-f32f6924e8a4,legacy,
slab_basalt_basaltite_lava_cc0f74a8-ba10-4cd2-be7b-56505dad4af1,legacy,
slab_basalt_basalto_815d7bd0-4e93-48ca-9791-54957b58c6e6,legacy,
slab_basalt_basalto_bauladu_4331884a-7327-4e5b-849c-2856e678246d,legacy,
slab_basalt_basalto_de_piedra_0cdd74c7-cc36-4a34-8ef4-815539ea4dd4,legacy,
slab_basalt_basalto_di_etna_cdca1e6f-0f1d-444d-8bfe-36b9af759f8c,legacy,
slab_basalt_basalto_di_orvieto_5c1951a8-cc01-4d7e-a297-e7b1665295bd,legacy,
slab_basalt_basalto_di_suni_7f885daa-7683-47e2-b399-6a0c5b04f197,legacy,
slab_basalt_basalto_dos_acores_67f12587-289e-4c97-9964-5f3190016cb3,legacy,
slab_basalt_basalto_gerona_b0703d63-f235-4228-92e1-67c1a6337728,legacy,
slab_basalt_basalto_levigado_08fc84fe-dc08-4147-a6cf-29563fc268e8,legacy,
slab_basalt_batu_candi_lava_a831ec80-ea7c-40f8-9b20-e9c0bd91728b,legacy,
slab_basalt_bee_nest_be74a24c-9842-4e5f-a3b2-747d1cf3dfca,legacy,
slab_basalt_berry_black_20b2771c-530f-42a7-bca6-7485c19bad2f,legacy,
slab_basalt_black_classic_cba6e09e-cad3-475a-968a-4ed64a241bb5,legacy,
slab_basalt_black_titan_2cffe411-8cb8-4149-a4cc-d7d54ab6d082,legacy,
slab_basalt_borgia_fumo_bbdfda3d-b7ad-4fe5-8fbe-7f1fe87dbcfa,legacy,
slab_basalt_borneo_black_dcde7ca4-de35-41f6-9074-d70e3e461514,legacy,
slab_basalt_bronies_4368a82d-6fd9-4af8-babe-33b5e24e21a1,legacy,
slab_basalt_bruno_f23ed057-5e6d-40d9-8911-73cb59a6b853,legacy,
slab_basalt_china_black_40b5c585-bef5-440f-9d33-6e211f46cb50,legacy,
slab_basalt_china_grey_ff3bc4f3-720c-4559-8308-6880d0f273d8,legacy,
slab_basalt_china_lava_4d65db6a-caa2-4041-978a-c0d33c6d5f81,legacy,
slab_basalt_curi_lava_72f8524e-3f9d-4726-930a-a3678fbb9e78,legacy,
slab_basalt_dak_nong_ad5c790d-7a3e-45f9-8c3c-70d195146bf5,legacy,
slab_basalt_deep_grey_da047722-bcb5-486f-8d79-4c82d0f2ee8d,legacy,
slab_basalt_derby_black_157d7f4f-ec4d-476e-bea4-58d659db3afa,legacy,
slab_basalt_develi_c0db433b-5a5f-410b-be16-9f03c609749a,legacy,
slab_basalt_develi_wood_89e0e34c-50ed-4562-9a1a-e6f87964914a,legacy,
slab_basalt_diabase_38541013-8ee9-4886-a138-7a9c5eb38e69,legacy,
slab_basalt_ds_1c0ed821-2be7-4aca-91b3-13e979c5e679,legacy,
slab_basalt_ds_lava_216ee609-a0f4-41b8-a44d-5f0fad30cf6f,legacy,
slab_basalt_duvhult_8b9c67e1-09c4-417d-b568-6365afb684c0,legacy,
slab_basalt_ergani_b5c9973c-8a2c-4a0a-b696-81358bccba08,legacy,
slab_basalt_gemlik_diabase_e1de7dda-2e1c-4f4d-ba9f-a7f227da6c0e,legacy,
slab_basalt_georgia_black_05d27cd2-19e1-4a87-9fd1-75337fbae1e1,legacy,
slab_basalt_golbasi_f07bcf96-e0b5-416e-a282-6c3977294f25,legacy,
slab_basalt_grey_marin_8a94aa01-bc19-4c2c-818d-6bfe1f1d2329,legacy,
slab_basalt_gri_petrol_2fbc4ebd-feb9-45e3-a962-0bf970291456,legacy,
slab_basalt_guizhou_black_d0161864-b4c0-4952-a60d-0cd1a94e809b,legacy,
slab_basalt_gylsboda_72595be3-3680-4b14-b4fd-67abe945b649,legacy,
slab_basalt_hafnarfjordur_93aa4f0d-9291-483e-a728-d43ff927a1b6,legacy,
slab_basalt_hainan_black_7dd0f5fd-b4b4-449b-9527-2f067e9e57af,legacy,
slab_basalt_hainan_grey_d9c91cc1-a02d-430a-ba72-fd2edeebeb34,legacy,
slab_basalt_heilongjiang_black_6e365edc-87be-403a-9522-e1e006e6763e,legacy,
slab_basalt_hreppholar_54cbaf0e-8870-4cf5-a047-fe1fd01fc4df,legacy,
slab_basalt_indonesia_grey_e4c2620e-677c-4b90-83ee-efa555b5c245,legacy,
slab_basalt_ivano_dolynske_72969ca2-d1ed-492e-a71b-ec6b37031969,legacy,
slab_basalt_jinshan_black_6b104227-06c8-4780-b469-4423a4221d10,legacy,
slab_basalt_jordan_black_5e1dde22-30fc-4d0a-b4a7-3306dac6e214,legacy,
slab_basalt_karlshult_c56b5b23-6182-4fa8-ac76-0f4e30fa7af1,legacy,
slab_basalt_kayseri_54f4c8bb-c8f6-40db-ab3b-c35fe06d1240,legacy,
slab_basalt_khanh_vinh_f2e2aa2d-70bd-4c7f-bb95-34f8f7d1bd05,legacy,
slab_basalt_khust_368321b1-af84-4dba-a82a-57c7223c3c6a,legacy,
slab_basalt_kiama_2e5efcf9-8592-4f66-896b-0c297b39e414,legacy,
slab_basalt_kimberley_a01982f4-1fda-44e3-b1a2-5411a2c6cd99,legacy,
slab_basalt_kimberley_black_c08dc4e2-4114-4b1e-8f97-884743d413e9,legacy,
slab_basalt_kokonga_fe85b8f1-5319-4da6-874c-837a3d9f8cb6,legacy,
slab_basalt_kostopolsky_24c218b4-a97d-41d4-b563-4ff2d3d20ee3,legacy,
slab_basalt_laguna_32abd5e3-18cf-4b18-8175-e2cf9cee7aa6,legacy,
slab_basalt_lave_basaltique_bouzentes_28bc40f0-f7dd-426e-8223-5425625f3436,legacy,
slab_basalt_lead_f47b40a4-1eb9-4eae-a09a-6e994aebaab5,legacy,
slab_basalt_leon_8d2a3a1b-ea5e-488e-b8a9-3c56818d2431,legacy,
slab_basalt_londorf_0aae0276-4d9b-4f40-b6a0-31dd36d75858,legacy,
slab_basalt_manaseer_grey_8b51a8d7-68f7-40e4-8104-0f0ac28cc1d4,legacy,
slab_basalt_mayener_basaltlava_75f83f82-1873-4c0a-b9ba-7492d8202b01,legacy,
slab_basalt_mendiger_1f463c9a-3be2-4a48-9e92-91f91bfa5065,legacy,
slab_basalt_menggu_black_fd6e7152-d369-454e-ad7f-04db38dfec59,legacy,
slab_basalt_mesopotamia_1c91fef4-daf0-4ad1-a4b7-7a344f380b6c,legacy,
slab_basalt_mucarta_621a4381-7b4e-414f-ad0a-74ba9dfb3676,legacy,
slab_basalt_negro_oriental_533a9d84-df60-402c-bdea-2fe03f23e708,legacy,
slab_basalt_nero_assoluto_710e21fa-6f36-4321-abb0-aed551373ed6,legacy,
slab_basalt_nero_dracula_af7b7bec-0826-4c73-ae84-db11def81546,legacy,
slab_basalt_nero_infinito_c2c2069e-948e-4789-9c98-b7d4c0a11b76,legacy,
slab_basalt_nero_kempo_8781a1f7-9dbc-49bb-8827-dac26c736384,legacy,
slab_basalt_nero_vita_838396dd-0770-42aa-8f97-9e410299b3ae,legacy,
slab_basalt_nevsehir_diabase_6c722f27-01bd-4d66-8ad2-4c6bc5ed8a6c,legacy,
slab_basalt_new_belfast_8fc6e056-1fcc-4948-8e12-a61e190e9a6b,legacy,
slab_basalt_oahu_black_32c99304-1075-4431-9114-0ac0c517172d,legacy,
slab_basalt_olivine_1bd2bc4d-4a91-49de-bfe6-e405f9f2817e,legacy,
slab_basalt_osmaniye_black_lava_bc8a3b85-b457-4a83-9ab5-84b7cf74cc96,legacy,
slab_basalt_perla_verde_2c93b030-4fa3-48a4-8717-db88b90c94d6,legacy,
slab_basalt_persian_black_e239f483-5745-4efb-8e4c-ea2060c2db6e,legacy,
slab_basalt_persian_grey_95f02bab-fc5f-450d-b1d6-0d544970dda7,legacy,
slab_basalt_piedra_basaltica_molinera_b35a4628-0152-4543-ad4c-bbd6b6eed204,legacy,
slab_basalt_pietra_basaltina_85505a16-2f05-4336-ada1-6df6a1a41fa4,legacy,
slab_basalt_pietra_lavica_5c37a08b-c296-4d2c-9159-30d89016f4e5,legacy,
slab_basalt_pleiku_ce2f5ee1-1a07-4a92-acab-39bf0f69ba1a,legacy,
slab_basalt_pompeii_293cdf01-f8b0-4a3b-ba2f-96aaed449a18,legacy,
slab_basalt_puka_lava_74458e21-8a31-4b47-94a3-36565d4bef74,legacy,
slab_basalt_rajasthan_black_fa7f7bac-ac34-4855-838a-ec1f03e17fb1,legacy,
slab_basalt_ratka_chrastie_7c388f68-902b-447b-b563-214e3c5a056a,legacy,
slab_basalt_recinto_negro_a065ebf5-d68f-4544-90b9-e2c63f158f21,legacy,
slab_basalt_red_volcanic_89556138-a2fd-41f6-ba7c-261f6e4b824e,legacy,
slab_basalt_saddle_hill_4d458f03-1e78-4fe5-afeb-a25dd25f1b20,legacy,
slab_basalt_savol_pavlov_vrch_4dc197cc-0282-4b6a-b3b8-f324d47dbd9c,legacy,
slab_basalt_seis_lounge_15a95556-f258-4d0f-a812-1b508a97f33c,legacy,
slab_basalt_shirakawa_dark_eaeec340-c882-42bd-9bb4-0649c10225f3,legacy,
slab_basalt_smoky_grey_01c8bd17-c34e-48d6-af95-124d1d2d9133,legacy,
slab_basalt_snow_ea702588-4bac-4b76-b84b-8253d09bb9fd,legacy,
slab_basalt_spot_e41228ee-b3ca-486d-8413-856643da5f03,legacy,
slab_basalt_syrian_basaltic_32c486a1-9151-4f74-851d-5a3fb003f202,legacy,
slab_basalt_thaostone_5bc6d81c-0974-48d8-91ec-3e604701a7ad,legacy,
slab_basalt_tiberias_a1b06102-72e9-4531-8048-30d99dd45864,legacy,
slab_basalt_timaru_c05a121e-ef2c-47a9-bfd6-85e9888485a1,legacy,
slab_basalt_tri_kamene_f84f84d5-3150-49ca-82f1-8dcffdac1ec7,legacy,
slab_basalt_velke_dravce_4e3fdf40-10c2-4641-8958-b97a140cf122,legacy,
slab_basalt_vietnam_black_0d55410f-49a1-4d50-ad8a-3561c864d0f9,legacy,
slab_basalt_vietnam_grey_f5328dc9-4291-4e13-ab34-dd65cda345bb,legacy,
slab_basalt_volvic_ef0dc7aa-6366-4ed2-b76c-d473c2686816,legacy,
slab_basalt_windsor_black_029554f6-4816-4fd6-aece-85e15a122866,legacy,
slab_basalt_yunnan_lava_e0d6c78b-df89-4878-8c8d-d263e9ee4fa5,legacy,
slab_basalt_yunnan_red_acf5bfbe-7b7d-43f6-8914-95ac8d5ee548,legacy,
slab_basalt_zhangpu_black_175a04e1-b8c5-42c3-a489-707d7b2a7552,legacy,
slab_bluestone_bookleaf_73b8f9e1-6ad2-4664-b0b3-d73b21da7034,legacy,
slab_bluestone_cam_thuy_790865f0-2d42-4636-a207-d7500b6805cb,legacy,
slab_bluestone_elk_brook_bc1ce99d-bc9a-41e6-88b9-a8ffd9edc596,legacy,
slab_bluestone_florentine_6bd42796-5514-4ed2-989d-41885b0cf1dc,legacy,
slab_bluestone_hainan_69a0d7fa-19b0-4ab8-991d-7295d3ebe8be,legacy,
slab_bluestone_halquist_f8e140fe-82ec-4e1e-a199-d5864d00bcac,legacy,
slab_bluestone_harkaway_ee15fbd6-dbad-423d-818a-eb6b767c47d1,legacy,
slab_bluestone_quy_hop_2b7c4a10-2c3b-4fb6-a7aa-72053650fdfe,legacy,
slab_bluestone_victorian_4e02819d-21bf-415d-9d52-08d62fff4123,legacy,
slab_bluestone_wistow_4936d7db-6da0-4f5b-86dd-0744f9a06e9f,legacy,
slab_bluestone_pennsylvania_bluestone_61fb33e9-0a42-420f-bf10-aadf215ddb93,legacy,
slab_bluestone_australian_bluestone_c0cedc63-6a14-4764-8359-65f050d61089,legacy,
slab_bluestone_bluestone_thermal_db60368b-8d8a-4020-bb82-a8f82551efad,legacy,
slab_bluestone_connecticut_bluestone_a3f5aaf5-baae-4218-aadd-a40ef97b75da,legacy,
slab_cantera_adoquin_naranja_1f23c821-0214-47e6-9a27-523420e571d2,legacy,
slab_cantera_america_negra_25854f9e-50b5-493c-a0e0-c6bd8ed0f138,legacy,
slab_cantera_blanca_mexicana_a27631e5-415c-4994-b364-cc54521aaa0e,legacy,
slab_cantera_blanco_experiencia_a9deb3a7-7207-48f8-bfa1-7ca234b23232,legacy,
slab_cantera_blanco_huichapan_bf1697ed-0ad7-467f-acd0-c24c603870e5,legacy,
slab_cantera_blanco_jalisco_f2c6265e-ea56-4bc0-97dc-491d6af268fb,legacy,
slab_cantera_blanco_limon_1699a66e-a4a6-4e99-86ae-34ae27e041f5,legacy,
slab_cantera_blanco_pachuca_4b0d53d9-ebe2-4bb7-b7f8-9851c283e34c,legacy,
slab_cantera_blanco_tinajero_caa6b860-eae2-4522-a963-89ed39f7c100,legacy,
slab_cantera_bronce_2973d7ef-8a9f-4075-9ba6-0fdfb0304445,legacy,
slab_cantera_cafe_alhambra_942bce18-4f49-400b-86db-0c2a02dd63d9,legacy,
slab_cantera_cafe_america_27a4a614-992b-4b10-85c1-1a8c06fa9de3,legacy,
slab_cantera_cafe_degollado_172b4eb3-99cc-47fa-81e1-e075619bbd91,legacy,
slab_cantera_cafe_galindo_3295616f-5d51-4099-a131-9374a70fab37,legacy,
slab_cantera_chiluca_b6858258-2279-40c0-8c82-a1f71f980b40,legacy,
slab_cantera_corcho_2d744712-c1ea-46ba-9a32-1186ac20aa1d,legacy,
slab_cantera_corcho_dorado_41122251-0d13-41a9-bc94-40c010874c40,legacy,
slab_cantera_crema_e47b13d1-c138-49fd-b786-053dd9e62ddb,legacy,
slab_cantera_diamante_rosa_b8c7cea3-53fb-4eef-a245-e60645b84a89,legacy,
slab_cantera_dorada_aa527e98-0ebd-4d83-91ef-692f7362f137,legacy,
slab_cantera_fossil_c94ba8cc-a6de-4883-a97e-2e3fc578de05,legacy,
slab_cantera_gris_dothi_1fd865df-2bdd-4a6d-a620-7a68909bffbb,legacy,
slab_cantera_gris_escorial_f69f3d63-4361-4e58-958b-1d095329b6b9,legacy,
slab_cantera_gris_huichapan_ea06d4b3-e5e5-44e5-b5ea-c2aa78059773,legacy,
slab_cantera_gris_jalisco_9688e1bb-5ebd-4b96-beef-c3f00106675e,legacy,
slab_cantera_gris_michoacan_e409b9f9-ed94-4669-adf5-a9121af897fd,legacy,
slab_cantera_gris_moreno_7c30781b-125c-4da4-8684-316f3ad09a40,legacy,
slab_cantera_gris_puente_grande_a2812eba-4d90-4635-b54f-f3663ef02eda,legacy,
slab_cantera_gris_remedios_b4b14f5a-b193-4645-aaca-b9f972ef12f7,legacy,
slab_cantera_huixquilucan_rosa_6f27540f-dc04-4051-ab89-d92198befdfe,legacy,
slab_cantera_lavender_18ff1de3-33e5-43eb-bb5a-be87b7b51a18,legacy,
slab_cantera_lima_e0f8a403-6f31-4d01-b9a5-c8bb2ec1d612,legacy,
slab_cantera_luxor_4beb653d-f1b8-4cf7-bd99-a5d3d925588d,legacy,
slab_cantera_madera_29fe2be3-d0c9-46c4-90c8-9ebdc14cfc0c,legacy,
slab_cantera_mostaza_df51c5e1-4abb-4080-9e35-65278b20ab72,legacy,
slab_cantera_naranja_feaf917a-cf42-42ea-8e8a-5664032aedd4,legacy,
slab_cantera_negro_huichapan_339f4e95-ef7f-4b2c-83dc-ecd4bf51402d,legacy,
slab_cantera_negro_rojizo_c14f9d0f-fc5c-4761-935b-1421819b5594,legacy,
slab_cantera_nuez_14f460c6-65a6-4672-9850-ee1f79196e28,legacy,
slab_cantera_piedra_galarza_0476ec42-7cc8-482e-8c9f-b3c4212e748c,legacy,
slab_cantera_pinon_9cb73e30-e27c-4f56-a143-4d61a62ffcca,legacy,
slab_cantera_pinon_bronze_claro_c39e7964-591a-47eb-8e1f-3b6318232e95,legacy,
slab_cantera_pinon_bronze_oscuro_85f3ba94-96ff-4246-b4c0-fdf4447706a5,legacy,
slab_cantera_pinon_chocolate_f8050b85-40f1-4cf6-a0c3-63adf932d570,legacy,
slab_cantera_pinon_dorado_9c2196a6-1331-4403-8b07-7971bc31511d,legacy,
slab_cantera_pinon_rio_blanco_881cadcb-3fda-4d73-b458-49d90093a9fb,legacy,
slab_cantera_pinon_santa_lucia_8464109e-d46f-4c20-836b-cfd3e9a3cad3,legacy,
slab_cantera_riviera_beige_9e92cb3d-ede4-4afe-99db-dbcf453c3197,legacy,
slab_cantera_roja_0031eb8d-941b-451f-bb5d-1ce90ccecd1b,legacy,
slab_cantera_rojo_galindo_d6dab527-0fbf-42d7-a6a1-abade8a11b2b,legacy,
slab_cantera_rojo_paraiso_66d91acc-a0f6-4d9b-bcc2-d063c975312c,legacy,
slab_cantera_rojo_tagui_48dc3157-33f9-4418-9968-a07a71dcf078,legacy,
slab_cantera_rosa_durazno_2bef00e7-4a46-453a-b2d1-0069f39793a6,legacy,
slab_cantera_rosa_ermita_39344ec1-5688-4712-b058-df8a2cce51ec,legacy,
slab_cantera_rosa_jaspeada_913b3f6f-b906-4b6a-9f9b-274a79c5a6ca,legacy,
slab_cantera_rosa_mexicano_d33bd181-a8cd-4014-863c-a3b043d9e338,legacy,
slab_cantera_rosa_michoacan_0d3ecb82-b5d1-4f84-bc87-7f8bcf73a472,legacy,
slab_cantera_sal_y_pimienta_674b099c-9da5-4d42-8a64-6f973efadc44,legacy,
slab_cantera_statuario_vena_fine_be36a02b-5766-47e0-9d37-7ed6e36482c3,legacy,
slab_cantera_tobacco_brown_21db90df-8bfd-4e28-b59d-2faaa615e122,legacy,
slab_cantera_tobacco_orange_1b0b6de8-22e9-422e-add1-a0ef5d58ce4d,legacy,
slab_cantera_uva_d3c2ff95-9222-416c-afac-0c3e32a7356d,legacy,
slab_cantera_verde_12ef101d-b256-4b65-b2aa-c147bee21f69,legacy,
slab_cantera_verde_degollado_1487560b-f337-49d3-b5af-7c554d247bac,legacy,
slab_cantera_verde_guanajuato_3a2c49b5-e822-418d-af7f-26bb9e543df9,legacy,
slab_conglomerate_breccia_blue_930b5255-6625-41e2-9d3d-ec96c7c2a7da,legacy,
slab_conglomerate_green_breccia_a6e04989-44f2-4e6d-9fcf-f23edd38c2f6,legacy,
slab_coral_stone_western_ivory_27b5fdfa-3eba-4ccb-b173-3af2968cd08b,legacy,
slab_crystal_angelus_998e0c84-33cf-47e4-8378-6e808e3708f5,legacy,
slab_crystal_black_55c44d4d-fbcd-4002-a398-914d0d83ea10,legacy,
slab_crystal_blue_5597f630-28dd-4e40-b6ce-c50392e31ef6,legacy,
slab_crystal_bonsai_a92e1a49-8e18-4b0a-87b3-49b98ab51c7c,legacy,
slab_crystal_botanic_ad8815f8-832e-490d-bd05-fc03ab638983,legacy,
slab_crystal_camellot_d7cbe88b-bfdb-4482-b665-2b40fbb9c8b8,legacy,
slab_crystal_cave_dd9126a7-8730-41ef-a7ea-e0caab4145c6,legacy,
slab_crystal_cristallo_azur_d_oro_a3d8d327-aec0-4a64-8bb4-3680dff9ac1a,legacy,
slab_crystal_cristallo_cosmopolitan_49fc3ff7-d174-4cdb-9b7f-5508ab1b4573,legacy,
slab_crystal_crystal_75689b43-4993-435e-82e6-f0324aadfdaa,legacy,
slab_crystal_d_amore_c487f232-8e86-4372-b703-ab5f6bd8eb11,legacy,
slab_crystal_diamond_blue_rain_8c534bf1-bfe2-44ce-85ce-56dd06345b84,legacy,
slab_crystal_diamond_dalmata_1212a9e7-a172-4537-9bac-b22add1c0889,legacy,
slab_crystal_diamond_fiore_2914ca95-fd30-4c15-821c-4e4a2d1df3cd,legacy,
slab_crystal_diamond_fiore_mosaic_77939335-d9c4-4bd8-bf89-bd056b0070a2,legacy,
slab_crystal_diamond_oro_624af7e7-457a-4cb3-871a-b633c0daa412,legacy,
slab_crystal_elysian_b1a1e994-58af-43e8-9b7e-81078a01a56d,legacy,
slab_crystal_faberge_gold_75b04a27-7179-4960-b342-c0db49d23a5b,legacy,
slab_crystal_frost_7b108fc4-5606-409f-8347-7580f4ef7068,legacy,
slab_crystal_harpia_3ded9923-dacc-4b2c-a7de-9816674497ee,legacy,
slab_crystal_iceberg_5d5c6b8b-aa66-4f7b-84a8-0391faea16ed,legacy,
slab_crystal_iluminato_66b246b7-64a0-4106-bf43-14d7ca979a9c,legacy,
slab_crystal_iluminato_champagne_8090889b-4206-4c6b-90c6-3db5576f7494,legacy,
slab_crystal_lake_2acc511c-bf92-4b37-8f94-b97eb750711a,legacy,
slab_crystal_luminatta_7e5eb39e-1682-4c07-b09a-28a1d140da3d,legacy,
slab_crystal_mirage_1d05a091-8357-43ac-b26a-bd182a4acb87,legacy,
slab_crystal_rose_ed175dce-7c23-4795-bcfd-9d0516b27cf7,legacy,
slab_crystal_saint_184a753c-645a-408d-966e-87d3b1dd28bd,legacy,
slab_crystal_smoky_ac4039bd-bc0a-4029-b8aa-7826c1a1efc6,legacy,
slab_crystal_translucent_oro_f969813d-751e-4ebf-bb44-d8af3b40473a,legacy,
slab_crystal_translucent_rose_fab0b00b-e6c8-4f71-a849-64d63da93f69,legacy,
slab_crystal_translucent_vittro_ad7b49a3-9b09-4516-b652-cdf8caa54fe9,legacy,
slab_crystal_vivaldi_5a0d209d-6d1b-460b-9b26-8998fcdafbf2,legacy,
slab_crystal_volcanic_black_28378f3c-07a5-413e-b6e6-f6b9c0010377,legacy,
slab_dolomite_super_white_dolomite_341fad68-352d-4e79-a35b-924a5b4de7f6,legacy,
slab_dolomite_bianco_dolomite_276fc83e-fcce-4719-92ae-0a3935144115,legacy,
slab_dolomite_calacatta_dolomite_ce769f56-df07-4ae8-810f-fc0d23f1afd0,legacy,
slab_dolomite_fantasy_white_dolomite_2b058bd7-d032-40d1-b5b2-dabeeaf8b3b6,legacy,
slab_dolomite_king_white_dolomite_0ee60960-9332-43d0-b059-cebe8e5cf017,legacy,
slab_dolomite_areti_white_dolomite_79ad2c38-eca2-486c-b9b8-dd54a4e6a4d2,legacy,
slab_dolomite_sivec_1290474a-4770-4485-901a-b6841555ce2e,legacy,
slab_dolomite_castro_white_69e87a9a-0ab6-4a51-8640-0d7e3e4da19b,legacy,
slab_dolomite_venus_white_3080d0f7-5fed-497a-9fc1-89d58915b912,legacy,
slab_dolomite_bianco_ariston_a214d22d-6eec-4152-bc0d-e0340303f135,legacy,
slab_dolomite_alba_nuvolato_80bbf4ca-2118-4307-90c8-b351b3fe205f,legacy,
slab_dolomite_alba_pietra_641f7358-9fb5-4cdc-a5a0-9729ce5ea3da,legacy,
slab_dolomite_avorio_b251b57e-8f8e-482f-920b-9bae9b8a8cbc,legacy,
slab_dolomite_biancatto_22a71a89-3753-439c-aeaf-91a8459c2d81,legacy,
slab_dolomite_bianco_celestia_504c09e2-f59d-4fe3-8ec4-f119d0ca7a81,legacy,
slab_dolomite_bianco_stella_996b8cae-aee1-4c27-98eb-10e9bce29917,legacy,
slab_dolomite_bolero_ac1c3aae-b86a-45db-b09a-a481d6e525ad,legacy,
slab_dolomite_calacatta_celestia_a23d67a4-90e2-4709-b03d-a52a0e1ddb8d,legacy,
slab_dolomite_calacatta_columbus_a3f7853a-5923-430a-828f-4c0a385cd5a2,legacy,
slab_dolomite_celline_b4ad3c1d-c508-4dac-b959-90e5dbb389b0,legacy,
slab_dolomite_dolce_vita_75d65a69-ebf7-4f09-aea1-3e034f1df6cc,legacy,
slab_dolomite_glaciers_exotic_83bcf3c1-05d4-44dc-879c-1333e4788bfc,legacy,
slab_dolomite_ludovico_d4ae8c1c-0a5e-44f4-89b2-b693e30f7b1c,legacy,
slab_dolomite_lunar_1808da00-f01d-4780-8b3a-dfc28c7ff03f,legacy,
slab_dolomite_macchia_vecchia_ded0393b-c718-48ca-a6fc-ef77974be56d,legacy,
slab_dolomite_matterhorn_b1eb3dbe-74b1-4aa4-a3a3-a4a98d792c4c,legacy,
slab_dolomite_michelangelo_calacatta_24162b7b-895e-4daf-a004-4e45af5f8a8d,legacy,
slab_dolomite_michelangelo_prime_2fc095bf-14f6-4732-bdac-5dff46a85ac9,legacy,
slab_dolomite_milano_gray_3f6edaf3-bd56-4507-b1d3-f4a2c52c8e3b,legacy,
slab_dolomite_milano_venato_pi_d84d2cac-31a5-405f-8f53-26425a9accc8,legacy,
slab_dolomite_nero_b3cc4512-4e88-435c-8920-64b9a88be49f,legacy,
slab_dolomite_oro_imperiale_19cf9248-09f7-482c-a5cd-119283df52c7,legacy,
slab_dolomite_renoir_blanc_fba37cb5-2401-4522-97ad-15d121e360b4,legacy,
slab_dolomite_salvatore_f451e479-2d0b-428e-a783-dc430b590e77,legacy,
slab_dolomite_satinato_213905b0-6dae-4eb8-a598-af2449557c43,legacy,
slab_dolomite_statuario_eff7d569-bff5-4e7f-a863-7942b4194009,legacy,
slab_dolomite_statuario_quartzo_d7fa1a87-a56b-4224-9aa4-af6a1289233b,legacy,
slab_dolomite_valentino_7ce86412-2c46-4e02-b4d6-71012aabc148,legacy,
slab_dolomite_velvet_white_60752de5-af94-484d-8db0-9b4dbb37f666,legacy,
slab_gneiss_serizzo_gneiss_b0d12bbb-63f5-4d75-993a-2f679cae0fc4,legacy,
slab_gneiss_beola_gneiss_b51499be-2448-4d5b-aa1a-8c812648a762,legacy,
slab_gneiss_via_lattea_gneiss_5a71ce97-b4b1-4a24-a466-095dc6a01ae1,legacy,
slab_gneiss_piracema_gneiss_e4bc94c0-33df-44c8-a6df-c1e96525c726,legacy,
slab_gneiss_silver_waves_gneiss_ebc3f57b-91e1-4cc9-bf77-8d70a9850d23,legacy,
slab_gneiss_dedalus_gneiss_ecf18382-6ee4-45c2-b833-61b5f78d9041,legacy,
slab_gneiss_alps_glitter_7be6a3c3-629a-4607-9b43-57797b344d32,legacy,
slab_gneiss_altamira_aef163c6-4da6-487a-9956-f21d27042d0a,legacy,
slab_gneiss_aqua_blue_a8015777-572e-4e32-850a-c8f017b24b9c,legacy,
slab_gneiss_aqua_grantique_e0acc97e-aaed-45dc-98fc-d56c4e74942d,legacy,
slab_gneiss_arda_gold_4c5c8c74-be84-4053-a2c6-49ad79565313,legacy,
slab_gneiss_arda_grey_69dcade6-4571-4a64-945a-d7d6cde6bcde,legacy,
slab_gneiss_auriu_de_rodhos_30afb83f-c4bc-48c3-8927-b53f101ebc53,legacy,
slab_gneiss_bacau_689ae529-2a0a-493b-aa79-0fadd4f123d4,legacy,
slab_gneiss_balaka_c8cd66b1-87c5-478c-859f-13a9d2df3967,legacy,
slab_gneiss_bamboos_gray_7a66e8dd-1856-42c6-bdc4-8719b531a7ea,legacy,
slab_gneiss_beola_bianca_287dcb58-984c-438f-bfb6-7865953232f1,legacy,
slab_gneiss_beola_bianca_valle_ee848a91-3513-46d5-9445-b957912b0540,legacy,
slab_gneiss_beola_bianca_vogogna_f23df6d5-6d19-41bf-8f14-f19000c8e8c5,legacy,
slab_gneiss_beola_favalle_3d0d1696-d804-4771-9621-865ba9e264df,legacy,
slab_gneiss_beola_ghiandonata_74f88c72-54d5-4bb9-89d6-c0534a1a5d0d,legacy,
slab_gneiss_beola_grigia_d4d46e5e-836d-479e-9261-806e000b69f5,legacy,
slab_gneiss_beola_grigia_servezzo_2bb6bc7f-0689-45dd-a437-b162aa0458f2,legacy,
slab_gneiss_beola_nera_3c8f0fe6-bd76-4830-89f9-650b935a7ba6,legacy,
slab_gneiss_bergell_621f87bb-faf7-472a-bec7-6dd7b6ba9083,legacy,
slab_gneiss_biasca_93d7760e-bca8-4161-a5a0-60df7b68a61b,legacy,
slab_gneiss_blumaggia_d93d2f85-a1ad-4d08-b93e-e49b8f498098,legacy,
slab_gneiss_bodio_nero_82fc532b-3e09-4b06-9ea0-3708ce6389be,legacy,
slab_gneiss_bulgaria_39bd2673-47ce-4b33-ae13-6c6ad948ae2c,legacy,
slab_gneiss_calanca_3a6be796-a16d-42f4-b90b-56f7b5d86f12,legacy,
slab_gneiss_caroux_051259b7-1e40-411d-b37c-e92da10888b8,legacy,
slab_gneiss_cresciano_white_c9718ebb-94e8-434e-a4a7-e1ddf9bef2a4,legacy,
slab_gneiss_da_chainca_7c279c74-e902-4619-8bde-bf4ca2b55bf0,legacy,
slab_gneiss_de_st_yrieix_cd1e0a3e-eb81-491d-b1f4-5740ac350178,legacy,
slab_gneiss_dorato_valmalenco_4903a072-0da1-4d8a-ba7c-e847a722f116,legacy,
slab_gneiss_dovre_33a1ef9f-0c1a-462d-afb7-48beea03772c,legacy,
slab_gneiss_gloria_ec077f95-bcac-4f97-948f-d1d41f891e66,legacy,
slab_gneiss_gloria_platin_ac20923a-d576-4926-89de-fcd24ba134ce,legacy,
slab_gneiss_golden_brown_e6471038-d70b-4be9-935e-880d3886542a,legacy,
slab_gneiss_green_gold_4bac4d99-f0ec-44f8-b452-87eb5a76d4e3,legacy,
slab_gneiss_green_miracema_8e3716d6-1829-4269-a421-09df998bb931,legacy,
slab_gneiss_hail_d08dfc18-6fbe-4745-acba-a75992a7808d,legacy,
slab_gneiss_ivailovgrad_78cff716-2275-4385-ab9a-738965c52904,legacy,
slab_gneiss_kardjali_yellow_5d3e8d57-8451-44fb-903e-f972cd54715d,legacy,
slab_gneiss_leubsdorf_268d4135-cc47-42fc-bd0a-36af0a4cb478,legacy,
slab_gneiss_lodrino_0910580d-12f9-4af2-8cae-5f5ad566762d,legacy,
slab_gneiss_lolova_97a5bab0-c8f8-4af2-aa10-62a4af583bd0,legacy,
slab_gneiss_lucerna_1b3a84bf-9987-4e6b-9b6b-06ac57c33167,legacy,
slab_gneiss_maggia_boschetto_7d59c4a4-2974-40d2-87b2-7d3ba8e826c8,legacy,
slab_gneiss_maggia_lince_cdd082a9-ad9e-4188-bdad-4f5fad44b22e,legacy,
slab_gneiss_maggia_vellutos_7587eb21-3910-4bdc-b928-27327e0cf452,legacy,
slab_gneiss_maggia_wild_f5f7d48f-366b-4a47-9e16-48b347a7d176,legacy,
slab_gneiss_maltataler_23eaada0-c25c-4a9b-b9f9-3356b6f36faa,legacy,
slab_gneiss_medgidia_9c02ede0-1192-4af9-93ea-43436e7667d4,legacy,
slab_gneiss_miracema_c5b63909-0558-4d79-b0d9-4018c4051613,legacy,
slab_gneiss_miracema_cinza_d22b278e-cdf7-45df-8a95-cd33e25cdc19,legacy,
slab_gneiss_miracema_old_gold_1bd8dfce-e6bb-4b7b-83b3-c042aa3951d7,legacy,
slab_gneiss_muskoka_pink_8f1504cd-cd45-45df-bb93-8afde596fe84,legacy,
slab_gneiss_paradis_32674e28-a7dc-486d-9a26-4e63aa0ad29c,legacy,
slab_gneiss_parsac_01d0e2a8-7a0e-49d9-ac50-35638d0aba9d,legacy,
slab_gneiss_passeier_silver_e5b61bdb-4b6e-487a-9e19-feaace54e2b1,legacy,
slab_gneiss_pink_miracema_866a7153-2ae5-47ba-b609-666a1ad91590,legacy,
slab_gneiss_pont_aven_0be6f14b-7f75-4c9e-a435-14e231c4265d,legacy,
slab_gneiss_riviera_a7eeb226-add4-412a-b854-ae90b0ccdfba,legacy,
slab_gneiss_rovana_c49b1c96-79f7-4b8a-9485-6dc99425fc66,legacy,
slab_gneiss_rula_84620bd9-f152-466b-9038-93bfa6997311,legacy,
slab_gneiss_saint_just_34112596-4e75-413b-b141-02faec2c51b3,legacy,
slab_gneiss_sesame_seed_grey_a6e83c5e-7e9a-458b-9930-ad9dc09a1d9a,legacy,
slab_gneiss_silber_a29c181c-3c29-4879-9830-d5361daf4201,legacy,
slab_gneiss_silber_grun_04aac1c9-26b4-4417-ba57-4d94e3d9d07c,legacy,
slab_gneiss_silver_grey_94530d80-fd88-4998-a74f-d5c7e9939b51,legacy,
slab_gneiss_stainz_grau_1e2f1196-9a14-4b13-bf28-c96a20dec33d,legacy,
slab_gneiss_stainz_grau_braun_0cf8490e-3812-4551-91fa-5581202124f0,legacy,
slab_gneiss_targu_mures_9db7973c-ed51-488d-8634-1bc3155187b8,legacy,
slab_gneiss_tauern_c34613f8-114b-46f0-9cee-f8334584fde6,legacy,
slab_gneiss_turda_175a2257-88a4-4d23-a90d-85f00d53b0ff,legacy,
slab_gneiss_valser_grau_6af7a62d-8aff-469c-bf21-def0e2318233,legacy,
slab_gneiss_valser_gruen_35390cb2-67cf-4e3f-a341-5d76c75bba94,legacy,
slab_gneiss_verde_andeer_ed852f62-6623-41df-a5fd-bb373bd8bec1,legacy,
slab_gneiss_verde_argento_dd6686e1-deb9-4e77-b215-712e5d2e2ee1,legacy,
slab_gneiss_verde_de_creta_15f10423-7f40-4554-86c0-e72d2ae25e8f,legacy,
slab_gneiss_verde_italia_dae23f02-28b1-45f2-b73f-86fda135d93a,legacy,
slab_gneiss_verde_spriana_7ee5ae36-3eb2-483e-a5f3-0615b07461ae,legacy,
slab_gneiss_vert_de_glacier_eb2e0a00-1e17-4a0f-9f91-d0c0402c7c43,legacy,
slab_gneiss_vert_evolene_cad01414-3b1a-4159-9aef-06ea03b3ef0b,legacy,
slab_gneiss_white_miracema_3274a3ee-2c79-45f8-9c35-becc206f01c5,legacy,
slab_granite_absolute_black_nero_assoluto_c06c4bd2-4560-4a35-8c4b-783e93bb984d,legacy,
slab_granite_shanxi_black_30a38c28-f818-4375-b43c-3c2dd7e45821,legacy,
slab_granite_zimbabwe_black_7e2ad973-6bf2-4f7f-885e-12fd6d989b4b,legacy,
slab_granite_impala_black_nero_africa_ed1ac4e9-4c0e-42c3-933e-6b83e1f811aa,legacy,
slab_granite_black_galaxy_star_galaxy_bbc6c16f-9e7c-4d8f-988d-5da39caa8d9a,legacy,
slab_granite_black_pearl_e63e707f-7146-474b-81c8-cc34ec7e5b71,legacy,
slab_granite_blue_pearl_773a16d3-0ff5-4762-af17-4df3515ddb39,legacy,
slab_granite_labrador_blue_blue_eyes_59788649-fe6d-4d44-8018-b0de87830b8e,legacy,
slab_granite_azul_bahia_db97ea38-3b0a-4690-a11f-13bedd3298d6,legacy,
slab_granite_emerald_pearl_31af5161-6230-49fe-9dd4-dad21322d7cc,legacy,
slab_granite_verde_butterfly_ef57badf-62d4-4bb3-91a0-47e57bb7c86d,legacy,
slab_granite_tropical_green_e2ca073f-f2fc-4a16-9f7c-489fd686d372,legacy,
slab_granite_hassan_green_fffdbc41-67cb-40ee-8dbf-75dffa275d29,legacy,
slab_granite_baltic_brown_6071a079-a32b-4fe6-8b09-2a49bb042d13,legacy,
slab_granite_tan_brown_91d6d667-67b1-4f29-9834-1e484fc8f5fa,legacy,
slab_granite_sapphire_brown_39d11aff-d6d7-41bb-a436-7ea0c23cfa06,legacy,
slab_granite_dakota_mahogany_32ae6241-d812-4c23-a241-c4b1e8e417a5,legacy,
slab_granite_coffee_brown_759f1552-159b-4ea6-87a6-310882378033,legacy,
slab_granite_imperial_red_3b8ae644-d4a7-4bb5-abda-2a1ef5466b20,legacy,
slab_granite_new_imperial_red_3cec8aae-9f46-4c75-8730-c1634dd87003,legacy,
slab_granite_multicolor_red_f62563b4-4425-4a10-8f72-d2044107520e,legacy,
slab_granite_ruby_red_87fc4c91-7e42-4e91-aaff-fa50f39d0eb6,legacy,
slab_granite_africa_red_76796e05-ec0e-484b-8991-b830657d8410,legacy,
slab_granite_rosa_beta_348cc5be-273b-4037-9c0e-ca8cfaa4da7c,legacy,
slab_granite_rosa_porrino_d433528d-f993-4273-bca3-b1739b931c08,legacy,
slab_granite_rosa_sardo_d3f21de7-5b89-4f06-bfa1-491f51841a50,legacy,
slab_granite_giallo_ornamental_3a11dcdf-b471-46dc-b059-c0f93babc758,legacy,
slab_granite_giallo_veneziano_b5949d55-3b6c-4540-98d8-c3848c405275,legacy,
slab_granite_giallo_santa_cecilia_7c4ea369-e5a4-481a-90a9-7f37ebd57a2f,legacy,
slab_granite_colonial_gold_22f12c04-1afa-4b4f-84a0-0e2456779dfd,legacy,
slab_granite_kashmir_gold_8a82fc7d-65bf-46cd-9e81-90e2427f5634,legacy,
slab_granite_kashmir_white_6c42f90e-1f25-4050-b49c-d6c31cbf59ea,legacy,
slab_granite_colonial_white_923249ee-5c5b-4d18-b539-43a7fa76d79a,legacy,
slab_granite_river_white_e9df5363-d8f6-4ae8-980d-989e993f8afb,legacy,
slab_granite_viscount_white_4007be24-a1b9-4e61-ab02-b17fc82d2ac4,legacy,
slab_granite_moon_white_31933261-33a4-450a-b1aa-8d3f459dcca2,legacy,
slab_granite_p_white_c7667fba-b245-4a1b-aa79-88be790c8284,legacy,
slab_granite_steel_grey_0f6e7bf7-ecb8-417b-b114-759a5096bf0a,legacy,
slab_granite_lavender_blue_5fd1536c-a12c-4baf-9987-47ebafd87bea,legacy,
slab_granite_juparana_colombo_9c863249-425b-4370-ab53-0e8d4b31ff45,legacy,
slab_granite_juparana_gold_099afee7-ea43-4554-969d-d1dd658f0368,legacy,
slab_granite_alaska_white_c725fc5a-ff4e-4c44-bc0f-240d15253ff4,legacy,
slab_granite_bianco_antico_e18c3511-104b-472a-8aa9-1e7493de3fce,legacy,
slab_granite_bianco_romano_5780de63-2d29-4f17-9e4a-8c37ffffa87f,legacy,
slab_granite_bethel_white_e083686e-6cd4-434f-bd43-47e84e38a9e6,legacy,
slab_granite_virginia_mist_0f7d0a36-d5d7-4b9e-ba97-2045574b315c,legacy,
slab_granite_g603_padang_crystal_95c206cd-e245-4dda-b461-4f0ebd6d5dca,legacy,
slab_granite_g654_padang_dark_6caba3c0-d72c-4d97-9fa7-ca09286b143a,legacy,
slab_granite_g682_sunset_gold_f546c984-4371-4cf5-9a2d-3729efe4395c,legacy,
slab_granite_g684_fuding_black_52f0f7fe-ddfd-4498-a040-ef9e1c2f0415,legacy,
slab_granite_g562_maple_red_9aa3dba4-1bb0-4351-821e-da86fd265af1,legacy,
slab_granite_g635_anxi_red_6330c8da-f45a-420f-ba54-d17dff4b328c,legacy,
slab_granite_g664_luoyuan_bainbrook_brown_a77e0e2d-1ea4-48bf-9cc7-6501aa78f796,legacy,
slab_granite_883_black_4aee6ca4-aab9-40c3-9958-aa13c652d603,legacy,
slab_granite_abbey_grey_2b558779-721b-41da-bce6-e3eb7bd2d6fe,legacy,
slab_granite_abbey_rose_2d0e0982-19a0-42da-96f7-4533b46f8191,legacy,
slab_granite_abboud_3a168753-0f27-4dc5-a00d-4daa6c350ed7,legacy,
slab_granite_abdoud_758c8b9c-3d1b-4429-baa4-3a948dba08ea,legacy,
slab_granite_aberdeen_c85209d2-60be-4436-87eb-20f255102447,legacy,
slab_granite_abrolhos_crocodile_33f83bdb-cc41-499c-970c-a1ce611286fa,legacy,
slab_granite_abrolios_green_aebaa644-c0ff-4037-b4af-af0cd913c943,legacy,
slab_granite_absolute_black_ds_71074233-b45a-4e14-8846-13696a8a5f36,legacy,
slab_granite_absolute_black_nai_443a3af2-83ff-4d3e-bbfd-66b06970520b,legacy,
slab_granite_absolute_brown_a15b643b-ac94-4d12-bef1-0b90aa99f6b2,legacy,
slab_granite_absolute_cream_1b13b82f-d1dd-47bb-982f-47253333a825,legacy,
slab_granite_abstract_brown_589ac9ab-1cf8-4a89-9a2f-6b29263e9314,legacy,
slab_granite_abstract_red_993d8aaa-e933-493c-bfe7-06e1f32d7e0c,legacy,
slab_granite_abuja_brown_d9a5eece-f3a7-4a17-b9c4-b429986fa8df,legacy,
slab_granite_abuja_pepper_and_salt_84e87c15-522e-4d15-8102-7f872bfc6268,legacy,
slab_granite_acadian_7a3914df-8dd1-436f-8341-03ef779c7250,legacy,
slab_granite_acadian_night_cec9dcd3-56d3-4585-b8e5-8829d668fa86,legacy,
slab_granite_acapulco_brown_cb1a9365-cf0e-49a5-8ab5-affa55ec1ef2,legacy,
slab_granite_aceuchal_175274dc-8ff1-4ca9-9f26-4d08fde0fa56,legacy,
slab_granite_acquarama_6eec26d0-2639-478c-93f1-a63587304b73,legacy,
slab_granite_addison_black_a0e6ebed-94a9-4a18-9f82-0df40db3c97e,legacy,
slab_granite_adoni_brown_c4ed25de-a338-4adb-a55d-d7b3e36fea5d,legacy,
slab_granite_adonis_flower_9b43e43c-fb32-4ae4-8665-b16a03a6579c,legacy,
slab_granite_aeskered_19dc1974-b2c2-4c9c-b689-151ca853b052,legacy,
slab_granite_afo_wavy_65e8f94b-6e99-4c98-8b72-b23d2c88f94a,legacy,
slab_granite_africa_ocean_blue_784f8e1f-fc58-4fe2-9c3f-da1dd2f529c3,legacy,
slab_granite_african_canyon_cfa60521-6c8d-4739-88b1-b1d3713515cc,legacy,
slab_granite_african_cream_7ef8be59-73d5-44f0-9b71-8e1094b7e51d,legacy,
slab_granite_african_fantasy_cbcd1474-3b4e-49b5-a1d4-6257467f559a,legacy,
slab_granite_african_fusion_831272cc-9388-431d-a0fc-8040737b25a7,legacy,
slab_granite_african_harmony_0d51dc01-c486-4010-b4b9-09bd4f4d4bb0,legacy,
slab_granite_african_ivory_e5670dbf-9901-410e-ab1e-a72922a5bb3f,legacy,
slab_granite_african_lilac_54206ef8-1409-40c5-bc1a-77b0b3905fb6,legacy,
slab_granite_african_mahogany_62cd4bc0-b821-4998-a56a-0e4c8a4fb3d7,legacy,
slab_granite_african_mogano_ff75190d-d023-4622-84c7-f907fc9002db,legacy,
slab_granite_african_multicolor_e036de5a-0b67-49fc-ace6-9d78f731d41b,legacy,
slab_granite_african_rainbow_6a0eecc7-3377-4a04-b2b5-106050de27f1,legacy,
slab_granite_african_silver_blue_834d6b83-7258-4e18-b665-0fc32323275f,legacy,
slab_granite_african_tapestry_112b3268-2a89-4281-8386-86b3a849b786,legacy,
slab_granite_afshar_white_0a46d7e6-0c00-400a-b98e-512e0ae6570f,legacy,
slab_granite_agata_d910b6c7-a22b-44c6-a5d6-aa4865273fa2,legacy,
slab_granite_agate_071d90f7-2563-4ab8-af02-af2711aef63d,legacy,
slab_granite_agatha_cream_57e7efae-ea08-452b-9cc4-6f66a7de9c0f,legacy,
slab_granite_aghada_platinada_9aa04a10-f702-4ba9-a103-fbb32ee1b91e,legacy,
slab_granite_ahrntal_valley_tonalite_b7d096a1-52d7-4396-8a78-202e4735a63a,legacy,
slab_granite_aj_brown_f7ad2db4-a028-4793-9182-eaf09ddeff22,legacy,
slab_granite_aji_chume_3efffb16-ca2b-47b7-a626-db7228ccbc35,legacy,
slab_granite_aji_ishi_d7cc053d-5eea-4faf-a9ec-b36c30962e1a,legacy,
slab_granite_ak_white_287164f5-58eb-47b0-ab63-906e26797d63,legacy,
slab_granite_aksai_red_5838e7ed-3e10-4f04-abda-3237f8e5a06c,legacy,
slab_granite_aksaray_beta_5367846a-0d38-4743-a191-62c452091dff,legacy,
slab_granite_aksaray_pink_a5339639-b84f-49ae-b3ab-327309ecb879,legacy,
slab_granite_aksaray_yaylak_266ad60e-be92-4dcd-9669-292b35be5824,legacy,
slab_granite_aktash_9e7df40f-fce1-4a21-be50-8fb757823bd9,legacy,
slab_granite_akure_grey_1d00c865-9cf6-4efa-a9c7-e63d026dbb2f,legacy,
slab_granite_al_jamoom_9e69d255-d055-4d0e-bda4-5518ee864e31,legacy,
slab_granite_ala_noscua_ab1e27d2-4552-4e62-908c-ddc21845acbf,legacy,
slab_granite_alamo_sola_d69ba5a4-3ae0-450b-bf66-8295ce71da0e,legacy,
slab_granite_alamoot_cc72f187-a710-4506-aa65-a3493b33ecd5,legacy,
slab_granite_alaska_red_1330fdb1-8385-4722-805f-73365caa283f,legacy,
slab_granite_alaska_rosa_c055b65c-4f47-44a7-a6a7-07ca6ba5c455,legacy,
slab_granite_albany_3b418078-be2a-4386-8139-a11a548f5b13,legacy,
slab_granite_alberga_8809f621-8983-4ab2-bcf7-28ccadb7f06e,legacy,
slab_granite_albero_almendra_679079bd-5045-4972-afb3-eaa261437a31,legacy,
slab_granite_albero_blanco_48eea2b6-e511-4861-afd1-17163e941cb6,legacy,
slab_granite_albtal_388161f4-feda-4917-92eb-dd63503a2034,legacy,
slab_granite_alentejo_grey_88d8de76-b2ea-4530-a007-be06595d3852,legacy,
slab_granite_algonquin_grey_green_7fa09eab-82b4-4e54-b3f5-e12d1f9aa50f,legacy,
slab_granite_allaire_7e0da7dd-3dc7-41e9-a26f-febcde758497,legacy,
slab_granite_allies_gold_d2cae90a-ed4c-4449-9ffa-daa366e12caf,legacy,
slab_granite_alma_grey_364f07ca-5d55-4ac9-bca8-d17b7b816c24,legacy,
slab_granite_alma_white_c9f3118a-adce-4a73-9850-4857a9df84d6,legacy,
slab_granite_alma_yellow_00bdfb09-aa7e-4455-918c-b4dfcb40626a,legacy,
slab_granite_almond_jacigua_9cbf9fb5-5475-4a84-9ff4-536b5b7031bb,legacy,
slab_granite_almond_pearl_brown_90752c29-b424-4d7d-af48-a3fdfc907d07,legacy,
slab_granite_alp_snow_3e858484-9f95-4940-baeb-70c6f205ec2f,legacy,
slab_granite_alpensilber_23a5fcc3-beec-4ce1-b14e-d1e5a0540a8b,legacy,
slab_granite_alpine_1a0e13aa-f8d0-42c6-b956-e9f98e32a488,legacy,
slab_granite_alpine_gold_e0d24a1a-c46f-41ed-b8b3-70e418cc454e,legacy,
slab_granite_alpine_star_a6575e06-2a26-4b59-9235-4c05f4c20e1d,legacy,
slab_granite_alpine_storm_132f79db-2a52-43b3-b0de-a5d9ac017c80,legacy,
slab_granite_alps_bc096518-24a3-4b91-ad85-7a639cb0560f,legacy,
slab_granite_alvand_grey_b0ff9c18-191c-431c-ae66-e4311cf54fa4,legacy,
slab_granite_alvorada_brown_f5601732-9183-48c6-b1c0-25b16757eecf,legacy,
slab_granite_alxa_yellow_5b3b9782-b7a5-4dac-9286-7e101c5fca70,legacy,
slab_granite_amaara_d91d8e10-6359-448f-bb98-9dd72f23a941,legacy,
slab_granite_amadeus_198f025b-1476-4786-961a-51c7179ba480,legacy,
slab_granite_amalgarh_215dac7e-c716-4325-a5ac-a8f0f9db31e5,legacy,
slab_granite_amarello_arabesco_761c1e9d-aa74-488e-9424-b14be30beee7,legacy,
slab_granite_amarello_penela_6fb55984-fffc-440c-8008-7aeb906a3823,legacy,
slab_granite_amarelo_alpendurada_eccb04cf-537d-4ea7-b90c-e6c5bb4dc3b5,legacy,
slab_granite_amarelo_boa_vista_188306ef-7115-4ea0-888f-59e6a4614ecb,legacy,
slab_granite_amarelo_boticas_05c21ca9-cee2-4927-9a55-4f8285f1fb12,legacy,
slab_granite_amarelo_cardielos_0c3b4f6f-5cf1-4626-b5fc-8432577e7399,legacy,
slab_granite_amarelo_de_felgueiras_74507cf9-59c6-4389-877f-544526b85fc1,legacy,
slab_granite_amarelo_de_figueira_b5e87db3-6601-47f0-a4f0-f654f03e53f0,legacy,
slab_granite_amarelo_de_fonte_arcada_a17dae8e-3cc4-42d2-9833-8483bc1a57b9,legacy,
slab_granite_amarelo_florenca_723e5c23-f4ef-43b3-91b4-7e7867f0fca1,legacy,
slab_granite_amarelo_frades_da490c9c-e1ce-4901-9862-2367cd3ae67c,legacy,
slab_granite_amarelo_galho_88a97417-5a91-474f-97a0-3308036b37e2,legacy,
slab_granite_amarelo_jaguar_326c2b62-e286-4596-b379-7bb8b72ace89,legacy,
slab_granite_amarelo_lapa_bba71d21-d0e4-47a9-9ec1-0b71b25f3845,legacy,
slab_granite_amarelo_macieira_5e860058-633e-432c-9023-47c8ac1128ba,legacy,
slab_granite_amarelo_maracuja_96541c06-87c9-460e-8328-83ec6bfeebc5,legacy,
slab_granite_amarelo_moirinte_0fc603a8-9aea-4968-886d-8e43dad91d43,legacy,
slab_granite_amarelo_montemuro_aac2a753-e023-474e-b1fc-6868f767b7e1,legacy,
slab_granite_amarelo_paraiso_52a95908-df3b-4bb6-859e-5bcbeeda2af8,legacy,
slab_granite_amarelo_san_martinho_06ca4015-a6ea-414b-81c1-089c9654a2b7,legacy,
slab_granite_amarelo_santo_agostinho_b0258653-44b0-4ee3-a6ce-36f8c74d538a,legacy,
slab_granite_amarelo_vincenza_9bc40cbf-071e-4806-b706-982c2a1e1e21,legacy,
slab_granite_amaretto_576aa49c-f256-486a-89f2-8362e6ae83ad,legacy,
slab_granite_amarillo_celta_75756417-1a45-42d0-820e-1fa8044b6ba8,legacy,
slab_granite_amarillo_extremadura_40c536fb-1398-4594-a22b-6b9b4dae3bf6,legacy,
slab_granite_amarillo_jara_9dc7b479-f1f4-49b8-9253-b7507d21cfb1,legacy,
slab_granite_amarillo_monumental_b730f21a-26e7-4174-bab5-48b394f67ec8,legacy,
slab_granite_amarillo_platino_f181a69c-28bb-4af4-b008-5d8e4b5c5c3c,legacy,
slab_granite_amarillo_vilachan_d1b1b898-7856-4c2a-82ad-004edf6792fc,legacy,
slab_granite_amarone_e1001a2d-bcc6-40a0-87bf-462c727211f5,legacy,
slab_granite_amarula_3ba65db9-e791-4ca0-a96b-8ba98bc74cfe,legacy,
slab_granite_amazon_a77aaebc-45e1-40e4-bc29-415c416b78c0,legacy,
slab_granite_amazon_black_142168e7-96e1-490f-a429-3cf024064fe4,legacy,
slab_granite_amazon_blue_65dc61ab-277e-44bd-8bae-ac26a50b2945,legacy,
slab_granite_amazon_brown_a9db24d6-246f-4bb7-a8b4-1c1eb2ff69cb,legacy,
slab_granite_amazon_lilas_ca3b3b3a-b714-419f-859f-d4789eb05dcd,legacy,
slab_granite_amazon_pink_9faecd80-36a3-4127-96b2-47bfe684640d,legacy,
slab_granite_amazonia_323b0939-e265-49f2-b153-6f1952e3e9c3,legacy,
slab_granite_amba_cream_4c94ddaf-c820-4626-9955-0ce61cd60580,legacy,
slab_granite_amba_white_ab75a57e-3716-46f5-a75b-7c93ab5324dc,legacy,
slab_granite_ambatomanga_9f06fa60-0697-4ea3-ae9b-02316d0974c0,legacy,
slab_granite_amber_gold_a7e35329-c8ee-40b5-9757-c63157e74523,legacy,
slab_granite_amber_persa_39c90905-0dba-4590-b7a4-f922e5517b9a,legacy,
slab_granite_amber_storm_a3ac5793-70b3-400a-b2f1-d2e9b43b5a2c,legacy,
slab_granite_amber_yellow_b7434784-1903-4e95-ba46-1b25df0a05da,legacy,
slab_granite_ambrosia_gold_052a2725-cc8f-4408-bcc9-ec4e43e38348,legacy,
slab_granite_ambrosia_white_3b5a3b56-2f0b-4464-a48e-16b84070ddb3,legacy,
slab_granite_amc_red_36529891-a251-471b-a261-d66b5a08e002,legacy,
slab_granite_amendoa_29e0f84d-0560-497f-b62f-0629365dfe02,legacy,
slab_granite_amendoa_capixaba_6688a9fc-16e6-41dd-acd5-8c03d1ae0c25,legacy,
slab_granite_amendoa_carioca_f4dc5755-a385-4680-b46a-8dfe1d8bdbdd,legacy,
slab_granite_amendoa_missi_c1e47a6d-9295-4245-972c-9f996f5dfa15,legacy,
slab_granite_american_gold_brazil_b6cc230f-9196-4784-90fd-07343014a4ff,legacy,
slab_granite_american_grey_03393f3c-a9c2-4b1b-9abd-623c0a3e5509,legacy,
slab_granite_ametista_black_4144caff-7253-4165-9c32-af646510354a,legacy,
slab_granite_an_gee_red_a3fd1146-096a-44a5-9de8-2fff24c8c26d,legacy,
slab_granite_an_khe_red_3baf63e8-61e3-4c67-bba6-e59adb475134,legacy,
slab_granite_anantapur_grey_6bac2b09-0f3d-44b9-a60a-ef9dda75c3c6,legacy,
slab_granite_anatoli_d3d17446-2243-4edf-9d10-f64c6d011f58,legacy,
slab_granite_anatolia_black_76dfc12e-5e51-46db-b295-05d0584fb660,legacy,
slab_granite_anatolian_green_cf9935c2-249d-4c5c-822c-56df67c7b03c,legacy,
slab_granite_ancient_brown_7cdf37b4-1808-4faa-aeac-e5e76fe53722,legacy,
slab_granite_andes_black_62efd0e6-a7c5-45d7-9243-b4e774e954c1,legacy,
slab_granite_andromeda_9b2b2be3-1b74-4eb5-97da-252b1abce403,legacy,
slab_granite_andromeda_cream_9f9a5ab1-e8e1-4f57-a70e-a817cb2e198c,legacy,
slab_granite_andromeda_white_9b251beb-a5ce-4f84-ab9b-bb5e628ebd1d,legacy,
slab_granite_angel_pink_b5bf250b-2908-434b-8724-8572e8335995,legacy,
slab_granite_angel_white_43656db7-425c-4bf6-88df-ac425cbf08a1,legacy,
slab_granite_angellus_71a1d6b1-3788-4066-a489-747b4ae10571,legacy,
slab_granite_angola_rubin_8d16edaa-c762-4c13-b957-256221f10091,legacy,
slab_granite_angola_silver_75312470-0223-482a-84b1-638264eea16a,legacy,
slab_granite_angra_brown_1be4bc95-5853-471c-8de7-c11ee4376955,legacy,
slab_granite_angra_red_509b6cf2-82a6-4656-9229-fada01e32921,legacy,
slab_granite_anhai_white_0d1edf35-ab8b-4b3d-8e0b-c8044fefb0c2,legacy,
slab_granite_anhui_ice_blue_31501085-06bf-4415-9b8a-433dbed23c46,legacy,
slab_granite_anji_lotus_flower_bdd48288-8702-42fd-90cc-a188e1d70b16,legacy,
slab_granite_anji_red_2aa02dad-20af-431c-976b-f2ea3545d9c4,legacy,
slab_granite_anjos_gold_2ae5cc92-5a00-4476-abc4-863d406262cb,legacy,
slab_granite_ankara_fume_d520afbd-4b87-4365-87e4-a1b3e2b1c54e,legacy,
slab_granite_ankor_galaxy_5e2adbeb-f595-4ef5-b578-3d75686088e4,legacy,
slab_granite_anshan_red_d6816da5-0521-4243-8a7d-1e9c922a7888,legacy,
slab_granite_ant_f8e9c7f1-f2c3-4b7b-aed5-bd4a01eca0fa,legacy,
slab_granite_antena_550a3895-6025-4e4c-9328-48083f71f327,legacy,
slab_granite_anthracite_black_e929cb9b-37b9-4cc6-b758-ee752697da43,legacy,
slab_granite_antico_cream_06673cbb-6a38-46f6-b4e0-ca665e4979cc,legacy,
slab_granite_antico_pearl_ff4fe649-62a9-4fa4-8e8b-2ddf91d0ef2b,legacy,
slab_granite_antico_silver_b5c67e42-73dd-4227-a0d0-2cf29dcdd1c7,legacy,
slab_granite_antik_nero_gabbro_f045dfb6-6863-43ef-9f11-e8b5f1c74d94,legacy,
slab_granite_antique_blue_88dda33a-e1e3-4236-9cff-12bc857383d5,legacy,
slab_granite_antique_fantasy_014234ca-1227-46ba-abd5-426343f2c69a,legacy,
slab_granite_antique_green_6201c9dc-7e21-4ce8-b0ef-38c25a36c0a7,legacy,
slab_granite_antique_marron_67bd166c-8eba-41e5-af29-c9af89fcf804,legacy,
slab_granite_antique_white_e455ce57-57d2-4d37-9e2a-259045078d4b,legacy,
slab_granite_anxi_red_48563f97-7fcf-444a-8375-493800918d02,legacy,
slab_granite_anzola_edc22a54-9558-423e-bb3a-0bb986cac6f8,legacy,
slab_granite_aobao_black_7077e1fc-2f11-441c-ae88-94dccdf3ebb8,legacy,
slab_granite_aoki_black_33edb8ac-b357-4f6f-8b9d-b1ef516514cd,legacy,
slab_granite_apache_red_ca43c3ad-7c78-4c09-b3bc-8c67bee678be,legacy,
slab_granite_apollo_1c9ffdd6-71bf-47ac-b2f6-892a15d83653,legacy,
slab_granite_apollo_storm_9eada309-690e-4692-b0e0-673149e7e9e2,legacy,
slab_granite_apple_white_7189b99d-5e21-466c-962f-0d5c4cb1a491,legacy,
slab_granite_apricot_blossom_0dd1b2ff-66a0-416c-88df-dae5715c6274,legacy,
slab_granite_aqua_blue_a1732d9b-c1df-477f-99a7-4d76a8a0bc1f,legacy,
slab_granite_aquarela_gold_11583399-d5e5-4bd9-bd02-b2c34c739227,legacy,
slab_granite_aquarrella_green_567e5a46-184a-4a16-a89b-e80b1a585ba8,legacy,
slab_granite_aqueous_f0f0f3ac-acf7-4d31-a612-5915e868ec8e,legacy,
slab_granite_aqueous_venato_be98fab2-6ce2-43f4-9983-86d3058d9185,legacy,
slab_granite_aqueralla_red_f24ad622-8992-4d99-83f0-1f2b97c23aa1,legacy,
slab_granite_aquila_red_18c8f7ba-a80f-487d-90ef-7e3e4670e2c8,legacy,
slab_granite_arabian_black_6a21de31-be99-4bdf-a520-9c32fcf0eee3,legacy,
slab_granite_aram_brown_9c474295-2ff0-470a-91c0-2e62845452ca,legacy,
slab_granite_aran_cream_41fd98fc-d5f3-4f63-9a1f-30cb49f6f4d4,legacy,
slab_granite_arandis_434e36b6-c7a8-4c49-b630-b3e6778d9bf8,legacy,
slab_granite_arany_7ea7b4b3-0ae8-4198-80d8-47e47d306eec,legacy,
slab_granite_araras_gold_eb76d5e2-0c28-4d32-8e64-1aaa7ce87eb8,legacy,
slab_granite_arbatas_0274cc5f-9ada-4208-8e81-a1e42b09a103,legacy,
slab_granite_arboga_a69957b6-1246-4e5c-b6f4-e53869e0ee59,legacy,
slab_granite_arcadia_7616542e-c267-4aee-95ca-d3d59cf726cb,legacy,
slab_granite_archipelago_red_688e7aa8-c0f8-455a-82f9-76f4783133bd,legacy,
slab_granite_arcka_yellow_8399bfc6-b8bc-443b-9623-61c794b289c8,legacy,
slab_granite_arctic_black_norway_3f4d6573-6306-440e-9927-ca7422ed4369,legacy,
slab_granite_arctic_black_star_445a6252-4b82-4195-b887-12b265be3755,legacy,
slab_granite_arctic_cream_4833927b-b084-4b4d-be2b-0bdd0d2c14c9,legacy,
slab_granite_arctic_gold_77161b4d-ba20-49d2-8bbd-594e152c01c1,legacy,
slab_granite_arctic_grey_65614171-7adf-4b7d-868e-2fe7ea8f619b,legacy,
slab_granite_arctic_pink_9f0ab431-0a4a-40c2-92e5-7a89d182c081,legacy,
slab_granite_arctic_polar_white_c7d97e2a-afe8-44b3-8773-6e6b27b212d4,legacy,
slab_granite_arctic_rainbow_9f3a7891-843c-49ff-aeb6-61b6ff95f9fb,legacy,
slab_granite_arctic_red_9e3e3316-c314-4341-9bab-4416a487e557,legacy,
slab_granite_arenarico_fb848b58-029a-4a67-85cd-f68df9469b7a,legacy,
slab_granite_arendus_white_b046c7b1-de38-4970-bc02-a3e501ecae12,legacy,
slab_granite_ares_5d2ffcf2-8bc2-464b-9c6f-530a1596ba32,legacy,
slab_granite_aries_white_684d6b22-2955-4915-a3fa-779c47320a2a,legacy,
slab_granite_arihant_black_6046a0b1-bbe1-44fc-9470-6aeb3f462615,legacy,
slab_granite_aristo_white_14d60be0-5d73-4f19-acfd-5c91795a2f72,legacy,
slab_granite_arizona_9fe40eed-18e3-4a3f-a701-d1c07bb7e29b,legacy,
slab_granite_arizona_3d_grey_2d8cedef-0a8d-45fa-9479-72de77204b36,legacy,
slab_granite_arizona_blue_c9b2ca65-f5fb-4db8-8230-91aa382ee57d,legacy,
slab_granite_arizona_brown_06c046d4-acb9-4576-a8a7-61d42c1038d3,legacy,
slab_granite_arizona_forest_light_5161fcaa-1902-478c-ade1-0ea3fba7b5a6,legacy,
slab_granite_armani_black_98daf0e1-0e25-4a25-b9d8-b995a5602c25,legacy,
slab_granite_armani_white_a4b91750-fa24-4195-9120-71aeaa2f2bf4,legacy,
slab_granite_arnad_99663007-1b13-4a30-86d2-332dbe962cd2,legacy,
slab_granite_arterial_b2b81d73-a5cc-4c18-a249-f9b675b8dfbf,legacy,
slab_granite_arthemis_8949b5c4-7f00-433d-aa4d-682f4e22dbdb,legacy,
slab_granite_artic_brown_37e9fd53-1546-41c1-b42f-4678a120b7b4,legacy,
slab_granite_artic_green_fd84342f-2970-47d9-b54b-d265f0bc4d1d,legacy,
slab_granite_articum_red_bb5562bb-950b-4e51-8b17-4bec0e32f8bf,legacy,
slab_granite_artosha_5e5ca960-8fba-44db-b3e9-00f7e89c9c6f,legacy,
slab_granite_artus_a91b239a-0f5c-45c7-8fca-3dbf3e3d6971,legacy,
slab_granite_aruba_dream_73c2097f-1dc7-4577-a52a-48f58639ba9e,legacy,
slab_granite_aruba_gold_2f89a68a-7b5c-43d3-921f-a58f818244c6,legacy,
slab_granite_arzachena_e5e7e254-b96c-467e-90c9-3d742e07844a,legacy,
slab_granite_asa_branca_0f52777d-6635-481c-815e-5e5e67681ef0,legacy,
slab_granite_asgard_white_ff5c477b-b0cb-4a11-990c-24a67f584762,legacy,
slab_granite_ash_black_6ce9556f-d998-4aec-b8ea-d7f12f094443,legacy,
slab_granite_ash_brown_17d663e8-a246-4d72-9f13-01555d633670,legacy,
slab_granite_ash_grey_56e71153-5081-450d-b1f6-d3303a4b8e17,legacy,
slab_granite_asian_black_35249ca5-fed7-41cf-b1d1-9384c449d3cc,legacy,
slab_granite_asterix_bb41c170-8b69-478c-8b39-7f5e0af089d0,legacy,
slab_granite_astoria_gold_f13cfb7b-0e59-43db-ae57-c091804bd741,legacy,
slab_granite_astoria_ivory_6a9407ca-cd04-4722-9107-fa8d4f8ff602,legacy,
slab_granite_astoria_pink_01de8999-06c2-46e3-bb28-f50a0c592958,legacy,
slab_granite_astrus_93ab1467-9e68-4651-9e77-1ab6b0aa231f,legacy,
slab_granite_aswan_red_2905a8f9-1657-4c5a-ab14-8d4d1292272f,legacy,
slab_granite_atacama_2c5ab3ea-b426-450e-977c-c1d09f6a53c2,legacy,
slab_granite_atibaia_791c41a2-8c54-438e-9d1d-a38179aa44be,legacy,
slab_granite_atlantic_black_cba353f1-dd51-4e80-9bd2-0f215496b340,legacy,
slab_granite_atlantic_green_e8225e12-b106-46f2-a7dc-2ca6dd045976,legacy,
slab_granite_atlantic_pink_035ef600-8d15-432e-bb73-0ca9a1525d9a,legacy,
slab_granite_atlantic_star_f881189a-f638-42fe-b421-5137af51d07b,legacy,
slab_granite_atlas_727393e7-cdd1-4cfe-96c1-189c339a6e29,legacy,
slab_granite_audax_64a86495-4871-4070-9445-473e23984d0f,legacy,
slab_granite_aureate_grain_22b72644-2976-4ef9-950a-69a2467bda74,legacy,
slab_granite_aurora_5dfb704e-84ac-4893-8e87-b2b08ffaec99,legacy,
slab_granite_aurora_black_2db536ec-87e4-4488-bbfd-2cd39475217e,legacy,
slab_granite_aurum_black_25d06424-ebc5-46df-9202-741ef850c9a8,legacy,
slab_granite_aurus_e5f07472-bb1f-43e1-bd31-67c0c20b4738,legacy,
slab_granite_ausone_silver_blue_5c47e796-51d8-4f0d-b5f3-c7e2b53d3967,legacy,
slab_granite_austral_coffee_791ab0d5-27d9-47af-adc7-8dbfde657826,legacy,
slab_granite_austral_green_2d8ff855-5357-4776-b31e-95f133c36dfc,legacy,
slab_granite_austral_juparana_affa26bd-366f-4320-8891-95461deb19ef,legacy,
slab_granite_australia_desert_brown_6d3a3179-66bd-4ce4-a9b1-acb572095c5a,legacy,
slab_granite_australia_forest_green_845d5c9f-9f1f-4d65-b5a3-ca1b61468904,legacy,
slab_granite_autumn_green_19e53e83-ead6-499d-8001-f942f8a4ccc1,legacy,
slab_granite_autumn_leaves_9d126506-2997-4d87-a487-9375cb252243,legacy,
slab_granite_autumn_yellow_c0175468-8bb2-4a35-8b81-f432adb46aa2,legacy,
slab_granite_avalon_white_775de1d6-2f7f-4bfe-8ac4-e4abb478f015,legacy,
slab_granite_avatar_blue_fb7d7747-b4f1-4650-a3f0-07c64868817f,legacy,
slab_granite_avatar_gold_5295b0ae-04f6-46d0-bfb0-66e6dfb0cf5b,legacy,
slab_granite_aves_4a8b7b21-8dcb-484b-825e-a235a228a637,legacy,
slab_granite_avocado_f4c4c6cb-ca27-4f37-ba56-67b8eaed275b,legacy,
slab_granite_avocatus_a1cafae6-03e2-4eab-925c-e023c1891835,legacy,
slab_granite_avon_grey_a79f407f-308d-4d71-9c08-0cbd972b0ecf,legacy,
slab_granite_avoria_white_f24a05f3-c602-47e2-bb6e-f3f7ba951864,legacy,
slab_granite_avorio_3e7eed01-567f-4bf7-8fdf-ab6520d703e8,legacy,
slab_granite_ayers_green_f41cc462-ece8-45b7-a251-29a15d6f7fdb,legacy,
slab_granite_ayvalik_09c34a3e-79a7-4d33-8cbf-bc643200f4e8,legacy,
slab_granite_azalea_red_6b015081-e1d3-4a62-b5c8-95ba3e9f2b23,legacy,
slab_granite_azul_alpendurada_52f57c89-062d-467c-8a16-fa9f57b26bc9,legacy,
slab_granite_azul_anochecer_3086fb3c-cc66-4b9d-9db6-1912a8008f1e,legacy,
slab_granite_azul_aran_4e3fdc42-81a0-46e9-8ec2-bef6f6279641,legacy,
slab_granite_azul_araras_92070270-0e18-4740-a0df-7ff1f5ed7dad,legacy,
slab_granite_azul_bahia_blue_3cb0925b-1c85-48d4-aed4-a1a231fcaeca,legacy,
slab_granite_azul_cinzento_7c695902-658d-4d7b-9d55-21a55b875810,legacy,
slab_granite_azul_claro_00cc2053-2aa6-4830-b552-14337166dd6a,legacy,
slab_granite_azul_costa_14c9f514-f683-4b19-8b92-ac002960c088,legacy,
slab_granite_azul_de_evora_a0092e09-9c21-468d-852c-3e179a18cd16,legacy,
slab_granite_azul_dm_3a6176dc-9d70-4048-9ebe-86932d3cef2a,legacy,
slab_granite_azul_escuro_58b8645d-ccce-43ce-85bc-7f6b022c9feb,legacy,
slab_granite_azul_extremadura_3ec8e18c-321c-42ca-a574-45c99931858c,legacy,
slab_granite_azul_eyes_bc69bde0-872a-4024-8b5f-cb95f4934144,legacy,
slab_granite_azul_grao_fino_9305c067-48d8-449e-9133-86a46438a98f,legacy,
slab_granite_azul_guanabara_a3e1483d-8a5b-4600-912c-961c40f3fa12,legacy,
slab_granite_azul_mara_73722bb6-11a8-4f61-91b0-8b95d64696ed,legacy,
slab_granite_azul_nova_1f7976cc-23ab-44a5-932d-f3c4518ac762,legacy,
slab_granite_azul_nuevo_db98c03a-6bdb-4dfc-a8e2-753fe481c6e3,legacy,
slab_granite_azul_ora_8d2ae340-0b38-43c8-b7a8-c08efd8d434d,legacy,
slab_granite_azul_oscuro_08b4de1a-43e0-4bfc-8988-fc9f20ae2d03,legacy,
slab_granite_azul_palmares_45052d49-2506-4c58-9700-f414dde1aff2,legacy,
slab_granite_azul_pegaso_b59cb7eb-5f3f-40f3-8f9d-565ae3b9a2d9,legacy,
slab_granite_azul_planeta_3aee8a33-8dd8-4199-9b6e-0e6894cdd506,legacy,
slab_granite_azul_rio_75b61040-e9c4-46c4-9525-ba60dea92843,legacy,
slab_granite_azul_serena_d398b9da-c050-438f-9e8d-be9803cfc37c,legacy,
slab_granite_azul_suede_c045d046-e4c5-4fe0-853a-39d40f6bea27,legacy,
slab_granite_azul_tragal_ce668389-c004-482e-9de8-c5658d787ac8,legacy,
slab_granite_azul_transmontano_07efc256-e818-4df3-9276-f40f78143d1a,legacy,
slab_granite_azul_trujillo_d21f9220-adb1-4ac2-a983-3f1715d8de0b,legacy,
slab_granite_azulalia_e8b9097f-32df-46c7-8e48-87b56aba3744,legacy,
slab_granite_azulino_aedb7a5e-12be-4f69-9d8d-16fa63eb7805,legacy,
slab_granite_azure_white_f4b27bcc-c0ff-4f6b-b5ef-56e531743676,legacy,
slab_granite_azureus_39e73d12-cefa-4f90-85c6-4a0a6808c89c,legacy,
slab_granite_azurite_a79bf7e9-9d60-4cdd-8ed6-9625fe140a05,legacy,
slab_granite_ba_medium_897a9408-b8ce-4761-a3f3-27cac3e3f6e0,legacy,
slab_granite_babilon_d5d5c845-fb32-4cc4-b18b-f103e8c0a750,legacy,
slab_granite_bacurau_a36c1091-89cc-4eb4-abb6-1d908a390f12,legacy,
slab_granite_baha_golden_c7734d65-2b16-4439-acb5-49342876994f,legacy,
slab_granite_bahama_blue_dd8f00fb-b19e-4a6a-b4cb-82a4915cdcee,legacy,
slab_granite_bahamas_c355c7fa-e3af-4ae3-8712-f884715a2b8b,legacy,
slab_granite_bahamas_gold_41fe0ce9-2fa7-4139-adff-0f2ecb2e5939,legacy,
slab_granite_bahamas_green_2c8008b2-47aa-409a-9099-65684837705a,legacy,
slab_granite_bahamas_white_da881783-8e0f-4b0e-b375-a149f9498e9e,legacy,
slab_granite_bai_hu_jian_hong_f29eae10-d94a-43bf-b7cb-4600673bd69d,legacy,
slab_granite_bai_po_huang_cef2e8fd-c4bc-4c0e-ab0d-66555dd8c675,legacy,
slab_granite_baikal_92dd465e-9727-4682-ac61-d1ad69bd0496,legacy,
slab_granite_bala_flower_d3fe1fab-b484-417d-9d70-0b0d22ddbc63,legacy,
slab_granite_balaban_green_4b66a4ee-45cd-461b-8f0a-73590da7a131,legacy,
slab_granite_balfour_white_1b1e47a7-0bad-4b07-99b4-dfcf4d47002e,legacy,
slab_granite_bali_red_66705e16-cd5a-4bd2-b7bb-5cb5ddea2a8e,legacy,
slab_granite_bali_white_6fe1804f-61c7-4ef6-9b6f-715ec8c7e681,legacy,
slab_granite_bally_white_0e538ee3-6e61-4f61-8ec7-ca5937528d14,legacy,
slab_granite_ballybrew_7ddd1751-5b90-46d4-8eea-e3241314e1ad,legacy,
slab_granite_ballyedmonduff_ed77dbcb-32e6-488e-a70a-9dd1daf00561,legacy,
slab_granite_ballyknockan_d67cad83-2923-4a6d-be6e-9a4473e2c31a,legacy,
slab_granite_balma_black_72c1ba7b-c45a-4612-95df-51d7ad5b70ae,legacy,
slab_granite_balmoral_green_a3b216ab-68fd-48f1-b4a8-718abdbf598c,legacy,
slab_granite_balmoral_red_bdebad68-4160-4d59-956e-cedfde94b879,legacy,
slab_granite_balthus_f28f9db9-85a8-46c1-acfe-d897ef004b65,legacy,
slab_granite_baltic_azul_0826a756-4efe-4170-97cd-8a8168b2a4eb,legacy,
slab_granite_baltic_brown_bb_892013ad-b282-45b4-9ccb-b59a9c70ca13,legacy,
slab_granite_baltic_rosa_370124a3-cd13-4905-8c2f-de89f5ca7cc3,legacy,
slab_granite_baluarte_6ddb0b9a-84a3-4d9a-b3a2-e3f2f5999e49,legacy,
slab_granite_bamboo_leaf_black_35c5c6ad-d59f-4e27-9e22-31e46d11a68f,legacy,
slab_granite_bamboo_leafage_black_f5530d53-4da1-4862-8b13-24352ff6cbd7,legacy,
slab_granite_bamboo_leafage_green_e9cd145c-6625-4c14-abf6-b8f593458593,legacy,
slab_granite_ban_tak_ec6e9f39-6b90-49a6-be56-f2bab9320ed8,legacy,
slab_granite_bao_loc_golden_2f4b5cdc-dedd-4bc8-8e0b-bc271e1e3423,legacy,
slab_granite_baoshan_grey_59a079f6-b281-4310-a95e-4ae2600c2223,legacy,
slab_granite_baoxing_ice_black_67af206d-450f-4018-b2c4-bea5e25a5db8,legacy,
slab_granite_baoxing_rape_flower_yellow_0c513950-41a3-405b-94ed-42726587d572,legacy,
slab_granite_baoxing_red_93f61c4c-efc7-4e64-8f2e-7495609e078e,legacy,
slab_granite_baoxing_watermelon_green_6a37ee77-d23f-4303-8c46-11abc25f130a,legacy,
slab_granite_bararp_edda5e5a-d5e1-475b-8c03-ed87ef04f544,legacy,
slab_granite_barbara_white_0598e101-b251-4f57-8f14-cd91568dbd48,legacy,
slab_granite_barbarella_3e73ca62-bd81-4b00-843a-6cb5d27acd8e,legacy,
slab_granite_barents_blue_4e2ed69e-d669-465c-aea7-e114744b4c4d,legacy,
slab_granite_barents_red_257eafd6-83f4-40bb-94f0-57af87c896eb,legacy,
slab_granite_baricatto_cb4574c7-72df-48e0-a3ff-3dee14b9940b,legacy,
slab_granite_bariloche_939b6552-2506-4e14-86d2-af8843306876,legacy,
slab_granite_bariloche_gold_da67ee41-8d3d-473c-bd5e-ff962a73682c,legacy,
slab_granite_bariloche_white_0a69cf44-954a-45ca-bd3f-0b7266117838,legacy,
slab_granite_barindong_light_929a121f-c3af-43e3-85ea-ac8ed144dc89,legacy,
slab_granite_barmer_gold_63a754a8-03f8-4205-849d-3f6821fde061,legacy,
slab_granite_barmer_green_45f5cfc3-0631-42e7-ad3e-84ddb7fc7e12,legacy,
slab_granite_barmer_yellow_9ae5cdf0-c00c-4e10-b36b-a8b8d819b9d3,legacy,
slab_granite_barnacullia_53e3ac24-d2d9-47b1-b218-8dae54ad2c09,legacy,
slab_granite_baron_tham_6a56a8d0-9142-45fb-8fcc-af1b664717e3,legacy,
slab_granite_baroque_gold_7074cf67-4a4e-4bcf-880f-8e87575c8dab,legacy,
slab_granite_barra_grey_1b8b0034-d096-44db-ae71-710e606a7330,legacy,
slab_granite_barricato_68cda9da-9831-4641-b642-29c64853118d,legacy,
slab_granite_barroco_d898298d-54b5-416c-adba-992b5109df99,legacy,
slab_granite_basilicato_5aee4d98-3de9-43f7-9866-2484f3009cb0,legacy,
slab_granite_bauchi_green_f19360fa-b3e7-4aab-9876-dbad86324128,legacy,
slab_granite_baveno_verde_baff7448-74a8-40f3-8c7c-0fd7bc227a4a,legacy,
slab_granite_beauty_black_1d222546-81fc-45ad-b120-9ea4dce2a520,legacy,
slab_granite_beauty_dark_9a7c39a0-c506-43d5-b4d4-53ba182130d5,legacy,
slab_granite_beauty_musk_d171cefa-c2f9-4de8-94a7-b31b7ddf11ab,legacy,
slab_granite_beaver_brown_ec5f153b-70ed-4dfd-8fbd-5a2d4c150a64,legacy,
slab_granite_beida_black_3f272802-f252-47d0-87b4-d41922ab24d6,legacy,
slab_granite_beige_khorramdarreh_1f631b58-e4b6-44e1-9b7b-758f923b9c21,legacy,
slab_granite_beige_rosa_0a7865e0-6bf0-435c-91a4-8c96b3d7cb59,legacy,
slab_granite_belgaum_grey_f5cc8a28-fc29-4406-b803-a13e73a70f82,legacy,
slab_granite_bellatrix_4da02a61-eeeb-4617-b69c-17690923460e,legacy,
slab_granite_bellingham_e8885b08-bae4-49b8-9616-2405534d6ceb,legacy,
slab_granite_belmont_rose_2d9f4db0-3506-4524-b2dd-4a6ef9e284c4,legacy,
slab_granite_belorizont_46acd1f4-741e-4e7f-8117-572e11aeeb80,legacy,
slab_granite_belrose_6690caf7-623b-4a89-99fd-f4a8b988ae2a,legacy,
slab_granite_beluro_67d3c7e8-42e1-4da0-9c8a-a4a883897d5a,legacy,
slab_granite_belvedere_cf75c78a-ab42-4a6b-9fba-1a07cc963aed,legacy,
slab_granite_belyauti_336cc3e5-24ef-44a8-809a-56713303bfa1,legacy,
slab_granite_bengal_black_a8616890-f5d9-4fdc-8c15-a3ac4a0fde2f,legacy,
slab_granite_bentley_grey_6aba765c-82cc-4c9a-a192-9e2138b58b04,legacy,
slab_granite_bergama_grey_c3b52636-d98c-4cd0-b089-db8c6b64d25d,legacy,
slab_granite_bergan_bcb92cb8-9636-4fef-9fff-640c9c369984,legacy,
slab_granite_bergstrasse_9004f948-7efd-4d5c-a719-b2f8ddee4b2e,legacy,
slab_granite_berry_brown_6b9e6158-a309-4c7d-b033-c81e686c4d60,legacy,
slab_granite_bethanie_cb613ed6-69b5-4592-8eed-ff2e0e31f5c6,legacy,
slab_granite_betulaire_2b228343-e05c-44a8-bd58-97f57ca6134d,legacy,
slab_granite_betularie_bf2e519e-2848-4e48-925e-1cffc0b9dc52,legacy,
slab_granite_bg_black_54ba64e8-7e7c-4b02-8c3e-d5ea670d5312,legacy,
slab_granite_bhanu_brown_cdbb87b9-21e9-424e-8299-53bfc1083957,legacy,
slab_granite_bhilwara_black_5b5755b3-683a-4c37-9e3e-6d34b2e07381,legacy,
slab_granite_bhilwara_grey_6a797f1e-411f-4087-aac5-559f26fb38e0,legacy,
slab_granite_bianco_6aa2f8db-6834-4509-84ea-3c7795a8b2c4,legacy,
slab_granite_bianco_antarctica_ab1f15e3-a22a-49b7-927c-44b2bd84ae7c,legacy,
slab_granite_bianco_aurina_5c47e6eb-ddfb-4d88-b79b-93a87c287494,legacy,
slab_granite_bianco_aurora_0f840268-de9a-4051-8c10-f45912830bce,legacy,
slab_granite_bianco_calizia_304780fd-4d2b-4421-9b0c-6d0c92f2d6f4,legacy,
slab_granite_bianco_cardigan_88db4790-20bc-4f07-88f2-08fe26f85a53,legacy,
slab_granite_bianco_catalina_2f62cb8e-dece-436b-88e4-8ff52dfc399d,legacy,
slab_granite_bianco_celeste_6b98be95-4bb6-4eb3-b725-fa1e0a225610,legacy,
slab_granite_bianco_dalmata_0db3999c-6fbb-4f47-a68d-f8988fabda74,legacy,
slab_granite_bianco_gold_bd7cd6d2-116f-45a0-81a1-d45bd61c026a,legacy,
slab_granite_bianco_jabre_e15f50b9-2a7c-4172-b34c-05ff145da8fb,legacy,
slab_granite_bianco_michelangelo_05978e32-7afd-4dea-a6fa-833043581a96,legacy,
slab_granite_bianco_monte_carlo_8e235709-fd42-47fb-97a4-e16599650790,legacy,
slab_granite_bianco_montorfano_e24d9d5b-ff18-4b3b-b25f-36199f89839f,legacy,
slab_granite_bianco_napoleone_59a90395-6feb-462d-8992-acfdb6ceafd0,legacy,
slab_granite_bianco_pergamena_4b888785-856a-4484-9858-e90d7be94a3d,legacy,
slab_granite_bianco_pesca_c23b2651-7116-41a6-8d06-35b8f1c192db,legacy,
slab_granite_bianco_rubelita_815b0eda-0642-4759-83ef-0c4ecc0f727e,legacy,
slab_granite_bianco_smeralda_a95dd10c-3113-495e-a405-9e948a664703,legacy,
slab_granite_bianco_tapaio_0096db24-a62c-49bc-8941-b2eb8d200cc1,legacy,
slab_granite_bianco_tapajo_ca8d6b17-d3c9-4ab1-957b-9df5f503f77c,legacy,
slab_granite_bianco_tarn_87f5b964-0b75-496f-adaa-28019200eec0,legacy,
slab_granite_bianco_tifone_182cefd6-d377-4c90-849a-87e47de84b58,legacy,
slab_granite_bianco_torrone_e69b44d2-d0fc-4bb6-8428-f7cb8caa94fa,legacy,
slab_granite_bianco_typhoon_6eb591eb-3563-42bf-af44-15d7153bac18,legacy,
slab_granite_big_brown_flower_81f03afc-9ea6-4d83-a1fc-564a45ef0443,legacy,
slab_granite_big_flower_708ad4db-2e74-4981-93af-ddbcc4807515,legacy,
slab_granite_big_juparana_ce8d77e0-1e9e-4fde-a75e-1353045c2435,legacy,
slab_granite_big_sesame_2b672bc1-c9b1-4860-9f54-083986251dcc,legacy,
slab_granite_bijuri_beige_e016928b-46be-406b-bc79-7404fef780cd,legacy,
slab_granite_bir_askar_brown_be954ea2-df50-4958-b353-d7dce056482f,legacy,
slab_granite_birjand_daneanar_daec06fb-0817-4b3e-804f-0c61a0802587,legacy,
slab_granite_birkenkopf_9ee1a479-a622-401d-9d4e-18c0c6168587,legacy,
slab_granite_biscotti_gold_38c093e9-3476-4c00-a82c-d3dd572a730d,legacy,
slab_granite_bishop_black_6da98912-5b2b-4d8f-bb32-04eaf181a0dd,legacy,
slab_granite_bismark_brown_a74eac39-f3c2-4ba9-8d33-77be469b017a,legacy,
slab_granite_bjaerloev_8a9dd434-9ece-47d8-a1e7-d91e1ef2cde2,legacy,
slab_granite_bjarlov_c2eb6145-5a62-41fe-b0df-de17657ac938,legacy,
slab_granite_black_amber_9537004e-8f66-4a71-bc3b-47f9adcc6fa6,legacy,
slab_granite_black_bingzhou_d0ebd27d-5358-4595-933e-2ab278a61fd2,legacy,
slab_granite_black_cosmic_0bc3ad35-6abe-4fba-aeee-b3d2f93c2b4a,legacy,
slab_granite_black_diamond_933bc5d5-5b50-4fcb-984d-21da83f742e0,legacy,
slab_granite_black_diamond_sichuan_71cad1d0-b139-4a06-a852-32d7aa3cf9d3,legacy,
slab_granite_black_eyes_08dea390-4397-47d0-b63b-939fe6f558b7,legacy,
slab_granite_black_falcon_40268fb0-48d2-4d54-9b1c-7f90c253a769,legacy,
slab_granite_black_forest_gold_eb365abe-33eb-4d80-82f0-61603a92299b,legacy,
slab_granite_black_fuping_1be2c8d2-e570-498f-827c-8ff6d9c97b32,legacy,
slab_granite_black_grain_3cfc057c-a4bf-4495-855b-3344c8f2c70c,legacy,
slab_granite_black_ice_49c1afbe-a578-407a-8109-b1493ac86ad5,legacy,
slab_granite_black_jack_c14b7c2e-695d-4d98-942c-0f94b6042ff6,legacy,
slab_granite_black_jinan_05e18cae-d30a-4804-9ffc-6b1c7deec505,legacy,
slab_granite_black_lake_8bc4a40d-129d-4d3b-80fa-f2a368dee14a,legacy,
slab_granite_black_leopard_2a1782e0-27b6-4151-acc5-6b4d383d7a9c,legacy,
slab_granite_black_magenta_372daf25-665d-4848-abc1-73dad79263f6,legacy,
slab_granite_black_magic_06b11799-ce85-4bd6-99d0-40f65f0672ff,legacy,
slab_granite_black_mamba_d01d597b-46bf-4fea-9f45-dd1011d6d385,legacy,
slab_granite_black_marinace_91f3d069-5997-4ccc-8542-62f6f1934e3b,legacy,
slab_granite_black_marine_407fbbc1-0678-46c8-b129-072e301469ef,legacy,
slab_granite_black_markino_f8be37f8-7720-46cd-845a-df2c483d427b,legacy,
slab_granite_black_marquinho_e785dec1-ffe5-40b9-9e0a-e1b574f2cec5,legacy,
slab_granite_black_meteorite_19763b8f-ae7d-4e5a-a770-a9e194e760fe,legacy,
slab_granite_black_mist_2fa1ce6e-b75b-4963-8626-a281bd01d29a,legacy,
slab_granite_black_night_27b1161a-7fb9-4b01-b30c-1d5e426f9eb1,legacy,
slab_granite_black_orumieh_c6ebbc09-cf13-4cfc-b728-6f5c56ac4cce,legacy,
slab_granite_black_pepper_d005026a-c985-4d50-b4fd-fc9260aba15f,legacy,
slab_granite_black_phu_yen_354f4958-8be1-446a-8cc6-ad2f43066ce4,legacy,
slab_granite_black_pingtan_812222c5-3a3e-4226-aa95-34fa2794e8c9,legacy,
slab_granite_black_piranshahr_2fcc5bd4-b533-4848-8777-ac539c478da7,legacy,
slab_granite_black_prince_gabbro_a3dfda67-5eae-4aca-ae01-e2efeabfd70f,legacy,
slab_granite_black_rwanda_b9a31062-3bbf-4d0a-bfab-3582d6dca9d6,legacy,
slab_granite_black_san_marcos_f4d3c382-58ce-4e0f-8f30-e52c1ef425b4,legacy,
slab_granite_black_savannah_3ab7da73-ecf1-4197-a098-e4c657e23cf7,legacy,
slab_granite_black_silk_7c378781-a7cf-41cc-aff8-83251e9ad8dd,legacy,
slab_granite_black_sky_4ea325ef-b26f-4d4a-aad2-72e7c1f68846,legacy,
slab_granite_black_snow_flake_diabase_da8ec565-b6a2-4bd7-abc6-16ba4ac06d00,legacy,
slab_granite_black_song_hinh_c2d3a44a-569f-4cda-a42f-4ddadbe67b2d,legacy,
slab_granite_black_spot_4b95be11-bc4c-43df-85be-8d6fbfd21edc,legacy,
slab_granite_black_stellaris_e5762e27-4da5-4e27-96d9-c21606557d14,legacy,
slab_granite_black_stripe_9506d109-8f79-44c4-be3e-f0186008e503,legacy,
slab_granite_black_taiwan_5fb658a0-14e8-48b8-8683-dfb53ec37218,legacy,
slab_granite_black_taurus_94491d04-bbca-4609-b326-3ff697261164,legacy,
slab_granite_black_tear_a0ed106d-9020-4ae2-8be2-85f67a44c634,legacy,
slab_granite_black_thunder_c80f556f-3efc-4a3d-ba02-0a9b60497dbd,legacy,
slab_granite_black_ultimate_1526a241-c795-4442-9414-d9972020d0d6,legacy,
slab_granite_black_vegas_1083ca19-6e45-4fd2-b852-6dfe0194b876,legacy,
slab_granite_black_wave_d2c357d6-004a-4772-92bb-c8af2672f14d,legacy,
slab_granite_black_white_grain_bbdbe869-b5c8-4628-be78-84f9a527b14d,legacy,
slab_granite_black_yanshan_34f32673-c1f7-468d-96b0-6d79b94a1437,legacy,
slab_granite_black_yimeng_1ee3b285-a2f5-4644-8c30-7ca61eea3eba,legacy,
slab_granite_black_yinan_07198258-fd9a-4f45-b3a4-bc482827e649,legacy,
slab_granite_black_yubao_4e3fca1f-d513-41e1-970f-02a1ec0b43e6,legacy,
slab_granite_black_yulong_73d5569c-5f82-47e2-ab55-be1b3f07ac74,legacy,
slab_granite_black_yunnan_b940ca04-f63e-4066-8db7-3d409eb280ca,legacy,
slab_granite_black_zhangpu_10fd8f17-d357-4fee-9749-3d4fb86ae394,legacy,
slab_granite_blackout_4501455e-9793-4fd7-83bc-714fb0527184,legacy,
slab_granite_blacksod_3b24c28a-9ae3-4c94-b1ac-d69db74a2662,legacy,
slab_granite_blanc_du_blanc_18d9d494-1dc8-47f2-833e-e22b6867b91a,legacy,
slab_granite_blanco_albuquerque_f29cec20-c8db-4bcf-8445-3b504d60ca33,legacy,
slab_granite_blanco_alicante_33d17efc-dcd0-4807-bf9e-802b5f72df16,legacy,
slab_granite_blanco_amanecer_000bd361-79ee-4609-875a-ac65cabfc106,legacy,
slab_granite_blanco_artico_4b18c238-33d1-4cb5-91c7-56e5eb196803,legacy,
slab_granite_blanco_atlantico_62f813de-1fe2-4dfd-b2fc-27e65b69b98f,legacy,
slab_granite_blanco_berrocal_01845788-c7cd-4575-aef3-9afcb3ff695f,legacy,
slab_granite_blanco_boveda_b2544a7b-d6f3-434e-a9df-b0305332ceab,legacy,
slab_granite_blanco_estrella_4376a9bd-267d-4a5e-93d7-f12cdc965eb4,legacy,
slab_granite_blanco_fantasia_b8587de7-9ba5-498d-940e-61f2662e6a01,legacy,
slab_granite_blanco_gabrielle_24052cd1-1f0d-46fa-9339-e7691c883d05,legacy,
slab_granite_blanco_galia_e6e5d2a0-fbb1-4bbb-840e-88c1ff2c3892,legacy,
slab_granite_blanco_leblon_a960f088-e0ca-4892-bc5d-9f6efb00e060,legacy,
slab_granite_blanco_lima_c17673ca-c544-4b89-bb60-7e2c58c0f44b,legacy,
slab_granite_blanco_malpartida_12add23c-5a77-424d-93e6-25e1ae1378ca,legacy,
slab_granite_blanco_mara_803942c3-259e-4cc0-b402-8956fe616de6,legacy,
slab_granite_blanco_mera_34958d53-9632-462e-ac9e-99d91a2cc5f3,legacy,
slab_granite_blanco_minho_7fb20cda-8cb3-4106-93b3-2a65e2726e72,legacy,
slab_granite_blanco_nacar_01dc865e-9e68-44d9-99a0-f70cee0ba9cf,legacy,
slab_granite_blanco_nieve_077b69b2-46c5-4b1a-872a-db156ad02b67,legacy,
slab_granite_blanco_rafaela_87d67a42-9b59-419a-90fa-bc3d46747364,legacy,
slab_granite_blanco_real_f9306870-13d9-4cd0-914e-746b448592e6,legacy,
slab_granite_blanco_regraex_093e99d2-6e93-4ae6-b9a9-0679fc584f7b,legacy,
slab_granite_blanco_san_marcos_55013557-2ae2-4ccd-ad55-4ed946ffb491,legacy,
slab_granite_blanco_san_martino_1938b77e-4bcd-4946-9732-6071d47acdd4,legacy,
slab_granite_blanco_sayago_15195115-0f34-43d3-80e2-3340fbcf71ca,legacy,
slab_granite_blanco_sierra_1d36add5-80cb-4138-8f0c-2baced2b923c,legacy,
slab_granite_blanco_sisan_c06e8269-ccac-4312-816c-1f5f83046905,legacy,
slab_granite_blanco_toledo_99aec43e-35ed-4293-97f4-430e0043b85d,legacy,
slab_granite_blanco_tulum_75d49deb-bf42-4e35-9b7e-9f65dba4b79f,legacy,
slab_granite_blanco_valle_836ea22c-5be1-4e7a-bf9c-9c32809be86b,legacy,
slab_granite_blanquino_53e78675-9ee0-4752-9fac-c83a394c0202,legacy,
slab_granite_blatna_0de4214b-8675-4816-96a7-9b7c191e7517,legacy,
slab_granite_blauenthal_69987fef-8257-4bc2-89b0-25dc855f9fde,legacy,
slab_granite_blazing_black_c4cab060-870c-4cd9-88e7-d6a5c49e0d6c,legacy,
slab_granite_blizzard_b706591a-27e3-4c6b-ae54-3011443dd6d8,legacy,
slab_granite_blooz_pink_239e0a54-6a98-4bd8-881b-171bc396d1a4,legacy,
slab_granite_blue_acquarius_799e4f21-dc5c-4eda-9bdf-d8ab44015788,legacy,
slab_granite_blue_alaska_53c74e43-1058-4281-b9e4-955721cbcc12,legacy,
slab_granite_blue_barracuda_a95a6be0-459b-4066-95bf-46dd59c06ca7,legacy,
slab_granite_blue_bay_638fdbd3-9213-4e9a-9ca1-7bdd71580d5d,legacy,
slab_granite_blue_bono_e0842314-ba53-45af-906a-d02491d062dd,legacy,
slab_granite_blue_dunes_4c24722a-57b3-47fd-8168-340c7c32afc1,legacy,
slab_granite_blue_eagle_c010b8b4-94e5-4314-ba74-11abfb30f42b,legacy,
slab_granite_blue_fire_30708f09-1352-4a3c-8e03-9fd2c740b770,legacy,
slab_granite_blue_fusion_3e439208-27b5-4b04-9dd4-3b4c7426f194,legacy,
slab_granite_blue_garden_a9018171-9ba8-4812-88e9-19dae3752c34,legacy,
slab_granite_blue_gold_e57fb70f-c36c-4945-8189-d84a3438d28e,legacy,
slab_granite_blue_grain_d9389df4-7c88-4669-bf84-d3bd77949b13,legacy,
slab_granite_blue_in_the_night_2990803a-5939-4eba-a8d4-04a889de2568,legacy,
slab_granite_blue_jaguar_cca7aadc-542a-46b5-aabe-a907b78a0025,legacy,
slab_granite_blue_jeans_d2a15d2d-1f23-4327-99f2-1141eef985bb,legacy,
slab_granite_blue_king_bc956204-ac5b-4c09-a548-bca36afe07b0,legacy,
slab_granite_blue_kunlun_12d2a39c-3043-4a29-817a-9c95b287c108,legacy,
slab_granite_blue_labradorite_adcdca05-b266-46f0-b220-e5bca79e5f74,legacy,
slab_granite_blue_leopard_ec772faf-6757-40e0-9651-d09317e7f06f,legacy,
slab_granite_blue_martinica_d7b6fa42-a937-4ede-9a3d-3d5493916142,legacy,
slab_granite_blue_palladium_6a3b0f8d-63b2-44a8-b75f-76cace73d511,legacy,
slab_granite_blue_peacock_2e0d60a9-ada1-4728-9741-4cb14b652f12,legacy,
slab_granite_blue_persa_044c20e6-c93e-4bb9-ab96-2644bf0a4799,legacy,
slab_granite_blue_plum_72d2feb9-7a14-4fc6-a047-8b3b6bc7009f,legacy,
slab_granite_blue_ridge_c2fca6a7-a14e-4ad0-963d-154194e22e57,legacy,
slab_granite_blue_silk_diamond_d742c998-9309-4949-bbae-642a728a63cb,legacy,
slab_granite_blue_sky_china_676f1e79-1c0a-43f8-bc0b-d502995a92c1,legacy,
slab_granite_blue_snake_c81e3962-9a0c-4abb-ad2f-ef1557714831,legacy,
slab_granite_blue_sodalite_f8505ee7-c8b3-4d4c-b1ab-9d000096f9d2,legacy,
slab_granite_blue_sucuri_eef66f7d-87be-4b80-9bb1-1d9a20371b08,legacy,
slab_granite_blue_thoria_5f8f77fa-435e-4abd-a742-f06affa96d9a,legacy,
slab_granite_blues_gabbro_357e500a-e47e-4c15-a4ca-2762ce74c845,legacy,
slab_granite_bluette_5ef1763c-e667-41fc-95cb-518ff621b852,legacy,
slab_granite_boafall_c8ee25b0-8915-40ce-af64-bc697793d297,legacy,
slab_granite_bobai_black_1783d921-ffcc-4a0e-879b-87ac2998aab9,legacy,
slab_granite_bodafors_d0331bb8-0490-4641-bb42-e62693873f3c,legacy,
slab_granite_bogenes_0c069f36-7e16-4eb3-a159-c5cf90b23eba,legacy,
slab_granite_boguslavsky_7c414bde-f75a-40f3-a3b4-f6f8dbb1d12c,legacy,
slab_granite_bohemian_gray_31964b3c-33b6-4423-92cc-59516e559b7f,legacy,
slab_granite_bohus_grey_517af08c-241d-4028-a154-7d8d0e4e7691,legacy,
slab_granite_bohus_silver_599836ef-fd05-409f-b147-7fbc08983fd3,legacy,
slab_granite_boltyshevsky_ff461dba-761a-4884-bcad-08b36bec100d,legacy,
slab_granite_bon_accord_12dd5286-2d4f-4646-8f27-be4aa40b1dae,legacy,
slab_granite_bon_red_cb032b73-8079-4670-a893-5ca8acaa5fbd,legacy,
slab_granite_bonaccord_black_ed3159d7-55a3-4ee6-abfe-9158f3e4dee5,legacy,
slab_granite_bonanza_gold_bb2a01dc-33c4-47a0-a4e2-6506aa503b80,legacy,
slab_granite_bordeaux_bahia_c4723083-3ca7-4b82-b547-c3a1df56be62,legacy,
slab_granite_bordeaux_cabernet_d07f3dbb-176d-4fa1-9348-910ba833cf9d,legacy,
slab_granite_bordeaux_fuji_61ea7b7e-d268-485e-9bba-760280a84b6e,legacy,
slab_granite_bordeaux_imperial_f4132a91-a110-4e13-8d3d-f330db52b08f,legacy,
slab_granite_bordeaux_montana_fe779522-01d7-4cc6-9d22-4c38390ef714,legacy,
slab_granite_bordeaux_ruby_86480f3f-87c4-4a7b-a9dd-c2486cefd536,legacy,
slab_granite_bordeaux_salmon_fd4eec57-9f69-4ac6-80a4-1f5e909b9707,legacy,
slab_granite_bordeaux_terracota_e8bb46aa-a766-48f5-a272-6b4c3a856bc0,legacy,
slab_granite_borena_hora_530c95f2-2dfd-4d2b-8b29-e48b9c492bb6,legacy,
slab_granite_borowskie_d846e041-5bce-4ae7-bb41-3494e02ed26d,legacy,
slab_granite_borujerd_white_a9450265-7903-40eb-ae3c-43657ee8c550,legacy,
slab_granite_bozi_dar_21713afb-b878-40f3-949e-26f1a70dfa48,legacy,
slab_granite_braennhult_08562697-4394-43dd-b0c8-4e929f21eb79,legacy,
slab_granite_branco_acqualux_927a6963-664d-4302-8657-068c2a4c5c7a,legacy,
slab_granite_branco_aguiar_0cfe895b-c481-4650-a3aa-b0994a4cdd95,legacy,
slab_granite_branco_almeida_10806152-3c82-4e00-ba20-0e8f2c65713e,legacy,
slab_granite_branco_caravela_c7ff32d5-fa9c-4a0f-b3f8-8a2bbf30e33e,legacy,
slab_granite_branco_catarina_1edebb86-4f44-47b4-b752-10bd421b3912,legacy,
slab_granite_branco_coral_03065504-db1d-448f-9bec-a2f32f96d81c,legacy,
slab_granite_branco_cristal_25e5a4ec-553e-46b3-b8b1-4118baeea912,legacy,
slab_granite_branco_de_candoso_fc5bc15c-2269-47aa-ace2-3604d183f02e,legacy,
slab_granite_branco_dunas_37f12e5c-3eeb-4215-ac18-fcf68e05ff5c,legacy,
slab_granite_branco_equador_9e871563-4a3d-4e07-9ba0-a205738cef62,legacy,
slab_granite_branco_grego_dc530606-3269-45c3-898f-4c00039d8ffc,legacy,
slab_granite_branco_gris_2e55cbe7-4862-45ff-b083-1bbac71d6160,legacy,
slab_granite_branco_imaculada_336cf578-b4b7-4ad4-8de8-b8d0f85bd163,legacy,
slab_granite_branco_ipanema_08118622-f24a-4907-990b-629ef46c5ebc,legacy,
slab_granite_branco_itaunas_4214f909-7fdf-49bc-991b-a21ab64d785b,legacy,
slab_granite_branco_marfim_dd27e990-199f-458a-bd44-650ff069dcb7,legacy,
slab_granite_branco_nevasca_d37bab61-2208-4820-8f59-666c21f157dd,legacy,
slab_granite_branco_paris_acf1e6b3-bbcc-4150-9a70-1864602a18c3,legacy,
slab_granite_branco_perola_9c84f619-64df-49d0-a74f-d3556763bff8,legacy,
slab_granite_branco_piracema_e7adf62a-c87c-4f0f-9d03-e6da6f82932b,legacy,
slab_granite_branco_portinari_11c1fcf5-6402-406e-823a-2dcdd862996d,legacy,
slab_granite_branco_sabina_2e549453-9d46-4ed8-814c-28a3751deff0,legacy,
slab_granite_branco_serenata_18fbbf8c-9305-4f39-b790-ad19f458b484,legacy,
slab_granite_branco_verona_07033b08-e191-4e02-9d40-de16e71b32e7,legacy,
slab_granite_brasiliano_2ab6216b-b2fd-431c-81da-9018d45a9958,legacy,
slab_granite_brass_blue_57df842f-8057-40d8-beb4-0a66cd57153c,legacy,
slab_granite_brazil_absolute_black_3cd5d4c0-1d46-4a20-837c-5b669b628a35,legacy,
slab_granite_brazil_blue_night_caf5679b-3a86-446c-84e5-e00492688e42,legacy,
slab_granite_brazil_brown_61ebafe2-c41f-4c1e-a599-ce5b9966bb24,legacy,
slab_granite_brazil_ivory_9ec7f3ce-bc1b-47e1-95bc-d62b8101ab82,legacy,
slab_granite_brazil_multicolor_28e3616d-f71e-4f81-978d-64cf15c91d28,legacy,
slab_granite_brazil_rainbow_6faae33c-834f-4cca-b653-17d0804e1990,legacy,
slab_granite_brazil_white_wave_a1931e00-f82d-4bf7-b7fe-111ae6af413d,legacy,
slab_granite_brazilian_diamond_ab86f32f-9c3b-47fb-aeca-0e529f00fa9f,legacy,
slab_granite_brazilian_dream_73c67829-5699-4270-8871-05c95abecc1e,legacy,
slab_granite_breccia_montana_24194d61-c006-4303-9508-7b7b8a1e51ba,legacy,
slab_granite_brilliant_white_90f6bcda-4bf7-4148-aa96-d8b96dc35f71,legacy,
slab_granite_brisbane_beige_a97a4cea-cad9-488c-bfc6-986a5f845940,legacy,
slab_granite_bristol_black_9a4c2bdd-6979-45ea-bf02-a8d4a37c0883,legacy,
slab_granite_brixner_71408c5f-a88e-4eb3-a761-c1bf58b0a613,legacy,
slab_granite_broby_78a93f06-86e0-4ff8-9269-327f38569d0d,legacy,
slab_granite_bronze_falcon_e378e543-1797-41c2-ab92-01f63eeef831,legacy,
slab_granite_bronzite_4f67ff4e-82db-461f-9612-22d36705db59,legacy,
slab_granite_bronzo_4da97bfd-8e89-4396-bfd7-193e5ef2a656,legacy,
slab_granite_brown_bear_3f0e00af-fea1-40ab-bea0-4b97b5bacb5c,legacy,
slab_granite_brown_beauty_eb48ca3f-907a-44b0-8b13-88e206494904,legacy,
slab_granite_brown_canyon_edb80a63-10a9-4897-b08b-a7624c187e82,legacy,
slab_granite_brown_diamond_c58b494b-af36-4110-8183-af55b8e91550,legacy,
slab_granite_brown_dunes_2d62416c-e643-4405-adde-21db31ff6766,legacy,
slab_granite_brown_eyes_159af0b0-0df4-4559-8d09-d38ec7b9f035,legacy,
slab_granite_brown_fb_2a645d12-46fd-4903-8e48-3dfc5df34b1d,legacy,
slab_granite_brown_galaxy_5c2a58a6-f0d8-4c06-b412-ef8e9c601bf7,legacy,
slab_granite_brown_keshan_9a9afee4-332b-491a-9835-169a6cbfc2b0,legacy,
slab_granite_brown_nut_bb27caea-fe38-460f-8f93-6e702eeecfa3,legacy,
slab_granite_brown_oak_3dba1595-7cde-4f31-bdab-505d7f81ed80,legacy,
slab_granite_brown_qussair_ab9ef543-9e7b-4c76-89e5-ffa9e9b04c55,legacy,
slab_granite_brown_rose_48720d9a-c27d-43b7-9201-eb7e61edf4dd,legacy,
slab_granite_brown_star_522adabd-b1dc-4b98-9ab6-d7c40c7c4b07,legacy,
slab_granite_brown_suede_05b1d8f7-502b-4f9b-812b-2beb6666a4b9,legacy,
slab_granite_brown_timiris_fc84e28b-ba74-4d54-ba77-91ba7ed03ec8,legacy,
slab_granite_brown_ukraine_636e7608-775a-45ac-94a8-7f68009f7ab3,legacy,
slab_granite_brownhill_8813035f-b646-4b79-b73a-5b21d53fb06b,legacy,
slab_granite_brunello_346e4ff7-43a5-4eff-8980-8eefc48e7f47,legacy,
slab_granite_brunet_brown_grain_d3e4c6ea-39a5-4d77-b479-7bb10429bbc0,legacy,
slab_granite_bruno_red_d9ec403a-7c7b-47fd-9a72-937cc5afd6e0,legacy,
slab_granite_buchara_grey_a8769e6f-42cb-4747-bd65-6ef9ffdd21bf,legacy,
slab_granite_bukivske_238376e4-fe54-4e39-b860-e0b0dd2b35a1,legacy,
slab_granite_bukovik_5e3c18d5-7489-4207-ae7e-77deca606c9b,legacy,
slab_granite_bundela_red_f92d31b7-abc1-4b35-8d9f-f10b8284f959,legacy,
slab_granite_burgandy_blue_e5363f11-513b-4c78-9adf-3aeadcad3c5b,legacy,
slab_granite_burgundy_rose_212176cc-db55-420a-81c7-abdc3f373108,legacy,
slab_granite_burlwood_a047df71-305b-449f-b8be-078dbfd7a478,legacy,
slab_granite_butterfly_blue_5611cdac-3537-45d5-9105-7ce91074be4d,legacy,
slab_granite_butterfly_love_golden_flower_f982b05f-51c3-4b49-be85-6c44c31f3270,legacy,
slab_granite_buxy_bayada_544218cb-3d32-4e50-b02a-e7873b651d8d,legacy,
slab_granite_cabana_6580add3-c36d-4fc6-ad82-68d31814131b,legacy,
slab_granite_cabernet_brown_700a543e-fdd6-4f09-aefa-61e955c0af86,legacy,
slab_granite_cabugi_black_1c3c3914-ce2d-425f-be9f-a17543ab0b92,legacy,
slab_granite_cacao_ed24fb95-528e-40c5-90f4-da765b3c2518,legacy,
slab_granite_cacau_bahia_c1a8f1f5-8a07-44b3-9440-719b422ed312,legacy,
slab_granite_cactus_boreal_cfc97507-6351-4807-958d-fcf242ed4a74,legacy,
slab_granite_caesar_white_53d9fc07-c91d-46f6-aa22-457f0b69bda6,legacy,
slab_granite_cafe_boreal_663563d3-dc62-4caa-a5dc-10b463c6840c,legacy,
slab_granite_cafe_brown_114fe944-f9eb-4a71-820f-c001c7af409a,legacy,
slab_granite_cafe_creme_2e5c2f8f-054b-431a-9298-8c6b6e51a1d5,legacy,
slab_granite_cafe_platino_38183b61-1577-4c69-9f9c-d70c7a7eb2cd,legacy,
slab_granite_cafe_rio_db21e522-2d33-449a-885f-a9ed4501774e,legacy,
slab_granite_caffe_bruno_c2650642-6c54-4840-b855-bc6827060576,legacy,
slab_granite_caggiano_gold_755e7a2c-daf9-4ec0-9002-db277b0b21d5,legacy,
slab_granite_cairo_5214c34f-2826-4712-89a6-9e23b526e174,legacy,
slab_granite_caisara_77e96a6a-d250-4677-ab40-37abc4446599,legacy,
slab_granite_calca_red_8b574d9a-ad34-4739-80e7-73ebd3db32f2,legacy,
slab_granite_caliber_red_a58353d9-72cb-4cad-9189-3a36c08409a1,legacy,
slab_granite_calico_9ba83782-b852-4085-9eeb-2a4489f33bc5,legacy,
slab_granite_california_brown_bc34c540-6169-477e-bf2c-498650eca6db,legacy,
slab_granite_california_green_ead11e59-1119-4211-a828-aab5ec4a41c5,legacy,
slab_granite_california_red_dragon_4488097f-8647-45b4-b91a-cfd8458ea58f,legacy,
slab_granite_california_white_3bea5451-d9e6-4280-9529-c5bd17954286,legacy,
slab_granite_calvi_grand_melange_0b5d7476-4fd0-40c2-8b34-3d2a3eade076,legacy,
slab_granite_calvi_petit_melange_1031fd1c-086f-49ee-876c-dae0fedc17a2,legacy,
slab_granite_cambridge_white_e5429821-7b17-4d9f-8862-ea14444dd23e,legacy,
slab_granite_camel_brown_0bca2944-866e-4ecd-8425-1a6b1bddf5e8,legacy,
slab_granite_camelia_white_2676eea3-3514-4f4a-8d76-17f78651813c,legacy,
slab_granite_camellia_red_68482749-87e8-45f1-b379-8e225e5984d5,legacy,
slab_granite_campascio_6a16d2c0-de18-4d4f-a4bf-1275c85f180e,legacy,
slab_granite_can_can_b66214b3-cd36-482e-ada7-268790edbb7e,legacy,
slab_granite_canadian_black_00241f68-c7de-4de3-b55e-5152aeaa2407,legacy,
slab_granite_canadian_red_39216b2d-a27b-485f-bd83-a254d4dfc6c7,legacy,
slab_granite_canadian_violetta_7ab5f81a-c2d1-4ee8-abd3-0f53b7d625d1,legacy,
slab_granite_cano_red_2471fa8f-4936-4be2-af94-6766f81734b3,legacy,
slab_granite_cap_star_7e8d1a7f-4272-419f-b918-9e923e3e8063,legacy,
slab_granite_capao_bonito_462dd303-eae3-4f7e-bc9a-79534cb60442,legacy,
slab_granite_cape_brown_dd374393-ccc2-4cb5-912a-7b6de673818c,legacy,
slab_granite_cape_neddick_ce676b4a-90f4-4998-8d23-272029d01dba,legacy,
slab_granite_cape_rustenburg_bb851d79-58d2-4350-9291-806e9708450b,legacy,
slab_granite_cape_white_d903c5ec-686d-496e-84c4-89e5da944348,legacy,
slab_granite_capella_9a57e2ed-a344-4779-97b6-beb3523d2aa9,legacy,
slab_granite_capo_blanco_b34e2805-efc5-45c5-b7b8-cf85b4fc6833,legacy,
slab_granite_capolavoro_8f1a24bd-8b47-4c81-94fe-8077870b7ccf,legacy,
slab_granite_cappadocia_d9b51793-041d-423c-bc9f-5385be8f3da9,legacy,
slab_granite_cappuccino_82e6a005-de6d-40e8-b934-020d05b834a9,legacy,
slab_granite_capri_pink_ae4f4a59-1434-40b0-aba4-1896bcc15b56,legacy,
slab_granite_capricho_white_a2d27e31-983f-4b2a-acb2-9b7fe3e00257,legacy,
slab_granite_capricorn_3f728248-8798-450e-8350-ace70a1fe039,legacy,
slab_granite_cappuccino_brown_2a010beb-6f00-49fc-b2cd-73c5e2a3b350,legacy,
slab_granite_carajas_9c21ea14-7d8a-4332-a81b-bc0d015d44bf,legacy,
slab_granite_caramel_fantastico_e8eb7673-66e1-40fb-ba21-f9088e10b4b6,legacy,
slab_granite_caramel_macchiatto_c8aa0edf-f955-4e93-bd68-4659bfa5f62a,legacy,
slab_granite_caramel_pink_aaf45fdb-9d96-4ba9-8e59-bbca7ae3c2ad,legacy,
slab_granite_caramel_taupe_6962d5fa-6208-4e93-b83d-fd5c014e3562,legacy,
slab_granite_caramellato_5b107a24-13c8-451f-9b72-f1b0a2d949e8,legacy,
slab_granite_caramelo_ornamental_ce834d29-253a-4e9d-a5b1-c9df645d4a50,legacy,
slab_granite_cardinal_grey_6e47e221-9705-450a-8806-153adbc0eb8b,legacy,
slab_granite_cardinal_purple_22ff8990-cef4-4d26-8e11-bbd2c5b76d29,legacy,
slab_granite_caribbean_green_b9cf245d-3efd-4027-8969-e9d40bd7cd61,legacy,
slab_granite_carioca_brown_7f2bd303-c478-44a4-b892-b656b71a0b16,legacy,
slab_granite_carmel_brown_c32a9ed0-57a9-4ce6-8905-7ae7ef263491,legacy,
slab_granite_carmello_0f1d88be-b086-414b-95b1-c7e961b38702,legacy,
slab_granite_carnaval_9f6df1c3-1cf8-403a-9e34-89819cffbde2,legacy,
slab_granite_carnival_brown_488c284b-fb5c-433a-bab9-ab97ee8fe50a,legacy,
slab_granite_carolina_summer_7e6281c8-1b6b-4d0c-a9f5-dde31cc3c188,legacy,
slab_granite_carpazi_29aba177-e5ff-4569-9bb3-7e362aac8c4d,legacy,
slab_granite_carpe_diem_61a077c8-011a-4f73-bd46-bee155b78c3f,legacy,
slab_granite_cartier_2bf3f366-2fc8-4038-8c04-064bab42016d,legacy,
slab_granite_cartus_white_442dd035-2b73-417c-bc9f-8c3ecdd70dfb,legacy,
slab_granite_carybe_c4654b4e-7d6e-4292-9b46-0a5f2dfee1d8,legacy,
slab_granite_cascade_coral_e8788f37-8a99-4691-9549-7304a254e071,legacy,
slab_granite_casper_white_77b801de-4c40-442c-9157-da7a997f5d7c,legacy,
slab_granite_caspian_white_375c12b9-cc55-4783-9e0a-0bc3012ee275,legacy,
slab_granite_castle_grey_2f1dbd19-e20b-4fc8-a70b-8a745f999a3e,legacy,
slab_granite_castor_blue_5a4400fe-0bc7-4fb5-8db5-9fd22fe754d1,legacy,
slab_granite_cathedral_204844ec-eae6-454a-ae8e-cccecba1cbe8,legacy,
slab_granite_cats_eye_brown_5717d000-2c02-437f-88fc-322877baeee7,legacy,
slab_granite_cavalete_5da29653-1f6b-43e4-b0cb-aa323d3dd9f7,legacy,
slab_granite_cavalete_black_35abc175-acd0-4d3c-8c8c-829b41882c2d,legacy,
slab_granite_cavalete_white_5ee72c2e-9022-4d29-9993-fd8205bb6ca6,legacy,
slab_granite_caviale_nero_a27d0a6f-8c24-4283-b062-2bedb442b8fd,legacy,
slab_granite_cd_pantheon_1c9773d7-435b-45c7-8232-1203863af862,legacy,
slab_granite_ceanitus_a6822e48-c9ef-41bb-a311-e794244afdee,legacy,
slab_granite_ceara_white_7996df53-261d-423b-a816-9d444ce7cf3b,legacy,
slab_granite_cedar_rose_9feac978-5d16-461b-9535-9867032c5d79,legacy,
slab_granite_celestial_green_fcfc4d7a-53dc-4a47-8ca5-1e23e063004a,legacy,
slab_granite_celina_grey_5fb6248a-1f45-4080-a0c8-7460175843ab,legacy,
slab_granite_centaurus_88d51e8c-4071-496d-b7f5-132f3a085eb0,legacy,
slab_granite_century_ice_116452bd-5d96-4442-a562-c0f549710270,legacy,
slab_granite_century_jute_c5b3081e-5150-4277-8525-b0ae47ab18ee,legacy,
slab_granite_century_platinum_45a447b3-9a5a-4e08-af17-33056c7c490f,legacy,
slab_granite_century_red_78c067d8-c56f-435c-bec9-7c62da94e405,legacy,
slab_granite_cera_grey_08b44a13-3088-4bb7-8360-ffce235bf1cd,legacy,
slab_granite_chalet_3b0d25d0-8645-4fa5-9c30-be9c8f101e92,legacy,
slab_granite_challawa_pink_0cefff0e-2fe0-4932-8f5a-af4019d6f3a5,legacy,
slab_granite_champagne_gold_bb8af954-24a7-436c-8b7c-89b035dbb92a,legacy,
slab_granite_champagne_green_225a3ed7-8c7f-4db3-82d6-c9eded755b20,legacy,
slab_granite_champlain_0f9e63af-be5d-4a94-b79f-1431594d0f0d,legacy,
slab_granite_chamrajnagar_black_267d6064-5a48-461c-aabb-4ecc3ce799f7,legacy,
slab_granite_chandler_bay_c48ab891-4655-477a-87fd-53acf6cb7092,legacy,
slab_granite_chandna_white_8c6547bd-31c9-42de-a1d1-d0925ffd3c13,legacy,
slab_granite_changle_red_9be96ab0-4944-49ba-9637-60e4be8d2c49,legacy,
slab_granite_changning_red_ac75ba60-ef71-44fe-afb9-eec8711184e0,legacy,
slab_granite_chaozhou_red_c9b35f4b-7451-40b5-b5b0-105134151742,legacy,
slab_granite_charcoal_black_bb9bbb07-1ac0-4328-9a96-addb28b356a6,legacy,
slab_granite_chardonnay_4c126bbe-e2a9-492a-ae71-7b4df7726d19,legacy,
slab_granite_chariot_blue_7cdb3aff-8f92-48e7-b09f-74f1029398e2,legacy,
slab_granite_charley_brown_4609de13-5d80-485f-92b6-03c7f0f571f2,legacy,
slab_granite_charm_blue_blackish_green_f1207e2d-2de1-495d-9179-d67424f69b40,legacy,
slab_granite_chateau_218ace9e-83a0-406a-b03c-bca894024013,legacy,
slab_granite_chateaux_persa_1a30d133-59cd-41af-a32d-c1e19a978069,legacy,
slab_granite_cheema_blue_8379eb87-ddbe-4cd9-8d9e-50e36b9fe932,legacy,
slab_granite_cheer_white_41a46b67-755f-4f44-9132-dbc3e1022e03,legacy,
slab_granite_cheetah_brown_4992bf0d-e1bf-4071-b731-e0747d83746d,legacy,
slab_granite_chelmsford_gray_b26394a0-34a9-4953-aa0e-8f3dd0a8815d,legacy,
slab_granite_chengde_green_cd6c58ab-2fca-4733-9d5a-5b391e8804af,legacy,
slab_granite_chenshan_white_e010d31d-9a9e-452a-b36a-bec24f6cfc97,legacy,
slab_granite_cherkas_green_b86a55a4-a618-44a5-b94e-c3027babff85,legacy,
slab_granite_chernomorec_61225f85-cab0-46f0-a1e0-ea7eefaa4055,legacy,
slab_granite_cherry_brown_917dc2bf-5af0-4b97-9b89-f8ab63c7c0c8,legacy,
slab_granite_cherry_chocolate_1d110df7-b04c-486d-8697-eff9bff3adc4,legacy,
slab_granite_chestnut_blue_9d1f61c6-0ef1-438c-92c9-1a539fc870cb,legacy,
slab_granite_cheyenne_c00ba60c-2d63-47a3-9f6d-dba57adf0259,legacy,
slab_granite_chief_white_diamond_129fd77f-b842-48af-ad79-5aad52b6a431,legacy,
slab_granite_chifeng_moyu_27cc02b1-5ab6-4bc8-b5a5-1091d51cbfef,legacy,
slab_granite_chiffon_white_3a3b52e7-4e34-46e4-b89f-c1225fed5f8f,legacy,
slab_granite_chikoo_pearl_7b34743d-83fd-4ff9-a6d4-46ad5c87aaaf,legacy,
slab_granite_china_apple_green_bebd8477-a23b-43c5-9af9-84abc0aeb602,legacy,
slab_granite_china_aurora_e6fdaa42-aeca-49d6-b90c-d7b807f7d611,legacy,
slab_granite_china_balmoral_f193f907-125c-457a-9893-5caa59106268,legacy,
slab_granite_china_black_601d9e90-063a-45da-b3bd-102f00bf4136,legacy,
slab_granite_china_coral_green_71c5cf4e-3fbb-4caa-b776-f30b3ad65708,legacy,
slab_granite_china_deer_brown_fed889de-da9a-485e-90dc-73dc23c7a39b,legacy,
slab_granite_china_desert_brown_f1e58098-6035-4ba7-aaab-020e62851552,legacy,
slab_granite_china_galaxy_white_6141857f-a50e-4921-bda7-305f6274b920,legacy,
slab_granite_china_georgia_gray_055b975c-21b5-4bca-9f99-0e711b840cf1,legacy,
slab_granite_china_giallo_fiorito_046e277d-1f2c-412c-b699-bb952ba4d97a,legacy,
slab_granite_china_golden_68d9fcd8-4bed-459e-8ff5-1a3a98cb96ea,legacy,
slab_granite_china_mountain_red_6dcd0fb1-3269-47e3-9388-83ae493170e3,legacy,
slab_granite_china_multicolor_red_76ab0051-8b1e-47d5-85e4-d1cf4b043ce5,legacy,
slab_granite_china_pacific_blue_de5e58fc-0e82-40bc-88c9-260ef256cdea,legacy,
slab_granite_china_pink_porino_4cb6db9e-2492-457d-a856-1cc9bfaf689b,legacy,
slab_granite_china_silver_white_98c3dfc2-d3e5-4d8f-ad3c-992aa1a49554,legacy,
slab_granite_china_star_white_67c1112d-79de-4798-81f6-8172b4aef254,legacy,
slab_granite_china_titanium_48c06cbe-07b1-4a77-9465-e4161844bf92,legacy,
slab_granite_china_veneziano_526df8a2-908a-4d06-9390-f56d788240e9,legacy,
slab_granite_chinese_balmoral_black_09f7023a-c93d-4da5-bf67-0a41ea161fc5,legacy,
slab_granite_chinese_balmoral_red_631a2aad-a4eb-4759-b595-1abb3cfdd577,legacy,
slab_granite_chinese_cafe_bahia_d59fd8d6-12eb-4bf2-a9af-d2856350da11,legacy,
slab_granite_chinese_inada_7f0391ea-0356-4cc0-85c6-bfa7fc2c229b,legacy,
slab_granite_chinese_mahogany_e1b7bc26-219b-4782-8ec2-c9a822b24e40,legacy,
slab_granite_chintamani_grey_f44c061a-0e19-46ee-87f9-ddb7d6a72c6b,legacy,
slab_granite_chittoor_paradiso_68e3a6c1-e6e8-4199-ab92-22f9cbc36996,legacy,
slab_granite_chlum_15364408-cf7d-4a1c-810f-698a80c5fd9e,legacy,
slab_granite_chocolate_river_d2ddfc47-bc44-45ca-ba5f-586485bab7c6,legacy,
slab_granite_chocolate_zanjan_b579742c-98c9-4e6e-895e-56dc6174efc6,legacy,
slab_granite_chom_poo_nhong_bua_b1795d17-95f2-43c5-a67c-08008990a285,legacy,
slab_granite_chovnovsky_98bc594e-a926-4911-8d6b-4f06ef565848,legacy,
slab_granite_christmas_bush_6867ceff-b50e-4572-a2ce-c1a056510abb,legacy,
slab_granite_chronos_81cc0032-9d47-4a13-aa70-f52572b011c6,legacy,
slab_granite_chrysanthemum_green_2bd83ef4-4a25-495b-ab2b-e8f0f886a288,legacy,
slab_granite_chrysanthemum_red_0ea78c45-6ee5-4f71-ac12-7af0facc0443,legacy,
slab_granite_cianitus_eb165b9d-705a-453c-9472-cb9d52b66df7,legacy,
slab_granite_cibaca_pink_20711b12-fe5b-44b8-82fe-9b39580df8a3,legacy,
slab_granite_cielo_de_ivory_93c9d497-4fb0-4f22-96a9-7a46d1407c54,legacy,
slab_granite_cielo_de_oro_fb4c151e-3217-4901-aaff-71eb30427c74,legacy,
slab_granite_cierny_balog_539d79ca-7e25-415a-8765-300bdc4302b6,legacy,
slab_granite_cinderella_64f4fdc0-925b-4217-823c-390a232078a9,legacy,
slab_granite_cinnamon_9bb06de4-3df8-4f2f-9fb3-45cda6eb2d56,legacy,
slab_granite_cinza_alpalhao_b54c0119-dd88-4d81-9520-295e5a156ae7,legacy,
slab_granite_cinza_alpendurada_b9d67925-b8da-45d9-866b-02222dca2759,legacy,
slab_granite_cinza_caraculo_d16ebe69-5576-4b64-a5ff-c8ec5bc30a72,legacy,
slab_granite_cinza_castro_6ed6c1d2-6505-455f-8164-07a021efc48a,legacy,
slab_granite_cinza_corumba_adaa9907-e180-444e-a3a8-2ea49fccf1b7,legacy,
slab_granite_cinza_corumbazinho_54d0b21f-f697-458f-be6c-1bd801c40cbc,legacy,
slab_granite_cinza_lapa_c78e2ceb-881e-47ad-bd29-84071efd0d7c,legacy,
slab_granite_cinza_maua_290d6c22-2e9b-4cdb-a5ee-65af56af2330,legacy,
slab_granite_cinza_moirinte_50c3297c-147b-47b0-ba26-2612f58f6e39,legacy,
slab_granite_cinza_montemuro_cb8e4057-ec09-4013-a12c-33dc56eb938e,legacy,
slab_granite_cinza_nobre_a9ea9255-2d15-43b9-bdf9-3a056f1520cd,legacy,
slab_granite_cinza_penalva_41bb00ec-465a-4286-8e6c-c70e254b1bf5,legacy,
slab_granite_cinza_pinhel_f53ca065-2681-420e-a3ed-513d9ef47ba7,legacy,
slab_granite_cinza_tropical_9341b0f9-493d-492d-a395-54b2d7527f03,legacy,
slab_granite_cinzento_antas_d5ba74cb-2373-40d3-bced-f01c4d72da31,legacy,
slab_granite_cinzento_ariz_fa81a3cb-9d98-401d-b989-c84141bafb9f,legacy,
slab_granite_cinzento_de_favaco_5f98ef9d-b716-458b-b4bf-9eb346cfffbd,legacy,
slab_granite_cinzento_de_satao_b4da9885-ad21-4a94-85b5-c17de9c1bf11,legacy,
slab_granite_cinzento_monchique_f50ed0ee-c827-42b0-98cd-6e8ad5e41024,legacy,
slab_granite_cinzento_st_eulalia_539f367f-0851-460c-9ab5-daf767e91a1a,legacy,
slab_granite_citrus_ea407fc7-9938-4276-ae07-1bbafc11cc9d,legacy,
slab_granite_classic_black_b01b4dd2-1d68-4b12-80d0-6d972c4d6b6b,legacy,
slab_granite_classic_brown_1f4136b4-1afd-41c6-8ed2-420f79f9226e,legacy,
slab_granite_cloud_flower_d3799259-56b3-4531-a930-eb70878e1b23,legacy,
slab_granite_cloud_silk_grey_c80484e6-a716-4155-8519-9b666888c885,legacy,
slab_granite_cloud_vein_d8ffb7fb-e8ae-4b0d-8fa0-d774cb248db9,legacy,
slab_granite_cloudy_moon_af08cb1a-1fbf-4a12-8480-8317dbac2589,legacy,
slab_granite_coarse_grain_white_0b1ff8a7-c74a-49b5-b825-10888ff51656,legacy,
slab_granite_cobalt_blue_6ab94139-388d-42e3-9997-af638c20891d,legacy,
slab_granite_cobra_f21e656e-e9ae-4d9f-9b32-3037115d973d,legacy,
slab_granite_cobra_black_2abbb6d7-bfe5-4609-a2fb-440f998c2813,legacy,
slab_granite_cobra_green_6ad87031-d28d-4ea2-965b-ce3349ea8691,legacy,
slab_granite_cocktail_green_df6fa712-e260-437c-88c4-c195fa0fef66,legacy,
slab_granite_cocoa_grey_grain_3676835a-7766-4552-978a-c9e514976717,legacy,
slab_granite_coin_black_41245a77-fb64-437b-a56d-79eb3dc80600,legacy,
slab_granite_cold_mountain_762e49e2-05dd-41dd-8719-4eaeea0dba81,legacy,
slab_granite_colibri_dbe4775c-5a6b-4b3d-b030-2fc36f8a7aa4,legacy,
slab_granite_coliseu_85128ad2-f708-44ce-9172-ef353eb8e3bd,legacy,
slab_granite_coliseum_cb6679d3-0331-4d5d-ab9a-f87383244a5a,legacy,
slab_granite_collina_2a3e3a11-72ec-4cb8-8d7a-9d0171232481,legacy,
slab_granite_colonial_9fde49e5-a0d9-495f-855b-2ac9f4e19caf,legacy,
slab_granite_colonial_blue_98153687-0335-4cc6-bea7-5f9126826dc2,legacy,
slab_granite_colonial_bordeaux_af68ab87-4b23-47d7-a3e3-d0749f6fec11,legacy,
slab_granite_colonial_pearl_f2a047ba-cd22-4f6a-a7d5-582f444a8956,legacy,
slab_granite_colonial_persa_309c2fbe-f819-49e3-9a27-8270e26ad3ce,legacy,
slab_granite_colonial_white_m_3bce4bf1-3bfa-46f0-84ba-e8d4eccdc1bb,legacy,
slab_granite_colorado_gold_f8f90caa-6dda-411d-b7f0-1bf883bd31c9,legacy,
slab_granite_colorado_river_f890d64f-2706-4c0c-b590-64ba1bdcab9a,legacy,
slab_granite_colorado_rose_red_740e5edb-8fb8-4fe2-8d74-ad77e49d5d35,legacy,
slab_granite_colossal_white_d7697dd8-8987-4394-99aa-ae95e671bb42,legacy,
slab_granite_columbia_pink_bfdb7674-a877-4daa-863a-5169bf3a6685,legacy,
slab_granite_comet_856b7775-1498-4302-83ae-306c35453922,legacy,
slab_granite_confucius_grey_2cb0546f-feda-4e93-8950-b10fefca0c38,legacy,
slab_granite_congo_black_6e3e3234-70b1-40c5-a5e2-0f8871be6a90,legacy,
slab_granite_connemara_5a25cf1f-f134-4276-b2d7-a07435158987,legacy,
slab_granite_constantine_9dedf43d-60f5-487a-9d80-01810db763ac,legacy,
slab_granite_copacabana_9c199da4-6883-44be-a012-e28b3060118b,legacy,
slab_granite_copenhagen_609c5b3d-8912-447c-9997-37bf38648137,legacy,
slab_granite_copper_canyon_547fdcd1-3e87-44b2-b4c6-c33415b8c629,legacy,
slab_granite_copper_gold_f4791f4f-b918-47df-8bc0-d4df150340c4,legacy,
slab_granite_copper_rose_91c7fba1-fd93-493c-a9b7-3b4bd7c36e22,legacy,
slab_granite_copper_silk_beige_b2ee47aa-7b50-44fd-b816-790573c09d2a,legacy,
slab_granite_copper_taupe_8fed70e7-d1a4-43a1-bdb4-84c9c9a96b3b,legacy,
slab_granite_coral_dea11bd8-7954-4414-a234-ce0c5347e401,legacy,
slab_granite_coral_brown_189a0763-77d1-4352-a0c7-66a1a9af4468,legacy,
slab_granite_coral_green_neimenggu_fb458ae1-5e0a-450d-851b-5dd5d4965bf2,legacy,
slab_granite_coral_red_9f2df5bb-f544-4e0a-8930-15876d6a97ea,legacy,
slab_granite_coral_reef_a7c8e8da-642e-431e-bb66-0a7d01f869fd,legacy,
slab_granite_coral_spring_1ba866fe-76c0-413c-8fdb-e554bc472caf,legacy,
slab_granite_corcovado_branco_748a52bf-2f9a-45b5-bd1c-f36b7f912c1e,legacy,
slab_granite_cordoba_cream_8cd17a44-3676-4f4b-a2c1-a085da47c9e6,legacy,
slab_granite_corn_red_1548b58f-0319-4cda-82f8-12bdcccc01b4,legacy,
slab_granite_coromandel_114847c1-ec6a-48f0-9f69-ab82702bb658,legacy,
slab_granite_corona_pink_06ff287d-ab9e-4a6e-9d7e-9c136a858275,legacy,
slab_granite_corrennie_75914ce6-a82c-40a7-8694-ad153faf201d,legacy,
slab_granite_cortina_white_1c7167f1-1f7f-4991-8a27-6d90dc22aadb,legacy,
slab_granite_cosmic_blue_93998b31-015e-42f0-b407-557e37db36d4,legacy,
slab_granite_cosmic_white_c247f759-d554-47f2-9299-947d65004650,legacy,
slab_granite_cosmos_green_eab648a0-6873-4eb3-97c9-a921605ba5ac,legacy,
slab_granite_costa_dakota_382c5de7-772b-45ea-b827-b39b9f77107b,legacy,
slab_granite_costa_dorada_7ae17db1-d7fb-4013-ad7a-662eeaa8f473,legacy,
slab_granite_costa_esmeralda_e0ddc3b8-238e-4c1a-b57b-a81b9e8a185f,legacy,
slab_granite_costa_green_83cdeec5-6581-47a2-8604-605c0709b6ac,legacy,
slab_granite_costa_playo_0edc481c-2ff4-45f2-bd05-29f20d9a32c6,legacy,
slab_granite_costa_queimada_37b56dda-55be-4853-bc78-fb5b4f9fa737,legacy,
slab_granite_costa_smeralda_6cd8a8d0-f36f-41b5-8f27-c0bd6b9390d3,legacy,
slab_granite_costarica_5c8355f6-6222-4c9d-be6b-4197ec6f00b2,legacy,
slab_granite_cotton_motion_2d4fe878-d134-4d51-bc35-6e7611c9a1f9,legacy,
slab_granite_cougan_green_0f6f3d83-d297-4a29-8079-fad781263703,legacy,
slab_granite_coup_du_soleil_ac13dec1-ae96-47cf-b26f-178aacfe6520,legacy,
slab_granite_cowra_blue_15932f9f-bcd3-4c40-ad9b-2ea05d2d9872,legacy,
slab_granite_crazy_horse_26243997-5c67-4cdf-9a5d-361240548b0d,legacy,
slab_granite_cream_ced29609-3b5c-4f26-b805-7ff180278291,legacy,
slab_granite_cream_cashmere_6b5c1c46-1695-43cf-b640-73fb8ddcad13,legacy,
slab_granite_cream_flakes_c0c5838a-d1cb-4b32-8446-c7f7e3074a35,legacy,
slab_granite_cream_orumieh_c4d0d6c5-cb0d-459f-991e-a0b4c91d0cea,legacy,
slab_granite_cream_violet_7d4662b7-5638-4ad9-833f-4eab9a4580ca,legacy,
slab_granite_crema_amelia_88ec5e91-0392-4afc-9917-035dc6ebb27a,legacy,
slab_granite_crema_antartida_35f2e7fe-bb09-46f9-afe1-16d63b73bdd1,legacy,
slab_granite_crema_astoria_ca3b5554-596d-4d39-a3aa-30f2450ecc3f,legacy,
slab_granite_crema_atlantico_82abf9a6-19b8-437f-9486-6a8e88c41fe3,legacy,
slab_granite_crema_bahia_96fde2dd-bae1-4046-b6f4-e39ec085c837,legacy,
slab_granite_crema_blandus_7e2ee995-b10e-40cc-bafc-8f99bd1431d5,legacy,
slab_granite_crema_botanic_f33bad74-3aea-41d4-a6c9-1c4d52280814,legacy,
slab_granite_crema_brazil_425e4c8d-3790-4356-9524-34c8a745f218,legacy,
slab_granite_crema_champan_4144fcea-6954-46ec-acbf-6b715d8d4005,legacy,
slab_granite_crema_chianti_20148290-a523-4e6b-b673-30eda2bd506f,legacy,
slab_granite_crema_julia_cf00e5c1-406d-41cc-88e9-7564f25c4831,legacy,
slab_granite_crema_lal_8ea87b6b-9c7f-49ba-8223-7f05bc672de9,legacy,
slab_granite_crema_macieira_d9ed94d1-a5db-4c20-b0be-34fae6f60f18,legacy,
slab_granite_crema_mara_eecb4788-ae35-4b29-b9df-f3ad91f56943,legacy,
slab_granite_crema_montana_cc818b9b-bf6f-40c2-a4ba-cc76fd9c17cf,legacy,
slab_granite_crema_perlato_3ef91cfa-8a86-4465-8b8d-8af17b678ee6,legacy,
slab_granite_crema_persa_f57990f5-95bb-4c1c-a688-8d76318eea99,legacy,
slab_granite_crema_pink_927c16ee-a88a-4387-b6bf-b3aba3e0134f,legacy,
slab_granite_crema_romano_1a9168dd-656d-48da-849e-d818eb78ec24,legacy,
slab_granite_crema_sabbia_a105bee5-7f70-4087-88e3-da31784ba904,legacy,
slab_granite_crema_taupe_2897ba65-92f6-47a6-85f4-a32da97f195b,legacy,
slab_granite_crema_terra_8fc05e54-dc40-40f8-aa8e-3c519b6a0869,legacy,
slab_granite_crema_typhoon_2bdc934b-5d23-4851-adc6-48f40704b601,legacy,
slab_granite_crema_valdemanco_a11c8174-3030-4285-b837-f2b01ab710c0,legacy,
slab_granite_crema_valentino_c9d7febd-5970-4b71-8f76-fb7d4e1c538d,legacy,
slab_granite_crema_venato_37e2b823-b106-4dfe-883c-97235191137d,legacy,
slab_granite_creme_beach_71788f8a-e782-4381-a70d-b585a2e55dd4,legacy,
slab_granite_creme_marfim_a768ece4-289c-49f5-9deb-04be556ae7cf,legacy,
slab_granite_crepuscolo_918723a7-262d-4747-8d31-4d273f89b02d,legacy,
slab_granite_cresciano_19e7b186-8237-46e1-b649-81135370f1bf,legacy,
slab_granite_cristalino_classico_31f74c75-4051-454d-a7f5-5c2fe03fd4a7,legacy,
slab_granite_cristalino_gold_84ea681c-2781-41d8-b6a4-480f2d697794,legacy,
slab_granite_cronus_20e8b3c4-478d-4be2-a033-8e0af1c6fc60,legacy,
slab_granite_crown_red_aa6c26f9-1329-4db8-9ff6-078742bfce75,legacy,
slab_granite_cyan_angola_0ed45467-bd2c-4a8a-9464-c54869c5a779,legacy,
slab_granite_cyan_yinan_26c66195-d343-4e81-83a3-e1899fc8863f,legacy,
slab_granite_da_vinci_brown_1f7ee674-5fd0-428e-94f2-962fc73a55be,legacy,
slab_granite_dahlia_white_9763c92d-ef37-4ae4-a7ab-a961c778782d,legacy,
slab_granite_daidai_red_0e4ad898-d840-4f2a-87aa-3692d4d053d4,legacy,
slab_granite_daisy_blue_158cc3c1-c902-4b6b-aa1a-966034dbfeb8,legacy,
slab_granite_dak_song_white_100b84da-ad3f-4801-87ee-539a723cb096,legacy,
slab_granite_dakota_blue_bf59fba2-e7de-4eee-af8b-b0e7d6cbbcda,legacy,
slab_granite_dakota_crazy_horse_5bf71a5f-6741-4414-b7e5-08daecab9bda,legacy,
slab_granite_dakota_rose_e0c55c2c-4b81-484d-9c57-a8cc1453ce1c,legacy,
slab_granite_dalian_g603_54f19bad-c03f-4b2c-be49-268b50e66c76,legacy,
slab_granite_dallas_pink_271ff005-01b8-4a2f-a55f-bbb412e1541d,legacy,
slab_granite_dallas_white_c0e70797-ac33-49a7-8c65-4fca133793d3,legacy,
slab_granite_damghan_88c5d9d9-07cb-482d-8e71-40fdff30a17e,legacy,
slab_granite_danube_c03d531b-ce09-4f49-88bc-492fe32736b6,legacy,
slab_granite_danxia_red_7721e8d1-4f04-49a3-8821-5bb11d0850b6,legacy,
slab_granite_danyang_red_ebdd75f4-47b1-491d-a9ef-5ca9c66f153a,legacy,
slab_granite_dark_coral_green_6ad49da3-9a79-49c3-8ecc-0ded7aefe8ff,legacy,
slab_granite_dark_green_bc858ab0-95dc-43fe-8bc3-dad8a453bb78,legacy,
slab_granite_dark_green_diamond_81ae5b1b-0d70-4669-9486-0538625fd38b,legacy,
slab_granite_dark_green_gold_sand_9edbf2e9-fa94-4d48-8b98-4e5af3cbd8a5,legacy,
slab_granite_dark_green_purple_eb559d15-12da-46e3-ac23-9eaf60d49349,legacy,
slab_granite_dark_grey_a487dd2e-9d3d-4f27-9361-e2adcaf73432,legacy,
slab_granite_dark_mist_6e1c11d4-6e0f-442b-bb30-6c7535b8daf4,legacy,
slab_granite_dark_moon_05d4324f-9d8b-44b9-8bcb-cf5fa99b0daa,legacy,
slab_granite_dark_steel_1c82ee9d-4d2e-44b7-9589-853280aebbf4,legacy,
slab_granite_darwin_brown_659fe69a-40ea-4f6f-bdc9-9f5198d404fd,legacy,
slab_granite_deccan_red_3e32d746-40cc-4e66-adb6-ecbcff99fc0b,legacy,
slab_granite_deep_grey_grain_b8440603-326b-434b-982b-4120eec2f4eb,legacy,
slab_granite_deer_isle_94430c84-9064-49fb-96dd-090d85839589,legacy,
slab_granite_del_mare_40195573-c59a-4055-bf4c-b73c1fd5692a,legacy,
slab_granite_delicatus_b8e253d4-d5ff-4dc3-bf57-18f2368fb48c,legacy,
slab_granite_delicatus_brown_663f40da-725a-44b6-9dc1-6caacd08e268,legacy,
slab_granite_delicatus_cream_2d71e804-f770-45c4-ae36-4de99ba10ca2,legacy,
slab_granite_delicatus_splendor_c1741f05-43bb-4147-9a4b-4abae706dac0,legacy,
slab_granite_delirium_0be56e30-2e3a-4011-a4a3-5bd0f0f309bf,legacy,
slab_granite_delta_diamond_12381fe0-2981-4702-9819-9cac433333cb,legacy,
slab_granite_desert_black_29a83019-c184-456d-8d19-1c0e6ace8670,legacy,
slab_granite_desert_cream_c442ae1a-0a61-4881-9482-fcbf6b5a2621,legacy,
slab_granite_desert_dream_573bffa9-e5da-4867-936f-84465e547f11,legacy,
slab_granite_desert_pearl_d5bcb009-c64b-4f1a-a9ac-9606705d530a,legacy,
slab_granite_desert_rose_fad433c4-99d5-4aff-bab4-6abcf7171a67,legacy,
slab_granite_desert_storm_gold_b959b10d-918c-46b4-9cf8-d6a6c4e44e91,legacy,
slab_granite_desert_wave_1b435eec-3240-4df9-b520-445a4df06bb3,legacy,
slab_granite_desert_white_f00adcb4-33c2-46e6-b8e5-24a1f62cb290,legacy,
slab_granite_designer_brown_a8b9cdaf-4da0-4b4b-9ef1-cd5ba045c483,legacy,
slab_granite_develi_yaylak_97b7f68a-efe0-4e03-bbc0-3d29e7235c63,legacy,
slab_granite_dhanpura_black_1eaf0aa7-bedd-42aa-8855-b04a8070b859,legacy,
slab_granite_di_capri_2754ff18-c7dd-4b89-b89f-880b83c54cc6,legacy,
slab_granite_diabas_omenje_454d5976-2d79-4124-ae6f-0c23bb4c938b,legacy,
slab_granite_diamante_negro_9403498f-b476-44e7-944f-87baf983a66b,legacy,
slab_granite_diamond_gold_85fad00c-bdb8-408d-8462-c4060704c0c7,legacy,
slab_granite_diamond_like_flowers_0bfe58da-a9eb-4c34-a484-1a4fb04f1c86,legacy,
slab_granite_diamond_pearl_cbd0569d-9fa1-4eb3-a91a-8e7d86042dda,legacy,
slab_granite_diamond_pink_neimenggu_ab4aa49b-807b-41eb-9bcb-4981d4371e4c,legacy,
slab_granite_diamond_red_huian_ed7ae0ac-d15b-40e2-888d-d653360cce14,legacy,
slab_granite_diamond_rose_f94db0a2-270b-46c5-8d3c-e08f444de8eb,legacy,
slab_granite_diana_green_5bbfe6d8-9307-4659-bfbe-28c8ed70137f,legacy,
slab_granite_diorite_del_piemonte_15ecd5e9-6f88-4853-9b53-3d4d2ca73ac1,legacy,
slab_granite_diorite_di_traversella_83d5a0cc-2631-46c7-9906-fa071bf68a60,legacy,
slab_granite_diorite_viupabra_209682e1-6ed4-4b8f-accc-e2d2d402c356,legacy,
slab_granite_diyadin_cfaf4e02-eb60-4d3f-9b93-f4a04182fb13,legacy,
slab_granite_dmytrit_be6b8a3d-874a-4775-bd51-2c50faeca3a2,legacy,
slab_granite_dolni_brezinka_a16e29ae-001a-429e-b0bb-e9d61355e177,legacy,
slab_granite_dolphin_2a301ab0-6d2d-48ac-b2ea-dd0324d20042,legacy,
slab_granite_dona_grey_c7b244b5-c211-403b-92b1-909be320fa58,legacy,
slab_granite_donegal_1a34976b-eb1b-4a82-98c8-d93d1de5b227,legacy,
slab_granite_donegal_salmon_83ce8376-1167-4e42-90a3-a5c91bd16285,legacy,
slab_granite_doratus_de29c20a-79ef-43b9-bd63-a07797a55989,legacy,
slab_granite_dove_red_53fd3645-8bbc-4e2a-bab5-ae386516d5aa,legacy,
slab_granite_downy_red_fde8e11e-2c06-4d77-96e1-ac147994aa6c,legacy,
slab_granite_dragon_fireworks_2c247721-1c2e-4aec-9a50-ae38a408bb79,legacy,
slab_granite_dragon_spring_red_eba959c0-2c33-4e80-bffb-22aafeafa7d9,legacy,
slab_granite_dragon_squama_green_29ef9f9f-1f75-4286-a15d-28aed2d75d40,legacy,
slab_granite_drana_multicolor_purple_132736cc-253c-4fc2-986e-47d354f695e0,legacy,
slab_granite_dream_green_13570df6-3d39-4d57-840c-26e78ec51b94,legacy,
slab_granite_dream_nebula_a42a48ae-d619-4cbb-a3bc-08a8117802cf,legacy,
slab_granite_dream_sapphire_473ecd7a-84f5-4e3d-91f0-1c77e4fa7b7c,legacy,
slab_granite_dreamlike_brown_696cce22-d226-4c8e-88c1-edf25ddda930,legacy,
slab_granite_dreamlike_rose_342f48a0-1829-4bc9-bca0-b26e7b031631,legacy,
slab_granite_drenovci_7465db99-11ee-4b94-882c-8c5debcb51cd,legacy,
slab_granite_driftwood_cc321906-dbcb-4fa2-b49d-98af46b8ee0b,legacy,
slab_granite_dubai_ce842861-9c72-41a7-bc70-0274fc5551e7,legacy,
slab_granite_duke_white_9d1091f2-9e8d-4446-ae02-dc49fc917724,legacy,
slab_granite_dunhuang_red_5abcbd51-2087-4312-93b7-cb55db45746c,legacy,
slab_granite_dyed_red_8627c0bd-0ef8-4c58-8b70-439754dd137d,legacy,
slab_granite_dzhil_tau_000d77f7-5caf-4f6b-967d-e1b7d6c12573,legacy,
slab_granite_eagle_red_97edba35-ad64-41a2-be9d-b07885aa5c56,legacy,
slab_granite_eagle_white_7b663377-3802-40e3-9e90-dac91fbe35d4,legacy,
slab_granite_earth_glitter_dea2470a-27ac-4e2f-9a16-1741e7b69619,legacy,
slab_granite_east_river_e646f108-0446-44af-abf4-c12e891d825f,legacy,
slab_granite_ebony_green_1002624b-8ec0-43a3-a41d-ec6819eea320,legacy,
slab_granite_eco_gold_3ad754fc-1ea0-460b-965a-301c71bb0670,legacy,
slab_granite_egypt_fantastic_white_705ba535-777d-45a2-8a67-08413a1974da,legacy,
slab_granite_eitzing_02420646-fbd3-454c-b1d6-a63d32ba971d,legacy,
slab_granite_ekachai_blue_1a592037-7ebc-476e-917a-922787e5f64b,legacy,
slab_granite_el_grove_7ca88dea-0b54-4986-8e22-3984a474ec06,legacy,
slab_granite_el_madrono_diabase_ae370964-9d23-45af-b230-f9e73c50ce4e,legacy,
slab_granite_el_shayeb_assuan_48215171-8b13-4331-a90d-af6ed981525b,legacy,
slab_granite_elegant_gray_9fc2e594-31e4-4c9c-92c5-a192c49204a5,legacy,
slab_granite_elegant_white_abc5a39c-cbd5-4568-a3cc-839f3f650784,legacy,
slab_granite_eliza_red_c42ada49-adfe-4ac0-86f4-a0aab987bb4f,legacy,
slab_granite_elvas_green_9bbe5a13-61b0-428a-a177-a4ea70adbc9f,legacy,
slab_granite_emerald_champagne_1e71e218-c8cc-47c4-8614-ea37544f7628,legacy,
slab_granite_emiclassic_6c0cd09f-3157-4856-9421-051f31d89a52,legacy,
slab_granite_emperador_palace_36a51779-994d-4832-94fb-b3ef06f591a1,legacy,
slab_granite_emperor_red_d2043c0b-8aa2-4d3c-8799-8234b18937b7,legacy,
slab_granite_empire_grey_b502efff-d660-49dc-ad04-f248cdeef721,legacy,
slab_granite_emporio_white_6185f93f-f9c1-4b59-95c4-c95deaf91f1d,legacy,
slab_granite_enchanted_forest_f0300d6c-c495-4816-bb9a-7e10fac2b657,legacy,
slab_granite_endless_mountain_150dcddb-4046-43a6-b655-f95cae2a230d,legacy,
slab_granite_english_brown_733d413c-c5ba-4953-a2d4-fc78b31de751,legacy,
slab_granite_english_teak_1b3d7990-0d5d-4f0d-aea8-f875458bfa62,legacy,
slab_granite_englishmans_bay_9515329c-6126-440f-8f25-b6b0a31fd8b8,legacy,
slab_granite_enigma_black_dbc4d50f-5fea-4309-9847-f401ef9f9eee,legacy,
slab_granite_epprechtstein_e67a95c0-5cfe-4305-a7c6-9f11787e498e,legacy,
slab_granite_esko_brown_4dd04c21-bdf8-4ab0-8841-4f89c1908324,legacy,
slab_granite_espresso_e067289b-ba5a-48b5-a351-08f69b856f62,legacy,
slab_granite_estuary_black_f9883951-8c35-4882-ada3-424bc3a512d5,legacy,
slab_granite_evening_warsaw_652da21e-082e-4c73-984d-006a88d91d5e,legacy,
slab_granite_ever_bright_eb0c7c85-3a4e-4e80-9c1a-4dc0d16b53fb,legacy,
slab_granite_ever_green_caf1f238-5e6b-409c-8b21-59d5e121ac0c,legacy,
slab_granite_everest_dba95bf2-7749-46b9-bb4d-ca1cd97cbf84,legacy,
slab_granite_evora_p2_05ee8088-fe61-4eb4-8624-67eece06c88b,legacy,
slab_granite_evora_p4_ba67b472-3338-4677-980a-394d19633706,legacy,
slab_granite_excalibur_5da0524b-09f4-45d3-8c60-c0e7d33c0f40,legacy,
slab_granite_exodus_white_bb44fe13-8d22-4880-a46d-2c5bde0f0d5f,legacy,
slab_granite_exotic_diamond_583031f8-a836-4179-a77d-25a124828705,legacy,
slab_granite_exotic_gold_9c78e000-f97b-4803-9b25-2e34e0dec4a9,legacy,
slab_granite_exotic_oriental_1c9a5f01-a376-4750-8662-4c84ef907b39,legacy,
slab_granite_exotic_red_d0edc712-34b6-42ad-a208-20208b36271e,legacy,
slab_granite_exotic_white_2c695582-e318-48b8-aa8e-bf27c340605b,legacy,
slab_granite_explosion_black_9ddd73e1-f4b6-446a-8fcb-6cad9f6e159f,legacy,
slab_granite_explosion_lime_1765eb6a-92e7-4267-801c-bf7f6024829e,legacy,
slab_granite_extreme_blue_1432bc66-2871-411b-b590-e77ada1847d4,legacy,
slab_granite_eystrahorn_gabbro_4e9268f5-3eca-41c0-a037-bf42ec16554e,legacy,
slab_granite_ezine_grey_ff4c74cd-6c63-4c7c-bac3-3b233a228bfe,legacy,
slab_granite_fah_nam_dip_d89ee1c4-23cc-496b-aaca-9c017d2f397d,legacy,
slab_granite_fah_panom_e909e695-582a-4382-9a49-70c805b1c99a,legacy,
slab_granite_falkenberg_e4e8c833-9b92-4a54-8d16-94788e0746d4,legacy,
slab_granite_fangshan_snow_white_4fa61d9d-03b1-4c98-8dde-f20d63ae24da,legacy,
slab_granite_fanon_green_88f45bee-0497-4832-8e02-13a0d730b13e,legacy,
slab_granite_fantastic_black_waves_dcda7f66-f122-4eb9-8a22-539d6ea1dc56,legacy,
slab_granite_fantastic_marbrasa_25a02f68-f9db-41f4-a5f6-fe154fdd1a58,legacy,
slab_granite_fantastico_branco_64f21d7b-f8d1-4327-b1b6-b46bd43b757e,legacy,
slab_granite_fantasy_brown_277967f2-97b6-4db6-bd3c-bdd113af579c,legacy,
slab_granite_fantasy_rainforest_d4c0ac99-78f6-497c-b700-4d8cf3e723da,legacy,
slab_granite_fantasy_spary_105ee5f1-ed40-47a1-b168-ed92421ec939,legacy,
slab_granite_fascination_f66bf01b-0865-435a-93ce-f9c1c596eae7,legacy,
slab_granite_fashion_green_996711ed-adaa-46b6-a7a7-8c001f8e52eb,legacy,
slab_granite_faultage_white_6db5734e-3396-442a-8f82-9fc23365750d,legacy,
slab_granite_feldispatus_9ed5e982-27b3-41e9-8db4-bc9a4624454d,legacy,
slab_granite_feldspar_gold_3520742c-d579-497d-9985-833477b106f6,legacy,
slab_granite_feldspar_white_3366ad4b-5c49-49b7-93ee-295a8e186546,legacy,
slab_granite_feldspato_bianco_7acd773c-cce6-48bb-8b32-4a413ea7d48e,legacy,
slab_granite_feldspato_diamante_128cd598-6801-44e1-af74-416e10f4c328,legacy,
slab_granite_fengkai_flower_935409b8-134a-4913-a273-de01339cc488,legacy,
slab_granite_fengzhen_black_5df28e38-af98-4ee6-876a-55734b41db22,legacy,
slab_granite_fenix_gold_fadc8d84-ae73-495d-9cc3-cf6625ee0935,legacy,
slab_granite_ferreira_do_alentejo_43dc513b-a53a-4aa4-a883-2b6ba63f9e9e,legacy,
slab_granite_fiesta_gold_396f1293-6e04-4c85-a081-d3131e9c8b0d,legacy,
slab_granite_fily_5508b846-519d-4d72-b5a2-52b02d6241e1,legacy,
slab_granite_finnish_koral_735c70c9-7de2-492b-82ac-5581e58ab709,legacy,
slab_granite_finnish_teak_a99b108e-9766-4583-afb5-e166977f8b7d,legacy,
slab_granite_finnmarkit_55870f1b-b4ec-4d77-b3dd-bd5618d7f510,legacy,
slab_granite_fior_de_cactus_c92f62a4-b12f-45c6-8a89-48521f6cd53c,legacy,
slab_granite_fire_bordeaux_20657de8-2aad-420b-96c6-ea2e5367b722,legacy,
slab_granite_firoozeh_ea995efb-1d2d-4daa-9980-09b91e235be3,legacy,
slab_granite_fish_belly_cd40acef-01d7-490c-8e7e-49be58522f7d,legacy,
slab_granite_fjord_4b21439a-95c2-4681-ae89-90fcb2383702,legacy,
slab_granite_flake_brown_b9763a35-cda4-41d2-adb8-c46dca07420a,legacy,
slab_granite_flame_creek_6c6c5a26-64dd-4e2c-b6d5-942c1438e6c3,legacy,
slab_granite_flamenco_920f261b-babb-4608-a558-441e4e1bb148,legacy,
slab_granite_flexibly_asterion_66f17b32-5d25-49ba-8191-8fee15a3e125,legacy,
slab_granite_flint_grey_8eb04e1d-ce05-493f-a833-0e5547537860,legacy,
slab_granite_flisa_b4f37e88-c3e8-4b76-b97c-ead0997a5277,legacy,
slab_granite_florence_bed1adaa-67bd-4d06-845d-b9a887397471,legacy,
slab_granite_flower_631f36e1-916b-47a7-a2e4-2e64d64b919e,legacy,
slab_granite_focus_0170f8a5-d9f5-4b6b-8d8c-80ab8b721e72,legacy,
slab_granite_fogang_blue_fffe476b-bb8a-47b6-b01e-b18f400a7d5d,legacy,
slab_granite_foglia_seca_bd783735-341e-4948-a3ec-b20b3993b3e8,legacy,
slab_granite_fontaine_green_91dfff1c-bd9e-494f-8764-e904ab5f01f3,legacy,
slab_granite_fontell_red_aba846c4-bbe1-40d2-9559-d5a64f4018f5,legacy,
slab_granite_forest_grey_ef52d562-b97d-4be2-b5d7-f449c3bf0a65,legacy,
slab_granite_forest_white_2e823afa-8ad7-4756-ae25-ae2a1c1175a1,legacy,
slab_granite_forsan_red_f4d2fa0a-b075-4ac5-88d0-78289ecdf800,legacy,
slab_granite_fortune_brown_bd41528d-5078-4ccc-be23-44ec99799d83,legacy,
slab_granite_fortune_cream_a8a56934-65d7-4881-9d1b-fb121d59f9be,legacy,
slab_granite_fortune_green_90c46599-ea1e-48c3-b645-d2bb5015c4ef,legacy,
slab_granite_fosen_gra_98b3ed5d-da1f-4860-af57-d5c5b9e82512,legacy,
slab_granite_four_season_green_9ca3a7f3-a4e1-49f2-889b-051f4057a9d7,legacy,
slab_granite_fox_brown_c442ccfa-7936-48eb-9354-7dfe17fe76ce,legacy,
slab_granite_fragrant_red_3f04b585-deff-4614-a0a4-f92819585e13,legacy,
slab_granite_frappuccino_aab5ac56-f863-4c8c-8998-481621b2f71e,legacy,
slab_granite_french_brown_c4955816-e514-4578-a6ce-9e593a4516cc,legacy,
slab_granite_french_white_9caba5d5-5e53-4758-88a0-c5782102b0e3,legacy,
slab_granite_freshwater_acadia_dcd6905a-9f58-4613-b82e-577df2100949,legacy,
slab_granite_freshwater_pearl_02782489-578a-47cb-836f-f3d89d879242,legacy,
slab_granite_frisk_red_29b08d44-1cde-43a6-9154-a7b5e5163694,legacy,
slab_granite_frost_white_426095eb-b5fc-4f20-bc06-bc0a1ca0805e,legacy,
slab_granite_frozen_white_b3d82f01-348a-40cb-8d32-1d83d709b006,legacy,
slab_granite_fuerstenstein_7713d9d7-7377-4830-85aa-31272b04daa9,legacy,
slab_granite_fujian_black_b2ddd3ab-5538-4ce1-8ddf-9ef82d46357e,legacy,
slab_granite_fujian_brown_pearl_d8350be6-bb4b-42eb-a08a-ce09754258a2,legacy,
slab_granite_fujian_golden_leaf_69091e19-09c1-4c11-9af5-48beec2f23c6,legacy,
slab_granite_fujian_pearl_white_60578557-17ad-4edb-9f23-7c5b99113974,legacy,
slab_granite_funil_red_f9bb37c4-7783-4edb-8289-41353aabab83,legacy,
slab_granite_furong_red_00e4b2f3-6e6e-4fa3-895b-709c32aca3d8,legacy,
slab_granite_fushou_red_72f2b710-2462-4264-a741-fec1da3acf08,legacy,
slab_granite_fusion_a9d2d89e-4ca7-41b7-be5f-203acef3ec49,legacy,
slab_granite_fusion_gold_de821986-59a5-4a80-a2e2-de20ce7f30c4,legacy,
slab_granite_fusion_white_75ca4f27-15be-4e1d-93e7-3f44fab56a9b,legacy,
slab_granite_g004_45dcf8cc-28b5-4ed1-bb7d-efd712770be6,legacy,
slab_granite_g029_fd657156-62f2-40e6-a0e9-568039d10506,legacy,
slab_granite_g030_34222ab8-6429-482e-bd4b-40e0df1f815a,legacy,
slab_granite_g032_f049e2de-d1c5-4e90-9deb-7580229c4fd0,legacy,
slab_granite_g037_1790ac55-c064-4bbe-bf97-5cc6c44a75ef,legacy,
slab_granite_g050_7acff540-204e-4c7f-b85a-92235a5152e4,legacy,
slab_granite_g061_309d262f-f562-4eb8-9fed-2da09f097af5,legacy,
slab_granite_g10_f84c2ad9-73e9-4ce4-984a-087d3f5a103c,legacy,
slab_granite_g300_8f8afd53-089b-4430-a0b7-4ee2c7f173f4,legacy,
slab_granite_g301_dce6a2b7-a707-4473-88a6-3950dc3d8ade,legacy,
slab_granite_g304_e3e6b9a0-0aa4-4df3-aeaa-86707095f5b9,legacy,
slab_granite_g308_45617359-a730-4877-a2a1-d573b34ae9a2,legacy,
slab_granite_g312_903d46f9-2c3d-46af-89a9-1b593d6f9a56,legacy,
slab_granite_g333_cbd7ee10-b1e5-4672-8870-4c675a347085,legacy,
slab_granite_g346_be3b13ed-5ccf-49df-940f-40b49f4aab61,legacy,
slab_granite_g3536_123b5f50-a76d-4518-a3f1-1f27e67dfb05,legacy,
slab_granite_g354_09a4561a-ca81-469a-9370-4cec50033fb5,legacy,
slab_granite_g355_b59ed9d1-41c2-4928-ae6e-942ba67ff64e,legacy,
slab_granite_g356_fac25cbe-b123-4bdd-b548-38de5d5564fa,legacy,
slab_granite_g358_829bf5e3-9db9-4766-992a-1df54d84af40,legacy,
slab_granite_g3587_2a00eedd-093e-4a42-83ad-a3259719575b,legacy,
slab_granite_g359_0497b89b-3f6a-4709-a2ea-20ac6666e4ae,legacy,
slab_granite_g360_d935f964-642d-419d-8307-cf9e306cb9bf,legacy,
slab_granite_g364_f7751ec1-f9ff-4934-bd82-51ed87118160,legacy,
slab_granite_g370_a4e7e5a3-7c9c-4730-baf8-5bd84324d18b,legacy,
slab_granite_g375_b78ab9a7-d5cc-4f51-a516-cd596755be7b,legacy,
slab_granite_g376_212e15a5-11c8-4aeb-a1f7-6b7748979c20,legacy,
slab_granite_g380_6c1544b1-8ba7-4eb9-8e9e-5efceb0b9b0e,legacy,
slab_granite_g381_93647abe-a962-4152-83c5-db135105c46f,legacy,
slab_granite_g384_5be44860-da8d-41de-ad5d-8cc2775db3ab,legacy,
slab_granite_g389_5b46dbaf-ea25-4b51-8711-9f92b119fef3,legacy,
slab_granite_g390_45024245-d10a-43c5-ae4e-bc49155aad0e,legacy,
slab_granite_g394_5a8e2505-91fa-4cb1-b57c-11cab29145c8,legacy,
slab_granite_g398_e05c6cc1-4c0e-4f82-8d26-a33a214b97bb,legacy,
slab_granite_g399_0014253d-191a-4f5c-8014-36bf09ca07e8,legacy,
slab_granite_g400_3746607c-19e4-4ce1-89c0-02e334e4ab5d,legacy,
slab_granite_g402_7f6b1796-2ba3-46a2-ab20-be386d8cc52b,legacy,
slab_granite_g425_1e236477-e660-4eaf-b670-deaa523fe003,legacy,
slab_granite_g428_1431b1a3-2fca-4d96-8fab-04a8444d01b7,legacy,
slab_granite_g435_66fa1cdc-1d06-4a1a-85c3-85604a183eda,legacy,
slab_granite_g452_93691645-a05e-4962-88f1-ea370e5d011f,legacy,
slab_granite_g592_b2684da8-580d-40af-92e0-926bdfeb0597,legacy,
slab_granite_g602_25c620d5-a414-469d-815f-597d1fab74fa,legacy,
slab_granite_g604_9e6e4fa5-9592-47be-b76d-e8fac8b8ca9e,legacy,
slab_granite_g605_1c727a81-dbaa-4b4b-8a4c-4e40065c71ac,legacy,
slab_granite_g606_9ae95137-ec02-4557-9cd5-7b3611cccfde,legacy,
slab_granite_g608_8174efce-0175-4ede-912f-ca0a879bd92a,legacy,
slab_granite_g610_9a1f64fb-e4b6-479c-87a2-76cdce72cfe9,legacy,
slab_granite_g611_fb7aa6b3-f9e8-4bd7-9b01-d55389b05204,legacy,
slab_granite_g613_b4c4b98d-4b66-4bc0-b035-405f711c4cf7,legacy,
slab_granite_g618_c037333f-3024-4bb5-924d-5ea6214b05eb,legacy,
slab_granite_g622_482b918c-7fea-4e47-8152-c6e4d5a89ddf,legacy,
slab_granite_g628_0c9b7925-6aab-45e4-8ad4-7efc13c16638,legacy,
slab_granite_g632_345cbc98-b9aa-4e81-9629-6fd6f61051e8,legacy,
slab_granite_g639_955571db-5d81-4c43-9188-22e78af35482,legacy,
slab_granite_g646_a8873bca-4847-4184-86b3-b60c3c44a637,legacy,
slab_granite_g650_14e2290a-d962-4337-b3ef-b12166ce9b57,legacy,
slab_granite_g651_1f7e6f10-d03a-4f98-81a3-50c88c08890f,legacy,
slab_granite_g658_f56cda92-3f01-45b8-9832-a75c5734819b,legacy,
slab_granite_g660_31aa347c-2ddb-4905-918f-24490768c978,legacy,
slab_granite_g663_29d7c8df-9bf7-49fd-abe6-ed78ebe5a675,legacy,
slab_granite_g668_8f9db92f-cce1-4713-88f1-39f303e302a5,legacy,
slab_granite_g679_3dbb173d-338c-4883-9977-3a5e617621f2,legacy,
slab_granite_g680_bd002292-d46b-44eb-8030-340140b600c3,legacy,
slab_granite_g683_ec4b6904-c57b-48b4-9701-c6248ab7d9b2,legacy,
slab_granite_g685_a6901c07-3042-49fd-8bd6-8489937bdcfe,legacy,
slab_granite_g687_1911478e-a5a6-413d-bfad-bb735c5bd58e,legacy,
slab_granite_g688_d848b862-0413-488f-90c3-d5a0b1fe0d7c,legacy,
slab_granite_g693_0373fdef-361d-4c29-ad75-e75e8c20e19d,legacy,
slab_granite_g694_48c5af2e-4518-4abf-9cb7-38f4de8f990f,legacy,
slab_granite_g696_2d24c7de-c2c5-4f44-81d3-4bd8506b8a08,legacy,
slab_granite_g697_435b934f-c8c3-40d1-9e8c-055c1e5b369b,legacy,
slab_granite_g699_7aaa8d20-3201-4706-91c6-f6a83935f883,legacy,
slab_granite_g701_29bc53a2-a0ff-4f9a-9ccd-6fa2b77482bc,legacy,
slab_granite_g702_0c546b58-5615-448f-a28d-288243b19c5e,legacy,
slab_granite_g706_20bba16b-ba10-475e-aade-3c4be16ea53e,legacy,
slab_granite_g712_87cee4af-d01b-4e8a-b5a6-f81c990d332d,legacy,
slab_granite_g716_f5f0fa41-3551-4c5e-b2cd-dac95f91a679,legacy,
slab_granite_g722_16354f44-0886-459a-ba81-6fcbbace8f63,legacy,
slab_granite_g723_7643b37d-bca2-4c82-ace0-19f8e8b8b8d9,legacy,
slab_granite_g725_6f7688f3-9dd0-47fa-9272-7792a739d6dd,legacy,
slab_granite_g726_519d864c-a289-42c1-8914-e411307c3753,legacy,
slab_granite_g727_e9bc273a-f04b-4e5d-b12c-336c0638d467,legacy,
slab_granite_g729_d1ceddea-cf52-4cd3-8daa-00df0e003cca,legacy,
slab_granite_g730_af092e48-2ade-482e-84f3-447af6aaf482,legacy,
slab_granite_g732_be07fee3-7ab1-4fb9-a0fd-87f036bdf1f7,legacy,
slab_granite_g733_6fd34e27-9d0a-4847-b83b-140450cdc760,legacy,
slab_granite_g740_8c57f205-2fc7-4ecb-87c2-0a770fd02097,legacy,
slab_granite_g743_1d12183b-8abd-42bc-87c0-30ad0908a845,legacy,
slab_granite_g744_7df308ca-b88e-46cc-a431-07ac195611fd,legacy,
slab_granite_g746_8d4a8341-6be5-46d3-a0bc-55f83dee682c,legacy,
slab_granite_g747_b182a816-6ea8-4566-a6a8-578cccf80258,legacy,
slab_granite_g748_2807824d-9315-45bd-b7f6-398b70d2c3be,legacy,
slab_granite_g750_752527aa-eefb-4286-a260-1a3614bbee4e,legacy,
slab_granite_g751_4f669761-3218-4d7e-8af0-a6c747d5a429,legacy,
slab_granite_g752_2bb54cbf-7615-48c0-9d73-5c021230808a,legacy,
slab_granite_g753_c9eb966a-8c53-4327-a1d3-26f82584b355,legacy,
slab_granite_g754_4ec23e9b-90ac-4def-abbd-fd4d25de57d6,legacy,
slab_granite_g757_7faef265-9cda-436f-9e3e-743448ae5819,legacy,
slab_granite_g801_43274617-0f6e-46be-85ed-cf948cfb696b,legacy,
slab_granite_g804_8f975a76-7488-4e96-85bc-555bb9528181,legacy,
slab_granite_g838_8029643f-45aa-4ac6-9312-dc6840a0facf,legacy,
slab_granite_g856_f216bb0b-1a26-4531-a706-41bd18d15821,legacy,
slab_granite_g861_a41bcf44-b25e-48ae-9647-7a5e2d9eccc1,legacy,
slab_granite_g869_a67ae4ae-26c8-474c-9a71-4492ecdfa13d,legacy,
slab_granite_g889_61175596-32ae-40b1-a744-093c665071c0,legacy,
slab_granite_g896_1cc8fa7a-82f8-4b1f-9f0a-e1ab7e748716,legacy,
slab_granite_gabbro_drugoreckoe_6a38561f-fc6d-42fa-a9e1-5cc07160cfcf,legacy,
slab_granite_gabbro_red_vinga_b2acb66f-21a0-4c09-a925-c31cd4c5a12d,legacy,
slab_granite_galactic_bronze_ffea4de5-c94a-4dd9-b0f3-078913d78f10,legacy,
slab_granite_galactica_9980f82e-0daa-48c7-8057-e39a0c1a7ca6,legacy,
slab_granite_galaxia_blue_8bb7c4a3-7191-4f55-998a-948f37e96143,legacy,
slab_granite_galaxus_5fa477c5-f195-4e8d-9a56-b9911f130631,legacy,
slab_granite_galaxy_blue_black_36ac857d-8e1c-4f2c-aba5-18a5fc8aa0a7,legacy,
slab_granite_galaxy_cream_634a7ea9-d3f6-4723-8003-b541801274e4,legacy,
slab_granite_gallix_585485c7-6910-4959-99f3-871fa29ae00c,legacy,
slab_granite_ganache_4d5f97ea-192f-4840-a3b5-1c53412a7405,legacy,
slab_granite_ganzi_cherry_white_571a9976-5506-4507-9f0a-9e7ba3282c2e,legacy,
slab_granite_ganzi_sesame_black_b6988d4f-f6b8-48e2-83ea-121c83270f6e,legacy,
slab_granite_gaoming_black_7078d2ce-f87d-4f25-956f-7cee1751cb5f,legacy,
slab_granite_garabagh_9927b5d4-f872-4dbc-9a07-f53edf287336,legacy,
slab_granite_gardenia_8a7b20e8-1475-432c-911c-5cbfe4e2e6b9,legacy,
slab_granite_garnet_red_dcab851d-f793-400f-a222-d10eb2dbb8f5,legacy,
slab_granite_garuda_c4a68416-7ccb-4d2a-a249-be9de1262c85,legacy,
slab_granite_gastrodia_white_11e59d1b-38e7-4017-9da8-bcea7b0105e0,legacy,
slab_granite_gauguin_1a7cc660-b5b5-4c8e-8397-65a4946d7ee9,legacy,
slab_granite_gaya_709dce26-4b90-4620-9b13-b1ffe6eb14ff,legacy,
slab_granite_gazon_219fcabe-5d5b-46b8-a619-0635c751c089,legacy,
slab_granite_gb4_grey_f0b27157-8a84-4b44-bd74-9f5c86c3d5d0,legacy,
slab_granite_gem_paradiso_d4d83bec-32cd-40a6-8c0a-8bd8d64bdebf,legacy,
slab_granite_general_red_14868996-acfc-4142-a63f-11bbd8b6e5e2,legacy,
slab_granite_genesis_white_383f32d4-27b9-416c-a481-a0a75fff2faf,legacy,
slab_granite_geode_5e640bc1-1778-4a6d-823c-8349f708a2b8,legacy,
slab_granite_geriba_6e0e4362-cbfd-4a8e-8952-88e87dd3fe4b,legacy,
slab_granite_ghadeer_ebe334e2-db1b-42d6-9e6d-d4ed1bacf422,legacy,
slab_granite_ghiandone_4da8fb2c-482e-4274-9f99-93bf89161b3a,legacy,
slab_granite_ghiandone_gallura_210b8adf-e1ed-4490-83e8-7496e7effaf3,legacy,
slab_granite_ghiandone_limbara_e8a2362e-9407-404a-9c7d-635b1520ed58,legacy,
slab_granite_ghiandone_luras_11153f7f-65ab-47f0-9738-89c31a7e8cef,legacy,
slab_granite_ghiandone_rosato_6ccf5961-2e9c-40cd-a27d-879862781932,legacy,
slab_granite_ghiandone_valmasino_ef503ecd-2c83-4053-a15e-6aa5f0375de2,legacy,
slab_granite_ghibli_gold_a1338923-24fe-42b1-91e0-0ad4dc9d9d76,legacy,
slab_granite_ghibli_ivory_00093fff-784c-4be0-8a3b-17b1f67ce05c,legacy,
slab_granite_giallita_27cb434b-4edc-4e19-887f-864fe3008be2,legacy,
slab_granite_giallo_alaska_d502f94b-cb42-4ba9-86f1-4e4b0d18e3bd,legacy,
slab_granite_giallo_amarulla_c1a641f1-45da-4a42-b1ad-63b54914f34f,legacy,
slab_granite_giallo_amazon_fe7ac696-d981-44ef-909a-01a33c822d12,legacy,
slab_granite_giallo_argento_e480830e-f101-426a-813c-c6cf4b157375,legacy,
slab_granite_giallo_atlantico_0de233fd-ff90-43b0-8f40-a653f46be10b,legacy,
slab_granite_giallo_bahia_15ae1d1d-b5bc-4240-944c-5c20a9280438,legacy,
slab_granite_giallo_burgundy_6de63d8b-3cb0-4d51-b0bf-86eda896c093,legacy,
slab_granite_giallo_calabria_186b9fa8-e235-49a0-a941-1a9a6b0454c6,legacy,
slab_granite_giallo_california_ca4e8952-1698-4a09-bf7a-7a342d4ce376,legacy,
slab_granite_giallo_capri_93dc7e69-5c7c-4413-a393-3c01d640f8cf,legacy,
slab_granite_giallo_damara_71ea98ae-98aa-4b9d-8c36-b9fe351b935b,legacy,
slab_granite_giallo_fantasia_82515aa4-3e56-409e-bb87-63f9a4ef3d3f,legacy,
slab_granite_giallo_fantasy_43dfa867-2918-4564-9b47-372099ea5adf,legacy,
slab_granite_giallo_farfalla_a52174ae-dfbd-4d13-b808-5b185e04d0e7,legacy,
slab_granite_giallo_galicia_fc1692a6-7935-476d-8d2b-dad6f945d4db,legacy,
slab_granite_giallo_giselle_990a052b-54ed-4c67-a19b-9b882ec29bfd,legacy,
slab_granite_giallo_guaimir_58c06949-17ab-4d18-ac7a-14729ad7741b,legacy,
slab_granite_giallo_himalaya_fd5e8d19-a959-4143-a574-06c5e7c1487f,legacy,
slab_granite_giallo_humaita_677305c0-b9f7-42bf-a81e-baf0357d6dde,legacy,
slab_granite_giallo_latina_1953aadf-7a4a-4d27-985f-eb714cc17e57,legacy,
slab_granite_giallo_matisse_143b29d9-ba2a-4208-9700-93e58220650f,legacy,
slab_granite_giallo_monet_7d49b820-2793-4af6-adb8-27ad81457ce3,legacy,
slab_granite_giallo_namib_0f70442b-241e-441a-affd-70aa41c41532,legacy,
slab_granite_giallo_napoleon_e1e11420-b700-463d-aba7-f99e310f91e0,legacy,
slab_granite_giallo_nova_30b154dd-c1fb-49fb-891e-001cb1652824,legacy,
slab_granite_giallo_ostrica_5a6abbbf-c343-49cc-8868-7da38bd54447,legacy,
slab_granite_giallo_ovodda_65e08d0c-b6e6-4c40-8499-c248130c467f,legacy,
slab_granite_giallo_palustris_399c1954-7651-4499-8d3e-467cb883da61,legacy,
slab_granite_giallo_partenon_065d7586-6a63-41a8-98ef-bd3415787101,legacy,
slab_granite_giallo_parthenon_3697eae8-08ec-45ad-9535-35772d80d06d,legacy,
slab_granite_giallo_portinari_fc7c5452-f54e-4743-b3af-d989e6a76d1a,legacy,
slab_granite_giallo_portofino_8018134e-859d-4923-a42b-5340d06ad32d,legacy,
slab_granite_giallo_real_a2de6da3-76ce-4dd6-b340-28a70ee21c85,legacy,
slab_granite_giallo_renoir_fd8c1c76-31c0-413a-983c-aa84df93a26f,legacy,
slab_granite_giallo_rio_468c4dcd-0a3e-4097-b83b-806a45ed7e38,legacy,
slab_granite_giallo_sabbia_b3a70d57-809c-4f9d-8132-826b408dead3,legacy,
slab_granite_giallo_san_francisco_86d8a3b8-d2c6-4fce-be60-fe022ebb6167,legacy,
slab_granite_giallo_san_giacomo_e41042d6-3a95-45f4-9954-2d47104e5861,legacy,
slab_granite_giallo_san_rafael_6d678223-3d68-4372-8a73-6e6fdd4ec117,legacy,
slab_granite_giallo_santa_rita_91717a79-5512-4108-89df-913b54772be8,legacy,
slab_granite_giallo_santo_0320175f-3032-4316-aaf0-56834aa034a4,legacy,
slab_granite_giallo_sf_real_white_89b1d53f-bef1-4a84-8ecb-d329d55ecd8e,legacy,
slab_granite_giallo_sofia_6954c833-b709-4627-b9ab-f7385fff7094,legacy,
slab_granite_giallo_speranza_b4d93f35-4547-4f63-bb22-09160e02d289,legacy,
slab_granite_giallo_supreme_10e52a19-a799-49f5-acfb-3eda18734e2f,legacy,
slab_granite_giallo_tigrato_211f0fe7-195c-43f8-ad49-d8ff2d3b6473,legacy,
slab_granite_giallo_topazio_8fa0f2d3-1806-47ad-a3e2-cbf969928c43,legacy,
slab_granite_giallo_tropical_d4148aa1-65ab-4116-9a08-a33cbd73ea66,legacy,
slab_granite_giallo_venezia_4a33e205-9561-42ea-b174-6d04290c5844,legacy,
slab_granite_giallo_verona_a38f2ba1-eb1e-4498-a1f1-dacb3752d40e,legacy,
slab_granite_giallo_vitoria_dfcef6c1-345e-4b6c-8019-749574b2dd05,legacy,
slab_granite_giallo_west_43ad22bd-6d80-4a96-9bd3-3172bfd09463,legacy,
slab_granite_giresun_vizon_2c0826e3-a004-49e6-ae52-e9a2732f2c1b,legacy,
slab_granite_gitata_gold_8f92199a-186a-4536-86e5-d53ca42f9e2b,legacy,
slab_granite_gl_pink_e766857d-35ae-48aa-baf6-046203533229,legacy,
slab_granite_glacier_blue_086f2bf9-d0ed-48c2-b976-45c8f7699600,legacy,
slab_granite_glacier_hemp_78d3ac1d-d38c-437c-a149-7c232ccf2ef3,legacy,
slab_granite_glacier_white_01462cb8-66d7-40e6-a2af-8d219e8b6797,legacy,
slab_granite_glenaby_89545379-26f5-4310-b14e-d5593f3418bc,legacy,
slab_granite_glitter_green_78743226-cded-4942-b253-c9295b8f5a37,legacy,
slab_granite_glittery_white_4e4f5d00-9d49-407b-b994-edf5dfd7ca8d,legacy,
slab_granite_goa_red_504353cc-1930-4b98-8e7d-5e76e594cb46,legacy,
slab_granite_goas_37c6b893-6faf-4ac0-8d2c-24382c5beea0,legacy,
slab_granite_gobi_blue_314da730-f9cc-4720-90fb-c3c6ff2c0eb1,legacy,
slab_granite_godhra_bhadabha_c91ec0e5-ef98-48c1-8ca4-dc934c6e2ad4,legacy,
slab_granite_godhra_tarsang_gray_35d10c7d-7a37-45ef-a0f0-999fde83df9e,legacy,
slab_granite_goeinge_32f9eaf4-d38c-4bde-8005-092f28feb98a,legacy,
slab_granite_golbasi_9d992663-530c-43ab-a28d-83d71cce7564,legacy,
slab_granite_gold_500_103d04d9-a760-4e59-8ff5-1314a8af6757,legacy,
slab_granite_gold_antique_597b1164-c227-4d8d-9bce-9ec153bc1a4d,legacy,
slab_granite_gold_beach_9543bfdb-30c5-4c88-ba6f-ca318dbff0e7,legacy,
slab_granite_gold_black_diamond_54469cd8-f8c4-49c1-8a6f-1beccfaffcb3,legacy,
slab_granite_gold_dyed_89a37f47-f601-4eef-9fe1-d2c27c04d51e,legacy,
slab_granite_gold_fields_5aa64e6b-8ce6-4bdd-b18e-eeff2d27e3db,legacy,
slab_granite_gold_fuji_8d879716-73ba-49ba-a46c-3b59fecfd0c0,legacy,
slab_granite_gold_gem_388cc761-142f-4c26-8e6d-ce04f5155758,legacy,
slab_granite_gold_grain_green_8a60ae98-dece-4291-b8d5-4998d382805c,legacy,
slab_granite_gold_grain_guyang_cc987847-4089-4383-ae7f-1d2e3b9830b3,legacy,
slab_granite_gold_grain_hami_4af0eeb3-f37e-42d7-a9d7-1b5f88f377bd,legacy,
slab_granite_gold_sand_green_a910ab20-dcd8-470c-b7de-26f746d74beb,legacy,
slab_granite_gold_star_a88f64c8-f4eb-448c-a41a-6ca2d9e10a51,legacy,
slab_granite_gold_topaz_c7583e63-cdca-430b-818c-806b38140661,legacy,
slab_granite_golden_beauty_ad62357e-e521-4b51-bbd8-0d3879b29f1d,legacy,
slab_granite_golden_bird_6fd20b8f-8841-45a6-8fd5-4b31b8b490f3,legacy,
slab_granite_golden_bordeaux_ae925d28-679b-40cf-8010-4069dfe9e6aa,legacy,
slab_granite_golden_brown_30a28536-19e6-44d4-a2f2-8088c74a4c9b,legacy,
slab_granite_golden_brown_xinjiang_98457786-d709-4a04-a745-47d75cf66c3e,legacy,
slab_granite_golden_butterfly_11f5aa81-9bdd-447f-931a-71137402acbc,legacy,
slab_granite_golden_buzios_05757242-7839-4035-9180-66b2cebce38e,legacy,
slab_granite_golden_cascade_291e3438-7d8e-4a78-b14c-373924e24383,legacy,
slab_granite_golden_cayman_e20b6e17-4044-42d1-9c86-c652127db608,legacy,
slab_granite_golden_chocolate_bfd2fd72-40d3-424e-a046-df54601b38aa,legacy,
slab_granite_golden_cloudy_665bc05d-b98a-4e7c-abd4-d6b15ba294f4,legacy,
slab_granite_golden_coast_b449a310-4190-4e24-a31a-d70d44fce9ad,legacy,
slab_granite_golden_diamond_red_2a3506fb-4ef6-4c4e-b9ac-1de63f6b5184,legacy,
slab_granite_golden_dream_eea5e477-3125-4e6e-8ebc-355f6725a964,legacy,
slab_granite_golden_eclipse_1bf33b21-f1bb-4885-a2e7-9a973884366c,legacy,
slab_granite_golden_eye_7dc55ae0-b2bc-4ce1-bf06-0365b58e67ca,legacy,
slab_granite_golden_falls_a2eedd26-fc1b-4a35-b73f-25c320895783,legacy,
slab_granite_golden_fiji_27e1c185-deaa-4839-99d3-28f447009769,legacy,
slab_granite_golden_flakes_dac00fc3-36d3-4347-887b-6eb1240d0dd8,legacy,
slab_granite_golden_flower_red_f6113f8b-1528-43ce-a93a-bc83d0d67fe3,legacy,
slab_granite_golden_fortune_7fc0ace7-7512-4195-980c-6d7d18c2d808,legacy,
slab_granite_golden_galaxy_97f16989-d47f-42c2-aac7-84ebf804a01b,legacy,
slab_granite_golden_grain_guangdong_6c232466-f13f-4af2-990d-55b6235b73e1,legacy,
slab_granite_golden_hemp_light_ab6f371d-dcf7-4ded-88cb-24d960bfdbc9,legacy,
slab_granite_golden_jade_db58a731-10ff-472f-a9da-f7ee440ab93f,legacy,
slab_granite_golden_jasmine_30fa4387-d6fe-43a1-b204-3e6d52e94253,legacy,
slab_granite_golden_king_a8988490-618a-48ef-b30a-9d808628e7ad,legacy,
slab_granite_golden_leaf_e6ff483d-e879-4709-8ce9-3091935886b7,legacy,
slab_granite_golden_light_0088996b-1aaa-49e9-badd-1c6142c52d61,legacy,
slab_granite_golden_lightning_379576e6-8b5f-47de-83bf-9f1af5c5ae26,legacy,
slab_granite_golden_marinace_e36e60f5-d2f0-40d6-b3d3-596f27503eb8,legacy,
slab_granite_golden_melody_85daecc3-b686-4483-8bae-27805b24e95b,legacy,
slab_granite_golden_mix_b9a409dd-c05c-450a-ae43-5a12c39c0f73,legacy,
slab_granite_golden_moon_71f84972-1de5-4169-89e7-21b3143f375a,legacy,
slab_granite_golden_oak_ae34ad81-cf3e-4330-957f-feb930f6c301,legacy,
slab_granite_golden_paglia_a2cbf680-a4e4-46e2-86ff-3e4bd7c37017,legacy,
slab_granite_golden_persa_65379298-61c1-403c-9d7f-0e8d9f6cac35,legacy,
slab_granite_golden_picasso_e574ee2d-d99c-4c05-b168-3db5f44f9b9d,legacy,
slab_granite_golden_pompeii_9c12b7d0-1808-4f1b-b0df-2866cf7f7496,legacy,
slab_granite_golden_queen_9b9461ff-b7d7-4597-a1bd-7ab1bd840ea8,legacy,
slab_granite_golden_ray_90b3bf53-2940-43e8-bf87-9c8053e899ac,legacy,
slab_granite_golden_rock_b4ba5272-52a6-48ef-b9d8-429c08855b94,legacy,
slab_granite_golden_rustic_47bb544f-0a00-4216-b877-2fededf7cfe8,legacy,
slab_granite_golden_sand_0abf707c-ae6b-4b6d-a1ca-e9cfb1c395c8,legacy,
slab_granite_golden_shadow_8018b15f-2997-4743-b529-f42ef4b0ed01,legacy,
slab_granite_golden_sienna_fecedce8-1a7b-4a2d-9ea3-6b4cb5a4739a,legacy,
slab_granite_golden_silver_5b7dc911-e840-44be-9c88-532cd24699ad,legacy,
slab_granite_golden_sky_3a4e1ce4-575b-4216-adcf-b620cff45599,legacy,
slab_granite_golden_sparkle_5fb1f07b-c0dc-4960-966e-6ec0ad70379c,legacy,
slab_granite_golden_spot_green_f1ff2fac-ea54-431b-84ea-8136be2db910,legacy,
slab_granite_golden_spring_e1686e90-7be5-43c8-9bfa-15a6c040ac7b,legacy,
slab_granite_golden_stallion_3fba5b03-12ee-45f2-88d4-e0daa330a1f6,legacy,
slab_granite_golden_star_red_fb4d9809-14c8-48a3-a7db-77cb94f69990,legacy,
slab_granite_golden_sun_635bf459-24d6-4000-b675-97d1355559ba,legacy,
slab_granite_golden_vinhal_fe24e2c6-ca64-485c-9042-3ac626642c32,legacy,
slab_granite_golden_viper_805dab69-76dd-4405-909e-45e3b6736f59,legacy,
slab_granite_golden_web_4f394ea0-0338-4331-a9ef-787d25bfa23d,legacy,
slab_granite_golden_years_2f07c71f-ebce-40c5-bf5a-63903b4669cd,legacy,
slab_granite_golden_yellow_5a0bcd92-f345-490c-a627-1db4dc86bf2a,legacy,
slab_granite_golpanbeh_hamedan_5f79f35c-278e-4565-b996-a2df1ed42edc,legacy,
slab_granite_gondomar_502c18c1-82c8-43c4-84ff-2fd0809ea914,legacy,
slab_granite_gora_tokimovka_94d4d4af-6c4f-4266-9257-79f814585a50,legacy,
slab_granite_gra_bohus_aevja_8d15540b-efbb-4ae5-a16d-664c0c326fed,legacy,
slab_granite_grace_grey_f63f6b46-b9a4-49de-9025-5458861cbf15,legacy,
slab_granite_graffiti_5f7ab1fc-7af7-4903-a662-3e0bc19219b3,legacy,
slab_granite_grain_beige_9911bc4f-c4c3-4ea5-adca-a6912e5a9e74,legacy,
slab_granite_grain_multicolor_ec072af2-6b58-446c-9a8f-fd1b0542e985,legacy,
slab_granite_gramangola_black_b1d899bb-93c4-405c-90d4-d0543c8cd05d,legacy,
slab_granite_grampian_red_a360b846-764d-49e7-b5b9-cfa0df8438b8,legacy,
slab_granite_gran_paradiso_f9db2bf7-d2da-4e96-b31d-e1212bede5f1,legacy,
slab_granite_gran_pola_c7769b73-ec6a-4ab6-9769-77080ec7e2cb,legacy,
slab_granite_grand_canyon_759c9587-fc60-4451-a724-2a65b2ccb623,legacy,
slab_granite_grand_mahogany_3f4ca855-d8ff-4106-ad2c-28b5e1958b03,legacy,
slab_granite_granida_lc_ee34adce-675b-4a66-9612-4233585daf09,legacy,
slab_granite_granja_74226688-883f-4013-87c9-2cade692c4a6,legacy,
slab_granite_granville_18e6e8db-877e-4daa-8b16-d3e48d1f13c8,legacy,
slab_granite_grass_green_d46a9b96-02e7-4062-bf4e-783684174b41,legacy,
slab_granite_grassland_green_d141462b-e954-427b-9775-87c3ee7dbcdc,legacy,
slab_granite_gray_huanggang_e70d19b3-5a88-447b-a50d-513a73f82071,legacy,
slab_granite_gray_isis_79f630b8-4487-42bc-b615-7a1c512962ad,legacy,
slab_granite_gray_nuevo_1843c31e-4334-4f86-8a0b-3cafa045202a,legacy,
slab_granite_gray_rwanda_4358a1d4-892b-4e77-9eef-b334c713899b,legacy,
slab_granite_great_lakes_f7310657-ad94-4dbe-9a74-3f43fe7a64ef,legacy,
slab_granite_great_wall_green_a031bc7f-a5e4-455e-a68f-4cc576fd5c7f,legacy,
slab_granite_great_wall_red_c9873a91-77a4-4b35-bf5e-258b13f77f75,legacy,
slab_granite_green_4bd14288-ba3f-4a3b-8ab5-19c72c8548e4,legacy,
slab_granite_green_chameleon_18db205b-10bb-4ec9-90f9-c1a8a150882d,legacy,
slab_granite_green_chashan_d13d43f9-e909-48b1-b8d4-9f4cda368bc4,legacy,
slab_granite_green_coniferals_5b9fdb93-afb5-4ee5-a2e4-e97a4632f63c,legacy,
slab_granite_green_diabase_745ec9fc-4d7c-4c07-8c08-6de8af159f4a,legacy,
slab_granite_green_diamond_jilin_029bea83-9b0a-4896-a925-cc703b15997e,legacy,
slab_granite_green_dragon_57294a2e-b20a-4ecc-a466-f329056da0c1,legacy,
slab_granite_green_gaoming_b4ffe966-a391-442e-a055-23b31c3c2bcf,legacy,
slab_granite_green_gem_china_2a954f0e-c634-4a44-8c9c-1299ae3e4d7f,legacy,
slab_granite_green_grain_3a76974e-6c56-4f4a-b9aa-c06bc0f96ec1,legacy,
slab_granite_green_huamen_e3442f9e-106d-41a7-b2fb-555f0d097c07,legacy,
slab_granite_green_jade_fujian_9c338ceb-6db8-42aa-ba17-3ab974311393,legacy,
slab_granite_green_jadeite_0d0f8803-c87b-4933-b116-10b091d7095b,legacy,
slab_granite_green_peacock_289a05c3-4a39-4af7-8116-2389dcaf8c0e,legacy,
slab_granite_green_piranshahr_8e4cd282-20ce-424b-b7b6-f5be3c174031,legacy,
slab_granite_green_raniah_35adf7b5-199d-4a92-a9b5-2d89df69f701,legacy,
slab_granite_green_ray_78a9e636-8e72-40aa-8a08-4a0acd9b61be,legacy,
slab_granite_green_river_5cc09db5-0fff-4de9-9400-0a0d470c8011,legacy,
slab_granite_green_rose_09390621-e0a2-4cb2-8be0-3f0661cdb016,legacy,
slab_granite_green_sand_neimenggu_d8fb79e4-4e5f-41e5-a884-0a867bdd92cb,legacy,
slab_granite_green_shakh_do_8f1705aa-0b83-41f1-8407-da661767c446,legacy,
slab_granite_green_valley_6d2709c7-eb98-4fe2-9ce3-34517d42634e,legacy,
slab_granite_green_wave_3f91d24b-b4b9-4803-bbce-86319df6d78d,legacy,
slab_granite_green_wish_65b8e4a4-dcfe-4bb5-8eb9-2cdf1a616a49,legacy,
slab_granite_green_yiyang_cd7d57fa-d41d-423d-af96-857c195563c7,legacy,
slab_granite_green_zanjan_9fbf9c25-4c2e-4b35-89a4-68ed9b8f31d7,legacy,
slab_granite_green_zoucheng_55ec77dc-56d1-4ac1-bb7c-8a870fcfd771,legacy,
slab_granite_greene_county_421e7169-b111-463f-a7b4-d9540fce03d2,legacy,
slab_granite_greenland_5e932a05-6f5d-424e-9ca9-77a59312f719,legacy,
slab_granite_grey_aswan_3885e05b-34ba-498d-92c4-31ec0497d353,legacy,
slab_granite_grey_bibala_fea2c652-1c71-4c0b-a883-9ae3bef3fc7b,legacy,
slab_granite_grey_bird_fdd742af-e854-47cc-ae3e-06747436480c,legacy,
slab_granite_grey_carmen_37b8fcf5-23f2-4eea-97b7-691c5c6eb94b,legacy,
slab_granite_grey_cloud_8f1ab049-5c35-44e0-822f-eeb1005c73af,legacy,
slab_granite_grey_diamond_b70055fb-5f93-474c-b0c2-5e685efc0324,legacy,
slab_granite_grey_flower_305bc837-4060-4ac5-969c-40286e88a845,legacy,
slab_granite_grey_goose_f81eca62-4839-4e0a-813a-3e6a133c3c3a,legacy,
slab_granite_grey_linen_18877202-44e2-4c1c-b0a7-1b8a504a8011,legacy,
slab_granite_grey_quoin_61bae8d6-8cd2-489c-ad7a-da7e4ca9cd84,legacy,
slab_granite_grey_river_8f19a7ac-c875-45c3-a6db-e1f45069bec3,legacy,
slab_granite_grey_shanqian_170a0f3b-5fbe-48d4-ad6c-8c2a3ce4d2f1,legacy,
slab_granite_grey_silk_c86c3029-e452-413b-8546-35e26bb3b7df,legacy,
slab_granite_grey_star_c1143450-1255-4060-8d52-19a249f4cfc8,legacy,
slab_granite_grey_sucuri_551bde4d-48ac-49dd-9718-27067879b894,legacy,
slab_granite_grey_ukraine_1c1b221e-df4e-4d6c-8f24-abfc44af7a89,legacy,
slab_granite_grey_vivacqua_532f5782-ac1b-4138-b13c-7c0c984cde61,legacy,
slab_granite_grey_white_fangshan_bf03b9c1-ab47-46d7-95ba-30f8a02c4589,legacy,
slab_granite_grey_xela_1d8c3680-6681-4fbd-a4f9-b76f007e9760,legacy,
slab_granite_grey_xinlin_1ce94645-bb0d-4617-bd20-663c3a82b6de,legacy,
slab_granite_grey_yunmeng_7f1426b5-ebbd-4c37-8b66-b8a7160e108e,legacy,
slab_granite_grey_zulai_e2010028-abdc-4a2a-b839-d00cef7565e3,legacy,
slab_granite_grigio_brosso_3efc62de-3263-4016-aac5-a84d937cb024,legacy,
slab_granite_grigio_champagne_724c1eb6-5f24-4d82-82df-479f762a5c7c,legacy,
slab_granite_grigio_di_calabria_f6b75bf7-a913-429b-85d5-031c1f7b5db8,legacy,
slab_granite_grigio_malaga_b6a681e5-83f5-450d-9ced-81cd1f54abff,legacy,
slab_granite_grigio_raffaello_e886857f-2e35-4bfe-9d48-e360df97b881,legacy,
slab_granite_grigio_sardo_964d27cf-9395-4407-8e95-942ae930d341,legacy,
slab_granite_grigio_scuro_3d29d5d1-b498-4cb3-84f9-b2b559d6cc87,legacy,
slab_granite_grigio_tortora_231794db-2170-4f36-84ca-7ba6ebf80a9c,legacy,
slab_granite_grimsel_6da6619b-beae-432d-8536-5075254a4077,legacy,
slab_granite_gris_alba_4f776fd6-c77d-46bf-9565-cfc4d6491e69,legacy,
slab_granite_gris_avila_92ecea5a-3e67-47c2-9d94-a5d5e0d8dc16,legacy,
slab_granite_gris_caceres_5b553389-732d-4b1b-81bc-00abec2bd255,legacy,
slab_granite_gris_cadalso_4a42a80d-c6bf-4599-89c8-df383009062a,legacy,
slab_granite_gris_campanario_59d952e0-3a77-4017-8a4b-e9a7b2c43da8,legacy,
slab_granite_gris_conquistador_2e687d48-2ad6-4b9e-b733-11963af313ce,legacy,
slab_granite_gris_diana_9b331ba6-7f81-4350-a4ba-9d7c3e67ca6d,legacy,
slab_granite_gris_estrella_25659a7f-a960-429f-b944-1a2551a0bf8a,legacy,
slab_granite_gris_fantasia_3a129cc0-6393-4127-b4bc-47173374a9c1,legacy,
slab_granite_gris_fino_03ca457a-2ce4-4f96-9cf1-7497064144f7,legacy,
slab_granite_gris_guayana_cddceee7-dde7-469b-8a48-112dd9ff6407,legacy,
slab_granite_gris_jaspeado_e1299a12-6dc8-4f53-b57e-b8a1cf4e6eb6,legacy,
slab_granite_gris_leon_c9492a87-27e1-4292-957c-1d9e04ff945f,legacy,
slab_granite_gris_leona_2ab5a9c1-2e55-44ea-b4d6-8fb845443783,legacy,
slab_granite_gris_mara_07467590-48c9-47bd-9160-f320d999bfb0,legacy,
slab_granite_gris_messi_04e8b922-33b4-4c59-99c6-eb982a586142,legacy,
slab_granite_gris_mezquita_ded2d594-0d8f-434a-ae95-f7c060aea192,legacy,
slab_granite_gris_mondariz_709c34fc-eb4c-46fb-9ae9-5353b295ee44,legacy,
slab_granite_gris_montana_643ad7a7-dff1-484e-a1fd-8b35bf380eef,legacy,
slab_granite_gris_nevada_6e55f59c-79d5-47ef-b2bb-5931c7027a30,legacy,
slab_granite_gris_orinokia_0546e87a-07db-459d-a776-57c12a0bd439,legacy,
slab_granite_gris_paraiso_828d706e-602b-4d9d-a67f-c2a047fd8602,legacy,
slab_granite_gris_parga_8f60bda8-4384-4e8b-b6b7-17f8ddbcfe4b,legacy,
slab_granite_gris_pinor_18fa47c8-ed2d-417d-a687-e4c9a552233f,legacy,
slab_granite_gris_plata_8781b74f-2b8e-425a-81c0-ff38411e088e,legacy,
slab_granite_gris_platino_3dec4bba-fab8-48dc-bb32-14c1cc1bc7c6,legacy,
slab_granite_gris_quintana_546058c6-843a-4ad5-a709-3a0277da5927,legacy,
slab_granite_gris_robledo_54b3c12d-b46b-43a1-8638-a8b7e07da920,legacy,
slab_granite_gris_rosado_a4af87f0-84ec-42b6-8786-79eed9f397ba,legacy,
slab_granite_gris_salvaje_708cf605-ca2c-4ca2-b39a-76eb393ae6f3,legacy,
slab_granite_gris_santamaria_3b2cfc94-1a72-4b7a-bbcc-6614bb85a4ea,legacy,
slab_granite_gris_santamarta_0344a66d-ba0f-4b73-be1e-9407823860ae,legacy,
slab_granite_gris_segovia_091b6c4f-92ce-4f07-aed9-6e21b20289b7,legacy,
slab_granite_gris_sorihuela_ac6db98a-0af0-430c-8b3b-e17e21ab9ddb,legacy,
slab_granite_gris_taguanes_6a57f1e3-1628-417b-a851-97a142d80577,legacy,
slab_granite_gris_tragal_faeda83b-5fae-411a-b3fe-a39a937ddbb4,legacy,
slab_granite_griza_yellow_1ca5d62c-cdf5-4e8c-9c5c-9b87d2661c79,legacy,
slab_granite_groetvik_3e659fbf-2eb0-455b-89cd-41311a5be3ca,legacy,
slab_granite_guadiana_oro_7834e9a7-9ea1-4489-a792-44ef436c676b,legacy,
slab_granite_guangdong_pink_grain_228e1f6f-1d0c-490e-88a8-964add2210d4,legacy,
slab_granite_guangdong_red_d70ccca7-8107-4323-8126-c249dd9eb862,legacy,
slab_granite_guangdong_salisbury_pink_22e4685b-50b6-49bd-adf3-c921a96cc5bd,legacy,
slab_granite_guangdong_white_05996487-fec8-4048-b981-3f36a83c1987,legacy,
slab_granite_guangling_ivory_yellow_109257a4-c012-4007-92c5-bf96967bfc7c,legacy,
slab_granite_guangming_grey_d5e06c32-0c85-444d-b2e2-b91740606628,legacy,
slab_granite_guangming_white_94e48e5c-bf0c-4665-b02e-5dc4129fa356,legacy,
slab_granite_guangning_black_star_410fbe01-af1c-40f8-b02e-468019af8614,legacy,
slab_granite_guangxi_black_43fdea8c-a6fe-4e9d-9c1d-96f67bb01faf,legacy,
slab_granite_guangze_gaoyuan_red_b7300580-2fda-4105-b154-97b74b2f21c1,legacy,
slab_granite_guangze_red_f136040d-48ea-440b-827f-cd831512e0ed,legacy,
slab_granite_guanshan_red_06d7cc1d-68bd-4351-b748-fac6eb0f5332,legacy,
slab_granite_guazubira_73052b8c-2be8-4eab-a038-a42908112e8b,legacy,
slab_granite_guddi_ivory_e3fb709b-eb50-417a-912b-7bd31a1a5b3c,legacy,
slab_granite_guilin_hong_50f83558-fdd3-4f41-bc87-f31c46954566,legacy,
slab_granite_guixi_celestial_red_c8e1e251-7a5a-416f-aae5-2670c697e028,legacy,
slab_granite_guixi_immortal_red_7eb20d91-94ca-4ad5-be10-38df26e0c471,legacy,
slab_granite_gujarat_brown_85d5abb8-3dfa-49be-82a3-cd97bf69ff70,legacy,
slab_granite_gullmaren_867d07ec-fab3-47ab-83c1-9df182dc0c60,legacy,
slab_granite_guna_black_50f48f7a-d23a-46e2-b009-9ac72d38d758,legacy,
slab_granite_gutian_red_f021c4c7-ea26-4a14-943c-80b2f32c8cba,legacy,
slab_granite_guyana_red_5c7820d7-5483-48a7-bc69-95f22df6ff9d,legacy,
slab_granite_haapala_red_28e2c16f-e92f-4c10-a91b-23e0cfe2135f,legacy,
slab_granite_hafslo_0e2c56ab-355e-4f9a-bef3-287d1311bc4e,legacy,
slab_granite_haifeng_red_f80a5f3a-5aa5-4e7e-a641-e5adccafffef,legacy,
slab_granite_hailong_island_red_1cd9dd37-875c-4c39-a905-969a6d39309a,legacy,
slab_granite_hailstorm_9dc15f8a-31ab-4ee9-b185-ac18e5bc3c33,legacy,
slab_granite_hainan_g654_24f34583-280f-493e-836e-4d1d0281b144,legacy,
slab_granite_haisa_white_grain_9ecf4c44-8cc0-4fcc-912b-3ead08ae5a80,legacy,
slab_granite_haiti_65be39bc-0ebf-4622-8017-d101352f91c8,legacy,
slab_granite_hallandia_3d0a69e4-2ff0-4ce9-b0de-e513c3012402,legacy,
slab_granite_halmstad_9ee6905b-d118-45b7-bd37-7cefba58f06f,legacy,
slab_granite_hamadan_black_ca582dcc-f137-4b8b-b1b7-281f3685a16d,legacy,
slab_granite_hamedan_gray_74280d9a-9d04-4cc3-bdc8-773f6e17b8e4,legacy,
slab_granite_hami_chrysanthemum_yellow_10cfcdcd-4193-45fd-b4b6-df33e9cf820a,legacy,
slab_granite_hami_sesame_green_4f3ddc3a-7377-45f9-9788-bf965f8c1416,legacy,
slab_granite_hami_star_blue_ff31c034-ab26-4c4e-98f9-b1d49c3901b9,legacy,
slab_granite_hamina_red_08e2b6c7-6f68-4aca-8c81-043e47e4f3c2,legacy,
slab_granite_hanazawa_ishi_e1488262-0b89-4e2b-b11e-2a3f787083c0,legacy,
slab_granite_hanyuan_star_red_58e3e7e5-254c-4199-bd46-71890ca64c0e,legacy,
slab_granite_harbor_mist_f99b6751-0ece-49e7-9156-6bfbf601a632,legacy,
slab_granite_harmaa_helmi_387b2b29-bf20-428e-8c66-54b3e3bb4214,legacy,
slab_granite_harmony_45595bf7-269e-4964-9985-cd2fdeb67986,legacy,
slab_granite_harpia_cffd3415-cd7b-446d-a1a2-d4639c55a733,legacy,
slab_granite_hartwick_white_70c1ead3-5b6f-454f-99cc-607a6007f306,legacy,
slab_granite_harvest_brown_4286ff31-55d5-495f-acae-af5f391742cf,legacy,
slab_granite_havana_49bdf2e0-e0e6-4e16-a4bd-84cd2ed7d13b,legacy,
slab_granite_havana_red_a008a706-1c60-4be4-b660-ae4eca621256,legacy,
slab_granite_havanna_blue_eff1a817-5315-475b-b602-906fecb3f6e9,legacy,
slab_granite_hawaii_50425d1b-eaf6-4382-a530-5bf601e85450,legacy,
slab_granite_hawaiian_bordeaux_e0cbf74c-5289-46c1-a4f7-5ee51582ac50,legacy,
slab_granite_heaven_jade_eb5cb81a-ed1a-48f5-b517-0652a1a78c2a,legacy,
slab_granite_hebei_beige_b90254f5-74cd-4240-b8cc-27e0623b9c6b,legacy,
slab_granite_hebei_forest_green_3c296911-674a-403a-87cd-bed57fa94444,legacy,
slab_granite_hebei_green_wave_6c947e48-ea4d-4154-b488-06c3bca4b19c,legacy,
slab_granite_heidlbrunn_a85085de-8ea1-4d3f-be30-38abe36723ce,legacy,
slab_granite_helletsbakke_7b73a36c-4061-42fe-a2ab-df98c6617872,legacy,
slab_granite_henan_cherry_red_11cb1c94-bfb2-4c78-b7e6-b40b7ddf0e99,legacy,
slab_granite_henan_green_pearl_1f9e8feb-2a1e-47c7-826f-1c577a54e533,legacy,
slab_granite_henan_sakura_red_5474ea1e-4c87-471a-a4e6-a59cdfee7958,legacy,
slab_granite_henan_sesame_white_68979168-688b-4441-9635-07b6f745bed0,legacy,
slab_granite_hengshan_black_8c855e54-16ef-483d-8f74-5bcc94a07b3c,legacy,
slab_granite_henry_black_0be8848e-ba7d-4d98-b43a-558d8ec179c7,legacy,
slab_granite_heritage_black_2e36c27d-2e87-4ce3-891a-bcbdef2ec222,legacy,
slab_granite_heritage_valley_bd48105e-8ee0-4ba4-a42c-7d73ec5ba9af,legacy,
slab_granite_herrnholz_c796e630-5d93-45da-b8ba-9cad873dfe46,legacy,
slab_granite_hessischer_olivindiabas_67063667-a7f4-4a20-ac21-95446ad6e63f,legacy,
slab_granite_hibinite_b7cab837-b0dd-4ab2-994f-b09695077ab3,legacy,
slab_granite_hibiscus_pink_a6ef9fa3-e63c-45e4-8ca3-cad4d8d429bd,legacy,
slab_granite_hidden_treasure_77057762-03a4-4815-ad9b-c75573f50908,legacy,
slab_granite_himalaya_white_65652f26-df1f-460f-aa68-6fe39a5a331e,legacy,
slab_granite_himalayan_brown_d64c7e5e-f05e-4f64-87a4-0d5f6a399bd6,legacy,
slab_granite_hintertiessen_a5d4c969-fdcb-4699-a7c9-dae55ebc3c20,legacy,
slab_granite_hiperion_66fa76b5-da5a-4808-88a6-51138ab15234,legacy,
slab_granite_hisar_grey_2f0b8700-5ae4-4ca1-9ff2-f559944eb150,legacy,
slab_granite_hoa_tam_e818eb47-d021-4d86-a5d0-fb5567101ce7,legacy,
slab_granite_hoetzelsberg_688a6eda-d03f-4c40-b7af-da5214b16696,legacy,
slab_granite_homiat_red_7ad3a86d-5af6-404d-9374-fb985360cc7a,legacy,
slab_granite_honey_11cf14d7-c0f0-4f6b-ae75-2f790ec55e0f,legacy,
slab_granite_honey_dew_9d17feee-ff10-4fd6-a673-f812ca9fb8ec,legacy,
slab_granite_horand_e5f98b64-00b1-4e42-ac73-dbc7b184a523,legacy,
slab_granite_hua_hin_bd009c89-cd51-49ac-89b5-c65315d00009,legacy,
slab_granite_huadu_red_328147dd-62c9-46c2-a9c7-0ca5b075ff4a,legacy,
slab_granite_hualien_diamond_f45f8f71-638c-4718-be57-ac35414b6d92,legacy,
slab_granite_huang_nobles_62192723-bbc9-4ffc-a173-537f79002c2c,legacy,
slab_granite_huashan_sesame_white_49b21c5b-f038-4cd8-bbe7-78bd2c5e17af,legacy,
slab_granite_hubei_blue_star_9ca00c80-9263-420a-b34f-470f69716591,legacy,
slab_granite_hubei_sesame_white_1157d8ea-aebf-40f5-b36a-b0928225ae89,legacy,
slab_granite_hudcice_a5d6a3e4-eabc-4046-bc0d-ce9408b43b98,legacy,
slab_granite_huelgoat_a6107eac-d6d2-4460-bbeb-be1cf1c89c16,legacy,
slab_granite_huian_pink_da416ac2-4a63-413e-aa94-ebadf674fd2f,legacy,
slab_granite_huian_white_1be21e44-d349-414c-a8f7-58d4bbfbf644,legacy,
slab_granite_huidong_white_444fdbc2-001b-40db-9807-a8512fb92c99,legacy,
slab_granite_huilou_yellow_e318591a-735e-49b8-9d73-9996e7217552,legacy,
slab_granite_humaita_white_8ac621ac-ba1b-4030-99b7-02bf40dad270,legacy,
slab_granite_hunan_sesame_black_00b42447-c5b1-43c3-bb81-1c9a9e4bf4d1,legacy,
slab_granite_hurrem_9575dcdc-943f-4430-b661-c7a06072cc1d,legacy,
slab_granite_hurricane_gold_c6d4fa40-49ec-4a9f-ab8f-907834603925,legacy,
slab_granite_hypnotic_7397bfda-4ab2-408f-8ec9-a7e1961d6363,legacy,
slab_granite_hyvinkaeae_14f876bf-cea9-44f2-bf16-aec2cf8e67c4,legacy,
slab_granite_ibere_bellagio_a1586fec-7f0f-487f-8b85-6969594eded9,legacy,
slab_granite_ibere_maestra_black_ef82c115-ef16-40f4-b39c-0f7608087aff,legacy,
slab_granite_ibere_mari_white_d2a53f27-eae5-4ab9-8b1d-fb79b62e772a,legacy,
slab_granite_ibere_plantus_1f0e8046-bb9e-4a03-9b5a-ef54754af990,legacy,
slab_granite_ibere_soleil_2b71a90d-f932-4f34-add2-2687e39c4e6b,legacy,
slab_granite_iberian_white_c8204acb-b832-4f89-8e2b-bd2d09b58245,legacy,
slab_granite_ibiaran_gold_8898427e-38a9-4605-ba80-bcd0927b1840,legacy,
slab_granite_ice_black_diamond_3619e82c-de3e-4369-acab-db44a24790a9,legacy,
slab_granite_ice_brown_e09f8d0a-1dc0-4806-8339-ab13797eca0b,legacy,
slab_granite_ice_flake_blue_a592857b-8b5f-4ef1-b23d-6a34bf1078f5,legacy,
slab_granite_ice_flake_brown_45cf5512-74ea-4e32-8e3a-60da2b0282af,legacy,
slab_granite_ice_flake_red_5af9c995-53df-43a3-b3b8-0cb61041bdd0,legacy,
slab_granite_ice_flower_blue_ae24404c-275e-4adc-a1c2-ba1192285484,legacy,
slab_granite_ice_flower_red_9cf650f7-ed5d-4522-a4d4-b5b6261188c1,legacy,
slab_granite_ice_sparkle_d095d835-5725-4736-87a2-f453b64b75c9,legacy,
slab_granite_ice_white_207a4a56-d0f3-4a07-91f2-40e72b60c111,legacy,
slab_granite_icefall_c8661a51-4ebf-451b-9b73-136e31cd0702,legacy,
slab_granite_idaho_smoke_91b7bb76-f45d-41fb-9786-a6bf3158bd4f,legacy,
slab_granite_iddefjord_f0a5c021-6432-4da6-987b-a3062adb3fa7,legacy,
slab_granite_iguana_green_bdfb8592-1876-4800-b143-66b0d67da6bf,legacy,
slab_granite_ikon_brown_ec7b11a8-b7c4-461f-8de2-8a45fde34980,legacy,
slab_granite_ile_83309b1e-3711-4b07-8a2f-9021691ea614,legacy,
slab_granite_ilomba_blue_ce555220-154f-4a1b-b62b-f4d45c55505f,legacy,
slab_granite_imatra_c20f3090-b784-42d5-b604-95e0a394bf6f,legacy,
slab_granite_immortal_red_2ea4f00e-5719-4a25-a57d-d9a62e6e2670,legacy,
slab_granite_impala_adriatic_02eb707c-71e8-485c-8c8e-7bced20ffe87,legacy,
slab_granite_impala_medium_825ce234-294d-4c10-8a81-2e86384d8188,legacy,
slab_granite_imperial_beige_773f2289-9fbd-435e-a39f-8616bfb4c33a,legacy,
slab_granite_imperial_black_4ab76748-9787-4f6f-b8b1-1e6e9a892506,legacy,
slab_granite_imperial_cream_88c18fe7-c591-42a6-8918-9738e51c0974,legacy,
slab_granite_imperial_green_16d021bd-2bb7-4013-a02c-18faac250ea6,legacy,
slab_granite_imperial_grey_c9423a14-b607-4674-bd6a-8ad4fd5ac003,legacy,
slab_granite_imperial_pearl_5d4b0c7b-99c3-408f-b15d-5095ebd19bb1,legacy,
slab_granite_imperial_pink_a0b8063a-ffa9-41a1-afd0-4bcc02c34139,legacy,
slab_granite_imperial_salmon_c987e4c8-a224-4dff-9280-19579e8b08f9,legacy,
slab_granite_impex_brown_dfc1dd50-9e96-4d31-9eae-b4be0d25a63f,legacy,
slab_granite_inada_d61f7493-3152-4417-9c09-b74c10661440,legacy,
slab_granite_inani_black_marinace_b7e2d15b-0930-48fe-9441-ea1de697d626,legacy,
slab_granite_inari_white_34758051-eab8-45c4-80ba-a9794b5281a5,legacy,
slab_granite_incas_gold_36849c4e-a2ab-4f26-a3ee-9c1a87974958,legacy,
slab_granite_india_atlantic_blue_99ea42e3-44ee-447a-b892-1a726774b0a3,legacy,
slab_granite_india_autumn_mist_1c12cae7-8a5f-44db-b0be-8e87d5806f91,legacy,
slab_granite_india_baltic_red_40289556-7f17-4fbe-8b71-39f7aefd66d2,legacy,
slab_granite_india_black_fantasy_6b2e53ce-9942-42b1-a4c9-4241b487787f,legacy,
slab_granite_india_black_forest_bd8250a9-1a7d-4aa5-8dbd-dee1f2f75b9a,legacy,
slab_granite_india_blue_flower_90959185-a83e-4ab5-a11f-69405feeda43,legacy,
slab_granite_india_copper_brown_15e2d489-0b3a-4b4f-948f-28f8ec07ca01,legacy,
slab_granite_india_coral_brown_3b243195-dd44-472f-9f84-289f7580b783,legacy,
slab_granite_india_desert_rose_12b15d62-f30b-4732-8a19-2dc6f4b35b0b,legacy,
slab_granite_india_desert_sand_f021118a-2cce-44af-acd1-a91e4a61f8dc,legacy,
slab_granite_india_dragon_red_9eab1c6a-025e-42e3-88cf-10a8992a9e87,legacy,
slab_granite_india_forest_green_5017da44-788d-43ee-91cb-33a8911bf24e,legacy,
slab_granite_india_ice_blue_30db85cb-edbe-4038-a061-c80742d42b46,legacy,
slab_granite_india_juparana_bianco_f8fb0c08-b7aa-4004-b3af-36048be50efc,legacy,
slab_granite_india_juparana_pink_80af7b5c-d11a-4c2a-bf93-b632503f481d,legacy,
slab_granite_india_jurassic_green_3bc49066-f053-49e4-8e3d-b31f93c8b2c4,legacy,
slab_granite_india_mahogany_3667c765-3a93-4b8d-b310-cc5595501bd6,legacy,
slab_granite_india_pearl_brown_cf288548-5c87-416c-95f8-a3eb2c74250c,legacy,
slab_granite_india_queen_rose_20a8c06b-1bd3-4b28-915a-64c38215da11,legacy,
slab_granite_indian_alaska_white_96f770a5-a018-4896-bf9c-c3e8b9441c2f,legacy,
slab_granite_indian_aspen_white_1f769c7c-a240-4c14-b244-150e593bff59,legacy,
slab_granite_indian_aurora_e2f34e61-e566-4aa4-8bc2-d60a1bad0c6e,legacy,
slab_granite_indian_kinawa_ae3d41bd-c983-45d0-8354-b45d33d41783,legacy,
slab_granite_indian_royal_brown_292a342a-cfdb-455d-aa9d-2c2999044ca9,legacy,
slab_granite_indian_sunset_a5ba6d7d-77d0-48b8-9e34-bea41eef0d9d,legacy,
slab_granite_indigo_e5adba6e-c09b-4d43-bd84-5dd4c4eee3ac,legacy,
slab_granite_indo_black_e0918508-63a5-4f65-9fd7-d4e0a925f3f8,legacy,
slab_granite_indochina_mahogany_8d26336e-fae2-4d43-a31a-58c243f1c90a,legacy,
slab_granite_infinity_gold_b496d6fa-949b-46c6-a25e-9c141884cf18,legacy,
slab_granite_ink_jade_336c2b5e-703f-4e43-8772-a1e02eea5044,legacy,
slab_granite_ink_painting_3ad27792-a836-4ea8-a6a8-e1a687d31b6b,legacy,
slab_granite_intense_coffee_25bff7e0-68a6-499f-94ca-fc584c3992a0,legacy,
slab_granite_invictus_5bc130ce-6c45-4cc1-a55c-c84ea39f1db8,legacy,
slab_granite_invierno_c93245d8-012c-41d6-b53b-09bd3c3d80c6,legacy,
slab_granite_ipanema_beach_10f6dfbc-41cc-4685-816e-cdae8c341cb3,legacy,
slab_granite_ipanema_beige_5515c88f-aa5c-4a32-afd0-731f4d204812,legacy,
slab_granite_iragna_2c2f8408-837d-46cd-aa1a-934b81bf4d3e,legacy,
slab_granite_irish_black_c59001fa-c1e8-4c7a-9bdb-5338a0edc12d,legacy,
slab_granite_iron_blue_34a6e666-83ca-481f-b8ce-32d2421fb02a,legacy,
slab_granite_iron_red_76b099d7-d1a5-4234-b0ff-28ea9a4e5a21,legacy,
slab_granite_isetskiy_e102d0bc-92dd-4772-8491-c40d47e73966,legacy,
slab_granite_isfahan_green_2ff87801-67a4-4db0-84f2-98070e0d43c8,legacy,
slab_granite_isfahan_rose_d87a53bc-263d-4f0e-ae90-d202608df7b1,legacy,
slab_granite_iskcon_white_5c6208c9-8a40-4daf-a823-67e492992260,legacy,
slab_granite_island_red_1765470a-ff6a-45c1-a0e3-0338d2a7627d,legacy,
slab_granite_isola_grey_c9d85a47-7f7b-424b-9e9f-3e2dfbb9946a,legacy,
slab_granite_istanbul_a048c37e-f0ba-4f1d-968a-366694f3666a,legacy,
slab_granite_ita_green_f717ed74-f55f-451b-bc32-2e64b0a50ec6,legacy,
slab_granite_ita_rose_2fd2d623-acc2-4cf2-8c8e-9404c45a6654,legacy,
slab_granite_ivo_red_4b01a9d0-5e40-4caa-9d9d-4a858f9327f2,legacy,
slab_granite_ivory_bahama_8acbd0da-aadd-4fb0-95ac-207f1ed6d680,legacy,
slab_granite_ivory_brown_54c6d9f9-f30b-4f4d-a53c-5db5656bbf31,legacy,
slab_granite_ivory_coast_6cfa5c7f-a40c-4663-9f76-d4fae51ab371,legacy,
slab_granite_ivory_cream_2f704d88-edac-4dd0-b8d2-a47ba142d538,legacy,
slab_granite_ivory_cream_gold_bb9e0b79-9e0d-4c29-b922-261577ec2b24,legacy,
slab_granite_ivory_elegance_9951eedf-6266-4a5c-b4dd-2d792e61d42f,legacy,
slab_granite_ivory_gold_014c831e-d276-4045-9d9e-602e39161af2,legacy,
slab_granite_ivory_juparana_eb1b1be1-94da-469f-97a0-d1e3c6df772d,legacy,
slab_granite_ivory_orange_75a10a9a-d267-44a3-8e1c-7adf2f94b728,legacy,
slab_granite_ivory_pearl_9aaaa89d-377d-463d-bbc5-75bfd7e18355,legacy,
slab_granite_ivory_pink_84c58730-9cb7-4d3c-ab9b-f85efb49f438,legacy,
slab_granite_ivory_raw_silk_38adbfac-9a54-42e5-9074-21420475e8dd,legacy,
slab_granite_ivory_white_8f78d224-46e2-4d6c-8eab-9cdf828ddc8f,legacy,
slab_granite_iwaro_pink_a41df417-efa3-4c22-83f4-660b40c0ce2d,legacy,
slab_granite_izerski_997354d0-004c-4e7a-acb8-2697df2760ed,legacy,
slab_granite_jacaranda_f7ac29b7-c596-41e7-b6ba-c4691c06c619,legacy,
slab_granite_jacaranda_wood_811f03a4-aa7e-47a1-b368-2e5000981cfc,legacy,
slab_granite_jade_blue_9e22cea7-2c5f-402d-93b5-1bd7b6a8fddf,legacy,
slab_granite_jade_green_cb27b7c9-c9bb-4912-a1a4-e952ac634941,legacy,
slab_granite_jade_grey_a0edc202-487e-41a3-bb4f-524f8a4aec11,legacy,
slab_granite_jade_verdure_rock_eb27f0be-50fa-4637-809b-deb35a2ca9ce,legacy,
slab_granite_jaguar_brown_b964fd74-7199-4178-aa43-53a1874abe47,legacy,
slab_granite_jalore_brown_490d998d-e4d6-49c8-b520-9a94a8e9c3ca,legacy,
slab_granite_jalore_yellow_adfb935a-d30f-4638-a4f0-c703998509eb,legacy,
slab_granite_jane_ec3f995f-87dc-4910-8db5-c6c029d38976,legacy,
slab_granite_jaracatia_4296a2d6-9fa7-4d02-a17d-549cecf9d88c,legacy,
slab_granite_jarppila_rosa_f5d2064b-7fc9-4a8c-821a-87fcf0db341b,legacy,
slab_granite_jasmine_diamond_e42a7f59-4a89-45eb-ba3a-b58beba4802f,legacy,
slab_granite_jasmine_white_fec2a223-69e5-4f37-b28d-1ce54fc1b717,legacy,
slab_granite_jasper_blue_54e2586d-64c5-4715-b318-7c577bb711d0,legacy,
slab_granite_jatoba_brown_f27ff0ee-75a9-4b7b-982b-635857c891d2,legacy,
slab_granite_java_black_bb08832b-fa7d-4789-bd88-4022d7b865fe,legacy,
slab_granite_jazzy_3674ea3f-ac6a-4c94-ad43-c417482815ba,legacy,
slab_granite_jd_brown_34965ff0-24d8-4fe5-8799-93b419034c00,legacy,
slab_granite_jeerawal_white_cb9c8ebe-1766-4244-9b7b-e7d77cea877f,legacy,
slab_granite_jiajun_red_b1b1b63e-6c55-47e5-9696-94fac546332b,legacy,
slab_granite_jiangxi_green_5f8d9b5a-7feb-44ba-be21-e431253d1060,legacy,
slab_granite_jiangxi_yellow_a7d12b4e-935e-4fa5-8af5-a50b3c495226,legacy,
slab_granite_jianping_black_b3a23ac8-a0a2-4360-af07-0e8e96626a0a,legacy,
slab_granite_jiashi_red_eabb2945-7056-4bf0-8ccc-ae5f8a84e309,legacy,
slab_granite_jiaxi_yellow_0039a81b-836a-4586-9cfa-5eaa3f769744,legacy,
slab_granite_jidao_red_20ce75cc-7d64-4e05-a5a6-01c6a3b4e5b4,legacy,
slab_granite_jilin_black_750422de-0bde-4d8b-b8f7-61a02fff8f25,legacy,
slab_granite_jilin_white_0643c45a-365e-4d6b-bf71-6a2d53bd1859,legacy,
slab_granite_jinan_dark_green_82efb688-dd90-465e-9d2e-6320f7666b0b,legacy,
slab_granite_jinghai_rongchen_10d85d0b-27e6-4b85-8904-8ae878c9da68,legacy,
slab_granite_jingrun_red_af958900-8667-435e-bbf9-34b96591d3fa,legacy,
slab_granite_jingtai_blue_77e6ddec-7304-4c42-b548-1c983567f06c,legacy,
slab_granite_jinhu_red_99d6df1d-bee6-4392-bdd1-e984a5cda42f,legacy,
slab_granite_jinshan_gold_8ec442d8-c4c1-474b-bd3d-03a951a46f5e,legacy,
slab_granite_jinsui_grey_grain_76e69e8b-dab8-4d29-82c3-87d01feb9df6,legacy,
slab_granite_jinzhai_bright_blue_5c89a7c5-516b-409a-b9ed-7f4fd5f194c1,legacy,
slab_granite_jonesboro_5efb0b02-bb75-4909-ad47-38179b9140a3,legacy,
slab_granite_jos_light_green_a2f2d032-382f-4efe-8288-aee6f651deb9,legacy,
slab_granite_junan_red_4e9fe031-5819-4b7b-b77a-73f3b15fe166,legacy,
slab_granite_juparaiba_dc08c030-2519-467d-8162-28e8dd956957,legacy,
slab_granite_juparana_andes_481c445a-0d56-4e57-9235-45118cff276c,legacy,
slab_granite_juparana_apiaka_5414505d-da37-4200-ab98-5a6e25e1312b,legacy,
slab_granite_juparana_arandis_beb3100c-8a26-49f0-bed1-2f49dfca933f,legacy,
slab_granite_juparana_avindra_9774d43c-ee10-4571-92d1-22ca7a7c0f27,legacy,
slab_granite_juparana_bari_4a8f2c56-96a4-4282-aaf0-ece36c0282bd,legacy,
slab_granite_juparana_beach_34b4e3f9-64e7-4fcf-9b1e-29965167aaeb,legacy,
slab_granite_juparana_boreal_a60ea697-efc6-40f6-ad42-25af3dcb7a7a,legacy,
slab_granite_juparana_bronze_bd3e3666-3f2a-4071-bba0-a4a94d42c949,legacy,
slab_granite_juparana_campestre_580871f7-355d-4d47-b7c0-e7c9ae36ffc9,legacy,
slab_granite_juparana_champagne_70061298-4abd-4d6e-b74c-7ffb17afe644,legacy,
slab_granite_juparana_copacabana_7a2005b9-8fa6-4353-89d1-921e1e921626,legacy,
slab_granite_juparana_crema_bordeaux_c4445ade-1d81-4936-b21e-a2fbb5461c40,legacy,
slab_granite_juparana_desert_c06a9a72-acf3-4768-ae0a-c96aa1732cee,legacy,
slab_granite_juparana_dream_10b3b6fc-22c0-42d5-ac10-50ff1e33cbfa,legacy,
slab_granite_juparana_dunas_e7fbe224-c627-4bcd-b10b-5fdd56c7ca85,legacy,
slab_granite_juparana_etna_7a8bfe93-a15b-40ab-a319-d14ae70c9099,legacy,
slab_granite_juparana_excotica_29afc8fd-7e27-4c6a-b20b-a5e58f736e8d,legacy,
slab_granite_juparana_fantastico_57f4e04b-8646-4a89-aaa4-c6f98ee3302e,legacy,
slab_granite_juparana_flamingo_a51e4266-b3fa-41b8-9754-ed43c51f1b27,legacy,
slab_granite_juparana_florence_9acb7d81-5f20-46a1-bc94-0f11eebc5cf9,legacy,
slab_granite_juparana_gold_bluish_e0c9bcd4-d90a-4575-afd4-121838b0cf54,legacy,
slab_granite_juparana_golden_khan_c5a3f4af-0c3e-4c34-bd3b-df758a85aeed,legacy,
slab_granite_juparana_guyana_3a13ba30-342a-4a38-95a5-53d16a863cb7,legacy,
slab_granite_juparana_itaoca_79802cc1-58b2-40b6-9e94-0a0178f685ce,legacy,
slab_granite_juparana_jatoba_43eb5041-bf4c-4c1b-b1b4-f1ad3b40167d,legacy,
slab_granite_juparana_linhares_f045fcbd-b76d-4917-a908-2f9713ed055f,legacy,
slab_granite_juparana_mahogany_cf4dce82-cb1a-449d-98de-2b502df09fe1,legacy,
slab_granite_juparana_mantena_f286a73a-13f0-4c6c-9084-9632105458bf,legacy,
slab_granite_juparana_natalia_a4480877-c63b-484f-8356-38395e21678a,legacy,
slab_granite_juparana_paraiba_0ff6889b-de2f-45c2-ae96-8e91af3c2c98,legacy,
slab_granite_juparana_perla_6af21182-9c29-419b-a9b9-bf8c68a460b0,legacy,
slab_granite_juparana_persa_fd0ab651-29d9-4ccf-bc2f-4efb4c5fcb91,legacy,
slab_granite_juparana_portobelo_0ff4b872-c906-46c5-9bd7-9b7499aa455e,legacy,
slab_granite_juparana_rio_bbaef20b-426e-4a47-a985-8e7df063b126,legacy,
slab_granite_juparana_saba_63fceed7-1195-4bda-8f2c-2a8873f4fc8d,legacy,
slab_granite_juparana_salmon_1ed92911-7182-412c-a20c-1fcd44e16feb,legacy,
slab_granite_juparana_santa_helena_f961887d-d54a-4375-9b2b-990fb53fc400,legacy,
slab_granite_juparana_sausalito_83ce3c70-470b-4a6c-ab59-aa714cc3bfb5,legacy,
slab_granite_juparana_starlight_15fab201-2926-4b13-b8a9-53fc22321ee2,legacy,
slab_granite_juparana_sucuri_716b7568-4a25-46d8-a3ef-179574998f2b,legacy,
slab_granite_juparana_taupe_5a70ead2-ae78-47fa-803d-27f756f65196,legacy,
slab_granite_juparana_tier_1f5c4a13-9f21-4a22-968a-7813919d38c8,legacy,
slab_granite_juparana_tobacco_10501f13-7912-4364-81a3-2dd69a511116,legacy,
slab_granite_juparana_verniz_12bf0312-0698-4564-b46c-5ceb6cd888fc,legacy,
slab_granite_juparana_wave_light_e9ca7a6e-089d-4645-b6a3-9aaf1361ac4b,legacy,
slab_granite_jupiter_red_a55395e9-70bb-4f2c-bff8-167c80aecc35,legacy,
slab_granite_jurassic_golden_fde0fb14-808a-49ea-9d3c-0482389c0a4e,legacy,
slab_granite_juva_red_315e0651-856c-42de-9531-932afd8caf59,legacy,
slab_granite_juzhou_red_fadc2bc3-fd04-4686-9af0-6f83995707b5,legacy,
slab_granite_jyvaeskylae_black_76a53cad-4b88-47ac-9804-a5905bc8af97,legacy,
slab_granite_jyvaeskylae_light_eafc8d7a-222b-472a-885d-5185fbbd5bc5,legacy,
slab_granite_k_white_c6d56c9f-d781-451f-b38b-86e10627c60e,legacy,
slab_granite_kachia_grey_5d0d037d-d346-4b48-939b-5699fed03933,legacy,
slab_granite_kaduna_dark_grey_624dd603-07b3-4a70-9d5e-3fb600820b16,legacy,
slab_granite_kadur_red_207955e6-d8b6-420e-beaa-0f4ddcc66628,legacy,
slab_granite_kagawa_98a4d7e1-dc19-49b5-b77d-9ac74f6bf387,legacy,
slab_granite_kahn_58adef0c-95b9-44a2-b532-a4b344e1d504,legacy,
slab_granite_kajaani_grey_c8e7b072-6248-44ac-ad72-9a72b4d0b181,legacy,
slab_granite_kakino_white_fb362394-33d1-4b1e-b497-787bbf714278,legacy,
slab_granite_kalahari_22ba93eb-20ff-484a-b9a1-4a86c76d0aa2,legacy,
slab_granite_kalahari_spring_07d33ea0-df75-4284-a33a-3f5630af9058,legacy,
slab_granite_kalamaili_gold_3bb31282-39d9-4c77-bc63-8fcb4819e62c,legacy,
slab_granite_kaleidoscope_7c26ac2a-1218-46bf-b3f1-ab6095065df1,legacy,
slab_granite_kalinka_bd94e640-ca6d-4737-992c-2273663b5ea4,legacy,
slab_granite_kalix_1af6728d-2e60-4f40-8339-d937eff46eb9,legacy,
slab_granite_kalix_river_df1c21c8-90b9-4a6a-b704-a376773d6e6f,legacy,
slab_granite_kallsebo_9c827d45-bfd3-4b09-9b19-78bca007a7a2,legacy,
slab_granite_kalvola_red_0ba266e5-685d-4acf-a983-b33f663b5670,legacy,
slab_granite_kamai_gold_13e6d617-54fd-43e4-89da-ac74952ce1c0,legacy,
slab_granite_kaman_cea8464f-13ee-453d-bfca-45f95af60658,legacy,
slab_granite_kamarica_c4bfc70b-7191-492c-842d-2a498f66da27,legacy,
slab_granite_kambulatovsky_e8fe6ae2-4031-4fc0-a537-fe6bdcbbc093,legacy,
slab_granite_kanakpura_multicolour_4af7b847-9d13-45a5-9725-86392689e5fc,legacy,
slab_granite_kangayam_gold_d2ed23e3-730e-471d-8021-b86d23a2b5b8,legacy,
slab_granite_kangbao_red_cbc1461e-295d-4a1c-b3f5-d7c0107622d4,legacy,
slab_granite_kangmei_black_8faeffb2-5ef2-4ade-bb07-8e0bb737a28f,legacy,
slab_granite_kanigiri_absolute_black_10ff7149-149c-42dd-b520-36dc1d7c6a81,legacy,
slab_granite_kapustinsky_f024dda5-9ee2-451c-8693-99ffc968ab5e,legacy,
slab_granite_karachi_white_98d61368-99eb-4fc2-aebd-2c088040f6f2,legacy,
slab_granite_karamay_green_c02e8f2c-39f7-4858-b439-92dba6fa235f,legacy,
slab_granite_karauli_red_65ab16ab-0c54-4d7f-9e59-955f2232756c,legacy,
slab_granite_kardelen_3e246a1e-966b-4fc4-aeaf-a40c9f9bfd49,legacy,
slab_granite_karelia_beige_eab0e492-a156-4625-a7a5-122f255e91f1,legacy,
slab_granite_karelia_black_b19cc6dc-88f7-4125-a595-23a4e919d99b,legacy,
slab_granite_karelia_mystik_6b9520a5-abcf-4e7b-9e6e-2ea47c1a47fe,legacy,
slab_granite_karelia_red_50e237c5-b95a-40ea-b0df-44a92c395587,legacy,
slab_granite_karelian_green_466715e4-92d8-4e7f-a62d-1cea39379328,legacy,
slab_granite_karen_740a2c30-e0dc-4ba1-b9ed-82b0c9b7448a,legacy,
slab_granite_karimnagar_brown_f562b2f4-d4f0-4bc8-be63-a4253dc01e00,legacy,
slab_granite_karjalan_black_diabase_c3a44192-668f-432e-8187-db24a5077de5,legacy,
slab_granite_karjalan_ruskea_9808e37d-3f73-436b-b82c-3aa58f4a316d,legacy,
slab_granite_karmin_a5c24142-5d6f-4bcb-8154-0941d76a75a2,legacy,
slab_granite_karnataka_royal_brown_fa6648f8-c712-4a95-9cad-816f0c205b51,legacy,
slab_granite_karoo_gold_ed794c70-9313-48c7-93de-8d2bc0b5c0ae,legacy,
slab_granite_karoo_ice_7041b109-b0e2-41ca-b915-0c0b1519685d,legacy,
slab_granite_karu_spotty_5d55bed1-dad7-4109-87bb-28c3a0f0a4f4,legacy,
slab_granite_karur_white_523ee862-3db5-4a30-ae80-01f09a614867,legacy,
slab_granite_kashmir_lapidus_432293d5-f378-452c-93b4-f7b3faf92f7e,legacy,
slab_granite_kashina_gora_54a4e59a-675c-4f61-b9cb-a7ced0ca41b5,legacy,
slab_granite_kashmir_azul_9e958b31-012c-4586-9712-67ac24b943e6,legacy,
slab_granite_kashmir_bahia_526da792-23dd-4a67-b0b9-63d6509800a4,legacy,
slab_granite_kashmir_green_6d2ba5d9-2d17-4402-8d2a-6b5e486d45b8,legacy,
slab_granite_kashmir_mango_1875b5d3-883e-42fa-b62c-5a8f0308a059,legacy,
slab_granite_kasinge_98b1a111-a428-497e-833b-066cfae79163,legacy,
slab_granite_katuba_blue_a7dc5cac-0fa5-402c-86f0-efac0f19ca92,legacy,
slab_granite_katzie_d32acbb9-e408-4813-b581-1ce1116713fb,legacy,
slab_granite_kayon_blue_6e8f4e35-4f50-47d7-b7d4-1091c40a6631,legacy,
slab_granite_kayon_nero_ea1f0d57-26c8-4f0a-8aa7-90a3fddda71a,legacy,
slab_granite_kayrus_5e9ba195-9046-454f-b2c0-f54bc26071d3,legacy,
slab_granite_kaytash_1599e6f3-23c1-43c9-bf14-35b2d61058ae,legacy,
slab_granite_kelardasht_fad9eaef-944a-4b85-a98d-bb0178378d91,legacy,
slab_granite_kemet_b220c825-3a13-442c-b2e2-bbc39eaaae5a,legacy,
slab_granite_kempton_white_92d08cc8-55e1-46cd-b606-0c74d4a3f2dc,legacy,
slab_granite_kenaf_wood_b06ab4a8-ec64-4780-8c64-8e3e1aeda00d,legacy,
slab_granite_kershaw_5d6acff3-1cf2-42af-a0aa-a79465410a38,legacy,
slab_granite_key_west_gold_345698af-f618-40e2-8b89-a8b647fe98ab,legacy,
slab_granite_kg_ebony_02665234-7200-4e50-b79a-5496c44d0b06,legacy,
slab_granite_khalifehlu_chocolate_69d5ffca-9d01-421f-b3f7-66e67b00cb77,legacy,
slab_granite_khammam_black_d7e02e9b-3f26-44dd-aae2-f5a70e728f42,legacy,
slab_granite_khanh_hoa_2acf66e2-df77-4336-9e2b-2a13cb612d5c,legacy,
slab_granite_khao_tone_b88e9ae9-070a-408c-a0eb-639f20548adb,legacy,
slab_granite_kharda_red_8f03af71-2b25-4032-8b80-6dde48b04c82,legacy,
slab_granite_khorasan_azur_d12734db-e192-4c54-9197-52e4c9470f38,legacy,
slab_granite_kibwezi_pink_67a4a61e-d4d4-4ff7-a91a-beec47012bd6,legacy,
slab_granite_kibwezi_yellow_6074013f-73f8-4ed2-82e1-6126cd17590b,legacy,
slab_granite_kilimanjaro_76bb0e11-f47a-4ba4-9897-2e8edab55538,legacy,
slab_granite_kilpua_red_8f4da275-0115-49b1-beb8-428deed5e663,legacy,
slab_granite_kimberley_black_153443f7-04c0-4593-9633-85061d7360aa,legacy,
slab_granite_kinawa_gold_f0ee818c-c0cc-409b-a7d4-122125d881b1,legacy,
slab_granite_kinawa_lagoa_daef4c88-2336-4bbd-8e25-353795cea2bf,legacy,
slab_granite_kinawa_white_97d9e35e-44bf-4075-a22c-6a8ce34ff3d6,legacy,
slab_granite_king_black_933f787c-5849-4789-8744-0feb4a00299b,legacy,
slab_granite_kinna_7b0f8c90-fddb-408e-93b8-822714337d51,legacy,
slab_granite_kirikovan_b76c2f26-8bf0-4bea-9c36-c2026fe1e487,legacy,
slab_granite_kitaki_9cd730a9-3a42-43eb-a4f9-85e60a1302ea,legacy,
slab_granite_kitledge_gray_91bd0c4b-6e75-498c-b17b-b6c0065b1cb2,legacy,
slab_granite_klassic_fbe2e132-1e16-4326-b08c-a7479af6c1fd,legacy,
slab_granite_klesov_red_3909aca2-03de-4aca-b843-2ec212696c5c,legacy,
slab_granite_klettigshammer_bd8f8642-00d8-49f1-ae83-e4fd96537775,legacy,
slab_granite_klong_sak_8d828253-3266-429c-9788-7fa4469d02d5,legacy,
slab_granite_knapper_515fea1a-60d5-4931-bbd6-eb02810c0a8e,legacy,
slab_granite_kodiak_brown_4af249d9-9aa0-4861-bf59-b517784d0e34,legacy,
slab_granite_koida_black_3eb1f0a7-e431-4661-a3d1-b5d4db3a8e6d,legacy,
slab_granite_kokar_018f9e6d-6c63-4c3d-b3d1-3012a42e188e,legacy,
slab_granite_koksaroy_grey_462436d1-38d8-4f1b-8254-e0cbdeb96d82,legacy,
slab_granite_koliwada_6c157d22-9a2d-4923-a7b5-2d980c9bb4a5,legacy,
slab_granite_kometa_black_032c9a27-386a-4ef3-a269-56fd2c4077b8,legacy,
slab_granite_konstantin_imperialis_463fb63a-1062-4978-bef8-fa75902d100c,legacy,
slab_granite_korday_67a58c91-3a76-4d17-9278-7a0b163c896e,legacy,
slab_granite_kordestan_green_6d29e481-7ed8-4b2d-af7d-2684fc4347ec,legacy,
slab_granite_korninskiy_2e5e4e9e-96de-40fb-8bb2-f578c66595f9,legacy,
slab_granite_korpi_black_3de3e043-3a4f-4a2e-a476-f9cb7b51c6e1,legacy,
slab_granite_korpi_pale_red_0b30eeb5-735e-4315-9c1e-d36c1df4a0fc,legacy,
slab_granite_korpilahti_d7ce9888-7e35-44c0-bdc6-2a432d58b6df,legacy,
slab_granite_kosmin_fbe19159-a41f-490f-ba89-629ac44f9f82,legacy,
slab_granite_kosseine_d5b0de5e-a783-4674-8d1d-5306f8cace14,legacy,
slab_granite_kostrza_33f7513c-8fcd-4ee6-9e04-2c526daa36ad,legacy,
slab_granite_kostyantynivsky_e948c336-49ac-4cf0-9928-abc24bf788b5,legacy,
slab_granite_kotalwadi_black_6683e291-62e5-4db0-a932-fccc03629752,legacy,
slab_granite_kozarovice_20006320-8d45-43fb-af5e-954a2e8d7e2c,legacy,
slab_granite_kozmus_718fa35d-dc42-404e-97f6-caa53335ec68,legacy,
slab_granite_kporoko_african_multicolour_acdfa873-c376-478a-a042-c5de985294df,legacy,
slab_granite_kporoko_brown_dd4ffb4c-4dd3-4546-99dd-95287f8f6bc0,legacy,
slab_granite_kporoko_spotty_6229bf79-7291-48e8-b8ae-b713054c0ed7,legacy,
slab_granite_kramfors_80de9d37-4b16-40a2-babd-0415c38048d0,legacy,
slab_granite_krin_grey_cb562b74-a3e3-4fc9-8661-0bdc6d3df4d9,legacy,
slab_granite_krishna_flower_aa956edd-a35a-452c-9674-a8f0b99f3ae3,legacy,
slab_granite_krokstrand_119471fb-9bfd-4388-8f78-65c9a332df31,legacy,
slab_granite_kronreuth_58e43b76-d68f-484e-bfce-7872c09487a1,legacy,
slab_granite_krystallos_elysian_e3470c63-defd-4750-8540-fe266abc5832,legacy,
slab_granite_krystallos_medley_c11aa120-ce0e-427e-aada-adec6c1faa6b,legacy,
slab_granite_krystallos_pink_f405c7d0-8fc5-426d-a4c4-1f779c9e24ea,legacy,
slab_granite_kudashivsky_ffe380a5-09ed-48cc-b6d5-9c314cf0c47a,legacy,
slab_granite_kujama_b3890977-2cd4-4610-a351-dcf531eea2c1,legacy,
slab_granite_kukul_42ca7f61-9b9b-40d7-8027-92e65e170911,legacy,
slab_granite_kulla_2a8c810a-3c73-4603-bc37-28b19c4cf083,legacy,
slab_granite_kunal_red_1d87c881-5a14-4884-8c4d-5a5348480616,legacy,
slab_granite_kunnam_black_35474d36-6461-4aa9-819e-c0133820ab42,legacy,
slab_granite_kupetskiy_7c20a8dd-cdf9-49c1-9ca1-c76a4d41cc9b,legacy,
slab_granite_kuppam_grey_bdbb0bfb-353b-44be-8da8-8a807398c26b,legacy,
slab_granite_kurasie_grey_f4d541a0-5be7-4ff7-ba9f-d425f3dbdc6f,legacy,
slab_granite_kurasie_pink_9f786f59-2c80-4f4a-924f-90870eaab9e4,legacy,
slab_granite_kurdaisk_46788073-9a19-4efe-8473-e0a5805dbca7,legacy,
slab_granite_kurdy_8f73cffc-30f1-488a-aee9-a6cd42dee9d8,legacy,
slab_granite_kurtinskiy_550ca095-cde1-4202-a525-948bcfb35b91,legacy,
slab_granite_kuru_hazelnut_d3430fc0-741f-4a84-9837-a615c20e4c09,legacy,
slab_granite_kuru_red_6e8c301a-d0f6-4fa2-a326-1c24bb4702a2,legacy,
slab_granite_kuru_red_brown_de5f1afa-cf6b-4d86-b9dd-8c0ad4d36ee3,legacy,
slab_granite_kuznechnoe_e4e0ce2b-cb7a-468f-bdb2-3d5c85ed3a6b,legacy,
slab_granite_kyaikto_violet_e611bd11-b355-4b18-9981-99b19c02e168,legacy,
slab_granite_kymi_brown_a10b325d-704c-4863-9e87-0160fba6b170,legacy,
slab_granite_la_baie_c29aea14-3e22-47ea-a61f-1bfb4578f471,legacy,
slab_granite_labareda_golden_916874b4-3789-4729-9da3-7b834bc4aa39,legacy,
slab_granite_labdar_amazonite_f4644493-6ec1-4129-83e2-e1964ed87e68,legacy,
slab_granite_labrador_acier_833f2cba-ef8d-4e11-8725-005d5578f176,legacy,
slab_granite_labrador_amostra_642b65de-1736-47f7-8d22-643bbbb6479f,legacy,
slab_granite_labrador_gold_6d532fd0-1eae-4cb0-8fe6-2dc210344fa9,legacy,
slab_granite_labradorite_bianca_8a5f80ae-eda4-47d8-adfa-19e2e293785f,legacy,
slab_granite_labradorite_di_oriente_e894cbec-d374-48e8-b9df-359758048e7f,legacy,
slab_granite_labradorite_river_blue_c2dfb6c8-5724-4fd4-bc7f-2c1fa2779456,legacy,
slab_granite_labradorite_verde_e381f94f-2b65-4c92-b95d-584a60407f75,legacy,
slab_granite_labrascar_33877388-66e7-47f9-ae44-07572c1f8205,legacy,
slab_granite_labrazie_fad9d1f2-3b5d-4024-8b89-c6e8cbd37101,legacy,
slab_granite_labugama_grey_fc02ffdc-9b8d-42bf-876d-f92f1979953b,legacy,
slab_granite_ladoga_red_3be312cd-d976-4ce0-b66a-98d3edeea311,legacy,
slab_granite_ladojskiy_6a83d7c7-69b5-4203-9d8d-209c0df0f54e,legacy,
slab_granite_lady_green_5011f5bb-c444-466c-8069-c9c2d645977c,legacy,
slab_granite_lages_5d6f2fab-98cd-4655-82fb-c214ce15fac6,legacy,
slab_granite_lagohar_black_0f3cda4b-1660-42e0-838e-f5daae10019e,legacy,
slab_granite_laguna_golden_4911946b-709d-42ce-84b0-ea7851a2d778,legacy,
slab_granite_laholm_86c662c9-14e2-462b-92d6-dd2e875af17a,legacy,
slab_granite_laizhou_rust_e7baed9a-1642-4e97-9c1f-70d687ecdf88,legacy,
slab_granite_landscape_grey_8a973347-6b37-4f63-926c-925e9f63f091,legacy,
slab_granite_landscape_red_7ec46a1d-e461-41d8-b89b-85dedc95561e,legacy,
slab_granite_lang_hua_white_5c528fab-04da-406e-9727-b4ab6db97f91,legacy,
slab_granite_lanhelin_b605af3e-1aa5-4399-86c6-1927e0c15417,legacy,
slab_granite_lanka_6d603c95-8ddb-40e0-84bf-b9e428b0ce0a,legacy,
slab_granite_lanka_olive_green_9cd576d3-aed4-400c-8e96-4e9f75b71650,legacy,
slab_granite_lanka_teak_b10b6714-86bb-4aa6-b022-e55981b128b7,legacy,
slab_granite_lanove_green_b99a0e11-b237-43cb-aea6-a4ed8ffdb926,legacy,
slab_granite_laoshan_red_90f087f8-069a-48ed-a80b-07f45ae8e700,legacy,
slab_granite_lapidus_ec510cf5-9197-4dc5-9704-0d4baac019b4,legacy,
slab_granite_lapinlampi_black_4c83d528-4c2f-4cbf-9b41-a4ddf6d663de,legacy,
slab_granite_lappeenranta_ed79305b-4463-424f-ab26-d0b4180de69b,legacy,
slab_granite_lappia_salmon_fcc9e5b5-d20e-47f1-bed1-c074ced6cca7,legacy,
slab_granite_lapponia_red_9c91c68e-a5e0-40ad-9ede-78b2b281d24a,legacy,
slab_granite_latinum_793d8711-7781-4931-8fbc-5c6cc02e0b67,legacy,
slab_granite_laurent_red_490187ec-c2e9-40e9-82d1-35391d82ead4,legacy,
slab_granite_laurentian_green_0b56eb36-c747-49e7-b986-20f8a180c6f2,legacy,
slab_granite_laurentian_pink_d6b0eab7-1bcd-4c7b-9914-24034357b952,legacy,
slab_granite_lava_jewel_c739408a-7925-4d6b-bf08-a3117d90e8d6,legacy,
slab_granite_lawn_green_a452887f-ea2f-4e2b-b2bd-db91534ea6b7,legacy,
slab_granite_lazuli_877123bb-e7f7-4603-a59d-cd8008a62284,legacy,
slab_granite_leggiuna_9f70e425-0f2c-4c3f-864c-d203b407418d,legacy,
slab_granite_leikanger_374ef432-bccd-4abc-bbdd-c82d0915dd33,legacy,
slab_granite_lemon_grass_d24bc4c1-e61e-4c9f-96fc-55b32558cda0,legacy,
slab_granite_lemon_ice_9105e386-10ea-45b1-8502-abbd12422145,legacy,
slab_granite_leopard_skin_9b1e5478-4a3d-4024-8996-7ae11c9dd70e,legacy,
slab_granite_lepainen_08fcbe4e-e189-47c1-92f2-f7210f7e0785,legacy,
slab_granite_letnerechensky_cec551c0-fd80-48e2-a6bf-4363a0e9f0b3,legacy,
slab_granite_lettuce_015865d4-1168-4794-ad48-853ccf3092db,legacy,
slab_granite_liancheng_hua_4ca32e14-76e0-47e6-bd60-bf5ee9daad47,legacy,
slab_granite_liancheng_red_dfa90b80-cd89-4aad-ae62-31035e4f9c05,legacy,
slab_granite_liangcheng_green_0ba9ef6a-6070-46f1-8212-df585701eee2,legacy,
slab_granite_lianxing_white_669852ec-9ed6-4628-aa6e-e75e6019a18f,legacy,
slab_granite_liberec_39e53726-3969-49d3-b3ea-1161eeccd0f4,legacy,
slab_granite_liebenstein_80521c57-8e7b-46a6-ad6b-b9b26aaba798,legacy,
slab_granite_lieto_red_3326f360-faf6-4be9-82f9-a353dde7518b,legacy,
slab_granite_light_green_f5442bde-3183-498d-b9df-8e733ea8867d,legacy,
slab_granite_light_rideau_red_01c7d6a7-13de-4586-8366-ec8fc95e32d2,legacy,
slab_granite_lila_gerais_f3ba8788-759d-4db6-805d-82c8b88b1d6c,legacy,
slab_granite_lilac_purple_ningde_62506265-c0f1-45cf-8d43-8a6e47a662b9,legacy,
slab_granite_lillet_17a7819a-71cf-4167-a934-e6f56ca600ca,legacy,
slab_granite_limoncello_e4968722-cdf8-447f-b443-655f6c3b5405,legacy,
slab_granite_lina_grey_f769ea43-3d37-47d0-8e90-b82939167afc,legacy,
slab_granite_lingshan_red_a34ee3be-79ac-4036-96a8-79eb372c9a0a,legacy,
slab_granite_lisya_gorka_3616048f-6d88-462a-9865-60918287eb73,legacy,
slab_granite_lithosporic_ff0c4bb8-0988-45d6-84c2-9358b3219f2a,legacy,
slab_granite_little_green_star_26c81978-1a6d-4d7d-b3be-bc2903078b41,legacy,
slab_granite_liubu_red_8fbe73e4-fca6-4aa2-b4cc-f1e89bb2a968,legacy,
slab_granite_ljusaryd_dc593e65-7f0c-4f81-8036-9cc0d7f29383,legacy,
slab_granite_lokoja_red_b9f8ec72-98ca-436b-b71e-2ca265c33758,legacy,
slab_granite_london_smoke_06edf06a-118e-4c59-a5c4-b5f9c433bc54,legacy,
slab_granite_london_white_dce6d43f-0d32-4e1d-aa08-a34b5fc0caff,legacy,
slab_granite_longfeng_red_653d7349-cfd8-4f6f-aff6-22ff20ddce8d,legacy,
slab_granite_longnan_red_e667835c-9333-4caf-b4b0-6ebf51bbd273,legacy,
slab_granite_longquan_red_a4186c31-26e9-43ed-a663-91b7b468c6af,legacy,
slab_granite_longshu_red_b5ee7001-878d-44aa-aa8a-0deddd4ba795,legacy,
slab_granite_longxu_red_dark_ca72bee8-12c2-4049-89f5-788b032ce2ca,legacy,
slab_granite_lorestan_d6785080-456d-40e4-93b2-cc2d204d9ba9,legacy,
slab_granite_lotus_1e29f6f3-4fbb-4cd1-97ca-b508d1dcb75a,legacy,
slab_granite_lotus_gold_0f62965b-1690-42b0-b30d-bd0d34fa01b0,legacy,
slab_granite_lotus_green_28e7d9ca-6fc5-4918-93d2-9910d267ea35,legacy,
slab_granite_louis_gold_24eca279-5b49-443b-9163-3c9d377e78d5,legacy,
slab_granite_loulan_diamond_7d0cb6d8-7e0b-4c89-95d4-06866a75f6c8,legacy,
slab_granite_loveria_5dccd61b-56dc-4abf-8635-205edef6d1c3,legacy,
slab_granite_loyal_valley_ec29c003-3518-4f79-b41f-5ac0a21b44f6,legacy,
slab_granite_lu_red_d10065d7-70bd-40e2-b5d2-43fa96e3d29e,legacy,
slab_granite_lucy_in_the_sky_4959dc4b-6e0c-4736-8409-96631c487c71,legacy,
slab_granite_luding_long_march_red_81e2873b-3012-4dfb-95a0-7a316285030f,legacy,
slab_granite_luding_red_717b4302-a297-4c09-a333-e74438e60637,legacy,
slab_granite_lukovetskoe_025d9faa-1fdb-45fc-8ec2-239b29c457ab,legacy,
slab_granite_lumerian_d30c6d46-9223-42a8-a016-5ad8f8e70132,legacy,
slab_granite_luna_pearl_30217042-c89b-4676-92c8-c5dc04fa2fba,legacy,
slab_granite_lunar_eclipse_c1ee2b04-3b55-4c32-89db-f6259377f0c7,legacy,
slab_granite_lunar_grey_cb29a5da-6bc0-49a7-9ecf-735dee3f0809,legacy,
slab_granite_lundhs_baltic_brown_811d27be-b84c-4651-a115-d07f8521d103,legacy,
slab_granite_lundhs_ocean_blue_28c79d68-0519-4f1f-aac1-252e026f2833,legacy,
slab_granite_luodian_green_a6d3caf1-f0b9-4866-bca5-330de6fb3196,legacy,
slab_granite_lushan_black_ice_flake_24f262d8-3f7d-4308-bd65-62088952f3a2,legacy,
slab_granite_lushan_pearl_red_e00a829f-30af-4fe4-a817-74f217106b3e,legacy,
slab_granite_lushan_zhonghua_red_8b4705f6-726f-468c-b9a4-95a97fb947e9,legacy,
slab_granite_luxor_blue_63a1d917-4e4b-45e6-8775-478fc9d16e40,legacy,
slab_granite_luz_de_compostela_f084fa00-f69e-4b9c-b3a7-33e8e6ee61e1,legacy,
slab_granite_luz_del_fuego_7f45cf08-da31-4fdc-a403-f7eed57c50e9,legacy,
slab_granite_lyangar_grey_a8a67e0b-4659-4a80-a0d3-20680b3d21a8,legacy,
slab_granite_lyangar_pink_dc577d67-d193-4aa8-8aa4-fb9cfe9ea3ff,legacy,
slab_granite_m_black_27cbce09-70d3-4141-a02a-502249d5fbcd,legacy,
slab_granite_ma_red_7b69139d-c675-439b-9f89-12014176a32e,legacy,
slab_granite_maaninka_pink_264d7f4d-e688-4913-b902-bc5776a2fd48,legacy,
slab_granite_maaninka_pink_matt_4dca0dc9-4322-4d8c-aa55-194ac01cddf7,legacy,
slab_granite_macajuba_191e86ce-e4ee-47a8-8fa1-33203c6da84c,legacy,
slab_granite_macchiato_coffee_d4efe0da-965e-4e01-81ab-da9ae608b745,legacy,
slab_granite_macheado_lapa_e859f478-39ce-4c5b-916d-341d2c978f32,legacy,
slab_granite_macondo_f6843e7b-8db8-478f-bda2-a91379b9c66f,legacy,
slab_granite_madam_red_b_b24537cc-d7a1-474b-af9f-178797544ea6,legacy,
slab_granite_madam_red_lingqiu_5f8b24c2-9751-481f-90c0-a9c2d890c5a3,legacy,
slab_granite_madame_pink_e792b243-0d2c-4c45-af08-c2f9b03d6587,legacy,
slab_granite_madera_c206e442-43ce-4a87-803a-525459873b47,legacy,
slab_granite_madison_0669e82c-38c4-4123-9361-d99897b87b7c,legacy,
slab_granite_madras_red_6374363b-a6f3-4265-9cd3-3240cb0f889d,legacy,
slab_granite_madurai_rose_c82d5dcd-3e70-4d81-bb16-05fc55eb39ce,legacy,
slab_granite_mag_black_e2d0f0ce-94c3-4930-9367-7380237462ca,legacy,
slab_granite_magailie_white_95e44ccc-d136-4e59-9382-a9c7815bfd43,legacy,
slab_granite_magic_003c2ec5-ad40-4d44-a014-4e739ad45cc0,legacy,
slab_granite_magic_brown_5fa01396-1815-4bb2-a8e1-da97fa9678d1,legacy,
slab_granite_magma_bordeaux_509d4248-ecff-4d62-9178-9a87934f6564,legacy,
slab_granite_magma_gold_8f432629-ff34-45d3-81bc-21b1c18b5f3f,legacy,
slab_granite_magnific_dark_e7b2492b-a4ad-46ac-a919-a62502058750,legacy,
slab_granite_magnificent_white_9e948fb6-83a3-4402-b045-67a308521983,legacy,
slab_granite_magnolia_flower_0779bc5a-c4f7-452c-9239-a181419c41c1,legacy,
slab_granite_magnum_gold_054f628a-3483-408e-a0d8-9bf8f8d78d39,legacy,
slab_granite_magnum_red_6a58f41a-bef2-44fb-8455-68f0599bdcbc,legacy,
slab_granite_mahabad_160578d3-102e-4951-aa75-b2683a5e082a,legacy,
slab_granite_mahe_brown_4fa1506c-f82f-4b7b-a625-06a670104b01,legacy,
slab_granite_maikulski_2b98b878-0757-4a57-82aa-b891b28d3d3e,legacy,
slab_granite_majestic_brown_01e92813-9b09-4199-addf-b6ce5aaccade,legacy,
slab_granite_makalu_4e4cfe29-b8e2-407d-a583-04ad57f73a6b,legacy,
slab_granite_malambo_gold_9406cd44-4354-4fed-9214-92cad3e47c4d,legacy,
slab_granite_malaysia_brown_75cd947b-52b2-41aa-8d48-c942939bd523,legacy,
slab_granite_malibu_5234048e-bef5-4e07-bacd-db82866df59a,legacy,
slab_granite_malibu_white_61e60184-d516-462f-a1e1-92e9d6edea60,legacy,
slab_granite_malkov_43ca371e-9561-4cc1-96d3-19429843d2cf,legacy,
slab_granite_malmoen_2329607b-04d5-49e4-9f0d-3069dd446c06,legacy,
slab_granite_mandala_6720f09d-49a5-468a-988e-8fe204331195,legacy,
slab_granite_mani_white_4cb8538d-c14c-41b2-9116-6e28393ec9b9,legacy,
slab_granite_mannari_ishi_d029739b-1742-416c-b566-443577030fe4,legacy,
slab_granite_mansehra_absolute_black_4f0b9342-4e3f-490d-8561-564fba13bc6d,legacy,
slab_granite_mansurovsky_94c9981c-40d9-47c4-85cb-8ccf18ac75e6,legacy,
slab_granite_maori_30aede2c-2516-4e35-a5fe-0adbd58501aa,legacy,
slab_granite_maoshan_black_3506298b-d703-4689-b009-dc99fd4dd01d,legacy,
slab_granite_maple_red_74f0e5b3-059f-4b9f-8372-6d7361f64823,legacy,
slab_granite_maple_red_fujian_bd3a412e-6047-410f-938c-7fa6df89f099,legacy,
slab_granite_maracana_0d1b7961-3de8-4623-b51b-094f45bff7ce,legacy,
slab_granite_maraghe_452ea5e8-e80b-435a-9b8e-841c9ec10b6c,legacy,
slab_granite_maragheh_9825527a-90c5-4721-b536-dbf7f2b64bc1,legacy,
slab_granite_maranello_430c993d-8962-43d6-bf2f-61305c84afa4,legacy,
slab_granite_marathon_996cc1df-580f-4d25-bbfc-1d9a2efc7409,legacy,
slab_granite_marbrasa_17aa5ab6-9624-4544-b891-f374960c9757,legacy,
slab_granite_marfim_wood_f1c1e7eb-29ed-400a-bd1e-8ecea67815e1,legacy,
slab_granite_marina_green_62f59880-4d67-4fee-89e4-cbf5db49c4ab,legacy,
slab_granite_marinus_cda787da-c050-4520-b5a8-569e37464ed7,legacy,
slab_granite_marisma_61499132-97af-408b-8e9a-43edbce6f931,legacy,
slab_granite_marjan_jungle_b4869059-a739-47f5-9dcf-7ac2f8fdae00,legacy,
slab_granite_marlin_blue_0f8d0ced-e04e-4a16-95cb-b789494e20c9,legacy,
slab_granite_maroon_grafite_6ab862ad-6be5-4adf-bf80-0ad23762639b,legacy,
slab_granite_marquino_silver_valley_97735f0e-145b-41ff-a89f-3da46588de1f,legacy,
slab_granite_marrakesh_19364f27-2886-47a7-bf5d-bdd9461b2b89,legacy,
slab_granite_marrocos_508ccf14-58ad-4fd3-bfc1-7fc725ad7d62,legacy,
slab_granite_marrom_graphite_7bab5ba2-4ccb-4a36-8f1d-bcd6a96436c5,legacy,
slab_granite_marrom_perola_bc7ce98e-996d-47cf-aacb-9d8a44491c03,legacy,
slab_granite_marron_bahia_0edbeef0-27dd-4258-bfed-20c02b0a161e,legacy,
slab_granite_marron_bois_1269150e-d504-46ae-aada-095aec2d1bac,legacy,
slab_granite_marron_canaveral_fcf53ee9-8e8b-4dfb-845e-b41c5f80f200,legacy,
slab_granite_marron_caribe_45cf6c7e-35ab-4f7a-8dc0-46b29534dcec,legacy,
slab_granite_marron_castor_d87b8fc4-2545-46a6-b773-de59242906d2,legacy,
slab_granite_marron_guaiba_15ad314b-bf48-47ca-9011-02143a0e0b0c,legacy,
slab_granite_mary_black_8dadab8a-6503-458c-b368-bfd6cac1ed00,legacy,
slab_granite_mary_blue_3663a768-0060-4b0c-9ece-df30c06e1aaa,legacy,
slab_granite_mary_gold_30024eab-a97c-4729-9f4a-153b43250109,legacy,
slab_granite_masada_sun_868169cb-2352-4818-b313-7c7822124ebd,legacy,
slab_granite_mascalzone_c43009ea-c838-4af4-b232-af4d27e58273,legacy,
slab_granite_mascarato_4a0ccf29-2e13-425c-871f-b168e2fa77b5,legacy,
slab_granite_mascarello_gold_59d1b434-512a-4519-8a9b-1e28382c7dad,legacy,
slab_granite_maskaratus_3f184bc2-02e5-480b-aab2-893aa9993ee0,legacy,
slab_granite_maskeratus_b5c5846a-e737-44eb-b57c-30c889fe9538,legacy,
slab_granite_maslav_0f915d11-9153-483e-9a07-02540d571309,legacy,
slab_granite_mason_d773eac7-650e-41e3-8966-38a205c742db,legacy,
slab_granite_matala_red_4bb6e33c-4528-4841-b336-b348f7892957,legacy,
slab_granite_matama_19db1c38-916d-4743-9711-7e608f29faaa,legacy,
slab_granite_mathura_gold_b3f27f72-0da7-4cd6-888e-8dba9aa44040,legacy,
slab_granite_matou_flower_zhangpu_5551f160-63a9-4e21-bf14-ea1fbccdb474,legacy,
slab_granite_matrix_3d_02cd5ce6-fb0e-4d39-8526-5884550c8235,legacy,
slab_granite_matuu_black_3c085335-4e88-48a8-b2f9-83c0b7fe2384,legacy,
slab_granite_matuu_red_23c21122-fccd-4c56-b9d0-c45a0b882acd,legacy,
slab_granite_mauna_loa_b34631d9-729e-43c2-9f5f-7f64f028226a,legacy,
slab_granite_mavarsky_f7a80eb4-60f8-4acc-bb4e-fbede12ad020,legacy,
slab_granite_maverick_4193ff8b-589c-46e6-97ca-b633081d9f1c,legacy,
slab_granite_maximus_6ec50bf1-e7fb-4156-b77c-fd216fc0bb86,legacy,
slab_granite_maya_blue_406a150f-3e90-4088-8ab6-809ef4279157,legacy,
slab_granite_mayur_multicolor_86f53b2c-ae9c-4a0d-a54f-5a8299dec668,legacy,
slab_granite_medina_brown_4dc5668b-ed4b-4335-b449-7612c0a3de2d,legacy,
slab_granite_medusa_gold_b53b0d8f-b8ad-4b22-8816-5c3cfc0f071a,legacy,
slab_granite_meihua_red_6ba26771-e6f2-4404-9ac9-ef61ff4e9a64,legacy,
slab_granite_melbourne_grey_874a8a6f-0045-4405-aed4-77f7eaea09e1,legacy,
slab_granite_mendola_267ccbc8-a8bf-431a-9df7-4e15bb20c444,legacy,
slab_granite_mengshan_pink_flower_c701aeb0-1595-4a1c-aad5-7d55108e60c8,legacy,
slab_granite_merijaervi_red_2da2f2f7-b6b9-4dee-9a4d-1560953d2bff,legacy,
slab_granite_meruoca_classico_5696e8f0-26a9-4bee-b0f6-d829c9fb66eb,legacy,
slab_granite_mervyn_grey_c3866e6c-3044-4c23-aa05-6d4ef0280fc8,legacy,
slab_granite_meshki_alamot_76a34807-616b-450a-8e6c-97c4eb02aaf4,legacy,
slab_granite_metalicus_47f5f124-8f28-4449-9916-fd0fa7f92ca7,legacy,
slab_granite_metallic_661857ab-3835-48b3-a302-8bee6f222fb0,legacy,
slab_granite_metallic_white_4c5c23c1-9985-471a-a346-9cef676c4691,legacy,
slab_granite_mezhdurechensky_42d89572-6c23-4a4c-8207-b541395737fc,legacy,
slab_granite_mezhyritske_f55a4f15-3044-46c2-9335-b76bb0a53a3d,legacy,
slab_granite_mezzanotte_13dbabed-7d14-4744-8ca6-b9efff240858,legacy,
slab_granite_mianning_red_a605ba72-de31-4024-8967-b0c6539ec827,legacy,
slab_granite_michalowice_cc1a19e6-7a8f-4382-9861-a74f04925a0a,legacy,
slab_granite_midnight_black_5915706f-8bfe-42d2-b352-342047586ba7,legacy,
slab_granite_mill_lane_ef29e5ed-5c79-4649-a952-02dc8d1a6c1e,legacy,
slab_granite_millenium_cream_cb42dcca-e89e-4385-a257-079f03dbdfaf,legacy,
slab_granite_minguan_gray_4af7322b-68ed-478c-bf60-664b6d1f4334,legacy,
slab_granite_minotaurus_e267ce8a-1edf-4e03-ba40-c89abd682702,legacy,
slab_granite_minsk_bronze_3635d1de-94fa-4404-ba28-d5be55f837ba,legacy,
slab_granite_minsk_green_40393514-66ab-461f-81bd-48d3451751ba,legacy,
slab_granite_minsk_green_gold_cb72f038-fc5b-45dd-a79c-8193aedfc911,legacy,
slab_granite_mint_green_eb220b08-715a-404a-b16c-0164550ac834,legacy,
slab_granite_miracle_white_9842ba06-5382-4441-84ff-dba4f4ee7fd8,legacy,
slab_granite_mirage_f0b9bfbf-e926-4616-9e88-ff3ffbb7c781,legacy,
slab_granite_mirage_cream_afec0635-53d7-4245-80b2-ca547ebe1177,legacy,
slab_granite_miskinsay_ae46ac8e-a3f4-4759-be38-0bc2e6687453,legacy,
slab_granite_missouri_red_09758cbb-7a3c-4105-876f-e7ea174bbf16,legacy,
slab_granite_misty_black_5202cece-3fad-4984-936a-f83bab958082,legacy,
slab_granite_misty_brown_0482b743-4b1a-4fa2-935c-0cc35e605c2f,legacy,
slab_granite_misty_gray_345b9199-d1c9-4adc-b9cb-10576ca83218,legacy,
slab_granite_miya_377d5f11-af15-45e5-a4dc-dc333a747a21,legacy,
slab_granite_miyi_green_59edaf19-9e4b-474b-bc10-1b44cb6bd54a,legacy,
slab_granite_miyun_peach_blossom_cd52fa43-f353-4bf6-92c9-a4eb3f4a3f21,legacy,
slab_granite_miyun_peach_red_3381b2df-0cb0-4ea0-8d87-a59dec309e38,legacy,
slab_granite_mng_black_cffea7c7-cd60-4ee4-8f80-0c7aa21055c5,legacy,
slab_granite_mogno_bahia_86e5bd08-e001-48f3-81f9-88bc8a7fa044,legacy,
slab_granite_mokoro_28603f48-c614-43c0-b3f7-213ec977d9a9,legacy,
slab_granite_molokai_00f7780f-d265-4622-a709-34c528f60896,legacy,
slab_granite_mombasa_9c638dc1-183f-48e3-839e-4b5e3594d632,legacy,
slab_granite_mon_cheri_852a2c6e-5a22-40b9-9660-5559171fb464,legacy,
slab_granite_mona_lisa_b55a6ab1-f8c8-42db-a8c3-dbe6e9198ff7,legacy,
slab_granite_monaco_bordeaux_c05c5b2b-6cd0-4ec4-90fd-3bc2f84883d7,legacy,
slab_granite_mongolia_green_08c6c8a0-02d2-48f3-b970-aae765cc1d6f,legacy,
slab_granite_mongolia_white_1cc71878-f789-4b44-886c-d19381131dfc,legacy,
slab_granite_monsun_2f7c6294-8936-48ab-b0be-cb6f5d09294a,legacy,
slab_granite_mont_blue_63b10807-42c0-46e9-85df-ac571f7a3847,legacy,
slab_granite_mont_carmelo_e24b9204-612e-4b2f-97a7-113cc7846093,legacy,
slab_granite_mont_rouge_f97b4edd-2d1a-410f-8bd5-59ca90a5a053,legacy,
slab_granite_montblanc_d2b9f047-f4f2-4222-8ec4-20ff519bd0e4,legacy,
slab_granite_monte_cristo_a5d676cb-5443-410f-a3a2-bab085544919,legacy,
slab_granite_monte_verde_a5feb86a-3b65-4e83-9914-64aadac9e008,legacy,
slab_granite_montreal_ffafc179-514a-41cd-9046-1b7e13d3ce2a,legacy,
slab_granite_monumental_rose_e5d13aeb-4f0a-44cd-90f3-78f5641daf99,legacy,
slab_granite_monzogabbro_predazzo_fec408d3-eb73-4496-b875-0edd9b605c4f,legacy,
slab_granite_monzonite_grigio_eff97e2c-17b7-4e9b-b53b-5f9ec127d5ea,legacy,
slab_granite_monzonite_verde_2e877224-8e46-4101-8631-617482407312,legacy,
slab_granite_moon_night_8a419b6b-0ba1-4f4d-a8ad-550e13b59cf1,legacy,
slab_granite_moon_valley_a1ca13b5-e421-42b4-84d9-fd4974bb6fc0,legacy,
slab_granite_moonlight_dea8cd26-95ab-4cfe-81d8-864acac19ade,legacy,
slab_granite_moonlight_grey_880d65c6-f193-4104-afaf-917c1529a82e,legacy,
slab_granite_morning_down_10cbedf5-e015-4d53-b52c-24f719f7bf9d,legacy,
slab_granite_morning_mist_6ff096d6-9908-44ef-bc26-e9f9ddb2897b,legacy,
slab_granite_morocco_3660cf90-a051-46b5-b36e-95afa1da2f40,legacy,
slab_granite_morumbi_857e3c2b-3e89-4b75-a015-66350e1be30c,legacy,
slab_granite_morvaride_0a9da6eb-2ef3-4185-a588-a1333d4e2255,legacy,
slab_granite_moselokke_f3916c10-14c5-4266-b947-75f8f0728061,legacy,
slab_granite_moskart_e0448b09-732b-4e5d-8b4c-1ad33a920f25,legacy,
slab_granite_moss_brown_7105eae6-e95e-43fb-a4fd-21851f13fb99,legacy,
slab_granite_motcha_ghibli_72dd72a5-55a1-4646-87f1-a52585009da0,legacy,
slab_granite_moulin_rouge_2fac08fc-3c27-4e5b-b7bd-aec70a827a6d,legacy,
slab_granite_mount_kearney_ade7a1e4-66c0-457c-aab2-d5ab02af18dd,legacy,
slab_granite_mount_megantic_23669d8b-ca3b-4511-86da-66c0b7e9b24d,legacy,
slab_granite_mountain_green_e79ab2a4-38f6-448a-8472-9ea2f54f097d,legacy,
slab_granite_mountain_mocha_368196dc-6a41-47d7-828a-75c297240a93,legacy,
slab_granite_mountain_pink_81313a79-e2cf-4ca0-a797-fe2324cb238d,legacy,
slab_granite_mourne_glen_pink_ae81e063-d8bf-4740-8606-c8abb97143e4,legacy,
slab_granite_moyu_gold_83627230-db30-4ee2-8be5-d6c32fd8b085,legacy,
slab_granite_mozambique_blue_d9656670-09b5-424d-9af6-c54997f23bfe,legacy,
slab_granite_mozambique_brown_a01b53cb-7130-425f-83fb-937f0ef74495,legacy,
slab_granite_mozambique_white_6c50b800-8ae3-4880-ab59-0383244405a9,legacy,
slab_granite_mozart_a74ea75a-a046-4d46-8a4d-0fd441446745,legacy,
slab_granite_mozart_ruby_382253dc-54f0-4895-b5c3-bd9f8d1bc228,legacy,
slab_granite_mp_black_3a606896-f77c-49d7-ad52-d9953cd060ed,legacy,
slab_granite_mp_white_d652a88f-d72f-4ea6-8d3b-f9606dbe91b7,legacy,
slab_granite_mpape_green_e5207e23-e9d6-40e5-b1b0-843a98d54157,legacy,
slab_granite_mrakotin_9362297e-27bd-482c-86ab-bc2cce4d0f59,legacy,
slab_granite_mu_black_c7371137-da22-4771-8579-1d95833a085a,legacy,
slab_granite_mudgal_grey_1b85965c-a9bd-41c6-a202-2b83554d404c,legacy,
slab_granite_muhrau_2ab5cd42-85e7-4676-8685-11f8e44cc807,legacy,
slab_granite_multicolor_golden_364b7ff8-67c9-4493-a142-933d4fc7bccd,legacy,
slab_granite_multicolor_maracay_cc79f6cd-1e8f-4a22-a232-a764147670a1,legacy,
slab_granite_multicolor_peach_472da6d9-b840-4fa5-83c3-634d78ff946a,legacy,
slab_granite_multicolor_white_5900b0f4-6a2a-4936-a49e-5f4ef5dafa65,legacy,
slab_granite_muscat_red_46cf7820-a050-4b26-9152-3b1248318af2,legacy,
slab_granite_muskoka_black_d97caace-a806-42e4-9d74-2810079ea4f4,legacy,
slab_granite_muskoka_pink_4c4de9df-ac9f-4619-97dc-865dd0ac53c6,legacy,
slab_granite_mystic_86420672-00ff-4e38-af2b-31a6db4db465,legacy,
slab_granite_mystic_diamond_4d093c0b-ea7c-4738-9f51-2fb5f8352687,legacy,
slab_granite_mystic_sand_2bdaca36-cfc9-47b2-bd6a-12fc2d7d971b,legacy,
slab_granite_mystic_spring_b2bb7d9a-e3fa-4f33-8e89-dfdc313a3124,legacy,
slab_granite_mystique_grey_69ca970d-1a83-449b-9da2-d1dd499c7c04,legacy,
slab_granite_nacarat_diamond_grain_805d5b47-6157-4ea0-85c8-68f853d28a33,legacy,
slab_granite_nadejda_d5ddcb0f-2fff-4d0b-ad0a-72a0e3ff70a9,legacy,
slab_granite_nadella_brown_10b7a9b9-db7e-4c54-90c0-e96b329c6ce6,legacy,
slab_granite_nadezhda_6e0f3a43-1fa9-4f31-b573-c22f21ef0837,legacy,
slab_granite_nadri_yellow_2dce700d-481c-4f3a-8bc9-5fcdb0306717,legacy,
slab_granite_naein_red_f9b33ee3-627a-4d48-b0b4-a9498daafa9a,legacy,
slab_granite_naesinge_4611572b-3ea1-43e3-8783-94d550ffeb5c,legacy,
slab_granite_nagina_green_7dd15b7d-06ba-449f-bc5d-5b1406d97475,legacy,
slab_granite_nairobi_taupe_dbd188b3-deaa-4878-90a9-97531f7d8bd9,legacy,
slab_granite_najran_black_volcano_672fe8c8-cf03-4ae7-9055-2aed1dd97731,legacy,
slab_granite_najran_gold_42c46a3c-43c9-40ce-8179-33785530e6be,legacy,
slab_granite_namib_green_9db1ca54-e30d-4f3d-97af-08fd1518ad20,legacy,
slab_granite_namib_rose_93561fe4-6110-4207-9dbb-cc6d5c8902e6,legacy,
slab_granite_namib_silver_3e1f37a2-1328-4274-ac1b-1b5a19407a33,legacy,
slab_granite_namibia_grey_2c45473c-5d1a-4769-8c25-075546853eef,legacy,
slab_granite_namibia_white_655a8fef-a727-41a7-ab69-40d0ca41a010,legacy,
slab_granite_nanan_mayflower_snow_d76dbb71-333f-4bdc-93b3-33656bc5c4d2,legacy,
slab_granite_nanping_black_fd0eba6c-588a-4996-9200-9050a3c4e524,legacy,
slab_granite_nanping_minjiang_red_68a60a95-cf09-4138-8c20-85fbddeb53e1,legacy,
slab_granite_nara_brown_7584c40d-6bd6-42a7-8f4a-dc687dfe1f3a,legacy,
slab_granite_narcissus_green_fdee249c-73a3-40ed-9a34-0d96ca7562e1,legacy,
slab_granite_natanz_delavari_b3261e01-7697-4414-bdc8-ae8728280b2c,legacy,
slab_granite_natanz_hosseini_6b4108b7-36b4-4bba-8498-9b4a4df14b61,legacy,
slab_granite_natanz_molaei_ca57612a-c994-44b3-97e3-84fb81ebff26,legacy,
slab_granite_nautilus_blue_d741b57c-b1f5-4380-b729-2b58c994b520,legacy,
slab_granite_navajo_white_19d3e670-2977-43e6-ae79-6476be9b9790,legacy,
slab_granite_ndondungo_black_28f8faa4-2dec-44b5-adb1-1de02a7b137b,legacy,
slab_granite_nebizhsky_4b338dd4-7542-44a6-b28e-891da30432cf,legacy,
slab_granite_nebulous_grain_fa43c8df-c6a0-4b38-a7fe-1a30ad817e7b,legacy,
slab_granite_necin_070d0dbc-57b5-485b-ba6c-b90217216e71,legacy,
slab_granite_negresco_fb1abbab-e833-4803-9863-e726d09e93f2,legacy,
slab_granite_negro_batalla_de7f5cfd-1885-4819-b6e9-4d26713857df,legacy,
slab_granite_negro_borba_2d4f3f8e-9088-4828-828d-991588d276d9,legacy,
slab_granite_negro_caceres_c51d38c0-c792-4f84-a9b0-7f5f5a69edd2,legacy,
slab_granite_negro_celta_d71d7ab3-8059-4d02-adb4-5f718e70d98f,legacy,
slab_granite_negro_extremadura_4c6deb15-ea43-4d3a-a29c-eb0ef91cc708,legacy,
slab_granite_negro_fantasia_c21c7421-b4ba-42a5-b957-f36b55a08183,legacy,
slab_granite_negro_fino_3157f655-de8f-443a-b937-f51918346cce,legacy,
slab_granite_negro_galicia_eb094923-2d47-470b-be20-b074c2c3869d,legacy,
slab_granite_negro_grapesa_1a141930-f999-4f2d-846e-ae050c5387de,legacy,
slab_granite_negro_nacional_767ccf84-8a18-4dae-b0fc-c6949d2333a7,legacy,
slab_granite_negro_nevado_a93bb719-e76b-4f0f-9a52-a6847ef672a0,legacy,
slab_granite_negro_ochavo_ab5e8a0a-3177-4659-83ef-b2d13d724073,legacy,
slab_granite_negro_reguengos_0e047602-7775-42d7-875b-d0c20b4cd133,legacy,
slab_granite_negro_santa_olalla_8713172c-c3b7-42b1-86ca-c2ed7e88df2c,legacy,
slab_granite_negro_tezal_53222e23-a524-40b7-8f47-f20392e0bd16,legacy,
slab_granite_negro_venezuela_12f61687-a855-4ca2-9a07-d645ec5a02d8,legacy,
slab_granite_negro_villar_c0827a49-06d2-494d-8730-b759af5e0098,legacy,
slab_granite_nehbandan_cream_67ec40b2-937f-444f-9937-2fd036e00455,legacy,
slab_granite_nehbandan_pink_1996ecce-edf5-439b-b6a9-aceca770a5b9,legacy,
slab_granite_neimenggu_green_butterfly_40c11db4-3444-4e8c-9290-3c150d311ad7,legacy,
slab_granite_neimenggu_leopard_skin_green_43078029-8d0c-4788-86ed-2b2a8f082cd5,legacy,
slab_granite_neimenggu_red_multicolor_8645a5cf-ed57-4c5e-b645-2ee35eeaf254,legacy,
slab_granite_neptune_6bd20607-3ec2-46e1-836a-3b1bc7fff435,legacy,
slab_granite_nerazhsky_d55a404a-1860-485f-8c40-dd0bc31f62df,legacy,
slab_granite_nero_aracruz_26d25538-79b0-4be3-b807-ecd6d445ce4d,legacy,
slab_granite_nero_athena_618a456a-c031-4e0f-96bf-8961f849e2ec,legacy,
slab_granite_nero_colombo_6b14f6c3-cc94-43a8-bebd-bf492793506a,legacy,
slab_granite_nero_impala_c16e1519-78a9-4a26-b8d1-157365b334a9,legacy,
slab_granite_nero_nebiyan_875c55ba-39d6-4a5d-9091-0df15ee5c23a,legacy,
slab_granite_nero_nuvolato_e056c7e3-37f5-4cce-986f-27b954f7bf49,legacy,
slab_granite_nero_panama_11c8a00b-b841-46dd-a8db-1f110b429b9a,legacy,
slab_granite_nero_pretoria_ebe02542-7457-4ae8-923e-7fc3bed2eeeb,legacy,
slab_granite_nero_rosario_21cc7487-4074-4a3a-a87b-935baf62ac64,legacy,
slab_granite_nero_striato_9515e70c-2082-48bb-8cb3-f2346fb427a9,legacy,
slab_granite_nero_tijuca_1083299c-eac3-49e3-9285-9eefe806a17a,legacy,
slab_granite_nero_toledo_d3268654-9112-4194-a962-4a5a86d2b147,legacy,
slab_granite_nero_victoria_ff4a270a-6778-4a2b-8300-011a29b332dd,legacy,
slab_granite_net_blue_7e9ef6f6-a95b-483e-a3fb-e657a05aa031,legacy,
slab_granite_nettuno_3ebdbd07-1590-4552-aa23-fbcd1d16043c,legacy,
slab_granite_netuno_bordeaux_50f6af93-5720-4bb8-80e1-d39b453cfbe9,legacy,
slab_granite_nevada_black_c70a7b1e-28be-452c-9086-a12860704989,legacy,
slab_granite_nevasca_mist_7e1dd4be-20a9-4d28-9014-8374acf5c7dc,legacy,
slab_granite_nevaska_cb45d335-a5a9-4eea-bcdd-3bfea7a13b85,legacy,
slab_granite_new_azul_aran_0b6c7c45-57bd-4c4f-b35c-013733bd37ed,legacy,
slab_granite_new_balmoral_red_6b2903e4-ddbe-444d-a634-d2c8d8d10fdd,legacy,
slab_granite_new_bianco_3cf2326e-6bca-42cb-9574-bf6d9bedbf26,legacy,
slab_granite_new_classical_brown_62a6b112-414a-4ed5-89ff-04f6a1d94f40,legacy,
slab_granite_new_colonial_dream_e6ec0bbd-497c-48b6-807c-47fbdea5585f,legacy,
slab_granite_new_deer_isle_82ff2e4e-ab24-430d-a54a-5f36225dec2a,legacy,
slab_granite_new_delicatus_d5331cac-9348-400d-ac1a-b653c3e08184,legacy,
slab_granite_new_evergreen_378c552c-9e00-40f7-8e08-89b80b8b0079,legacy,
slab_granite_new_forest_green_c5186703-2a28-46ea-99a8-8f7b3b9f3268,legacy,
slab_granite_new_g602_f5819922-62ba-4ec0-9ec5-bbda1b3f1dd0,legacy,
slab_granite_new_g617_a4bfa672-b611-4e90-88a5-3eb70be33d3c,legacy,
slab_granite_new_g684_7a62bfe1-3053-4f21-b2df-bf577529f38e,legacy,
slab_granite_new_gold_b6dde1a8-5514-4b22-92c4-c263c5011165,legacy,
slab_granite_new_golden_silver_ef070e25-89d0-445b-9073-ee109f594d2c,legacy,
slab_granite_new_grey_c696e3c0-d193-49bf-8fa8-434435646818,legacy,
slab_granite_new_jardine_56a509cc-0621-4cbc-abfa-6d8170af7d07,legacy,
slab_granite_new_kashmir_gold_199d8c08-a6cc-4499-85d0-d9c608c6bc02,legacy,
slab_granite_new_rainbow_6e2ff1ad-fd60-4569-93eb-87f38aa5bb54,legacy,
slab_granite_new_red_cccf172b-d5a7-4fa0-a2dd-1419353129aa,legacy,
slab_granite_new_rubin_228262b4-d0e6-4f05-bd04-5c5eae37936d,legacy,
slab_granite_new_sapphire_blue_b2db7ae8-eb2e-4491-89fa-df6947abda4e,legacy,
slab_granite_new_shanxi_black_64921500-9a5a-45c4-b84d-d9a9cf2dfe26,legacy,
slab_granite_new_symphony_green_4fd03a6b-af9c-4b34-9979-11781881f723,legacy,
slab_granite_new_typhoon_97b83e94-00d5-4e00-b759-fc760d9718ad,legacy,
slab_granite_new_wavy_f0d63e7c-b206-4f0a-b886-29e0d4bbee6d,legacy,
slab_granite_newport_d75f4060-df10-4276-a55b-0e1cb9757899,legacy,
slab_granite_nghe_an_black_05c31e3a-e88d-4e81-aa7a-246b9a2dd0e1,legacy,
slab_granite_niagara_gold_e7a57ee0-0c3d-403a-b667-de31ac89c496,legacy,
slab_granite_niederbobritzsch_7bb06204-6604-4169-a68b-f662780d93c3,legacy,
slab_granite_nigeria_ivory_d82ecaa6-5f23-4e6a-8267-c5109285a68c,legacy,
slab_granite_nigeria_red_e6a9f5d1-b04a-4a63-80be-e21120bc9f9f,legacy,
slab_granite_night_dream_444c65c1-22e2-4db6-a9e3-bb7341eadead,legacy,
slab_granite_night_snow_52d02083-7249-4a49-b0ab-5d6469b24959,legacy,
slab_granite_night_snow_liaoning_19e622dc-4721-415b-a769-87552ccb859b,legacy,
slab_granite_nilo_river_1c779156-4923-4a62-b1a7-e7c5c6a93829,legacy,
slab_granite_ningde_golden_sand_182a5812-8eea-450f-bda5-8ace061ffdd6,legacy,
slab_granite_ningde_lilac_pink_a31b0ab8-0b04-4d6a-9c1d-0b324df8bee3,legacy,
slab_granite_niva_1cd3e4e7-f879-481e-a599-083e1824c63b,legacy,
slab_granite_niveous_658a5be3-6de0-4476-a405-6bff49774fca,legacy,
slab_granite_nizhne_sanarskiy_1d54db87-b162-4b8e-a1b8-4188b98971a2,legacy,
slab_granite_nkh_black_97ec84d9-c0fb-4123-84a1-7fe96e9b1c95,legacy,
slab_granite_noble_ac55b0af-1c01-4af9-a23a-b85202c8dc8b,legacy,
slab_granite_nordberg_ce357fdd-5249-4af7-9549-b21fc4eda279,legacy,
slab_granite_nordic_red_7d671c5e-16d5-43c7-adea-d469ff02ae8e,legacy,
slab_granite_nordic_sunset_aa31ff17-65a0-426f-b0e0-6268036a212f,legacy,
slab_granite_normandy_1473ba48-90e7-4b5d-bcd8-139e8151cbb9,legacy,
slab_granite_north_sea_d6da6d41-b5bb-4499-bb74-30ef9e720f4c,legacy,
slab_granite_norway_green_c314b7fa-4067-4568-b424-722615ae7634,legacy,
slab_granite_nosara_green_6907bed6-b019-4be3-bc0a-f8a87a113689,legacy,
slab_granite_nosara_yellow_279127f9-f2be-4334-94b6-6c83db682bb8,legacy,
slab_granite_notte_nero_gabbro_8ee7f64a-a443-4020-b7f7-69bb046294ee,legacy,
slab_granite_noturno_b1dbde98-4c13-4d62-896d-e80e77622825,legacy,
slab_granite_nougat_3c953289-3982-46f9-93ab-23872fb78e59,legacy,
slab_granite_nummular_brown_grain_2530d116-3c29-453e-9a89-4d2173d7a64f,legacy,
slab_granite_nyati_black_4fa8421c-0acb-4dfb-bc2d-174b66d3bac2,legacy,
slab_granite_nyko_red_94329058-f225-4f83-a259-9f081d8143d9,legacy,
slab_granite_nylandia_09cacb14-285b-4fb0-8ecd-5985abd6b4a7,legacy,
slab_granite_nystad_grey_937e17f9-f317-478f-beff-dac1d3f88998,legacy,
slab_granite_oak_hill_a37c9c63-7c6b-4c71-8080-3d9b1b44d764,legacy,
slab_granite_oak_mountain_cee7d68e-3be2-49a2-b708-277929e3bad5,legacy,
slab_granite_oasis_a64c8966-fd48-493e-adb2-547833555af4,legacy,
slab_granite_oberstreit_cca69487-797a-42d7-9f7a-bb9a8860f7ec,legacy,
slab_granite_ocean_black_f92bc0f3-5118-4613-8097-4ef10f61c6b5,legacy,
slab_granite_ocean_blue_49e7c680-5f4a-4482-a2fa-0587cd1d1ae6,legacy,
slab_granite_ocean_bordeaux_1dd90d20-3236-426e-bad5-7f854c0d53e7,legacy,
slab_granite_ocean_fantasy_3c4a0173-1606-4362-8abf-7017973a8188,legacy,
slab_granite_ocean_flower_87a8c9b9-b94f-4ea1-88ae-025471f3bea5,legacy,
slab_granite_ocean_green_6e6029bb-0721-4ac0-bada-1d6b35d23268,legacy,
slab_granite_ocean_red_237ea0c6-1c15-4b1f-8f0d-142cd20a65fa,legacy,
slab_granite_ocean_white_dbbb993d-7834-43b3-8c68-422d4abdc505,legacy,
slab_granite_oconee_650fea0f-1065-45eb-abc2-8a28fdc9c4b5,legacy,
slab_granite_ocre_sevilla_d98e0eae-aeb8-4052-8f18-c67b4d5fea4c,legacy,
slab_granite_oerebo_58ca0672-40bf-4408-b148-b521ca109653,legacy,
slab_granite_ohshima_ikkuyu_0e480317-fc71-460d-82d5-fec7418f3150,legacy,
slab_granite_ojima_super_grey_eb694d4d-8f31-4649-a4d5-32c12f7ae6f1,legacy,
slab_granite_okayama_pink_e4dc417b-a7e8-446a-a4a0-2a6a9676a8cb,legacy,
slab_granite_old_gold_d4d1fa2a-440c-4cd1-a440-a4ddcc05aafa,legacy,
slab_granite_oleberg_cf6edb70-6e3c-483a-bac1-1a649deb737f,legacy,
slab_granite_olive_8392bf23-abaf-4300-8c0c-d0cf549f7221,legacy,
slab_granite_olive_forest_4e2c0715-dc31-43a0-96b6-a35342062e3a,legacy,
slab_granite_olive_green_flowers_c507be53-80fd-46ff-996a-8585b357f854,legacy,
slab_granite_olivia_faa061cc-e962-4b33-b3b3-98890e52637c,legacy,
slab_granite_olympic_blue_b5d9bcfc-d52a-4db1-ac79-47478d7b71e9,legacy,
slab_granite_olympic_white_3c90bffb-21ed-4945-a0ec-fe0f426f84da,legacy,
slab_granite_olympo_e763b302-e0b1-4481-aa01-422ecc7180e6,legacy,
slab_granite_omega_91e020f0-28ee-46e7-8aac-9f5f2ce44f62,legacy,
slab_granite_omenje_a21c05dd-d2dc-412c-857f-d3874d3227ee,legacy,
slab_granite_onde_buena_3a212c8e-e3f8-47ba-90c3-b74cf3bc528e,legacy,
slab_granite_onida_orange_94de881c-521f-42c0-b61a-43699657b525,legacy,
slab_granite_onix_green_a90affca-15e1-446b-b15f-ad726d10f1f1,legacy,
slab_granite_onsernone_a7c71f12-dcce-40d4-bba0-8be685ab0e35,legacy,
slab_granite_ontario_white_72bdc809-dfaa-4193-8eaf-a34f57516e86,legacy,
slab_granite_opala_1034c083-d9af-4240-97ff-6843d89264a8,legacy,
slab_granite_opalescence_29309c82-0f2e-4d03-b466-85d6902fe68b,legacy,
slab_granite_opalescent_grain_01ce9e0c-d142-4856-b213-bd8afb128bad,legacy,
slab_granite_opereta_gold_0cdfd617-9b3e-4510-9177-24c7d5952c8d,legacy,
slab_granite_oraculus_87dfc65d-7b99-4e8d-b577-7bbce6bcbc96,legacy,
slab_granite_orange_rose_19aafd27-2b3b-470e-9c93-cd2acb2dc801,legacy,
slab_granite_orchid_white_d65f62a3-beed-4b3f-bed5-664325de63fd,legacy,
slab_granite_orcoyana_green_b68f73c0-f808-4841-8844-5e19bccbde15,legacy,
slab_granite_oreo_black_b33337c8-62fb-42e9-9376-5790184abec0,legacy,
slab_granite_oreo_white_233a7017-e7ba-47af-a125-794c233a5c0c,legacy,
slab_granite_oriental_dream_49586f36-22ca-4b61-9f40-2a61f05567b6,legacy,
slab_granite_oriental_gold_d0129bcf-44c2-46f7-a325-5e3e9585a932,legacy,
slab_granite_oriental_white_8779a7d9-b386-4b39-bd56-b77833d53721,legacy,
slab_granite_oriental_yellow_verniz_e490ab70-6c9f-4f5c-82ef-4887b5fb9275,legacy,
slab_granite_orion_a6c57985-e534-4a11-91c1-0e5b361274f9,legacy,
slab_granite_orion_black_22fdce22-f7a5-4d99-bcc2-01feeca1a86a,legacy,
slab_granite_orion_white_a5d14e55-5793-4e87-a906-8b93a01df8ba,legacy,
slab_granite_oripaa_682000a7-1e9b-4d5b-8427-6a2446b2d509,legacy,
slab_granite_oris_49b5f16a-8498-4d5f-a29c-6de809c02d62,legacy,
slab_granite_orix_brown_9bf3cbd5-b9d1-47f9-954c-b4a39e8818ee,legacy,
slab_granite_oro_cristal_70ca062a-cee9-4649-9143-17876d0ff209,legacy,
slab_granite_oro_fino_0fbd8ee9-a5a4-4c5a-aecf-582af1ddfc84,legacy,
slab_granite_oro_venezuela_29a789f7-bfb7-4ca4-9535-1d77ad046021,legacy,
slab_granite_orquidea_sabana_809ebb89-22f9-4cde-b602-03d93082840f,legacy,
slab_granite_osage_9ca0dc81-6921-4f51-b66f-ab94d6985f50,legacy,
slab_granite_osmalynsky_415a9edb-284c-4d7f-8096-2fbae8c2d089,legacy,
slab_granite_ota_f9a7e51f-cd45-4d9a-bb17-e303971bfe8d,legacy,
slab_granite_ouro_velho_26396c90-f8f0-42a1-8670-60ec6cc0a5d0,legacy,
slab_granite_oxford_blue_f4b49db2-d3e2-4996-91b2-d3b2515c0d79,legacy,
slab_granite_oxford_gold_47ebdb51-b98a-4d05-af1a-878775579ac9,legacy,
slab_granite_oxonian_green_f130fb8a-90a5-490c-b2f2-84174251360e,legacy,
slab_granite_oyster_pearl_71a02af1-ae2b-4131-94f7-f35efed38e08,legacy,
slab_granite_oyster_white_s_48645076-8a8d-4643-986a-6eb4f2ffef80,legacy,
slab_granite_p_silver_55f288d3-6ce0-4fe5-9c85-30cc6babca87,legacy,
slab_granite_paarl_grey_e02a71dc-c5b0-4831-ac0f-61d208addb93,legacy,
slab_granite_pacific_black_9bf7cfbf-2425-4abb-b36c-31bbd301a35a,legacy,
slab_granite_pacific_pearl_f81ec190-280d-4945-862c-20a05d0f475a,legacy,
slab_granite_pacific_white_a31f0028-6274-495b-a4af-6256e84d7887,legacy,
slab_granite_pack_river_dark_e31dcaeb-9998-45e1-a3e9-49238b66f704,legacy,
slab_granite_padang_giallo_13006915-3435-4c18-9086-b1ce5d2cb56b,legacy,
slab_granite_padang_hell_fb18b026-1ba3-4f8e-8373-d8a8028fa34b,legacy,
slab_granite_padang_white_3da6e052-35c3-4919-b3f0-3b4cf2a8f34f,legacy,
slab_granite_padding_dark_b50ad715-2897-4b40-877a-7fa6b87a6731,legacy,
slab_granite_painted_desert_b2958fcf-ddad-437f-b839-d6720109e0c8,legacy,
slab_granite_pale_rose_b216be61-f2b3-423f-b605-31c5c5cad22e,legacy,
slab_granite_paleon_92bd9dd7-5a4f-417e-ab59-5f3995cc713b,legacy,
slab_granite_pali_cappuccino_brown_c5bfa95e-77c0-4cd7-afda-ea54a349170c,legacy,
slab_granite_palisades_89ef1198-b8ec-4977-b0e8-11eb4b153de2,legacy,
slab_granite_palm_red_080d13be-b7a4-4ade-9c17-1e8f1be73298,legacy,
slab_granite_palma_black_48af2aab-16c7-4a69-878d-d083c00cf067,legacy,
slab_granite_palo_duro_da2e1e27-0915-40d8-9669-11946ae923e5,legacy,
slab_granite_pambak_011e8944-4128-4a9a-9730-0d7c96ffbc4d,legacy,
slab_granite_panama_grey_506380d0-73e9-4137-9b1f-184cb1ea1c29,legacy,
slab_granite_panda_black_0a6465b9-93a2-41a3-9e8d-dcd7f41cab9e,legacy,
slab_granite_panda_flower_998010e5-ad9d-4690-a0e2-f179104258b3,legacy,
slab_granite_panda_white_fefd539a-290f-47f0-ac30-90d92ce2e96e,legacy,
slab_granite_pandora_fa16d0ac-af10-4fd8-9a6f-71b7103a35c0,legacy,
slab_granite_pangu_golden_56b284bd-b783-4706-b41b-20629fd3d01e,legacy,
slab_granite_pansy_357b93f0-8688-4665-8900-abb670070f60,legacy,
slab_granite_pantaleao_07cadf32-0f44-4cc6-9217-b06bc5a6edf9,legacy,
slab_granite_pantanal_8bd25eb9-0a63-4e7a-ae7f-211a28d3cbf8,legacy,
slab_granite_panther_yellow_5681fde0-1942-4ccd-91dd-b411b995f331,legacy,
slab_granite_panxi_blue_005e37ed-6140-4f53-bc03-9c86ae87c103,legacy,
slab_granite_paradise_6b75fe9a-d2bb-4fbb-8c12-50072c54dda7,legacy,
slab_granite_paradise_blue_5bc1e88e-3d4b-40e3-b23a-efa656714abf,legacy,
slab_granite_paradiso_5ab474b4-9210-4e85-b775-04865c4cfaf0,legacy,
slab_granite_paradiso_light_78da5e55-356a-4fd3-ae1d-789ba1f906df,legacy,
slab_granite_paradiso_tamin_5d719541-dae9-49fc-8f29-5c45348b52a3,legacy,
slab_granite_paraiso_da_amazonia_bf3b0e0c-1f9e-4164-ad68-ede89d79dbfe,legacy,
slab_granite_parana_reale_012415f4-fe28-4ee6-9c17-2349de812947,legacy,
slab_granite_paris_style_fd008ee0-19f7-4cc4-a0e8-54eec6a6bc6e,legacy,
slab_granite_parys_b6f5d4c6-db19-4992-a882-6b3803db3d9c,legacy,
slab_granite_pasko_black_e67aa00b-2df7-4c5e-b582-9d295c9822a3,legacy,
slab_granite_patagonia_blue_ee4dee10-9e8a-4c5c-b7b8-2e17681aae15,legacy,
slab_granite_patagonia_white_216b1308-bf23-42a6-971f-83c994eaff77,legacy,
slab_granite_pauline_grey_79baa001-78f1-401d-b0af-9d61594adfc3,legacy,
slab_granite_pavone_ada58988-1f13-4bd0-8e7d-e0ca25fca46e,legacy,
slab_granite_pavonine_grain_b7bb3ef8-24e1-49d3-ba75-6178ed5c0629,legacy,
slab_granite_pawan_picasso_5796645d-5252-43e1-8024-0dbd9876eda1,legacy,
slab_granite_peach_red_12a1fea5-4961-4c23-9e9d-e38c0b45fdad,legacy,
slab_granite_peach_rose_a4e5e416-0aaf-4528-89e3-306d5b3c8f29,legacy,
slab_granite_peacock_gold_6dd0777c-e725-4ea7-b117-3725918d9074,legacy,
slab_granite_peacock_red_0e10b637-759f-42df-ae28-753f5922b205,legacy,
slab_granite_peafowl_brown_65f4aefd-b338-4134-bfaf-d135b0612f00,legacy,
slab_granite_peafowl_green_ad4546f6-5be7-4101-b88e-ce04737a5c33,legacy,
slab_granite_pear_flower_white_aa5c5b3a-a154-41f0-9f3c-885f652e161f,legacy,
slab_granite_pear_white_541efaae-9efe-4721-b57b-19232e09876d,legacy,
slab_granite_pearl_flower_abe80f28-74d2-42ee-a270-4d7aee18f29c,legacy,
slab_granite_pearl_grain_zhaoyuan_5c2a6b96-6142-4983-9219-d5f25f43fc11,legacy,
slab_granite_pearl_red_grain_4cdb71f8-eeba-480f-91ac-aab4716c53b0,legacy,
slab_granite_pearl_rose_bd5c95ca-561d-4129-bf1e-536595343b28,legacy,
slab_granite_pearl_white_a5c64670-759f-4018-b921-37c88c338811,legacy,
slab_granite_pearl_yellow_9cf7a050-ecab-43ab-9b11-9f6ec9c36475,legacy,
slab_granite_pearling_white_c1dc5498-e878-4dd7-a50e-0e59441e0b5b,legacy,
slab_granite_pebbelate_green_5833c373-5e55-49a3-9550-9f85b550fb4c,legacy,
slab_granite_pedra_vella_de_cangas_cf85c15f-4d88-4bf5-9a50-ff8e57cb5da9,legacy,
slab_granite_pedras_salgadas_c00b1e71-9226-4eda-9701-054b04d24221,legacy,
slab_granite_pegasus_brown_736adaa7-9626-436a-beff-720ef963f81a,legacy,
slab_granite_pegasus_gold_c23ae9bf-30e9-4320-a223-afc801f1ca1a,legacy,
slab_granite_pegasus_white_7af2a796-6700-4da6-9c6f-5334bb261d34,legacy,
slab_granite_pekkala_pink_df6e83db-0310-4141-85f6-9396165cab4e,legacy,
slab_granite_penizevichi_grey_f5104464-3084-42a5-9e5e-019c498c0eab,legacy,
slab_granite_penta_gold_249607cd-cd0e-410f-b1cf-a76000052fd2,legacy,
slab_granite_peony_black_fb5da42d-8811-4a1a-a0d7-3ee143f5608a,legacy,
slab_granite_peony_grey_50812bc0-6fc0-4b75-b533-c1dff0f3a4bc,legacy,
slab_granite_peony_red_41363ec5-c7b7-4828-94b4-adcb14b15d11,legacy,
slab_granite_pepper_grey_de4c627b-3fb2-45ac-8dfe-d92e3ce2ff98,legacy,
slab_granite_pepper_white_c00fe493-f620-48f1-bb17-a6c7259a78c5,legacy,
slab_granite_peppercorn_768df0a8-3fdd-4fa3-9e13-819f952691f4,legacy,
slab_granite_pepperino_dark_f42f293d-c075-4433-9678-ea4a29f55f1c,legacy,
slab_granite_peppermint_9049c42f-e0d4-4d4b-b09f-4f118fb2ed66,legacy,
slab_granite_peregrine_d15ef404-c6d7-477f-bc61-30fdff211287,legacy,
slab_granite_pergaminho_ae05c7ab-d0b1-4c8c-8848-6902deb290d3,legacy,
slab_granite_pergola_green_5f8691c2-d55d-450e-a142-8c0f626c0d69,legacy,
slab_granite_perola_da_amazonia_cdabb3df-6b2c-4283-a8bb-170b3462f1a9,legacy,
slab_granite_persa_avorio_7d445039-b730-40b2-a14d-3840d30a3427,legacy,
slab_granite_persa_brown_65ff9c69-d86b-4cad-9ee0-746fc3669638,legacy,
slab_granite_persa_orion_213c9124-fed2-44f4-93ef-023a4e4cd7fe,legacy,
slab_granite_persa_pearl_d26bf93a-e2e4-4aee-8822-94a1fd8b603b,legacy,
slab_granite_persian_green_e27c7266-b933-4712-b072-ed8f8f4d7660,legacy,
slab_granite_persian_pearl_049fd898-262a-4cf8-8199-e702fda75c54,legacy,
slab_granite_persian_silver_33c27852-dfb9-406b-b13c-8f3205be5893,legacy,
slab_granite_persian_treasure_4ace9648-b6f3-4194-987c-a1c28c0e751d,legacy,
slab_granite_pessinus_grey_a24c28cf-bc50-420d-9f57-20dde0da7aec,legacy,
slab_granite_petrous_white_6917fb43-d762-48ce-a6e7-546f095d3ec7,legacy,
slab_granite_pfaben_43539db6-3159-4d98-91c5-22f6e1edc28f,legacy,
slab_granite_pg_black_3a0c18d0-efce-4588-a4bf-6e1a99a8592e,legacy,
slab_granite_phantom_black_2a31c9a2-07b5-4725-a57e-7c7d3048769d,legacy,
slab_granite_phantom_golden_flower_4468ce58-a386-4070-a3a1-d2abf7b72bbc,legacy,
slab_granite_phoenix_diamond_e14178c5-5c58-40aa-8e7c-0ab536d1d0a2,legacy,
slab_granite_phoenix_gold_31a7167b-da44-4b73-a9e5-d468279a92f8,legacy,
slab_granite_phu_cat_violet_079c728f-dd91-46f8-b08b-c92b8197efae,legacy,
slab_granite_picasso_green_c4825ac1-11f3-4f6d-ab57-c4f60b5b53ac,legacy,
slab_granite_pictor_2edeeb87-0c0d-4550-a825-79d5b8e98e97,legacy,
slab_granite_pietra_fc870a22-0ec3-4f75-91bc-b8a9c93e1c15,legacy,
slab_granite_pietra_dorata_273338e1-ffbf-4c2b-b1dd-edc9d0ce852d,legacy,
slab_granite_pigeon_grey_27a6977d-459a-462d-9894-c06c7645e189,legacy,
slab_granite_pilanesberg_b00caff5-3f6e-427f-bb6e-0bbc21aa67b4,legacy,
slab_granite_pilsen_76cfa88a-000d-4f00-9e29-893a92072c9b,legacy,
slab_granite_pine_green_8b6fd15b-3a74-4ab7-ab5d-f6c976b5bef9,legacy,
slab_granite_pingshan_green_1a6b0b12-b98c-420e-9528-9884c2651eb5,legacy,
slab_granite_pingyi_kongque_lue_d739e008-282a-4bbc-b5a3-99da61f64b79,legacy,
slab_granite_pink_afshar_f20cea52-43c5-4411-a7f2-4c5428c07d2f,legacy,
slab_granite_pink_art_51e73b4c-2726-4f18-9d1f-a292dc5ee770,legacy,
slab_granite_pink_baihujian_387ff9ce-199d-4487-a653-4648477f6e36,legacy,
slab_granite_pink_binh_dinh_e1f2c53d-a97a-4fc2-8450-16a5a5df2408,legacy,
slab_granite_pink_carmel_b0720be5-affa-435f-b962-4559ab0682ab,legacy,
slab_granite_pink_garden_c40c6572-1073-4ca2-9a80-5b45d0c70d08,legacy,
slab_granite_pink_goias_67006ddb-aff1-44e5-aaa4-0719a31bcc8e,legacy,
slab_granite_pink_grain_9c371eb8-856c-488a-b49b-5a5f86245e42,legacy,
slab_granite_pink_grain_chashan_0a968efb-98ae-4ce3-9729-3aefa570602b,legacy,
slab_granite_pink_hm_280ceead-c3ee-4234-aee7-3b7d4486f867,legacy,
slab_granite_pink_phu_yen_42364aaf-e0d7-41ab-b9d9-f80bd83f22e7,legacy,
slab_granite_pink_rose_ff178ced-9aaf-4aaf-b8f0-67d34c04bef1,legacy,
slab_granite_pink_rwanda_8dcc1b67-ee5d-4be7-aed4-747753bc9da2,legacy,
slab_granite_pink_salmon_e315811c-bea8-42ff-8004-51770e487977,legacy,
slab_granite_pink_sesame_490fbafd-cf70-40f3-a76a-72fbf3a4447f,legacy,
slab_granite_pink_spring_af94feb1-ac0f-4d20-a63d-4ba13d2eff8c,legacy,
slab_granite_pink_westerly_1968e0a5-2439-436a-9166-69854bf43337,legacy,
slab_granite_pink_xuan_hoa_71485ae7-703b-48dc-b187-30198b70a563,legacy,
slab_granite_pink_zanjan_8e39cb25-35f8-4137-b3d4-81ad45449838,legacy,
slab_granite_pink_zebarana_7d21729f-4e22-4d63-8840-dff41181a3ed,legacy,
slab_granite_pioneer_green_82060008-27eb-4b6b-ad15-555fafa5d266,legacy,
slab_granite_piracema_d597912c-58ad-467c-8ae4-177c58474f3f,legacy,
slab_granite_pirineus_2b422411-0a71-444f-923c-eba517ed1674,legacy,
slab_granite_piroksenit_13c0a69c-c0b6-4f58-9115-6bd6367ec2af,legacy,
slab_granite_pitaya_fcf2e021-9246-4b4a-811d-b489b2497104,legacy,
slab_granite_pizzo_bianco_20ace558-1fe2-45f7-bc4e-63e3db4a0794,legacy,
slab_granite_plasma_gold_79d2308f-c997-4a71-b4af-5d7cfe6ae3bf,legacy,
slab_granite_platina_blue_ab55f776-9133-4c0c-bda3-d0dc2e47b92f,legacy,
slab_granite_platino_palacio_38d3582d-9f3e-4367-96d1-7372d514b9b4,legacy,
slab_granite_platinum_pearl_8f21b47b-2667-40d0-a5cb-c086fb37f47c,legacy,
slab_granite_platinum_td_912cd6be-2515-4f73-ab86-bddbee47084b,legacy,
slab_granite_platinum_white_588adeaa-2366-4a1d-9050-9e12bb7824dd,legacy,
slab_granite_plima_salt_47c7db10-cf16-4391-bfd3-94f283261c3d,legacy,
slab_granite_plochwald_2199f931-1192-4162-b007-a8caa1f2b283,legacy,
slab_granite_pocheon_white_f724f643-6f51-46ce-bea9-f3240e716084,legacy,
slab_granite_poinsettia_red_4c420f35-e39e-483f-be6d-8a96b2ff84d4,legacy,
slab_granite_pokarna_green_d4adccd7-db13-4fcf-83ad-4d73d3a6ea36,legacy,
slab_granite_polar_mahogany_713c0e1d-f0a1-47f3-a336-08143065c8d1,legacy,
slab_granite_polar_syenite_7a3624ba-0bb5-41e1-8f35-a774683b806c,legacy,
slab_granite_polichrome_0e6877a1-7359-49d7-9cb0-aa19fd6d63c1,legacy,
slab_granite_pollock_green_b2b97f53-e831-4675-8bca-6a68c322594a,legacy,
slab_granite_poluo_sesame_flower_80587a83-cf6c-4691-a7ba-84240783a68f,legacy,
slab_granite_polychrome_501b02bc-ac1e-4fe6-8733-9910dcfe6a15,legacy,
slab_granite_pomegranate_red_01443530-79d3-4278-94ba-875b61c4cc83,legacy,
slab_granite_pon_black_af3060e5-e90d-4c6a-9db9-5a2cb4393c1d,legacy,
slab_granite_pontevedra_cec207e5-23c1-4385-9c6f-40e448505793,legacy,
slab_granite_porfidico_b60fecf3-f26b-4f3c-956e-acb72846eb2d,legacy,
slab_granite_porkkala_d3938c58-e441-4737-9544-38c8431e9c99,legacy,
slab_granite_portillo_d83d5389-f6aa-4832-afec-c2b3ce2d1059,legacy,
slab_granite_porto_branco_0bef970a-1b49-4965-9905-fa4a04a4e86d,legacy,
slab_granite_porto_cervo_5d1423b8-d786-4b1b-8109-f1c138403d3a,legacy,
slab_granite_porto_rosa_680a300b-39bf-4baf-a71b-12dd74915c33,legacy,
slab_granite_pozary_fb6a9bb3-23b0-43ee-9ed2-b4fe7329cca7,legacy,
slab_granite_pr_red_china_23e5d335-e4cb-4451-a5c3-5b03d4260ebb,legacy,
slab_granite_prada_gold_20b45a8f-c628-4c87-ad00-c5be65109232,legacy,
slab_granite_prairie_brown_53a19631-088e-486d-91d7-b8fef123b0ef,legacy,
slab_granite_prairie_mountain_dd812e95-47db-42a3-b4a6-7837350b0610,legacy,
slab_granite_prajoub_manichoat_27771bd8-b7ca-47a7-b84c-841171b2d27e,legacy,
slab_granite_prajoub_tao_c831818c-71a5-4f4d-b144-873c2ae1a389,legacy,
slab_granite_prata_da_amazonia_5d12171b-ac4d-4e28-b718-78abad61f84c,legacy,
slab_granite_preto_absoluto_2cad0d41-4898-4fec-a064-263d668ea10e,legacy,
slab_granite_preto_arronches_8d3873e4-3894-4069-9ab9-3097ec7f3612,legacy,
slab_granite_preto_mourinha_04a25b62-9451-4213-b801-69e2aa929f8f,legacy,
slab_granite_princess_red_d614d0ce-12e3-4b25-acb3-0ae0af14cbee,legacy,
slab_granite_przedborowa_4ae71299-7a43-46e5-bbbc-c738fee4d0be,legacy,
slab_granite_pu_er_red_5c048e76-4891-49bf-8bc5-6f3b822b1e3e,legacy,
slab_granite_punia_grey_97e9bec0-e4e9-4103-a916-7fc231448bc9,legacy,
slab_granite_purple_blue_flowers_edc371cb-260f-4405-90e9-8054daa5481e,legacy,
slab_granite_purple_diamond_5152c829-93aa-4f03-a61c-1f7ee0e4c046,legacy,
slab_granite_purple_dunes_63e90c3c-8257-441e-8921-cff54ea86410,legacy,
slab_granite_purple_galaxy_b5fd4cac-9360-4626-a645-4d94cc197fff,legacy,
slab_granite_purple_gold_grain_98da02c9-1745-4e57-9f75-6faf82eee177,legacy,
slab_granite_purple_nebula_3c525b05-07ca-4b21-a69a-c28407f4fba4,legacy,
slab_granite_purple_rain_db0b7842-04f8-4242-b653-e154bf65e0a6,legacy,
slab_granite_purple_red_8e32ae1c-0a45-4041-b178-adbdcd373afd,legacy,
slab_granite_purple_rose_6a7e87fa-48b4-409c-b1e9-f87f8ca9eea4,legacy,
slab_granite_purple_white_27827199-626c-4d82-8e60-82313c380dc3,legacy,
slab_granite_putian_rust_ea1bc6b9-ca50-4366-a6b1-1d47232156ea,legacy,
slab_granite_puttaparthi_pink_112334e1-6103-4ff5-aedf-cb55d8d6d7a9,legacy,
slab_granite_py_cream_3141f252-7e23-48e0-ba9b-306f8e320c26,legacy,
slab_granite_py_grey_07b4784a-5150-4d6c-a100-08281d8b63e8,legacy,
slab_granite_python_black_789aa1e5-1c91-4322-b8b8-afa771981fcf,legacy,
slab_granite_qilu_red_df865a4f-f073-42d9-88d6-08feb9e754b6,legacy,
slab_granite_qing_red_b27a9f85-b2d1-4315-8855-9f3f9027318a,legacy,
slab_granite_qingshan_red_407563cc-d053-4eb3-a3a9-e3955ccdaadc,legacy,
slab_granite_qingshan_red_neimenggu_b8d47cc5-ae62-483c-86c6-f5caafbd2716,legacy,
slab_granite_qingshan_white_cf0e925b-4038-4c9a-a404-bcd3fccb171e,legacy,
slab_granite_qingtou_white_2276033c-6c9f-4246-920a-9cc01ce8558a,legacy,
slab_granite_qingyuan_red_47ff9ad3-9664-468b-93e9-d9522e9da6b0,legacy,
slab_granite_quantum_black_0bbd70ac-5c2f-4f40-bf63-34a0cb51a743,legacy,
slab_granite_quanzhou_white_046b4d25-9d90-447f-9643-67efa4210bb8,legacy,
slab_granite_quasar_708944e3-70c5-4e07-a6db-eafc27a4ea9d,legacy,
slab_granite_queen_rose_8f9bd960-a7a5-4bf6-a63a-7b7bd2c17c40,legacy,
slab_granite_quicksand_c9f45ec5-bb6c-42a1-b42a-94e4d9db5b2a,legacy,
slab_granite_quicksand_brown_7f1c11ea-07b0-4364-9ccd-6d3aec66746b,legacy,
slab_granite_quincunx_black_680af910-d624-4d4a-b1c4-ca4991f0a0b4,legacy,
slab_granite_quy_nhon_black_b136233e-0de9-4a22-8f10-5085104795bf,legacy,
slab_granite_quy_nhon_red_f4416ff7-c2d2-4cf0-8d15-80f529e9aa9c,legacy,
slab_granite_r_black_f9ab019d-8852-44c0-ba47-f95e0ad4d097,legacy,
slab_granite_raggio_di_sole_35f5848d-89e9-48d0-bac9-65b39f51bda6,legacy,
slab_granite_raidho_6776114b-ec7e-4ba2-bcb0-6703d5bd4409,legacy,
slab_granite_rain_forest_689b36dc-5cc2-4926-b2d6-836c74d79149,legacy,
slab_granite_rainbow_silk_0eb75d43-f4ea-4f51-8929-7ea20945e94a,legacy,
slab_granite_rainbow_tobacco_f9c05f28-8053-4512-8bec-55493ddafdf5,legacy,
slab_granite_raja_yellow_cd4b9510-afbc-48a8-bd39-fcb0bb75f2ec,legacy,
slab_granite_rajasri_red_04d5801e-8ccf-46da-8717-015bb4b6abd5,legacy,
slab_granite_rajshree_red_b79fdc8e-7cfd-42d9-a0c6-343fbfebb183,legacy,
slab_granite_rakan_0d9fe36a-338a-4224-bcaf-1a8d28b5bbbf,legacy,
slab_granite_rakhni_polivsky_81551726-28c9-460d-ab5a-384f9ec26bc3,legacy,
slab_granite_rakwana_green_8759b79c-3ce1-4796-870f-60b991b5f432,legacy,
slab_granite_ram_brown_46c39e3d-f954-45be-b899-4ec25e37262c,legacy,
slab_granite_ram_white_93fa42eb-c20c-47f8-96d7-1c6025c87651,legacy,
slab_granite_rambo_green_564db4b2-0188-430f-9f23-978fa3d17f14,legacy,
slab_granite_rame_nero_85415c9b-48da-4eea-949d-2c87437d1fdb,legacy,
slab_granite_raniwara_green_f601ba4f-bc18-42ff-be55-dade8589eff1,legacy,
slab_granite_raoping_white_8d30d64f-1a43-4f06-822c-dba3d9108b05,legacy,
slab_granite_rastigasta_a6a397e5-20ac-4c98-84cf-2acd7df27c02,legacy,
slab_granite_raumunzach_52cc21e0-774e-45ad-b683-c37461257efd,legacy,
slab_granite_rayakottai_02574131-36fb-4c7a-9a6d-c5a4f8fc97bb,legacy,
slab_granite_raymond_blue_5d849b53-757d-4323-8771-2e23c5b14e9b,legacy,
slab_granite_recice_87519e44-3d89-47d7-930d-814fd8ec11a5,legacy,
slab_granite_red_apple_c6648159-9244-4b19-821c-4b867565bea1,legacy,
slab_granite_red_arara_79785f6d-acf5-43ca-aabe-f9624b1fc05f,legacy,
slab_granite_red_baihujian_c16d5091-eb4b-4c2f-8fec-d8ddd1c96dc2,legacy,
slab_granite_red_beach_a3aa2b25-c5d1-4325-87dd-cec5d32a191c,legacy,
slab_granite_red_bohus_1e222b7d-c575-4d94-b761-da8a630f3aa1,legacy,
slab_granite_red_cardinal_c030065b-ad97-4d69-9167-530377aaf5f7,legacy,
slab_granite_red_changjiang_f8c3c7b2-61fa-4924-b5db-81f4ef53132a,legacy,
slab_granite_red_chilli_568749d1-e6a7-4217-b324-90a7ac49a290,legacy,
slab_granite_red_colinas_5e933a74-ddcf-4020-935a-87fbe547272a,legacy,
slab_granite_red_danjing_9ab1b8ac-f1b1-498a-8507-5c5bea5e0d24,legacy,
slab_granite_red_diamond_7515eb3b-7947-4452-92cf-a81591d3dc32,legacy,
slab_granite_red_fengzhen_42a44b57-d9df-4609-b54f-7e222189798d,legacy,
slab_granite_red_fuqing_076fcbb7-9cbe-4ae2-b7aa-82dd288b47d7,legacy,
slab_granite_red_gharda_0f186309-0856-4edf-a870-f5f626ca1c77,legacy,
slab_granite_red_gia_lai_e676958a-3d59-4db8-ac18-1ba6cf968a72,legacy,
slab_granite_red_gold_40d2a172-432c-440c-820d-a7db10027b6a,legacy,
slab_granite_red_grain_c44efa80-cdae-4e13-8e9e-798ffd4b6738,legacy,
slab_granite_red_grain_huian_a384a32c-7fff-45d2-b5b8-3f0d6a7226bc,legacy,
slab_granite_red_guilin_cb04680e-bb33-43d5-8e98-e829fafa5bd6,legacy,
slab_granite_red_hollywood_7c11979c-a399-45c4-b9fe-2b5ee83c8a25,legacy,
slab_granite_red_hushi_31a48dff-a3e7-485f-af6b-9c1150112e59,legacy,
slab_granite_red_ink_01c7e511-5ff0-4545-aa90-61cb669215d6,legacy,
slab_granite_red_jiangnan_cb0222a0-8549-4af3-9c0b-43dc28eb2120,legacy,
slab_granite_red_jieyang_080352c1-8f63-4bc4-8076-0eb84e0a9800,legacy,
slab_granite_red_laizhou_e8b5c3eb-bf66-40a1-a688-4f14c391a62a,legacy,
slab_granite_red_liaoning_f4eddc9b-98d9-4cdd-9af1-8acbaa8331e7,legacy,
slab_granite_red_maipu_cf0ab76f-84da-4430-ac87-397e087de5f5,legacy,
slab_granite_red_malibu_99a6cc95-566e-4fd1-8f1a-a3a5d8b3c24d,legacy,
slab_granite_red_montana_489c9c20-1227-4bc5-a2aa-68f6b38cd5e0,legacy,
slab_granite_red_moss_7120e8ff-d185-4511-a725-7a2b8dee19e6,legacy,
slab_granite_red_nanyang_6aa90917-a87a-4820-be3a-e3293421727a,legacy,
slab_granite_red_nefertiti_be6b28f4-bdb6-4216-8e3c-1724497122f8,legacy,
slab_granite_red_post_78905bfd-7973-4d89-8bee-6ef68d30f03a,legacy,
slab_granite_red_river_c505cfd0-7674-428a-9e55-f568dced2f9d,legacy,
slab_granite_red_safaga_9a3da3cd-6c46-430a-85a9-4669228b3c7c,legacy,
slab_granite_red_samoka_0ba7b12d-17a9-4d47-b95a-af1c91089abe,legacy,
slab_granite_red_sand_faf0d1b7-ff8d-498d-bb76-ab25b848a9da,legacy,
slab_granite_red_sapphire_84d3211f-74bd-4a8a-a340-ea724c9ef636,legacy,
slab_granite_red_segovia_55ec1bcd-1435-4e6c-8c11-9f4a3c13d52c,legacy,
slab_granite_red_shijing_2d74b7d3-2e7f-42b5-a679-28267fe2dcd7,legacy,
slab_granite_red_shimian_6e82bdde-3ba4-4fbb-9f2c-5ba3dbf21373,legacy,
slab_granite_red_shuangjing_c34653aa-ab95-4e57-9566-c10179ffccc4,legacy,
slab_granite_red_sphynx_e9a33662-cedf-48da-8db8-ea2095094183,legacy,
slab_granite_red_star_6cf75833-6e4b-4e18-a7de-3feb70cc4587,legacy,
slab_granite_red_tongan_a15ba45b-2383-494d-a047-2e460d032c4f,legacy,
slab_granite_red_vie_c1c61b6c-faaa-4339-95cc-659bc221374b,legacy,
slab_granite_red_wave_f37393e4-c302-4bb2-b148-99e58228d8de,legacy,
slab_granite_red_wendeng_z_d42bcdb6-6381-40ff-b575-50844ddc4f0c,legacy,
slab_granite_red_wulian_9d3b7a96-d039-48ce-8fef-0476a29f0bd1,legacy,
slab_granite_red_wuyi_42d5b6cd-2b06-41f9-8c41-f5b301af31b8,legacy,
slab_granite_red_yari_8996d91b-a807-4f20-b405-c544bee7948c,legacy,
slab_granite_red_yongjin_2fd0761e-ab59-4ffe-800e-e8243058a46d,legacy,
slab_granite_red_zeshan_c092da7e-ba1a-4e9c-817d-5f7c708fd150,legacy,
slab_granite_reddish_grain_shijing_40a800a7-6948-47ab-b8d7-23714089726a,legacy,
slab_granite_reddish_grain_zhangpu_6f09215e-5b5d-4560-a1d6-aeeaa0e494f9,legacy,
slab_granite_reichenberg_79cb0d80-8182-4905-83e2-b2228fa907a6,legacy,
slab_granite_reliquia_1d00ce8a-eb99-4172-92d3-cb5caa623ef8,legacy,
slab_granite_rembrandt_61878618-602a-4d28-9055-a2d303c47cd4,legacy,
slab_granite_renaissance_1887e55a-00f2-4393-a5fb-b3b42b6f8027,legacy,
slab_granite_renhe_island_red_78fbe058-c1be-4879-b855-754c929ce531,legacy,
slab_granite_rezhevskoy_a3668b72-ee52-4dfa-b647-7c905136b4ee,legacy,
slab_granite_rich_red_23ef77a2-1ea1-4240-9af1-d4d850c04495,legacy,
slab_granite_rio_fresco_3d3a04c7-fac6-45d2-9cd2-115e2be3b9f4,legacy,
slab_granite_rio_preto_698108ba-39b4-42c6-929b-aaae8530a1cc,legacy,
slab_granite_ripple_idaho_517f5e2f-3307-41c6-a07a-3587fab5b052,legacy,
slab_granite_river_gold_1cc0195e-533f-4235-bdeb-666be42fc9e6,legacy,
slab_granite_river_pink_3312de2a-660d-4f3c-b838-f3e8111fcec8,legacy,
slab_granite_riverina_18e4af37-3805-4cd9-97b6-5d7ac595a401,legacy,
slab_granite_riviera_a301cde6-896a-4345-9d23-6e974038c5a8,legacy,
slab_granite_rize_koyu_sedef_b535ac10-d7b4-456b-85de-5ea2d33e12bd,legacy,
slab_granite_rock_glaciers_c0e1321f-bcd7-4b9f-8a98-c8bd9ed6c0e5,legacy,
slab_granite_rock_green_78b536ed-e5a8-479a-a373-2d43daf8e7ef,legacy,
slab_granite_rock_mountain_0f61d5dd-bc64-48db-8549-e915d74ac223,legacy,
slab_granite_rockville_beige_ee05d0d1-4873-40a1-9db9-102163c6ee58,legacy,
slab_granite_rockville_white_541e9532-6869-4da6-8f49-718cf85f2ed8,legacy,
slab_granite_roenne_0866f5c2-e67f-411a-ad9b-0aa4ae98db6a,legacy,
slab_granite_roeyken_c5778999-6503-4f82-b301-518e64655cbb,legacy,
slab_granite_rogovsky_b57d6c9a-a30d-46e6-a521-1f050c09aa2d,legacy,
slab_granite_rojo_amara_3762b389-1d3e-46c4-bdf8-5e061ec208a0,legacy,
slab_granite_rojo_argallon_419b8574-158d-4310-882c-9abff8146025,legacy,
slab_granite_rojo_bermil_d63bcd9c-9dc8-4530-bfdb-28613ced17b9,legacy,
slab_granite_rojo_cojedes_84d492be-585e-4c48-a2e6-ee0222ac5ba0,legacy,
slab_granite_rojo_de_salto_1c270afc-7993-4f6d-a6a5-8506f026184e,legacy,
slab_granite_rojo_guadajira_7944e8eb-a155-45ea-8a9b-4d8f44e92972,legacy,
slab_granite_rojo_guayana_db38c62a-7245-4874-a11c-620a1a3161c3,legacy,
slab_granite_rojo_mirador_f5d34e7f-a2f5-4974-90b0-a5cf3b030d3a,legacy,
slab_granite_rojo_oriental_7d3dfe75-7a2e-4e53-9d16-7d452516a8de,legacy,
slab_granite_rojo_sayago_ec677f86-363a-4614-9c2c-3e5b92a01b90,legacy,
slab_granite_rojo_sierra_chica_f4530662-1077-4274-b420-f9931bcf6759,legacy,
slab_granite_roma_imperiale_ea63bae3-0925-4dd8-a56c-9f5c487723c6,legacy,
slab_granite_roman_diamond_9c35b989-d14b-4a62-8192-162693cd6383,legacy,
slab_granite_roman_yellow_3fb10bad-6c41-4e31-8ba1-315498327b50,legacy,
slab_granite_romance_106e0643-372e-4209-90ab-97479121d60a,legacy,
slab_granite_romano_dream_c9b7dc80-20fa-4088-8b43-52a1b8b6ecec,legacy,
slab_granite_romano_gold_2fe9b1f0-6254-4d87-8b19-51b908567395,legacy,
slab_granite_romantic_blue_5e63d50b-7020-4c63-9187-4c069863a389,legacy,
slab_granite_romantic_flower_34344b39-79b9-4bd4-b5ac-aa83c86bd514,legacy,
slab_granite_romantic_pink_065bb0e9-9b5e-40ca-9c88-0ad6511252bb,legacy,
slab_granite_romantica_red_ee00c656-66f8-44d1-b41d-21c071575739,legacy,
slab_granite_romantix_481c0bcd-e533-41e3-8ba1-2fa1c86994f3,legacy,
slab_granite_rome_white_92a8fa99-b161-49e1-9cfa-c91e3e9f3819,legacy,
slab_granite_rosa_antico_7e7c9a69-cb94-4163-919b-a69df6d6a7cc,legacy,
slab_granite_rosa_arborea_28f6f5c6-091b-475f-9a02-2c44373449f5,legacy,
slab_granite_rosa_arronches_1ced6ccd-7b7b-42c9-abb3-0111cf4f0f1e,legacy,
slab_granite_rosa_azova_f9aadfa6-6853-465a-9021-4409eb3a2371,legacy,
slab_granite_rosa_baveno_158daab2-0dca-47c7-a7ee-91568f17b01e,legacy,
slab_granite_rosa_cadalso_0fe6a11a-c0f8-4fd4-9d97-920e641a9135,legacy,
slab_granite_rosa_capela_92f03d03-6b08-48b9-877c-eed5ee620c5c,legacy,
slab_granite_rosa_castello_b64b4052-7383-4bb2-be13-f3c623a8394d,legacy,
slab_granite_rosa_chicolo_3d5c3c31-71c3-4c3e-a89b-2aa3306c189a,legacy,
slab_granite_rosa_dante_abb27a23-e8c0-4fd9-8720-139366da23c6,legacy,
slab_granite_rosa_delizia_85151096-c1d3-4bf0-975d-3616a99d9793,legacy,
slab_granite_rosa_delta_23d89a2f-c568-4214-a8d8-0684aa6edd05,legacy,
slab_granite_rosa_duna_ea105839-f467-40ba-b013-e14a64816145,legacy,
slab_granite_rosa_el_nasr_442ebf6c-dac4-47bb-97ab-8821c416995b,legacy,
slab_granite_rosa_extremadura_ed55993b-3d59-45d6-8d62-91bc161bd48d,legacy,
slab_granite_rosa_fantasy_13c1950d-f002-4127-9f37-9ab682b8a12a,legacy,
slab_granite_rosa_ferula_906e9a0b-039a-428d-8748-fc715fd8ada7,legacy,
slab_granite_rosa_fiorito_06da314a-4ae2-4710-9b77-916277b4d338,legacy,
slab_granite_rosa_frades_a15a5a3c-1252-4dfb-bc39-79af1ac79d0e,legacy,
slab_granite_rosa_gala_750ffbca-84a2-4d54-a901-50ecfc7171d3,legacy,
slab_granite_rosa_hoody_67723dc9-3182-4788-9175-a2efd6b5016d,legacy,
slab_granite_rosa_hurghada_2834a879-8d33-45e6-b179-a5ce3f298a64,legacy,
slab_granite_rosa_inca_31d9cda9-605d-4033-b90b-6ed691c62f18,legacy,
slab_granite_rosa_itala_e32ab72d-40f3-4d8c-8f02-1ea9954c7919,legacy,
slab_granite_rosa_julia_86347db9-3c84-415d-86fc-80d32a35776c,legacy,
slab_granite_rosa_kinawa_87ac22a3-0dca-4c9f-bead-3a08688c2cce,legacy,
slab_granite_rosa_kyshyn_50e2b5c7-6820-4083-9d68-550a90526db2,legacy,
slab_granite_rosa_levante_fbfa114d-4c6e-41b1-845b-e0cd64fad3ef,legacy,
slab_granite_rosa_lucira_171f1e50-898e-414d-9d49-71f0fc88a641,legacy,
slab_granite_rosa_lugo_69f98cc9-796f-429c-a7f5-e41fb1e8fd4e,legacy,
slab_granite_rosa_mara_d1c042da-e207-4d58-bbf0-20af9a4fe62f,legacy,
slab_granite_rosa_mondariz_0536ff2d-fa01-4565-932e-0ae58ee0b1e6,legacy,
slab_granite_rosa_monforte_66b25c0e-916f-4756-8572-56e579935f1a,legacy,
slab_granite_rosa_raisa_3cd7920e-425a-4b9b-9b7c-b47b67a20c85,legacy,
slab_granite_rosa_raveno_b2e11dc6-b6b4-40c8-bc30-4142ceb1365d,legacy,
slab_granite_rosa_royal_c825bc5c-ad6d-42a0-893e-dda846de8300,legacy,
slab_granite_rosa_samambaia_bd911d6c-aeab-4f6d-8ef2-546483d6eee1,legacy,
slab_granite_rosa_scalia_b3ee1847-c9f0-47c2-aae9-506c178f6b81,legacy,
slab_granite_rosa_sinai_d57a85cf-3c2b-412b-8b53-348806e72211,legacy,
slab_granite_rosa_stresa_f72c211c-2987-4e89-b650-65c8604e5c1b,legacy,
slab_granite_rosa_tenggo_9a302409-1a8e-4ff6-99de-e4e5207c09cc,legacy,
slab_granite_rosa_turm_b9fb4bc8-683c-41eb-878e-94637c6ad16c,legacy,
slab_granite_rosado_baul_7567db86-5753-462e-8701-3dd47e4bba55,legacy,
slab_granite_rosavel_1bcc36f9-f679-4a52-b295-b782d4c66875,legacy,
slab_granite_rose_bluette_4e06b116-1568-4848-85b5-1d91694b1558,legacy,
slab_granite_rose_de_la_clarte_740c687c-3f6d-4f02-922d-7b26fc2e302a,legacy,
slab_granite_rose_de_senones_04eb5e03-bd48-4373-b3a8-b141684ba9ed,legacy,
slab_granite_rose_forte_arimba_47e4c2a4-59e4-4ef1-85be-3b43ce84b18b,legacy,
slab_granite_rose_gold_07eedab4-4dbb-43db-a769-c1e698cc4c9f,legacy,
slab_granite_rose_luna_034494f0-114c-4dd8-91bb-0138e5e3a85a,legacy,
slab_granite_rose_renca_49fb5d7e-b862-45f3-983f-e60348b474be,legacy,
slab_granite_rose_wood_360ee3ef-91c6-4c85-92e1-3231a6491453,legacy,
slab_granite_rosette_brown_793592a7-6dee-4d79-9f72-edaee896b8c4,legacy,
slab_granite_rosette_light_89dd20bf-4327-4826-9442-28cdbc35c149,legacy,
slab_granite_rosselin_white_d0f9da25-e688-4175-bfb6-8c734f479759,legacy,
slab_granite_rosso_asian_cd1124b5-1486-4269-939c-86debc5234ec,legacy,
slab_granite_rosso_atlantico_0ce39a43-5faf-4482-8588-3efaaf92f6e3,legacy,
slab_granite_rosso_fuoco_7bd54610-b9c4-40d6-91d8-b3e781f136ab,legacy,
slab_granite_rosso_lanka_c4fee8ed-ad3f-48f6-bf3b-c2b7d3227e7f,legacy,
slab_granite_rosso_marinace_cf4d3071-ab5b-4475-86a6-59bc508fb2de,legacy,
slab_granite_rosso_orinoco_eb644b40-af99-4e71-8173-2cf979c5aa9c,legacy,
slab_granite_rosso_pantheon_a6591666-a87b-4872-8a32-3c262404654d,legacy,
slab_granite_rosso_predazzo_6c533187-5fe4-41ac-9d64-0b81daefb373,legacy,
slab_granite_rosso_rubio_0143515a-f400-4d71-8dbe-a3377944b34b,legacy,
slab_granite_rosso_santiago_fd32a995-57d1-413f-bf42-8b7a7e78635b,legacy,
slab_granite_rosso_toledo_de04f6cf-692e-4168-9202-3aa57dc9121f,legacy,
slab_granite_rosso_viktoria_db88e355-564f-4e64-a250-715e33f9162a,legacy,
slab_granite_rosy_black_2c8969e3-cf91-4420-9847-7f15d9d27305,legacy,
slab_granite_royal_amber_ecbaa53a-fd1a-4b7e-8f77-9a569a277760,legacy,
slab_granite_royal_black_heilongjiang_927a6a1d-9cd2-41d1-8b02-c690d63d996a,legacy,
slab_granite_royal_blue_8b5188ca-49bf-4d4e-930c-780411b85f83,legacy,
slab_granite_royal_celadon_86f61e57-ebd2-4c64-bed8-64d587a02d16,legacy,
slab_granite_royal_diamond_green_8e4623a6-8815-4462-a812-248f37cfa4ce,legacy,
slab_granite_royal_gold_69e6ae84-09b5-4e23-b9a6-49baafacaf12,legacy,
slab_granite_royal_gray_1bfde83e-65a6-4204-bc57-3ae3f011a9e7,legacy,
slab_granite_royal_mahogany_af9d93ed-dfed-4686-b480-3ddec9b699b8,legacy,
slab_granite_royal_palm_c890cc69-6299-4785-9648-81109466bc26,legacy,
slab_granite_royal_red_brown_33515a5c-c1ba-4fbd-afe6-168893e49352,legacy,
slab_granite_royal_salmon_545ebeca-f538-484a-9c8b-bd48d4b2ea13,legacy,
slab_granite_royal_silver_77b130f7-02fa-4c77-9961-7fb712628322,legacy,
slab_granite_royal_touch_16c93c19-1db4-4d49-aa50-50900e665d03,legacy,
slab_granite_royalty_red_06644cf0-c0cf-4c2c-9899-09eb7043042b,legacy,
slab_granite_royan_black_969979cd-1db9-4f7a-ac40-cca87464e169,legacy,
slab_granite_roze_krin_b1488436-ff24-49fa-9984-c9835a8cdd5c,legacy,
slab_granite_rubina_2f0a9918-41ea-4028-9e1b-ce67136e86a4,legacy,
slab_granite_ruby_grain_daa55284-2c23-46d1-a044-2c7ca13510b0,legacy,
slab_granite_ruby_wave_7942ada8-c343-4e6c-b5d0-dd891227786a,legacy,
slab_granite_rushan_black_c2b7e234-8da6-4e2b-9c22-c0557db0dfdf,legacy,
slab_granite_rushan_white_e89f04ac-c748-498d-bd32-9965dcf8dc77,legacy,
slab_granite_ruskiavuori_orbicular_ac0084d8-2d0e-49cf-b26b-4500439dfd72,legacy,
slab_granite_rustic_red_7889a814-81de-4968-aca3-f79c8bf41731,legacy,
slab_granite_rusty_river_eaf8732e-3abe-4ea3-9057-aa711b42f6cc,legacy,
slab_granite_rutile_diamond_5c2ef2e1-47db-42e4-a821-b4ae6b405ff5,legacy,
slab_granite_ruweidah_pink_9013209a-672a-4bb2-a86c-4fbe770b4ee9,legacy,
slab_granite_saba_480eac2e-5292-46a9-957c-268de2f66479,legacy,
slab_granite_sabana_guaimir_83412ca2-fefa-447d-831a-5d60380e852c,legacy,
slab_granite_sabz_jangali_be16e337-24b5-4bdc-8355-ad343ff32826,legacy,
slab_granite_sadarahalli_57a89f04-2dc5-4a94-8e66-97ae8207a265,legacy,
slab_granite_safari_brown_b32fb9db-0cc7-429b-ae04-7df9e7e53394,legacy,
slab_granite_safari_green_a84f7d71-aa9b-4d85-b61c-10ed1e29826f,legacy,
slab_granite_saffron_gold_ff4f17b0-8518-47d3-a231-e9d315bafa05,legacy,
slab_granite_saga_grey_bf1bc5b1-64e1-4fb4-a711-37f74e1b23c6,legacy,
slab_granite_sage_brush_315a6b02-a5fd-4d9e-9379-0d614fa29894,legacy,
slab_granite_sagitarios_a8909f2b-1614-42d0-bbd8-14ec50d8c8c0,legacy,
slab_granite_sagitarius_c5e552eb-e439-4853-be5c-bdd637655578,legacy,
slab_granite_sahana_green_7d46da9e-ec29-474f-9408-d15e3f50b23c,legacy,
slab_granite_sahara_beige_d60e9ffa-f01a-4d80-af65-096d990d1406,legacy,
slab_granite_sahara_brown_9298373a-9b3f-41df-863f-37c32c181a35,legacy,
slab_granite_sahara_diamond_745f8523-3576-42a5-8215-c678c9b2435c,legacy,
slab_granite_sahara_golden_3c09bf6d-878b-45ae-a5c7-72140e14137e,legacy,
slab_granite_saibei_gold_987c1992-7499-4ff2-b6fe-abf65215ad2a,legacy,
slab_granite_saint_louis_e11acc84-2dcb-4494-907a-b90d01406c75,legacy,
slab_granite_saint_tropez_7200d31a-e84d-4ac8-98df-08c807bb503a,legacy,
slab_granite_sakhara_2586b70b-6d6e-46d7-8ec5-8dd5420d142e,legacy,
slab_granite_salinas_white_8be1d168-1b34-4fb9-8ceb-a17535aa428e,legacy,
slab_granite_salisbury_pink_22f01260-7565-4f91-bb11-7be4269efe78,legacy,
slab_granite_salisbury_red_6f96e74d-25f9-48c4-ad3a-f8b640db1c28,legacy,
slab_granite_salmon_negro_19e73443-f9e8-41d2-b71d-aa5e930a5035,legacy,
slab_granite_salmon_peach_9e922ec1-cfa4-47c9-982b-fde13f509dbb,legacy,
slab_granite_salmon_tropical_444fa27b-a4ea-40ef-8930-05723192bfed,legacy,
slab_granite_salone_c76a6946-122e-4d19-986a-680f6e685516,legacy,
slab_granite_saltio_light_33d76926-088c-4c72-a042-14b1a8c90e66,legacy,
slab_granite_salvaleon_7b1ae85a-942e-41f4-9010-a8ab71d47a4f,legacy,
slab_granite_salvatiera_57b4410c-c4f4-4f1d-b371-78920776d65a,legacy,
slab_granite_samba_pink_f33b1565-8f28-4c68-bab5-af5dd85b5000,legacy,
slab_granite_samoa_daa43d46-c228-4303-93e8-380ac3e4c121,legacy,
slab_granite_samuelsdalen_d508a477-1aaa-488a-addc-6a3051becc18,legacy,
slab_granite_samuka_red_bd482c09-e7c5-47d7-82d9-1ffa0fbdd0e0,legacy,
slab_granite_san_fedelino_a5de7d04-f3c5-45de-a9a8-6e07c7505912,legacy,
slab_granite_san_felipe_3ff0642d-43d5-4384-8098-941ded686534,legacy,
slab_granite_san_gabriel_black_b698ca96-4a7e-4041-8aed-630de1b05fe1,legacy,
slab_granite_san_luiz_51900120-2822-47fa-93c4-d60d2e30f71b,legacy,
slab_granite_san_mamede_9c3aaf79-d717-44cd-9acd-2b1c4a2e173b,legacy,
slab_granite_san_nicolas_79db9610-37ad-41a2-9004-ea3d73f3b6e2,legacy,
slab_granite_san_pedro_2ca42cdc-7927-4020-845a-d0b2f5e6f81a,legacy,
slab_granite_san_pellegrino_9bbf9f11-13ed-4a6c-9cf6-b04b3b09d0d6,legacy,
slab_granite_san_roman_1788b3c7-807e-47bd-a1b6-695d9396449b,legacy,
slab_granite_san_sebastian_f00c14c4-326d-4c5e-95d5-a164b33137d9,legacy,
slab_granite_sanbao_red_372c20f0-2211-479b-bbd3-2dcacf84d980,legacy,
slab_granite_sand_cream_92fead69-3891-4e26-9a34-909bc6ca9154,legacy,
slab_granite_sand_dunes_66643173-628e-47dc-8ea9-6b3e461ad4eb,legacy,
slab_granite_sandal_fantasy_e0efec7d-e1a9-4062-8815-83e27f857c93,legacy,
slab_granite_sandal_gold_064b449c-ec7d-48ae-a271-39a8c56084eb,legacy,
slab_granite_sandalwood_5133123d-68ef-422a-8506-b7b57b3041a6,legacy,
slab_granite_sandy_pink_afb8ad5a-a392-4bba-9d3a-712a2500ee9a,legacy,
slab_granite_sanhe_red_ce460c7c-d300-4633-9798-c9b8f6472031,legacy,
slab_granite_santa_angelica_black_2fae59ab-d3e5-4b6e-9e37-8ccfece3256b,legacy,
slab_granite_santa_cecilia_amber_77175fdb-4766-4697-8fcb-c94100567ae8,legacy,
slab_granite_santa_cecilia_light_b94e2f2c-bf95-4e7d-a766-06ed551a5049,legacy,
slab_granite_santa_clara_black_3fcb2ccd-c2f0-433c-a174-680849623b33,legacy,
slab_granite_santa_clara_gray_54d7bc51-2a4b-42ff-b8be-862e43d74587,legacy,
slab_granite_santa_fe_brown_e1ad9804-4296-4297-a894-db48933f215e,legacy,
slab_granite_santa_red_b0363bd2-35be-4000-8efc-5a9faacf1220,legacy,
slab_granite_santana_d02acfdb-b75e-4202-8f97-7e1e87286ae7,legacy,
slab_granite_santorini_0557605f-f79d-46a2-8e7b-06a409d60ee9,legacy,
slab_granite_santorini_sunset_bdde45fe-6dae-42b8-9ca8-40b2111b19cc,legacy,
slab_granite_santos_3e5116b7-0944-4f66-a0dd-131387c1ffde,legacy,
slab_granite_sanxia_red_860261db-98a9-4ff1-89de-a489ff07393f,legacy,
slab_granite_sanyuan_flower_8d3460d0-8031-489a-ac94-3e7d098cb22a,legacy,
slab_granite_sao_gabriel_5f047012-7c21-4d60-8a6c-9ceda7e6b188,legacy,
slab_granite_saolin_hong_ce234cde-c570-4b26-b079-251981793fb7,legacy,
slab_granite_sapphire_55a383e2-df4a-449c-a1c5-49c3c07d08ad,legacy,
slab_granite_sapphiricco_2d3ed34b-08a8-4a44-95e6-7dc285f7a28c,legacy,
slab_granite_sarary_pink_2c01d539-a2f0-402d-aa25-a027bb31f911,legacy,
slab_granite_sardinian_white_af18352d-af90-4c9f-add1-df4467d16dd8,legacy,
slab_granite_sary_tash_4d411115-0f24-450c-8b92-c82935c027ff,legacy,
slab_granite_saturnia_32232687-0356-49d5-b755-07e17e4bbd0f,legacy,
slab_granite_saudi_porinoh_f83142b0-21e6-4ff6-9478-bb343e296bc8,legacy,
slab_granite_saudi_salmon_85a6bc34-3942-4d51-acd9-1896046129fa,legacy,
slab_granite_saumone_57c95df3-60c7-460a-b7dc-880c9b28611f,legacy,
slab_granite_savanna_terra_b70f4fdf-60ac-4785-8f93-804402f62496,legacy,
slab_granite_scarlet_red_b2290fc5-6f57-4dab-b432-c28c3939b62e,legacy,
slab_granite_schardinger_e6207484-7ce5-4667-ac0a-eacbe36b815e,legacy,
slab_granite_schipaio_653ca323-071c-43df-8283-c3c147e6de23,legacy,
slab_granite_schwarzachtal_9bcb6796-0fba-4f5b-bdc1-566bc4284a72,legacy,
slab_granite_scottish_whin_52929b27-0a81-4ed9-b7d4-88c3cfa8f947,legacy,
slab_granite_sd_brown_67a68308-fd44-4f79-b00a-2e15769d0205,legacy,
slab_granite_sea_blue_flower_ca30ba36-9208-475c-a284-f45d5cc0729e,legacy,
slab_granite_sea_foam_blue_c589a481-d1a4-459f-b3bf-2427ea59f2c6,legacy,
slab_granite_sea_pearl_30c5ad42-cf5a-421a-b1e2-f3fc2a6b01b1,legacy,
slab_granite_sea_spray_a2409f81-d555-436a-bd8d-4f622583d022,legacy,
slab_granite_sea_spray_jilin_26fc8ecb-49d6-4efe-a183-a4baee317b29,legacy,
slab_granite_sea_wave_green_8a61e101-9d1e-4804-be7e-1bcb93cbd4ce,legacy,
slab_granite_seabed_black_2f0467d1-d938-4ad7-b243-ebb0277b2ff0,legacy,
slab_granite_seafoam_5da7d7c3-c4b3-45ad-a964-f0affa40f827,legacy,
slab_granite_sedlcany_b6d14bbc-dabf-47c4-96dd-64007418db4f,legacy,
slab_granite_sedona_3637641b-d571-4b7a-b3c0-387139d74e10,legacy,
slab_granite_sekayu_white_7099d1be-f8e4-4416-9f42-6d81ee298a9f,legacy,
slab_granite_sensa_b96e16ec-4ea0-4fe3-ab8f-d6f7d90f2b2d,legacy,
slab_granite_serizzo_antigorio_82cedd95-7e4c-40b1-ac2f-9253aff707f7,legacy,
slab_granite_serizzo_dubino_ad8ed93d-e00c-4462-b52c-56a8f789c198,legacy,
slab_granite_serizzo_monterosa_93dd99f5-60de-499c-b676-b1350506a93f,legacy,
slab_granite_serizzo_scuro_valmasino_d00c75fa-f11d-425e-a634-53bf5d33d5ff,legacy,
slab_granite_serizzo_sempione_8898e9f8-7271-4383-ac33-73fcc9af31ae,legacy,
slab_granite_sesame_black_jiaozuo_11fd19a6-e916-4dc6-9515-7eef85add304,legacy,
slab_granite_sesame_flower_7f3bf311-a84c-442e-b5ae-fd1d04a3ab82,legacy,
slab_granite_sesame_grey_200390f0-2598-4aac-8ea5-0ea544af3101,legacy,
slab_granite_sesame_red_b69d32d5-6be2-44ad-98d1-862ee456d909,legacy,
slab_granite_sete_mares_b9fe78b7-5d6b-43c8-93a2-23bf365947a0,legacy,
slab_granite_seto_pink_8d8263d7-c3ac-4240-80e9-5bdb4e3eb46e,legacy,
slab_granite_sevasay_49a66b78-9fa8-4021-89f0-d7fe8c958f5e,legacy,
slab_granite_seven_colour_f2874272-ddc6-4204-a1aa-0a70e4825c87,legacy,
slab_granite_shaanxi_grey_21572807-d26d-48df-a1c9-ac2b7ac25d46,legacy,
slab_granite_shabah_abha_507886a5-8898-4972-a10e-a376b4cc0ea9,legacy,
slab_granite_shahin_dej_fb550212-f85e-4266-8c6d-b322245ed2fa,legacy,
slab_granite_shahin_dezh_violet_5bc49781-6bfd-4e26-9cf1-6272f1b9402e,legacy,
slab_granite_shahua_red_754401eb-3d47-4d25-9195-d1ffc383dae0,legacy,
slab_granite_shakeespeare_yellow_516ce464-832c-4639-a031-9a74b9e2e7cd,legacy,
slab_granite_shalgys_f913848b-035f-482d-82af-63bec2e63852,legacy,
slab_granite_shalimar_gold_bf695632-e099-4c44-9641-6746dfd6d5fd,legacy,
slab_granite_shalishi_red_aaec9cd8-c48c-41ed-82ac-8dc3dee0bb9d,legacy,
slab_granite_shamrock_fb113fe9-9d0f-46e5-98b4-f9fff86ef150,legacy,
slab_granite_shandong_grey_diamond_af6f2324-e2ff-44d9-bfe1-393852d22f96,legacy,
slab_granite_shandong_mengshan_flower_f1da4d3f-68c9-430b-bda5-0f4417f89efa,legacy,
slab_granite_shandong_pearl_white_de1a335c-0c1b-4de7-a684-684a691c54c4,legacy,
slab_granite_shandong_rosa_levante_d6bef705-7632-4a0e-a475-9d1270a01a31,legacy,
slab_granite_shandong_sesame_white_759319b2-8eed-4ac5-ab64-86dbfead3996,legacy,
slab_granite_shangri_la_291e7b2d-e3ba-4d59-bc15-542cd08cda0b,legacy,
slab_granite_shanshan_red_4a766c60-1aa3-4cb2-adf4-4fe309e893ec,legacy,
slab_granite_shanshui_c7a60163-b6bf-4aca-893a-b0a6f1c79169,legacy,
slab_granite_shanxi_ice_black_d08ed49f-bbf1-4cd4-8e46-0755bda51d66,legacy,
slab_granite_shanxi_red_88410f70-7f49-41a7-bcfd-63a710156797,legacy,
slab_granite_shanxi_yellow_81baddd6-486a-43f7-9d3a-4455a4923fc9,legacy,
slab_granite_shanxia_green_255ecc26-aa23-4d05-bf3b-55628ae9e824,legacy,
slab_granite_shanzha_red_1e6ba6b1-ef33-4dc5-8c76-bff07b538244,legacy,
slab_granite_sharaf_0f331edd-85da-4c35-9236-a4926f601e7e,legacy,
slab_granite_sharm_9903c3a7-6a08-4c11-b60c-d625cec11bf0,legacy,
slab_granite_shebhe_alamoot_8f03aaa9-32c8-45bf-8631-155b0bf79375,legacy,
slab_granite_shengzhou_red_jade_a398eb94-aef0-4c16-a825-6062a9efd4b2,legacy,
slab_granite_shepody_3de5c096-6e4c-4c37-9010-1dacf2776998,legacy,
slab_granite_shi_gu_luh_721fcfd1-baf6-4bd0-b533-02e1fd108b21,legacy,
slab_granite_shimian_color_flower_0bba31c7-55aa-47d5-b080-5e99f158fb46,legacy,
slab_granite_shimian_mahogany_flower_79a81b55-9913-4699-97d9-cc8635ca531c,legacy,
slab_granite_shine_red_793145b6-448c-4cd0-b0f6-9fe47e7d3214,legacy,
slab_granite_shirkouh_yazd_fcaf4e55-ab9a-4168-b30f-ec50c1008efd,legacy,
slab_granite_shiva_black_203c539c-4963-4519-bfd3-e78e68dc1c7b,legacy,
slab_granite_shivakasi_ivory_1960ef43-f701-43df-af7c-751faa1b1924,legacy,
slab_granite_shiyang_dark_green_a1d5914a-a6a4-459b-8d28-ebd4bb9bf890,legacy,
slab_granite_shiyang_sesame_white_840bbfb7-6423-46bb-af55-4e1f4f164ad3,legacy,
slab_granite_shrouk_green_39bc70c5-20fd-4ceb-8d2c-a582684cc459,legacy,
slab_granite_shuiquan_sesame_white_8db73e6b-0dea-416f-b9c0-3b06be7d4cc0,legacy,
slab_granite_siberian_8fe613be-f32e-44f4-a9de-19f3c6eb4ceb,legacy,
slab_granite_siberian_wind_6331828b-979c-4c76-a493-fd947436ef5c,legacy,
slab_granite_sibirskiy_142a32b0-1c2f-49cb-9239-88cace23834a,legacy,
slab_granite_sichuan_sesame_white_26b23d15-895c-4701-be54-258affa0dc38,legacy,
slab_granite_siena_beige_0e7c1ecc-dcde-4502-8530-f8467a85ae9a,legacy,
slab_granite_siena_river_c5434b90-635d-40bb-93e9-47c43c43251a,legacy,
slab_granite_siena_white_422a3ad0-53c2-40a1-a783-073cf101d4b4,legacy,
slab_granite_sienito_val_cervo_6c0b6702-810b-4f6d-bd7f-7e7382892a82,legacy,
slab_granite_sienna_d0301cd8-6abc-4029-857a-040d4ed4654e,legacy,
slab_granite_sienna_bordeaux_e1ee1dd1-bfee-4194-99fe-100194ef74ec,legacy,
slab_granite_sienna_cream_d07cfa77-2f0c-4c90-b7cc-e9b2f04344ae,legacy,
slab_granite_sierra_brown_b3b4550a-5819-4d33-958e-40366aece337,legacy,
slab_granite_sierra_gray_eecc3580-6c1b-417f-92ab-f5c13c81a04e,legacy,
slab_granite_sierra_verde_e90db358-63ce-4870-9c2c-03027f720e7b,legacy,
slab_granite_silhouette_black_a8aaf3e1-6afa-4291-9194-61f8aa2ec628,legacy,
slab_granite_silica_brown_3847b995-6c8c-4556-ae87-4f045700cc8f,legacy,
slab_granite_silica_gold_5fcab1a5-1f27-47b8-acd1-7c43413ecbce,legacy,
slab_granite_silk_white_3bdedd11-c2c1-4f1c-8df9-cd1faf198b0d,legacy,
slab_granite_silver_black_739c1e35-0aa5-4ee7-9a5c-975dadf52d47,legacy,
slab_granite_silver_blue_21d4f13a-a34f-49ec-866e-be4e7af90323,legacy,
slab_granite_silver_blue_star_4acb6e68-4869-4197-9e98-562b9370e624,legacy,
slab_granite_silver_canyon_458d0bb9-4f08-4abd-bea2-c24147c14245,legacy,
slab_granite_silver_cream_42b42e01-2d29-4a12-87e4-01847a2657f1,legacy,
slab_granite_silver_creek_58fd3b29-4dff-458a-8b15-a37a4399ffe2,legacy,
slab_granite_silver_diamond_55bb6eb4-f4d7-497e-ade9-0a530656231f,legacy,
slab_granite_silver_fish_f27c1c2d-e137-44d0-a57f-8ccdc11ae175,legacy,
slab_granite_silver_fox_1efac6f5-08b3-4ecc-acdd-0fd0cfb4f0d6,legacy,
slab_granite_silver_galaxy_8328aae2-53fb-4471-9136-59bf495234db,legacy,
slab_granite_silver_grain_fujian_cb17b9eb-32b9-43ca-8851-8f9271582c89,legacy,
slab_granite_silver_green_8d075394-8b8f-4042-a52c-0042abf01b71,legacy,
slab_granite_silver_ink_325757a1-b70b-4d37-bc17-7330fe4e0e7f,legacy,
slab_granite_silver_jacigua_099e805f-1327-4e54-a526-b2809cfe7e68,legacy,
slab_granite_silver_juparana_492e4d75-be65-4cb4-852f-d5d6948908e0,legacy,
slab_granite_silver_line_71e791e8-c462-455c-bf69-ab185fdcfa9e,legacy,
slab_granite_silver_paradiso_3119aa58-1225-49ea-8782-39700627d6ca,legacy,
slab_granite_silver_pearl_887fdf15-1ad8-4350-a08a-05b4bfa5f972,legacy,
slab_granite_silver_platina_8d28b866-d354-4b8a-92d6-8876891f6d65,legacy,
slab_granite_silver_red_20efa42e-8499-481a-9402-ef2c660e2711,legacy,
slab_granite_silver_river_6c66bbb4-62f9-4c75-9183-c90d68ae1f1a,legacy,
slab_granite_silver_rock_4ebd547c-df09-489b-a794-b56e2e66c39a,legacy,
slab_granite_silver_shot_ae063acf-e0af-4bf8-9511-aef4c6fd028e,legacy,
slab_granite_silver_star_3627dd8d-e54b-46c7-b0b1-918e38c62af5,legacy,
slab_granite_silver_tassel_ae3b39a2-23be-471a-821e-3a690354d7d5,legacy,
slab_granite_silver_white_d35ecdcd-dd79-4763-957f-79a185e9eefb,legacy,
slab_granite_silverado_de181478-29b0-498f-8aba-b2c9d03d42d5,legacy,
slab_granite_silvestre_duero_4d164ae9-c7a5-4a98-83db-c8883cd61597,legacy,
slab_granite_silvestre_mallo_686f7b03-1ef9-4f20-8034-a69f411ebc40,legacy,
slab_granite_simony_rosi_mist_034b6e7b-7b7e-4ba8-9fdf-58fc2f86764b,legacy,
slab_granite_simplon_white_2e29868c-2701-4d0c-9926-5836fa896e85,legacy,
slab_granite_sinatra_49941e26-f8d5-4fbc-8978-0fe7f3f61040,legacy,
slab_granite_sindoori_red_3f279a10-72a1-4ba9-990f-95ac40093130,legacy,
slab_granite_sino_pink_82edc653-1d17-48c3-8068-4852b536f8bd,legacy,
slab_granite_sira_grey_223880da-dbca-4518-bf84-8fcba3623f28,legacy,
slab_granite_sirus_5981c387-3713-4e5b-9f5d-f3086c543846,legacy,
slab_granite_sivakasi_chiffon_2945ad95-4437-4150-870c-bbf303e911bc,legacy,
slab_granite_sivakasi_gold_7747462e-a1f0-45cc-a114-35e874fe2d3b,legacy,
slab_granite_sivakasi_pink_38b4505b-53bd-40fc-aa6c-1f1127735cab,legacy,
slab_granite_skewbald_red_0f2d9355-3ce0-4f3e-9ba9-04b28dbe47bf,legacy,
slab_granite_skriveroy_a5965126-7376-4ed4-bfe5-4897fde0f9fa,legacy,
slab_granite_sky_falls_2d84f53c-07d2-455b-b4f5-4024785281ed,legacy,
slab_granite_sky_jade_fe10f31b-0b8e-4f9e-8bec-ada4c9567b5a,legacy,
slab_granite_sky_silver_10e89176-6b49-4548-927d-7e8712a30a67,legacy,
slab_granite_skyfall_14866094-dd54-461c-a4c8-ef6f0e14b3a1,legacy,
slab_granite_slatina_2a4dc02f-22c4-4e3d-b4b8-e7fcde9cfc61,legacy,
slab_granite_sljudjanka_f8383c76-d1a2-4cc2-968e-2868e82eadd1,legacy,
slab_granite_sluknov_lipova_75f5c062-0620-4dff-90f6-6df7f05de866,legacy,
slab_granite_sluknov_rozany_db709459-67cc-4a7b-abf9-2be7f3b8ac24,legacy,
slab_granite_small_pearls_174c1f98-90de-4770-88ee-d1942a079499,legacy,
slab_granite_snake_red_d13d9738-4fb0-45d0-b768-6f3d986d1c66,legacy,
slab_granite_snake_skin_3001a3a4-cad2-4530-ba4a-23c83f728d71,legacy,
slab_granite_snow_d17084cf-5f4e-4f3c-b668-cac68c1c74fa,legacy,
slab_granite_snow_coniferals_green_c91e87c1-a1e8-4fe5-9d7b-96fe7011ca19,legacy,
slab_granite_snow_fall_a780df39-2526-40be-a92d-98cb5f335d63,legacy,
slab_granite_snow_flake_black_9b22bd4b-16cf-4c93-b480-82b2c2ca297a,legacy,
slab_granite_snow_flake_pearl_6de1e85b-5e8e-46b1-add5-4230df9b668e,legacy,
slab_granite_snow_flake_red_2cb4defa-4e0c-4c57-b060-d95832b7fee9,legacy,
slab_granite_snow_flake_wool_537890e2-2ba2-43a9-a680-f10e753f5825,legacy,
slab_granite_snow_gold_6daa8e3b-a44f-4814-8d01-54137c0a2c50,legacy,
slab_granite_snow_grain_70c0ef95-bf69-4732-a110-02ffab07933f,legacy,
slab_granite_snow_grey_92816859-e29e-4afa-8dee-6f978b4c8f95,legacy,
slab_granite_snow_ice_f54118bd-4c3a-45de-8230-5628de9c9cd0,legacy,
slab_granite_snow_plum_2dcd80ba-f96c-4b35-928e-d51e8fc82d94,legacy,
slab_granite_snow_white_flower_37bd9312-ba73-47ae-ab14-1ff6947cff93,legacy,
slab_granite_snowflake_blue_54ce2df7-f120-45ac-8e1b-7643706d8ea6,legacy,
slab_granite_snowflake_green_61441981-3ecb-43d9-aecc-47af1c6227dd,legacy,
slab_granite_snowflakes_3c4ad532-0b15-415c-a910-de176c0faf05,legacy,
slab_granite_snowland_88db1712-193e-4e13-9080-71eb915f38d3,legacy,
slab_granite_sobotka_f6f60e54-e2ac-45d9-9323-7167e805221a,legacy,
slab_granite_sodalita_4615f386-dd2a-4f69-8445-c210cd9e9816,legacy,
slab_granite_soederhamn_616fe9a3-e636-41bc-9b10-e06d52a098d1,legacy,
slab_granite_soft_yellow_9f51564f-5158-49e7-be12-b0fac87e6093,legacy,
slab_granite_soglio_7b0c0b17-05d9-41e0-8a36-421f864b75ca,legacy,
slab_granite_sognefjord_49b877cc-9c30-41cf-ae5a-f801ce5411f0,legacy,
slab_granite_sohanna_cream_af9aa8e1-d473-463b-a900-1a76d79d4cdf,legacy,
slab_granite_solar_pink_d76ea783-946b-4823-a43a-71d94fdba6a5,legacy,
slab_granite_solar_white_303b75a7-72ba-4798-9ead-ed7309b27295,legacy,
slab_granite_solar_white_china_ce4af0db-38fd-45cc-ac47-749896aef985,legacy,
slab_granite_solaris_89699ed5-8834-41f6-b902-fe39b3b1b2a5,legacy,
slab_granite_solarium_6728a037-f3c5-4c4b-a804-b931c9960e5b,legacy,
slab_granite_solvag_964d3316-fb87-4941-9b48-de1d06b95d9e,legacy,
slab_granite_somon_81b85314-8661-4ab6-b6f1-c016891a8321,legacy,
slab_granite_sonata_12befedf-cf2d-49fe-acf0-ac5cb80dd392,legacy,
slab_granite_sonic_black_dbd86e9e-0b99-4347-8efb-59bf07d7a548,legacy,
slab_granite_sophiyvsky_32add95c-08d2-4ceb-9623-af9ddd42d9b3,legacy,
slab_granite_sorella_d3724948-b5c7-45d4-bf11-c5b27efcea4e,legacy,
slab_granite_sosnovy_bor_2ceccfbd-8fad-4668-a113-a836c96650a6,legacy,
slab_granite_sovereign_copper_d171c73c-528e-41e3-8e49-59237e312f24,legacy,
slab_granite_sp_44e2d4b2-289d-4ee2-931c-ea3c0734b619,legacy,
slab_granite_spanish_grey_3615a0da-568f-41f2-8c8a-4ee107e41e00,legacy,
slab_granite_sparkle_blue_a6c4356e-b527-4371-8340-278bae2f9f72,legacy,
slab_granite_sparkle_grey_2628404b-57f2-4d78-8d00-215b722514dc,legacy,
slab_granite_sparkle_white_eadf0a06-9652-4ca9-8195-de177625b31a,legacy,
slab_granite_sparta_pink_b20b1fee-8c7d-46dd-806e-4e365eff46ca,legacy,
slab_granite_spartacus_698d8449-747b-48e6-a3a1-e092925712c5,legacy,
slab_granite_speckled_brown_6e548e17-aefc-4be1-bb40-ed3fbdecad2d,legacy,
slab_granite_spectrolite_arctic_blue_ef34daab-5f1c-4920-a0cf-9e9e1d7e1100,legacy,
slab_granite_spectrus_28715d53-0b74-40f8-8586-5ff9f7217d84,legacy,
slab_granite_speratus_139cd296-06b8-4a6f-983c-d6674ebb6c67,legacy,
slab_granite_spice_black_178bb921-5e49-49d4-a905-50936d67fa11,legacy,
slab_granite_spider_web_5a4bbc8f-7bac-4bdd-b081-627198837bd4,legacy,
slab_granite_spindrift_white_3e9a5dbe-d3c7-44fb-ade4-58b616924bf0,legacy,
slab_granite_splendor_white_28e9e245-f95d-4760-8ffb-a5df66da02e2,legacy,
slab_granite_splendour_gold_14750b3c-a816-4bfd-bb0f-5bb35154587a,legacy,
slab_granite_spray_green_328ac240-0d9b-4d7d-8271-e3c180870be7,legacy,
slab_granite_spray_red_38abb2d0-fe70-4fb9-a8e1-f4c086f41f13,legacy,
slab_granite_spray_white_e6a6ba17-b2c3-4a16-a113-3de3f46f8795,legacy,
slab_granite_spring_breeze_968cce7b-0e9f-48d2-a7ec-5e4b63e8adce,legacy,
slab_granite_spring_green_ed93b265-3b57-4236-8c75-320d65d059a0,legacy,
slab_granite_spring_green_china_54871752-1871-4000-9be5-e71c45652832,legacy,
slab_granite_spring_valley_415757bf-8728-4bb2-b062-b7b9952fb6f1,legacy,
slab_granite_springbok_green_b0c08f97-81d3-469b-b81d-1ebec2474377,legacy,
slab_granite_sprout_green_3075b241-df1f-42c2-9963-c841ad5c752d,legacy,
slab_granite_sri_lanka_leopard_skin_1e20e2c8-8dda-4140-aafb-d4d6e625bac4,legacy,
slab_granite_srikakulam_red_3cd6d483-d3d9-49a6-a7c9-289ab137b45d,legacy,
slab_granite_ss_fein_saganaes_af8aee29-7566-4430-afb0-2419d9d54695,legacy,
slab_granite_ss_grob_f4165ffb-9bbf-44ee-bc27-d586351ce228,legacy,
slab_granite_st_andreas_d86a4d44-225a-4d0d-a1be-bf3fc897ee5e,legacy,
slab_granite_st_cloud_grey_c046bf6b-c60e-40e3-a3ce-4a34ebe93be3,legacy,
slab_granite_st_johns_black_42ba7838-74e8-4aa5-9e51-1f48de83295f,legacy,
slab_granite_star_beach_d6cf7cb6-6617-4db0-9753-30327340ae07,legacy,
slab_granite_star_black_82aa446b-7a7e-4621-b788-6650d17ac44a,legacy,
slab_granite_star_dust_af7c3849-ad0d-487a-95f7-0148af1ef703,legacy,
slab_granite_star_rose_86f7c0ca-0a9b-4c50-b19e-3b88b7bd076d,legacy,
slab_granite_star_white_1c85b421-1ed4-49f4-b835-78dfcac271aa,legacy,
slab_granite_stargate_cosmos_f15ca97b-39c5-4a6b-a978-ab675122feeb,legacy,
slab_granite_starlike_black_b2e6a407-7671-4a03-98cc-b914a2583767,legacy,
slab_granite_starry_black_975deaa4-a304-4360-a207-610dfe1567d2,legacy,
slab_granite_starry_blue_c3dce2f0-5ff2-47f0-970b-4549ee8d6f76,legacy,
slab_granite_starry_night_fb2b8e05-2b89-4231-9fbd-47b4fd4783ed,legacy,
slab_granite_steigen_pink_1898d341-86b8-4773-84f6-2f7911359d0a,legacy,
slab_granite_stellar_54944983-bdb1-4821-8c49-a1053256671e,legacy,
slab_granite_stellato_san_giacomo_fa3bba9a-00f1-4331-a471-a55fc49112f0,legacy,
slab_granite_stjernoeya_2b1fabc3-ed05-40e2-91e4-7ddcbf620f84,legacy,
slab_granite_stoney_pink_34ccbd48-eb3b-4265-9be9-543bd66093d2,legacy,
slab_granite_stony_creek_c25e4e36-d8f8-4878-be2e-a6b27403ab15,legacy,
slab_granite_storen_09c746ba-22d5-43f0-b616-87f94a67d72f,legacy,
slab_granite_storm_black_a99f6858-d198-4d6f-bd58-3d988a9f63b9,legacy,
slab_granite_storm_eyes_cc8cf758-4720-4b58-92a7-16e51de942e6,legacy,
slab_granite_strandja_fed77eb5-5c1f-4f53-b490-d3ea50ea6e8d,legacy,
slab_granite_stratford_grey_b5cd6351-a60b-44c2-8fc1-5785be393c08,legacy,
slab_granite_straus_0561a3b5-1221-4c7d-b9c4-df1c7d5db070,legacy,
slab_granite_strawberry_pink_6faa7f92-a0cd-4a66-99fa-a86ab707eb84,legacy,
slab_granite_streblow_539db58d-e5c4-48bf-a1cc-9dad3d44bf81,legacy,
slab_granite_strigauer_3d0f40dc-0f18-48f8-9dda-09aef87f6d8b,legacy,
slab_granite_striped_red_ce7e3a7e-a324-4884-a22e-3a984dd4abe4,legacy,
slab_granite_strzegom_ba879f44-8355-421f-aabb-839ade258d63,legacy,
slab_granite_strzelin_1a2f3f14-0a57-4781-930b-cc75f6746484,legacy,
slab_granite_studio_black_b2658640-b783-452f-a3c1-7729ec93b9df,legacy,
slab_granite_sucupira_brown_8c68fdd3-65de-4b26-8cdb-cd0f26b7d3fb,legacy,
slab_granite_sucuri_33fda43d-cb29-4ac1-8cd4-d30e6bce5999,legacy,
slab_granite_sucuri_bordeaux_3f78a675-285c-4bec-b1cc-11d64e5011b5,legacy,
slab_granite_sucuri_persa_b1571a72-0b96-4522-a8c0-14c0b88e3293,legacy,
slab_granite_sucuru_9cca29bc-8216-466f-aacb-d0e1ce57248c,legacy,
slab_granite_suhovjazkiy_7c156704-27b8-4d98-b221-746d4aae3a2f,legacy,
slab_granite_suizhong_light_red_49c80c42-2664-4580-88fe-54a41505a9ee,legacy,
slab_granite_suizhong_pale_red_febe151d-e805-4876-9fa7-84d2e65e9093,legacy,
slab_granite_suizhong_sesame_white_67dab932-c629-494c-898c-2aa1a6e8de59,legacy,
slab_granite_suizhong_tiger_skin_65e3aa23-16b9-4a98-8372-4960f1901ff7,legacy,
slab_granite_summer_d5074a62-8863-418a-93e7-284644c9c46e,legacy,
slab_granite_summer_light_4200278f-68f8-42eb-a272-52f0e34ff4e2,legacy,
slab_granite_summer_sky_c1fbad36-6ad5-48f1-8ed4-3f232a999fbf,legacy,
slab_granite_summer_wheat_670eb2a7-c939-4380-bca6-f3a709eaad67,legacy,
slab_granite_summer_white_b6bf4f5d-536c-455f-9ee3-b30ebb8924ce,legacy,
slab_granite_sun_flower_415001fd-7051-4abb-8cce-b9d0eb6ab9c6,legacy,
slab_granite_sunny_0f5abdc5-ca55-44ee-bc97-b4678b1e387d,legacy,
slab_granite_sunny_giallo_23b0f8c5-1af6-47b9-b77f-d9b98ccf3476,legacy,
slab_granite_sunset_canyon_e31f84d8-298a-49b8-a4e5-d40089d8c94c,legacy,
slab_granite_sunset_glow_red_305c486a-983a-489a-8724-5469f42d3fcb,legacy,
slab_granite_sunset_red_099c1d4d-43e8-40ac-869b-8d970199ff90,legacy,
slab_granite_sunset_rose_1769d075-fafe-4e9e-a4a9-a12cc511dcd2,legacy,
slab_granite_supare_yellow_gold_a8d5939d-25b2-4ffc-bcdc-453fc3093905,legacy,
slab_granite_super_bordeaux_ef6748d3-cd0b-45db-9a92-f366cf06fa0e,legacy,
slab_granite_superior_northern_e40e3dc6-739a-4fe4-beaa-2208c5cefac4,legacy,
slab_granite_supreme_red_65e307ec-2364-4ef2-8102-be39227c6f80,legacy,
slab_granite_surf_grey_e465d04f-8b68-48a2-8ed8-7486eb3425dc,legacy,
slab_granite_surf_white_cdd5c1ff-3b7d-4189-8ebe-849376ec2a7a,legacy,
slab_granite_suri_blue_5e648173-a188-4d67-babb-c89550c2af02,legacy,
slab_granite_svenstorp_hallandia_4c72fb09-59f7-4e4a-af9b-11927c9b29fe,legacy,
slab_granite_svihov_bcc9715c-b5c9-466d-967f-acf40fa90d4f,legacy,
slab_granite_swan_grey_e037080d-20b8-411b-956a-f83699921165,legacy,
slab_granite_swan_red_45b4f209-8dc2-433d-b833-daf66a9be3f3,legacy,
slab_granite_sweden_mahogany_e855cfd5-5b8f-44e4-ae64-62e46dd4a981,legacy,
slab_granite_swedish_green_a18d27e7-2c41-45ed-b8e8-c2ad7750659b,legacy,
slab_granite_sweet_gold_300b9d4b-f0b0-4646-ab5a-f0cb3317efe0,legacy,
slab_granite_sweet_pink_c2d5dc29-1760-47ea-b613-90fb4306dca8,legacy,
slab_granite_symony_grey_d493d93a-a967-4a6b-acde-5d2628e28850,legacy,
slab_granite_symphony_ash_4f8d1baf-03dd-4c2f-9150-2c4fec675623,legacy,
slab_granite_symphony_black_48bb27fd-44de-4842-96b7-752284535120,legacy,
slab_granite_symphony_purple_0f0908a4-45fe-447a-82e8-6d6ce84fc8d9,legacy,
slab_granite_t_rex_99ba1991-be96-410a-b888-9982512f12a0,legacy,
slab_granite_taboo_cc475760-6959-4549-adb8-661bd8263ded,legacy,
slab_granite_tabu_d3da5586-7984-4746-93ba-73ee411c6e33,legacy,
slab_granite_tadoussac_4a428ea9-9f0f-4153-a110-ca362d17da3a,legacy,
slab_granite_tahoe_a0fa5a57-85c9-4119-a101-9591738337de,legacy,
slab_granite_taibai_black_a21eb857-a2f2-4dc1-a2f6-b892a6f09fe6,legacy,
slab_granite_taihang_black_77a99530-7168-4072-ad0e-ca4e6612c118,legacy,
slab_granite_taiwan_green_b39a937e-3835-407e-8306-42ecdd2daed5,legacy,
slab_granite_taiwan_red_17740e6c-2f1f-4189-957a-bec8463d5b75,legacy,
slab_granite_taj_lillet_454f612d-76ed-4bca-afd0-593a7639fd31,legacy,
slab_granite_taldy_korgan_50af1d18-6798-4965-9577-1e562643667f,legacy,
slab_granite_talila_grey_a568bd4c-363f-4cfb-8a9a-2e8a5512d363,legacy,
slab_granite_tampere_32a497ae-b51c-490a-b56a-cef790a56244,legacy,
slab_granite_tan_blue_e53fa1bd-a1e3-42b0-9e77-ec493e11dae8,legacy,
slab_granite_tancara_brown_b8da85c1-add8-4d0d-ac1d-3c85e633747b,legacy,
slab_granite_tano_diorit_913ede60-cb6a-46b0-9a1a-ec8752f6d32d,legacy,
slab_granite_tansky_a27cb77e-48fb-40be-b991-501267616f97,legacy,
slab_granite_tanzania_black_35401813-b0a9-4c0b-b51f-8b54fd9c878b,legacy,
slab_granite_tapestry_7f39eee3-2671-4e3f-8a01-3ee109c678ff,legacy,
slab_granite_tashmurunskiy_63c14881-9725-4ece-93d5-8ae148c23c68,legacy,
slab_granite_tatara_b61bd722-e9ba-4e96-add8-036d2992c374,legacy,
slab_granite_taupe_83a4246d-c050-4e31-8725-115786cb0cb6,legacy,
slab_granite_taupe_gray_13b01fd1-9128-48dd-88b1-d8f1c56f36e4,legacy,
slab_granite_taupe_multicolor_fe7a932b-3669-481c-ad94-0010a5e309c2,legacy,
slab_granite_taupe_white_8256163f-569f-421a-9644-0a64bc3a9dd0,legacy,
slab_granite_taybad_pink_a8ac0b92-ed6f-4da5-bf86-b341cd177ece,legacy,
slab_granite_tayga_e4808acb-896e-433c-b5df-ef3ca38b1005,legacy,
slab_granite_tc_black_ffcdb73b-66b4-4a25-87a0-aea295f5f4bc,legacy,
slab_granite_tea_green_3a78cae1-4832-4c70-b0e5-87e5aacf1a93,legacy,
slab_granite_teheran_eyes_01c93c81-a68f-46ef-80bf-7a7cb394c030,legacy,
slab_granite_teiguan_red_b3255104-1ddf-42ab-ad8d-ee526db45c72,legacy,
slab_granite_teisko_92fb1b59-d8f0-4f13-8877-5383345c08d9,legacy,
slab_granite_tempest_blue_7541b7e3-ae43-419e-b38a-ecf82366618a,legacy,
slab_granite_tempest_gold_2e157af0-7e93-4a02-afff-9b124b158b29,legacy,
slab_granite_tempest_green_e6d481a0-4a16-4f82-8715-c161ddd01c66,legacy,
slab_granite_tempest_white_452ef00f-8db1-4db7-8eef-eb9b26c320ff,legacy,
slab_granite_tephra_b3d44fd5-f9c1-4e5d-aa40-19c879474789,legacy,
slab_granite_terengganu_green_5968994c-3780-4a89-a3e2-3890a6912343,legacy,
slab_granite_terra_azul_6af35cb8-8634-457f-a729-d5fe7c57eb25,legacy,
slab_granite_terra_brasilis_ad3913b3-cd41-4b4c-9956-44c34ff92b7f,legacy,
slab_granite_terra_nova_c8469e9b-15ab-47e5-bac6-25b14df496d0,legacy,
slab_granite_texas_blue_530ee539-15e3-4991-b1c2-57ae3ebe2643,legacy,
slab_granite_texas_brown_1590cd55-729f-4cc3-a637-5dc8ff24c41d,legacy,
slab_granite_texas_flower_f0cfe1e9-aecc-4cc7-90b9-2635a9cde31e,legacy,
slab_granite_th_moss_green_eba06dcf-d860-4c35-a69c-7a48c1f03299,legacy,
slab_granite_thai_black_75d8b972-e597-4c80-b1eb-3bd2b5f10878,legacy,
slab_granite_thalassia_c802786a-834e-45c5-b822-7e133f6c0b2f,legacy,
slab_granite_thanstein_2544fc0c-418f-4328-9f8e-c3ad944fa4f0,legacy,
slab_granite_thiruvannamalai_yellow_bb5fadf1-b12d-4a36-bee3-5f01cb1be1b8,legacy,
slab_granite_thrace_perla_4d5daeee-13cd-4f16-b3ad-8d8a857e6f7c,legacy,
slab_granite_three_gorge_green_5b9efeef-a96c-41ca-b5f5-0c2dce2552c1,legacy,
slab_granite_three_star_red_e02145bb-7394-4e37-81d7-8cef90e8063f,legacy,
slab_granite_thunder_wave_497c44be-810c-40ab-920c-2dd9b46cd6ba,legacy,
slab_granite_thunder_white_6beb10ea-a252-47ea-b7b4-72b6cf237c94,legacy,
slab_granite_tianshan_blue_9e72762d-8d3e-49a2-86e7-9877066f750d,legacy,
slab_granite_tianshan_gold_f9ecb0f5-1f74-4a88-b65b-92bbe40ff3a1,legacy,
slab_granite_tiberious_d434c056-ef99-4cc2-aa7c-8252fc16ce33,legacy,
slab_granite_tibet_blue_9dfabf5f-cf68-49e8-960f-869c56852984,legacy,
slab_granite_tiger_black_c05e6799-5adb-4d0b-9786-5e7d1cc0deed,legacy,
slab_granite_tiger_brown_264cc29b-914c-45fb-8a26-c38098ddb462,legacy,
slab_granite_tiger_eyes_a211dce1-897b-4f7d-9aa5-ab68f3097856,legacy,
slab_granite_tiger_grey_a75a94fd-9b7a-4ba1-a69a-f938b02f0807,legacy,
slab_granite_tiger_red_285b59ae-891f-4079-b76d-b546204fc15b,legacy,
slab_granite_tiger_rose_3f883b5f-c81d-4d80-94f0-0d3e0bb467f8,legacy,
slab_granite_tiger_skin_96285150-8477-4def-aed8-0c282d58c2a5,legacy,
slab_granite_tiger_skin_yellow_9c432436-3b5f-4aa0-bb10-6ef6a77f6780,legacy,
slab_granite_tiger_wood_695581d5-3bb4-4510-9ac1-a98bb20a1de6,legacy,
slab_granite_tigre_branco_701f4694-e597-4955-ad90-5e78dfdb4eaf,legacy,
slab_granite_timbalada_e6156664-690f-4237-ad88-bd02bbcd94b8,legacy,
slab_granite_tintoretto_0af2b3c9-064f-4dff-b71e-bd3b359ebe9f,legacy,
slab_granite_tis_grau_123b2481-95fd-4ab9-941b-ac3165a18962,legacy,
slab_granite_titan_xr_54d324d8-656a-4e80-a0ce-60eb56773ee8,legacy,
slab_granite_titanium_gold_c9d4808e-1bfd-4903-8122-1028217c2a43,legacy,
slab_granite_titanium_green_99e435cf-15e2-491b-a7eb-e63a21e36c8b,legacy,
slab_granite_titanium_jb_93705ef8-7e1e-48b0-bb50-e3791cc28bda,legacy,
slab_granite_titanium_serra_34d27465-928f-45f6-b420-9483c14a974a,legacy,
slab_granite_tji_grey_8600542d-7cb0-41e1-88d0-69c8c2e7df16,legacy,
slab_granite_tjurkoe_9a21fba9-fd7d-493b-a9a2-d2d89b0060a6,legacy,
slab_granite_tlsty_javor_c42a8a46-5217-4716-9ed5-985b228fefc6,legacy,
slab_granite_toasted_almond_06b9a835-bb95-4141-8f14-b729a794ecc0,legacy,
slab_granite_tobacco_brown_75d0da49-3b90-46b5-98b7-9a134bbe0862,legacy,
slab_granite_tobacco_red_0489b44e-01a6-4c31-b4b7-bd9b3465a969,legacy,
slab_granite_toffee_e11256fd-ba16-476f-b0b0-27f020dd9cfe,legacy,
slab_granite_tokovskij_f19f1e9b-4e5b-4585-97fc-04be86ef24df,legacy,
slab_granite_tolga_91f2b43c-7944-49a4-85b1-9e99aaf6bc19,legacy,
slab_granite_tongan_white_990c4923-c378-4d89-a444-bd4377ee3640,legacy,
slab_granite_tongshan_green_5d624c98-04de-4182-83b9-711de3edc55c,legacy,
slab_granite_tonsberg_e4bb7162-683c-496b-bc3e-fea6fecbf534,legacy,
slab_granite_topaz_brown_5a6af571-62cc-4c21-acc2-0cba04203cab,legacy,
slab_granite_topazio_white_e6af9eb6-9cbb-4249-a3c3-7fd83bfdf1fe,legacy,
slab_granite_toranj_taibad_c01f177f-232e-4690-b43d-2f93c7a9a043,legacy,
slab_granite_torbat_9f37e8e1-0224-4481-b819-f15fc2bafa16,legacy,
slab_granite_torrent_cream_5228b6b5-5f9b-4b28-bf5f-b6c5a58a10d8,legacy,
slab_granite_torronzino_31b935c9-ff34-4579-9696-99c138944b3a,legacy,
slab_granite_tosbulak_grey_89bb152a-91ab-4387-8e07-c53b1c54cab0,legacy,
slab_granite_tosbulak_pink_99756e70-2c37-4f38-876e-130ff45cabfb,legacy,
slab_granite_tosbulak_red_04a60baa-aee0-4732-ab7a-9241c06953ab,legacy,
slab_granite_touareg_gold_1f25fe54-a024-46bf-a118-ef2c014bf84c,legacy,
slab_granite_toulon_white_bf14bc0e-cb5d-4450-8711-844e23a8e336,legacy,
slab_granite_tourmaline_8d9a1111-09c5-49bf-a7b5-70347f89ff9c,legacy,
slab_granite_trakya_porfiri_a04f0040-1a9a-4e0e-829e-23bb742a49ca,legacy,
slab_granite_tranas_red_220c6b13-b866-4f16-8952-443ed73c7818,legacy,
slab_granite_trang_binh_dinh_cd1788e0-f4cd-490a-91bd-f6dd9f4b283a,legacy,
slab_granite_travnikovskiy_eeb55710-2687-4baf-895e-51f9d35a4b23,legacy,
slab_granite_trend_brown_64891066-2c88-4930-a7a1-f521b77b42a2,legacy,
slab_granite_trenord_black_302e9372-897d-4ca3-b444-df13c9cf2589,legacy,
slab_granite_troctolite_e832ff93-dc9b-424e-a7ae-c7a701c4b97e,legacy,
slab_granite_trojan_horse_57c2a16a-bafa-4bdb-9684-a250a28031e3,legacy,
slab_granite_tropical_apricot_8a114116-3a99-4a10-be1c-3f71052b1b47,legacy,
slab_granite_tropical_bahia_de4f6d2d-dc35-4e2e-8656-00b842d1daff,legacy,
slab_granite_tropical_fashion_28c06198-1d99-481a-b181-7da686c3dc01,legacy,
slab_granite_tropical_guarani_aad98e7a-1ee5-42ea-8386-b7665082a686,legacy,
slab_granite_tropical_montana_9c298361-4760-42d3-82d5-f8b66f07d3d5,legacy,
slab_granite_tropical_treasure_1a6e3ccf-c076-43f1-94ee-ee440276d743,legacy,
slab_granite_tropical_vernice_fb986f9a-86d6-4fd5-a7d1-5593bd3768b8,legacy,
slab_granite_trump_brown_41358401-c3ac-459f-b6c6-d791cebeb027,legacy,
slab_granite_tsvetok_urala_087ec314-68b3-4c75-911e-1995bf59f29e,legacy,
slab_granite_tuman_092d3e93-f0a9-44fb-8903-2675c80da05a,legacy,
slab_granite_tumkur_porphery_052b1b1d-892b-4656-a64b-45280d0e30c8,legacy,
slab_granite_tunas_green_80598dd9-d4eb-4fa3-9a7d-7e9d86019426,legacy,
slab_granite_tunguska_black_efc6c39e-563d-4951-be75-e13b3ca066d5,legacy,
slab_granite_tuoli_red_34bd9994-bb5e-4113-b3ab-024961169b38,legacy,
slab_granite_tuoli_snowflake_d05eba3c-674b-4e33-9159-1cfdc9b5adac,legacy,
slab_granite_tuory_pring_ec66f564-5494-48f9-a3b6-725cab61fe05,legacy,
slab_granite_turku_pink_908917d5-40a2-4b56-a72c-1e2f06757199,legacy,
slab_granite_turtle_green_23600687-2511-44a0-9de3-53691abf9ada,legacy,
slab_granite_turtle_jade_789a0a60-1220-4f5a-bdc5-6bb00ff89309,legacy,
slab_granite_tuscania_578738df-dc80-4767-95ad-e95224a3eea6,legacy,
slab_granite_tuscany_green_e5ce3525-827e-49e1-9c40-cfdd9c446c6a,legacy,
slab_granite_twist_flower_423ea657-cc61-4e57-9297-e8f29a2dd392,legacy,
slab_granite_typhoon_bordeaux_0eeec24c-13c4-4839-90e9-f0acb2706672,legacy,
slab_granite_typhoon_gold_796eca0d-4973-4f0d-845e-dae5208a9544,legacy,
slab_granite_typhoon_green_d1ec4526-bc4d-4968-8f21-e8cce5fc7544,legacy,
slab_granite_uggleboda_9f9949c1-4e11-436f-87a8-1e6f784d0e29,legacy,
slab_granite_ukrainian_autumn_33e3bb57-7cca-49dc-8afa-818ed5279aa3,legacy,
slab_granite_ulan_brown_24ade1bb-483c-424c-9ce3-e14f1572de23,legacy,
slab_granite_ultramarine_grain_dc8089db-0705-4e5d-8214-b52dbf8c01e2,legacy,
slab_granite_uluru_australian_3b90c8cb-fff1-4f56-a469-1a0ed623be32,legacy,
slab_granite_university_red_8a608551-5c7f-43e1-a37a-13ee751c6640,legacy,
slab_granite_unneberg_9ac92889-94d1-4771-ad91-4089e45c2a28,legacy,
slab_granite_urban_ad098ebd-531d-4d53-a52e-b1bed387ffc9,legacy,
slab_granite_vahlovice_62987a38-84dc-4a7d-872c-ef25c48e2000,legacy,
slab_granite_vale_nevado_f2a93090-47ae-4323-810d-d35e1d602f9c,legacy,
slab_granite_valhalla_48b2ef2a-c4a2-4ac9-816d-bcf2d18db6a9,legacy,
slab_granite_valtengrund_gabbro_d958282d-722f-45b2-9af6-697e54269cf4,legacy,
slab_granite_vanga_fein_95db90ba-a0ca-4df0-a176-6b83e3dfeb8b,legacy,
slab_granite_vanilla_4d696723-b42b-48e2-9123-ebe7446fcf46,legacy,
slab_granite_varlamovsky_0cbb9b27-b84b-42ad-8702-866931a26051,legacy,
slab_granite_varpaisjarvi_black_a6aadb71-0290-479d-9fcb-c69736515d20,legacy,
slab_granite_vasilievsky_ba8193f3-5c2c-47d3-b802-3a3cab50f8ae,legacy,
slab_granite_vaskovichy_a8c6cf14-d528-4e3f-9805-cb03d240f88f,legacy,
slab_granite_vastad_6cd10da1-3333-4657-96f9-ca8c0641ef6c,legacy,
slab_granite_veekraal_ac5ea75b-3172-40fe-8c4a-1ad9ae0c8768,legacy,
slab_granite_vein_42d6e598-ee41-4244-b321-01c4ec3bcc91,legacy,
slab_granite_veldt_green_fc7aae5f-ccb6-4adf-aadf-8ed74238e0db,legacy,
slab_granite_veneciatus_858843ef-b971-4296-911a-e39f430f4892,legacy,
slab_granite_venetian_ice_b5b98a86-6463-439a-9869-eed98465924d,legacy,
slab_granite_venetian_white_9f5e5c7a-f759-407c-a020-28892d29cfb6,legacy,
slab_granite_venice_cream_6fb3062a-fece-4619-a945-76e900b14a19,legacy,
slab_granite_venice_gold_a445725e-7e11-437e-b24e-0eb8bad8bce3,legacy,
slab_granite_venus_91c33641-d1c7-4455-97fd-40f60b064e6b,legacy,
slab_granite_vera_cruz_c9e634a2-8855-4105-9e1c-ffbb02c85a1b,legacy,
slab_granite_verdant_flower_02268df7-0d8c-46dd-92ba-ceb33469974b,legacy,
slab_granite_verde_aquarius_5c89083b-6ac2-4009-a9c0-6f16da08e791,legacy,
slab_granite_verde_baltica_cb4626e2-02c7-4a34-8606-5c243db22baa,legacy,
slab_granite_verde_bamboo_4273e30a-4af5-4b9c-a809-c50616d215ef,legacy,
slab_granite_verde_canaima_972c6389-4412-4284-9114-a495f7f910ab,legacy,
slab_granite_verde_candeias_5f69b11a-f4c7-4519-8514-3681f01db3ca,legacy,
slab_granite_verde_caroni_dff19050-3ad0-4c09-948f-07ea451e7040,legacy,
slab_granite_verde_chain_c2ba0663-3286-4314-a8c2-ff226f843cca,legacy,
slab_granite_verde_crema_63d28e42-997d-4c1c-89f1-4cf1dfa43f91,legacy,
slab_granite_verde_cruzeiro_14cc3ca7-d318-4594-82f2-e3b636eb8b6f,legacy,
slab_granite_verde_eco_a1dc7778-8db8-4628-befe-03fde4bcb94a,legacy,
slab_granite_verde_elegante_0e78704b-45f9-40f4-ac66-b74cb082841b,legacy,
slab_granite_verde_estrella_2b182c5c-a188-49d0-84b9-a0d7c861d54d,legacy,
slab_granite_verde_eucalipto_9e51b74d-ba6b-479c-9f36-427160356443,legacy,
slab_granite_verde_fuoco_1cbfe038-3078-4547-a86b-b4423365d995,legacy,
slab_granite_verde_fusion_189ab3ab-3dbb-4269-b23b-6c16a210ec71,legacy,
slab_granite_verde_gala_efa6ab9e-238b-4b40-8eaf-d1123e11cbcd,legacy,
slab_granite_verde_giaguaro_6557d81f-9863-49ee-ac0e-7cf78ad721a0,legacy,
slab_granite_verde_glacier_84ee75fd-8406-40f1-9abb-2fd2a06bdfb1,legacy,
slab_granite_verde_jaco_aaf4b8bc-84a6-4467-8d82-e5dd06cd70fb,legacy,
slab_granite_verde_karzai_scuro_d57f3ef5-9f9d-41e4-ada6-2d35ccad4195,legacy,
slab_granite_verde_kiwi_70ebca72-6cbe-4605-869f-f44b174a2668,legacy,
slab_granite_verde_lago_9df0f325-73a0-4927-b406-4436e662a281,legacy,
slab_granite_verde_lanka_d72c1db7-7b1d-4244-a0de-da29d05c0562,legacy,
slab_granite_verde_lavras_054aaedd-02b2-4012-9064-1401b71762b7,legacy,
slab_granite_verde_malachite_cef2a75d-ae19-4406-8892-ab929de78180,legacy,
slab_granite_verde_marinace_66613a07-c9da-4ac4-b924-ee4764fbe557,legacy,
slab_granite_verde_olivo_044b9b05-2465-4453-9e81-a695707483b6,legacy,
slab_granite_verde_panorama_2f579ae5-f3a7-49ca-8141-2f16dbd6cc95,legacy,
slab_granite_verde_panoramico_7c195c09-f50a-4897-8cea-e1e3b7c0263a,legacy,
slab_granite_verde_papagayo_31fbc4d6-9759-4138-93b9-2398bb348fbe,legacy,
slab_granite_verde_paradiso_9eb272e1-b351-4e4b-b34b-e639f1227fd2,legacy,
slab_granite_verde_pozo_e9ad15dc-dfd1-428a-af9a-7e73c0a4fce9,legacy,
slab_granite_verde_pradera_ca782d8c-2ce7-4098-bfba-d3ff65d46551,legacy,
slab_granite_verde_real_e05ed2d3-b2d6-4b59-814d-dabe583e0076,legacy,
slab_granite_verde_salvia_1c69c567-9b34-4069-9cc5-07c55e66d343,legacy,
slab_granite_verde_santiago_30f3439b-c2b1-4545-b15b-02db0eb3a0da,legacy,
slab_granite_verde_savoia_561f7185-22e2-45b6-a653-927a9b4af46e,legacy,
slab_granite_verde_star_b8fafc06-1d33-4604-8159-dde1677042c4,legacy,
slab_granite_verde_tuareg_0d9d654d-592e-4fd5-b3d8-5e6112f9652a,legacy,
slab_granite_verde_ubatuba_571d041b-6595-43dd-a9c5-2e55f4f0a7fb,legacy,
slab_granite_verde_vecchio_f98c177d-2bc4-4e78-b34a-2658de41c04b,legacy,
slab_granite_verde_velasquez_772f3e42-e866-453b-b56f-bf530f6fb533,legacy,
slab_granite_verde_veneziano_1751563a-cb20-434f-a2d4-d6c09b0d9786,legacy,
slab_granite_verde_ventura_259c67c3-215f-421c-8ab6-20edebd878c5,legacy,
slab_granite_verdi_ghazal_light_e6ed130f-d5cd-4b39-bd7a-906c7cf2b573,legacy,
slab_granite_verdure_corrugated_88fc318f-97cd-41b7-a32a-62e2685b78a1,legacy,
slab_granite_verdurous_black_214fe2ee-1356-47c7-9a4d-fc22a4692a13,legacy,
slab_granite_vermelho_bahia_cb11c9c9-aa1c-47a0-a038-3a125977c656,legacy,
slab_granite_vermelho_biritiba_efd8fb31-0958-4e23-994e-905ffa89cd39,legacy,
slab_granite_vermelho_ceara_8b369915-03f5-4c39-9fa5-7e7ec062140d,legacy,
slab_granite_vermelho_filomena_7ba6443b-57d4-43b8-a37f-5ddb85e29d86,legacy,
slab_granite_vermelho_real_fee633e4-96d9-4392-8b01-6db1c32584c5,legacy,
slab_granite_vermont_black_fdc8860c-02f0-4f9f-bc2d-8b04935969e8,legacy,
slab_granite_verniz_e3ec06e7-267b-4f29-ba84-784bea4f7f29,legacy,
slab_granite_veronica_24425be3-d5a9-426e-bcf0-efcb363ccdf0,legacy,
slab_granite_vert_de_giottani_060cca39-fe64-4df3-8af9-300bbad89d3c,legacy,
slab_granite_verzasca_311fd49b-8190-484d-b77d-2e0b61dfa148,legacy,
slab_granite_vesanto_red_26d2cdda-834c-4148-a07a-6d54d1240d17,legacy,
slab_granite_vesuvio_oro_dcd048f0-0f88-4271-ad2c-7ee1a9f14da8,legacy,
slab_granite_veyron_314905e1-786c-4fe4-9038-04f9bccaddde,legacy,
slab_granite_viamao_e5591108-6e81-47c6-a6be-69984a52904a,legacy,
slab_granite_viano_22c0db7b-bd25-464c-9d1b-6e3433addc3a,legacy,
slab_granite_vicenza_taupe_668134e0-0848-4e87-8869-5faf0ddc8cb8,legacy,
slab_granite_victorian_rose_bb6110f1-9411-4dce-b26b-4b0001a7ff03,legacy,
slab_granite_vid_pink_264a7bec-3fba-414b-965a-2e6fa10cccd4,legacy,
slab_granite_vietnam_yellow_21f283f0-eafb-45f4-ae2c-f2a49f56b068,legacy,
slab_granite_vihiga_grey_25efa095-78a0-4bb7-b3f9-8b877288f989,legacy,
slab_granite_vihiga_red_73c85e7a-4640-48e5-bf5f-556fda935871,legacy,
slab_granite_viitasaari_12539cef-49f5-42f2-91b2-5a36268553dd,legacy,
slab_granite_viitasaari_pink_8b1c41cd-bb03-4494-bab5-57ccaeff4b4f,legacy,
slab_granite_viitasaari_red_2fd661e9-6df2-431b-b781-867fa170eabd,legacy,
slab_granite_viitasaari_yellow_ad037ff9-4bb7-4966-a19b-ad165c1a0a12,legacy,
slab_granite_villar_pink_14de727d-e684-47bf-8ac2-acb352727f06,legacy,
slab_granite_vincent_black_fb81d688-9908-4db9-b0b8-72fc13aef589,legacy,
slab_granite_vintage_951880b9-05af-4355-94ea-d91a2d7b0e42,legacy,
slab_granite_vintage_gold_b18b0840-edc2-4888-a2c3-272c8c7889d7,legacy,
slab_granite_vintage_grey_d98e0bd9-4507-40e2-9176-b7c659467e13,legacy,
slab_granite_viola_ametista_c406ef67-b7c2-4242-9e6f-577e009d6e4f,legacy,
slab_granite_viola_calabria_ee7d83cc-4736-45db-bf61-2192e5f69082,legacy,
slab_granite_violet_ac505e7a-8763-42f7-b079-5ccadc5507c4,legacy,
slab_granite_violet_luoyuan_336f0b19-9a11-4f3b-b7dd-08756e77dd7f,legacy,
slab_granite_violet_ocean_blue_659f08f3-9a3b-4a6f-aecf-6b9a74d3df38,legacy,
slab_granite_violet_tropical_f86d6cb0-905d-4868-83cb-93e0c772eb9d,legacy,
slab_granite_violetta_red_ea692e3d-0516-429b-b2fe-13d063badba2,legacy,
slab_granite_virolahti_819e0f12-3ef6-4d56-a476-911865c9a518,legacy,
slab_granite_virvik_8586e5a5-c84b-4101-8635-55fd35ac7225,legacy,
slab_granite_visa_gold_b3b69e7d-2886-4c25-a5d2-036b7e33a4c6,legacy,
slab_granite_viseu_b23e4574-5b94-48ea-b1bf-d4e41f07801a,legacy,
slab_granite_vistdal_e5038bc8-1a6a-4979-b141-eac8082aa184,legacy,
slab_granite_vitoria_green_af20f5ae-bef2-4c64-a2c4-be9414bc14a0,legacy,
slab_granite_vitoria_white_28fa1e1c-dd31-452d-b9fb-c93d0ede0372,legacy,
slab_granite_vitrium_7f054a72-5ff9-4c74-9f1d-3e381332db9b,legacy,
slab_granite_vizag_blue_ffff3b7a-c00d-4da3-9c08-efdc2eeca3b3,legacy,
slab_granite_vizag_green_0ae6a5ab-d67b-44e2-b14c-f4911fb8d466,legacy,
slab_granite_vogue_branco_fa6fe843-b9f9-4e54-9347-7289c0c02f4e,legacy,
slab_granite_volcano_red_1f13f278-804c-4630-be34-f25ca260ec2c,legacy,
slab_granite_volga_blue_a0cd721b-7f84-4c4a-8d6f-226265982e92,legacy,
slab_granite_vozrojdenie_forel_8d3914ce-32cb-428c-880d-579a57e0f6db,legacy,
slab_granite_vozrozhdenie_109b787a-ee5e-43c0-9782-58ddb61f419c,legacy,
slab_granite_vulcan_gold_2f11ca09-1056-469c-98a6-b2938f2842c9,legacy,
slab_granite_vung_tau_pink_4356af70-020d-4f6e-928c-7fb1d8207b5b,legacy,
slab_granite_vyskovice_21b71a3a-49ff-47a0-986d-33fa17b3a5dd,legacy,
slab_granite_wadding_red_e34fb2bd-6169-4a74-8506-01abfb27f84a,legacy,
slab_granite_wadi_forsan_light_8e8791bb-1dcc-4c9e-bb18-837228876413,legacy,
slab_granite_wady_el_nil_75554d09-bc08-41ef-8ddf-9b3a91001600,legacy,
slab_granite_wager_white_6f585211-efe0-4d19-97d9-67f7e987a152,legacy,
slab_granite_walt_white_03d25f91-cc8b-4bd6-99b3-b804fd662f7b,legacy,
slab_granite_wanshan_green_53c91180-66b6-4f92-ba78-07cc77e4ef04,legacy,
slab_granite_wanshan_red_c8247425-32b3-4c21-a807-f03eb1455ae2,legacy,
slab_granite_wanxi_red_8ec7a460-e576-4671-b195-120c42986b7a,legacy,
slab_granite_warwick_grey_1feda2d0-4bba-4d30-974d-1174115a1dd6,legacy,
slab_granite_wasabi_green_14df00fe-14f3-4d8c-b11a-b41fdac1b630,legacy,
slab_granite_waterfall_d0b1a7f9-995f-4c80-b6c8-60015caab505,legacy,
slab_granite_watheroo_40562ad4-b717-42b6-b68c-dd101b49977c,legacy,
slab_granite_wausau_red_49b91bf6-f891-449d-a2ae-4e02c0bb3316,legacy,
slab_granite_wave_gold_c6b8ad0b-edb5-4a61-bbe2-0503a95ea3e2,legacy,
slab_granite_waves_black_1a686e0b-e8ee-4c56-805e-0aa279689f3c,legacy,
slab_granite_waves_red_48f2e601-4dea-424b-bc56-29e13085ef06,legacy,
slab_granite_wd_emerald_437fb85c-5fee-4267-b9d9-a88b6781b82e,legacy,
slab_granite_weir_black_e284c392-e1cf-45bf-9d84-ba3463f4927a,legacy,
slab_granite_well_white_f660220c-9f6c-46df-a531-7890dfec11fd,legacy,
slab_granite_wenzhou_red_9e1ca556-30fe-436f-a6d2-5bb52edc06bb,legacy,
slab_granite_whisper_white_3e77ff0e-9596-4baa-b66b-5e2de3e7c0b5,legacy,
slab_granite_whistler_white_9aad0ad8-eb67-46d1-9122-083fc291169f,legacy,
slab_granite_white_alhambra_c718a9ff-1875-44dd-9fb9-fbdc5e342657,legacy,
slab_granite_white_alpha_91c905bf-c83b-4f46-acdf-7ec41b02e747,legacy,
slab_granite_white_and_black_f73f90ac-61d0-405e-840b-b8d8479e787b,legacy,
slab_granite_white_aqualux_830b3052-2b6d-4558-aa87-de1f275c1e43,legacy,
slab_granite_white_avsar_00ea60b7-c402-4cfc-b01f-81aa83cf56ad,legacy,
slab_granite_white_carlino_e63f6cab-d429-4490-a72d-8007a728ddc9,legacy,
slab_granite_white_casablanca_6bb1f2b3-3d4f-43e8-b60f-fbb16a0df8b5,legacy,
slab_granite_white_champagne_3a531606-6e10-43cc-abb1-90424150c88a,legacy,
slab_granite_white_chibia_b4087122-49de-48dd-a5ac-d7939f6624c2,legacy,
slab_granite_white_desiree_017b558c-f8bc-4ca4-abeb-2ff15d0b5a29,legacy,
slab_granite_white_diamond_93313c24-3317-4bf3-9b84-adec03d1529b,legacy,
slab_granite_white_diamond_grain_eca1d84a-0f08-4bb2-815f-b7843f5c3c20,legacy,
slab_granite_white_dongshi_cac21b16-aaae-498e-9575-910dd0210cc5,legacy,
slab_granite_white_evolution_1a6b0185-dec3-44bf-a523-dbf55e74b514,legacy,
slab_granite_white_g_80be3aef-45c7-4d3f-91d3-54790b67ee6c,legacy,
slab_granite_white_grain_huian_c35a5ba0-fa01-4cca-aa66-0694da20302c,legacy,
slab_granite_white_grain_yatai_1d9b8ada-c1a2-4d67-adb6-9723402c7e80,legacy,
slab_granite_white_grain_yunnan_3d865d91-6587-48bf-8bdd-aacb2065d05d,legacy,
slab_granite_white_grain_yuze_455337ac-4619-4d5f-bcc8-27243790526f,legacy,
slab_granite_white_grain_zhangzhou_0dfa5596-e9e6-4000-9e18-681cfe0c150d,legacy,
slab_granite_white_granada_a9c27fc3-dfea-4837-b48f-33980e8af612,legacy,
slab_granite_white_guifei_728385fc-8ccd-4c8a-98a4-684378f08428,legacy,
slab_granite_white_hongtang_4d2635fc-21ce-402c-9fcb-bdc3a4a6b0d1,legacy,
slab_granite_white_huashan_952101e3-042b-4a7b-96ab-51f89691237e,legacy,
slab_granite_white_icarai_92319a57-1cd6-454f-8638-dae542c8c78f,legacy,
slab_granite_white_jade_fujian_7dc49e06-11d1-4bb6-a31b-71b96ce51893,legacy,
slab_granite_white_jinshan_a9829e95-0477-4afb-9654-683ab638b8ec,legacy,
slab_granite_white_jiujiang_d19dbc07-2c1a-4426-bd65-8841ca663b44,legacy,
slab_granite_white_khameleon_9a7d3516-07df-426e-b7af-5d01656ab686,legacy,
slab_granite_white_linen_a47804ee-bc4b-447a-bf01-af880d9e92f1,legacy,
slab_granite_white_magnolia_3b2eb50e-a645-43e8-8b42-ac8eb4b6bc2a,legacy,
slab_granite_white_maoping_680b55dd-dc51-4873-b5ab-6236c06d3189,legacy,
slab_granite_white_mirage_7848a17b-0370-41d3-94e8-d65005578f6d,legacy,
slab_granite_white_mountain_ac917c3b-4784-46fd-97b1-8bd75c483bb4,legacy,
slab_granite_white_natanz_a05c00d2-9cd6-4199-a70c-a851f83fe77e,legacy,
slab_granite_white_nehbandan_953eb569-c5f7-4884-b1c4-0525c332b9cf,legacy,
slab_granite_white_nepal_d71ab864-4110-408e-bcd3-e81bceee3fe5,legacy,
slab_granite_white_night_c38178ad-6c00-48b9-a087-f3e53ea239e9,legacy,
slab_granite_white_olympus_160bba16-7f8b-4d30-8e18-7b17c8fe80ab,legacy,
slab_granite_white_ornamental_ec49f47f-2c9b-4769-bd22-05393f20757b,legacy,
slab_granite_white_palmas_27118b58-0e92-4e05-a85f-484e99b90ba7,legacy,
slab_granite_white_paradise_4f67848a-416d-4ba7-ae50-3bbe1970f27e,legacy,
slab_granite_white_parador_12cd135e-b7d4-47ce-8954-6cc2eb34c6f7,legacy,
slab_granite_white_phu_my_f116e00d-6959-45a1-8023-d28f2526a747,legacy,
slab_granite_white_picasso_d3018c91-0ddb-4051-9f8d-b0d65316e10f,legacy,
slab_granite_white_pilsen_005e98b6-598f-4668-96e0-01e9bf8eaf72,legacy,
slab_granite_white_pingdu_863a4758-7407-464c-be1f-88e97a25ee2c,legacy,
slab_granite_white_pollux_7274dec6-0527-485e-a06a-3507906b0497,legacy,
slab_granite_white_queen_06f5565c-8de3-4823-b35f-36d2ffafee49,legacy,
slab_granite_white_rainbow_4f5361ee-e722-4659-b422-7a49b2063012,legacy,
slab_granite_white_ravine_6635fde1-3b13-47c9-81ac-84522153a7bf,legacy,
slab_granite_white_rose_26587856-6985-44c1-b867-77101ee7c7ef,legacy,
slab_granite_white_safaga_82847bc7-ea91-4795-a7a7-41626ab45523,legacy,
slab_granite_white_sand_faddbbe8-3b54-4015-82b3-d4cf605fd74f,legacy,
slab_granite_white_sioux_e82d302b-c8af-41a6-842e-7281db1cae0c,legacy,
slab_granite_white_sky_5113c429-fc0b-4d57-966e-1d7e77cd67d1,legacy,
slab_granite_white_sophie_548f2021-56a6-4944-8900-7a2639576992,legacy,
slab_granite_white_soul_bd4ab0cf-a79b-4b6f-86c5-d12aa1f64cf2,legacy,
slab_granite_white_splash_c84d2852-5551-4df5-add8-030cb3bc9fab,legacy,
slab_granite_white_takab_bf93b476-0390-4257-bc47-60b72a6a0d99,legacy,
slab_granite_white_torroncino_7f0289a5-cced-4882-8580-e182101d2621,legacy,
slab_granite_white_treasure_0ac94497-4f2a-405b-afaa-77d2f8ea45ff,legacy,
slab_granite_white_vegas_070b5d88-8f9b-44c0-a7e1-94a5355d299c,legacy,
slab_granite_white_vienna_184d0a1f-2d19-4eb2-83f1-ec9206ed5383,legacy,
slab_granite_white_wendeng_3ee04496-7c2f-4e8f-b970-4b1d877e139d,legacy,
slab_granite_white_xiao_cuo_7768ad7c-2596-476f-8e46-9ddbcafc2364,legacy,
slab_granite_white_yantai_8c086374-c906-45ea-993c-4d772e5ff4cb,legacy,
slab_granite_wicklow_adb542d6-cb78-4231-b1f6-d279c9ef32bd,legacy,
slab_granite_wild_coast_black_342b5d67-c100-4ccf-bf84-b3fc8608f2bc,legacy,
slab_granite_wild_rose_7e6c6527-0708-4f48-a514-1309544d7e47,legacy,
slab_granite_wild_wine_2e32f9a3-6075-4284-bcdd-cbab05ad41ae,legacy,
slab_granite_wildfire_beba53b1-358a-455e-ab8d-8c58437e1bad,legacy,
slab_granite_wineberry_d13cb521-a898-4466-a4a9-400a81abfbd5,legacy,
slab_granite_withered_09270d16-7c88-4c2e-a16f-1b3937edde72,legacy,
slab_granite_wolfstein_920a95d5-865a-4556-be13-9d08af515ce8,legacy,
slab_granite_woodbury_grey_aa11b341-d653-445a-9007-32f8b4d74242,legacy,
slab_granite_wu_yi_red_d8ef066d-dcc6-4831-902a-9841e09586b7,legacy,
slab_granite_wucai_green_0ca67e0a-a18e-4324-9a5b-edf165d5e4e0,legacy,
slab_granite_wucai_red_50cd2aca-68a8-4522-b47b-b319f2aa6eb4,legacy,
slab_granite_wulan_gold_9715de7d-0598-4848-9cfc-98b3d5507f86,legacy,
slab_granite_wulian_grey_46fd568a-46c6-47e3-bd18-84fbde538305,legacy,
slab_granite_wuyi_ice_flower_98a118e2-7a97-46d9-b410-88d97a21ea28,legacy,
slab_granite_xi_li_red_e1108095-05e5-4e57-823f-f4a47762f1e0,legacy,
slab_granite_xia_red_db30ebd9-caf2-4457-a734-d1388808bb38,legacy,
slab_granite_xiaocuo_white_9eb578f2-6227-40ff-bce3-df8ac857431a,legacy,
slab_granite_xide_purplish_red_88d3e309-90fe-4b4b-a8f7-c14574de83f7,legacy,
slab_granite_xide_violet_9d089a17-fb68-4977-a729-164216427bfa,legacy,
slab_granite_xiling_flower_fdbe6a3e-83fe-4c29-96d5-e61f90acc75f,legacy,
slab_granite_xiling_red_fff6a19e-e370-4c43-80ea-130877252669,legacy,
slab_granite_xinjiang_classic_brown_9128b98d-6e0b-445e-8c56-cace5c23804c,legacy,
slab_granite_xinjiang_red_d3583d4e-10b8-4fcc-aa4c-8c1a111a9123,legacy,
slab_granite_xinmiao_red_eeff2650-4035-4ecd-be6c-c680e2104e6f,legacy,
slab_granite_xinyi_sesame_black_85485a9e-91b4-4711-8d78-c15aaffccd3b,legacy,
slab_granite_xishi_black_51230680-64be-4067-b362-6970313bf228,legacy,
slab_granite_xishi_red_99f65474-8434-4e70-8c29-a3d9cdc1527c,legacy,
slab_granite_xuan_dung_87bc1e83-91b4-47b2-8d3c-590ecdac7d1b,legacy,
slab_granite_yak_black_1d44c402-8895-49bc-9785-4e9eb6f9187a,legacy,
slab_granite_yale_brown_b8cb20d6-33bf-4ca6-ab11-3c4afd745998,legacy,
slab_granite_yangtz_black_bb0a9e45-266f-4487-9850-43875296b5d1,legacy,
slab_granite_yangtze_white_55acd3e4-000b-483b-9d3b-1f7bc1a6603e,legacy,
slab_granite_yankari_e626adf7-0bb1-48c2-a54b-46080af4b88b,legacy,
slab_granite_yara_abha_30c2bd83-b4b6-41a9-bbe5-1a249614af60,legacy,
slab_granite_yara_grey_aba95aeb-9b52-4eff-9f58-772ec75686f5,legacy,
slab_granite_yashi_gold_364899c8-3a02-42d1-bc4b-0cebecb71b94,legacy,
slab_granite_ydj_green_c5b58c92-636f-422d-80a5-821ae73a470f,legacy,
slab_granite_yellow_baipo_pingshan_6680e925-817f-4582-8a2f-c2c871982965,legacy,
slab_granite_yellow_bianco_purple_73956467-30de-4afa-8340-a2cffc0ee4a6,legacy,
slab_granite_yellow_campanario_9af4ff91-536e-4f17-b9a3-162e66b11750,legacy,
slab_granite_yellow_diamond_light_f849f3de-6337-4a55-8280-e222b16dec7c,legacy,
slab_granite_yellow_fox_1f5d82a8-d68d-45b6-b724-b44f24c98233,legacy,
slab_granite_yellow_ghazal_6f88018d-2dd9-4bc4-bd1a-0730583cc987,legacy,
slab_granite_yellow_grain_0716aa70-2e21-4b54-8665-f9c171cb3199,legacy,
slab_granite_yellow_mantena_a9bd9fdf-def1-4e45-8db9-5c65caad8928,legacy,
slab_granite_yellow_moon_2190676d-659c-4aea-9e4f-c8fe83ed699c,legacy,
slab_granite_yellow_rain_e9b49f3b-624b-4df0-975d-6b5252ca250f,legacy,
slab_granite_yellow_rose_2e9da283-fcd7-4975-a91f-fb3aeea40304,legacy,
slab_granite_yellow_subuda_1a9c9f44-e240-4e77-9512-fcd04aa62ba1,legacy,
slab_granite_yichang_sesame_green_f6d88c8f-7d9e-445f-a6e0-8bd368a96abc,legacy,
slab_granite_yinshan_red_bb23ad3a-421a-4d26-9eb7-984536a6d2f0,legacy,
slab_granite_yixian_hei_14282080-9a7d-4533-a4a6-af2c2734dd69,legacy,
slab_granite_ykd_black_7b59a2b6-513e-4bc6-a22c-2518b5bca389,legacy,
slab_granite_ylaemaan_vihreae_65e3bacd-b5b9-4795-a03f-065995ded4fb,legacy,
slab_granite_yongchun_green_6ff2885b-37c1-4d33-a51a-86c3e83d551f,legacy,
slab_granite_yongfu_red_fd19e008-fb00-419c-9e2c-da2ce4444434,legacy,
slab_granite_yuexi_black_0608b97b-41e4-4b98-856b-120e96942685,legacy,
slab_granite_yuexi_black_galaxy_4010e3bb-681a-4af9-ac45-9cfb46b93135,legacy,
slab_granite_yuexi_green_diamond_659c4aef-3385-475e-affb-d85669b24f67,legacy,
slab_granite_yuexi_leopard_green_52165377-abaa-447a-8b75-f4a30f4f5d58,legacy,
slab_granite_yuexi_sesame_white_107d1394-67cf-4167-87cb-dad2b53f4159,legacy,
slab_granite_yukon_white_e6080daf-242e-4507-a820-9675c98e0179,legacy,
slab_granite_yulan_white_c837dbde-44bb-4685-8deb-59152c6f9c26,legacy,
slab_granite_yuliana_ebdd27e2-f2e2-4d0c-ad88-8128eb3a7ef6,legacy,
slab_granite_yulong_white_57610125-1c5f-4633-8a8f-93355dbe7437,legacy,
slab_granite_yunnan_chrysanthemum_yellow_91d33859-e650-43df-a3b1-2be6e9056b5d,legacy,
slab_granite_yunsima_4b788330-4276-4e6c-a7e3-b1c5ef4c22b0,legacy,
slab_granite_yunsong_green_522947a3-e9e3-48f9-8417-0fd50596bb30,legacy,
slab_granite_yuzhno_sultayevskiy_cbc3e0e3-942b-4a6f-af8e-c8fbb3af968f,legacy,
slab_granite_zahavi_a70cd0d4-0f54-4e5b-ad54-864e7314d372,legacy,
slab_granite_zahedan_balooch_5b616030-c3eb-4a87-8b58-2fe238522357,legacy,
slab_granite_zambia_black_67799183-b3c8-4962-975b-db438e530053,legacy,
slab_granite_zanjan_peach_84d94291-b031-41b3-a0a2-2ba2f21f6415,legacy,
slab_granite_zapadno_sultayevskiy_9b119376-98db-44d4-b267-cd0f3f4b1be0,legacy,
slab_granite_zarabag_7851f042-1c31-4158-8259-24d8d28b383b,legacy,
slab_granite_zaria_beta_e3ac4e6e-d093-41bf-a993-e99c38d77db2,legacy,
slab_granite_zaria_red_023199be-dd9a-4dee-a7c8-9c3c12207a47,legacy,
slab_granite_zebra_black_b362fdb0-f920-4ee7-b09b-48ea5305a2df,legacy,
slab_granite_zelenytsya_7e4d211d-ad9b-4382-bb3f-abc93416f075,legacy,
slab_granite_zelezny_brod_7a16ae6c-75a5-4648-a432-1dc192514140,legacy,
slab_granite_zermatt_fda066ea-ce4e-4023-9836-30ca5683544f,legacy,
slab_granite_zeta_brown_40fd38e8-6613-4280-88dc-9e75575056f0,legacy,
slab_granite_zeus_gold_ca52a3e4-3e3a-4a1c-80a4-9dcc81f0f2c2,legacy,
slab_granite_zhalgyz_a24bcc63-71cd-4614-9ec1-07cf6bca9f49,legacy,
slab_granite_zhaojun_red_9630b334-5186-470c-806a-d8196383098a,legacy,
slab_granite_zhaoyuan_pearl_477e12fb-c618-4ece-b0e6-a68a763f46ff,legacy,
slab_granite_zheltau_efa032a7-4ebe-4b2d-bdbe-67d423fc260a,legacy,
slab_granite_zhida_red_884d82fc-c790-41a2-bdfe-461406ad54b2,legacy,
slab_granite_zhongnuo_red_c52df7e9-63cf-4151-9e33-0deb3249183c,legacy,
slab_granite_zhu_yue_quin_2715df60-a4b8-4750-8e3b-685771b4636a,legacy,
slab_granite_zijiang_white_1340ce95-503e-4eae-91ea-41d44243e74b,legacy,
slab_granite_zijing_black_edd648dd-4f9b-4527-ba1d-36d937b9015f,legacy,
slab_granite_zijing_grey_9a2655a0-c83a-486f-824a-a0bbdd2c9511,legacy,
slab_granite_zimnik_88e9cf38-5cf7-488a-a7d3-075d4d93fc05,legacy,
slab_granite_zion_grey_5284cfa9-8877-451d-8d89-8e15a110d6af,legacy,
slab_granite_zulova_a3dae987-bcd1-4ed9-98e3-7d3ae0bdfeae,legacy,
slab_granite_zurich_3dd3e412-6d13-427c-9a2f-8a998f280a7b,legacy,
slab_limestone_jerusalem_stone_gold_white_76c5cc2c-0cf8-49fe-8105-e876b92cfc84,legacy,
slab_limestone_jura_beige_855186a6-04af-40bb-b4c4-3a05c2e224c6,legacy,
slab_limestone_jura_grey_c5cd0706-3a3e-48fd-9ade-6f91d7d1a028,legacy,
slab_limestone_moca_cream_d9d8fa90-355c-4d62-b1e0-a91cc2ce389b,legacy,
slab_limestone_azul_valverde_4a1d3e41-f3ca-4569-9c3f-e16f89177da4,legacy,
slab_limestone_burgundy_limestone_5d22b254-6468-4e05-9884-c84729a30967,legacy,
slab_limestone_portland_stone_6e887037-f181-4ffa-a643-db43f361c1db,legacy,
slab_limestone_indiana_limestone_113d73ca-d14e-46fa-b024-d60b7e6d9056,legacy,
slab_limestone_crema_luna_2d230b22-470c-4c3c-a2fc-f06ab4c56bc8,legacy,
slab_limestone_galala_egyptian_cream_ee2aba76-b44a-4f01-a769-044d0edf6366,legacy,
slab_limestone_sinai_pearl_3924e99e-714f-4e8d-b986-1d5fc879b0d9,legacy,
slab_limestone_sunny_menia_egyptian_yellow_4597d839-3900-401d-9eb4-b7f4606b0c26,legacy,
slab_limestone_shell_limestone_coquina_298483cf-7d96-4409-827f-dcf874ff444f,legacy,
slab_limestone_coral_stone_bbbe1893-3025-47dc-87ad-7c680721aaad,legacy,
slab_limestone_blue_limestone_belgian_blue_7879db06-7a8b-422d-8506-c4d42fd1f53c,legacy,
slab_limestone_beaumaniere_2a61fbd9-cbed-4e42-becc-157590f7fb5d,legacy,
slab_limestone_antalya_beige_34899388-d2a4-48fb-ae41-7f840a388760,legacy,
slab_limestone_cabeca_veada_bc1f82a6-c1cd-490f-a3fc-9877c0c0015b,legacy,
slab_limestone_moleanos_limestone_8e039363-c5cd-41bb-b164-bde49b7ece8e,legacy,
slab_limestone_dolomite_limestone_de5fefc3-5a01-40cf-88f4-d99d999a468a,legacy,
slab_limestone_teriesta_aurisina_f288a854-6f9a-4e7f-bf31-c720467dcda2,legacy,
slab_limestone_abadia_rosal_a5801fa8-b287-4340-a130-fd7c1e229d0b,legacy,
slab_limestone_abalone_2b4d33ac-4ea9-4396-bce5-dd0b7e52f073,legacy,
slab_limestone_ablanica_4d33bafc-1d0a-4bb0-80a0-64c6d32075ca,legacy,
slab_limestone_adair_d6c942ac-1f8f-43d6-a57c-bc0ec717c907,legacy,
slab_limestone_adalya_e3119a22-7eb4-4f8f-820b-2b95eae5060c,legacy,
slab_limestone_adria_grigio_48af1cb2-9b66-4b6c-909a-6c92dd198e67,legacy,
slab_limestone_aflenz_be0727cf-4255-4425-8bcc-31767e615817,legacy,
slab_limestone_agincourt_78323c50-914c-41bc-b335-091b5058963a,legacy,
slab_limestone_aglay_57486116-ef2b-4f4f-b0e1-713b111ef33e,legacy,
slab_limestone_ajlouni_desert_beige_8602fd33-3a65-4ff9-a2fc-e08eedc49e5f,legacy,
slab_limestone_akushinsky_5beff975-8052-4555-ae94-52822e745a30,legacy,
slab_limestone_alboke_6b88064e-f281-4e77-b593-580f857971f2,legacy,
slab_limestone_albus_804c301c-9ffb-4928-88c2-6457ce66e968,legacy,
slab_limestone_alcora_d2cb2659-d626-4574-9c58-fdeb9f6460d6,legacy,
slab_limestone_alevik_45613ee6-bb63-48cd-bb4d-18f780b9a914,legacy,
slab_limestone_algonquin_369c623f-733f-4fdb-b6d7-a101ae815838,legacy,
slab_limestone_alhambra_bd637059-845e-4965-b9e6-d3049c58c8b9,legacy,
slab_limestone_almond_76df4adf-5450-4feb-a2d6-fe782a70c218,legacy,
slab_limestone_alnwick_87d2493c-bb10-42fa-8c72-a7c0983085eb,legacy,
slab_limestone_aloewood_56a2972b-3552-4aa8-8804-883f4d018351,legacy,
slab_limestone_altamira_rosal_3232fd08-feaa-483a-a354-125a9b3f0ae9,legacy,
slab_limestone_alvaro_eb52c8b5-f0a6-466d-9876-50aea0dbd204,legacy,
slab_limestone_amabel_f1f95bc7-2545-42f3-9f72-e2e1374b94bd,legacy,
slab_limestone_amande_53a9f046-4a79-4ecc-84f3-f024bb666dcb,legacy,
slab_limestone_amarelo_valverde_868e82ec-eb07-4414-8799-5e817786dbc2,legacy,
slab_limestone_amarillo_fosil_b372491e-b991-424d-91a9-f94c2030db61,legacy,
slab_limestone_amazona_classico_cb9e37f8-e342-498b-878d-928b11bf86e5,legacy,
slab_limestone_amazona_estremadura_5552389e-564b-449f-a8d9-04491bb3d11a,legacy,
slab_limestone_amazone_beige_49186e1a-8c08-4b32-9d90-ab46a13115af,legacy,
slab_limestone_ambra_cc934794-ffc0-44c0-a236-65a176a913bf,legacy,
slab_limestone_ambre_8d4d06a7-6a6c-443c-a244-065ea5033a49,legacy,
slab_limestone_amelas_fossil_085f832d-6293-4e5f-97e0-56f6f4829fc8,legacy,
slab_limestone_amirato_10f62372-72ec-47dd-9805-ab335891ae9f,legacy,
slab_limestone_ampilly_medium_f6030d84-1b33-46c3-9bd4-610c81362100,legacy,
slab_limestone_ampilly_tigre_47ec89d9-bbe7-411d-ada9-eae68c31315c,legacy,
slab_limestone_anatolia_gray_764347c2-baed-4d39-b43e-fed81dede406,legacy,
slab_limestone_ancaster_blue_749f918f-b6fd-4515-831f-b532236658f0,legacy,
slab_limestone_ancaster_weatherbed_96608849-28ec-4d8d-8f2b-489c7de29cd4,legacy,
slab_limestone_angola_cream_6ff23afa-b91b-4e1b-aae7-4377ecc16868,legacy,
slab_limestone_angola_grey_1077c6b0-bd37-4608-a5ea-c2559cd48fa7,legacy,
slab_limestone_anrochter_9ce73f0b-9abd-46dc-a23a-252ddb7bd0e2,legacy,
slab_limestone_ansari_d1ea6db1-6600-49b7-9b3e-a5ca0f4000a3,legacy,
slab_limestone_anstrude_roche_claire_b0326057-4d9e-482c-b1f7-886b3097b0bb,legacy,
slab_limestone_antalya_4e430a6a-0565-4149-8cad-39e14b096bf0,legacy,
slab_limestone_antique_gold_742ca1ee-f65d-42ca-afa3-1522aefff472,legacy,
slab_limestone_applestone_10e50f11-7414-42db-8ed3-21ec8b830cac,legacy,
slab_limestone_arbon_539d04b3-ee01-4ad5-8203-781b0feedaac,legacy,
slab_limestone_arctic_silver_efcf2911-e576-4cf5-a26a-4135e79546a3,legacy,
slab_limestone_arena_clara_6e5b903e-65bb-4196-80da-dac4e09604a0,legacy,
slab_limestone_armanazi_243d34b1-83d3-4cf4-a821-28ee9ee27a75,legacy,
slab_limestone_art_fossil_88d2dcec-a83a-49df-a617-344ad0ca8115,legacy,
slab_limestone_artesia_600dc894-f9a0-40e0-a2e7-d62314b428d4,legacy,
slab_limestone_arykanda_d847daa9-0898-4af5-93d2-2673806851b0,legacy,
slab_limestone_asenka_beige_9effeccd-a3b0-45f1-82ec-d78a3f9c794b,legacy,
slab_limestone_asia_gold_bb8d97b8-ccff-4a20-a5e2-893f61ee66db,legacy,
slab_limestone_assyr_gold_d9ac7bd0-0a84-4fe3-b2d8-c209af279797,legacy,
slab_limestone_assyr_light_yellow_d951e874-f274-4123-a1ba-1778566a04cb,legacy,
slab_limestone_assyr_white_032e4b6d-e5d7-4ec6-9970-93dea80c19ca,legacy,
slab_limestone_asteroide_brown_487b837d-da6e-4993-8b2c-162b824b6055,legacy,
slab_limestone_ataija_blue_7f824fed-5dbb-4854-936f-b30f0c1cfed6,legacy,
slab_limestone_atlantic_beige_585c5416-6d26-4e53-bfa4-8530316c20d7,legacy,
slab_limestone_atlantic_black_6b7ee90a-6283-4864-8a30-efc4b2b3eb31,legacy,
slab_limestone_atlantic_dark_29397b1d-651e-49de-918d-b01d26413d36,legacy,
slab_limestone_atlantic_light_faafbc41-b505-4074-ab40-c0b878b2ae3c,legacy,
slab_limestone_atlantis_20ed2634-4b25-4d7a-89a3-318d000d21fe,legacy,
slab_limestone_aurisina_chiara_bac44e46-bedb-4492-a2b2-adf20d3de403,legacy,
slab_limestone_aurisina_granitello_ebdb326f-bcd7-48e5-bec2-09c5d2121916,legacy,
slab_limestone_aurora_9b2c39a0-c168-4035-9ab0-24e3096ca002,legacy,
slab_limestone_aurus_beige_33bc5386-2bd0-4ef6-9a7d-bf734b358666,legacy,
slab_limestone_austin_ec0a505c-af4c-440c-9c68-35b58c792177,legacy,
slab_limestone_autumn_brown_8f6da3ed-3f83-4b45-82f1-ea0ab106663d,legacy,
slab_limestone_avallon_96072d36-67c6-4721-8909-ac7837fbc215,legacy,
slab_limestone_avalon_7944a142-4157-4f8a-8047-e0083e6c89f1,legacy,
slab_limestone_avignon_609031e5-808b-4730-937b-1e7198b4c05b,legacy,
slab_limestone_avorio_ef4c0593-a0fa-4211-bb20-82b5b2e5ea3f,legacy,
slab_limestone_avorio_san_sebastian_4d54b5ff-f341-4688-9d5a-f30593fe556b,legacy,
slab_limestone_azafran_129ba747-2857-4459-8340-ef0e4ed4d720,legacy,
slab_limestone_aztec_7e9c0863-f3b9-4e7a-9f71-502bb1a649cd,legacy,
slab_limestone_azul_al_bba16666-d6f4-4efa-8e46-6ecbe4bf5e80,legacy,
slab_limestone_azul_atlantico_silver_6c4c312c-884c-48cf-b9a1-81eedec51ac9,legacy,
slab_limestone_azul_cadoico_231c9a12-2400-4e66-996c-d1dbfd953563,legacy,
slab_limestone_azul_casablanca_76c72eaf-6100-4cce-a92f-79f57daa0c97,legacy,
slab_limestone_azul_cascais_6acd9b11-1815-4135-9602-e1c0e1bdbdb1,legacy,
slab_limestone_azul_ferreiras_30acb556-5666-40b1-8688-bef31834ef0d,legacy,
slab_limestone_azul_lourinha_f41699d8-2ded-492f-bc10-6dfbc01a2f32,legacy,
slab_limestone_azul_moleanos_8f2ce12a-2f15-42b2-aef2-b496a74afea4,legacy,
slab_limestone_azul_monica_silver_3bbcf5ac-25e1-4849-99a4-a20ae951d154,legacy,
slab_limestone_azul_porto_7f989b50-16ba-44d0-995d-795b62855c71,legacy,
slab_limestone_azul_taupe_6af08706-a1ba-46ac-ba74-8477e5d365ed,legacy,
slab_limestone_azul_versailles_65612e31-6b58-4886-984d-25d59086099e,legacy,
slab_limestone_bajiangwen_beige_561e0236-4dfe-4282-8804-f161bc2f2378,legacy,
slab_limestone_balcik_beige_7f71bddd-5de6-4cb6-9626-c8c793a08c7f,legacy,
slab_limestone_balcik_red_d3dfe886-a9f1-49fd-9417-bdeb92a8c0ec,legacy,
slab_limestone_bali_white_4312690a-41a8-47b6-9a6f-ab4de6d0ab2d,legacy,
slab_limestone_ballinasloe_c81e62f7-218f-4a32-89b3-0073d06073b1,legacy,
slab_limestone_balzac_08a5a140-5afa-4be8-b776-b8c5677c842e,legacy,
slab_limestone_balzac_fleuri_e76b08c4-005c-4167-b509-03e5475a1669,legacy,
slab_limestone_bampotok_f02b3056-6f64-4759-80c2-8bdc56c89ed8,legacy,
slab_limestone_baschioi_94b4d7a3-51f9-48cb-9213-74e628a38c1a,legacy,
slab_limestone_basilica_ab34ca07-5cdb-414d-bd8d-0d7732a6d959,legacy,
slab_limestone_bateig_beige_verona_a2533b00-42d0-445d-aaf5-127c083b7102,legacy,
slab_limestone_bateig_blanco_f774f204-d5b9-4345-aaee-863b34b9c204,legacy,
slab_limestone_bateig_fantasia_b9857bcb-2d2d-4cfe-b7b3-75346448be22,legacy,
slab_limestone_bateig_galaxy_5a35f4a9-22bb-475f-993e-872538690b30,legacy,
slab_limestone_bateig_llano_d2826fb1-39af-42e3-bfb1-e569d2e921ce,legacy,
slab_limestone_batesville_2dfe6d3a-e1b7-4da0-839c-032284804b30,legacy,
slab_limestone_bathala_b7e36ce9-953b-412e-ada6-3d6058bee373,legacy,
slab_limestone_batu_paras_jogja_09d14ca7-c42d-4cd8-836d-a2bfe11818bc,legacy,
slab_limestone_bauvalle_b1_66b945d8-2c9a-4d1e-bca7-ddda683675f2,legacy,
slab_limestone_bavarian_gold_26eb2e01-f6ec-40c3-b546-9d195eac473e,legacy,
slab_limestone_baycliff_caulfeild_0e9bcadd-c26a-44a5-a925-5f2bc990d389,legacy,
slab_limestone_baycliff_lord_401ed1f3-b39d-4a87-9c91-1461da578b03,legacy,
slab_limestone_beach_sand_aee56524-49c8-4a59-ad94-9cad0012fdc2,legacy,
slab_limestone_beauharnais_beige_4209860f-ff81-435d-bd5b-4cc286f7677f,legacy,
slab_limestone_beauharnais_rose_c711fe14-3cc7-42bf-a6cb-a862d7c76eef,legacy,
slab_limestone_beaulieu_24276622-f406-4623-8ff9-ad31f161b2b3,legacy,
slab_limestone_beaulieu_b5_58f8666b-95d5-4aeb-87b9-67c4b2bf87ee,legacy,
slab_limestone_beauvallon_rubane_24598b5a-880e-43b2-bf31-8baead67b59b,legacy,
slab_limestone_beige_ain_dhissa_e29eb6d0-b853-4306-b6af-f71347abe806,legacy,
slab_limestone_beige_bir_dressen_7d449589-0d9e-4369-a394-b7b27a09a4a7,legacy,
slab_limestone_beige_classico_d80a48ed-8ddb-4a8b-890d-bf419f7ee29f,legacy,
slab_limestone_beige_fantasy_fb4ada74-1752-4863-aed4-fdcb4f56f8d3,legacy,
slab_limestone_beige_fino_c0a794ab-5743-4f05-aba6-3e99c32f3aa2,legacy,
slab_limestone_beige_grey_06068b78-7d64-4d22-bda5-aaee9825fd46,legacy,
slab_limestone_beige_mesh_5e99b53b-c90f-4902-92c6-0a6e4610be9b,legacy,
slab_limestone_beige_savana_61e1d2b0-77f1-4ba5-9c6e-8fa6c86aa4d5,legacy,
slab_limestone_beige_sidi_abdel_basset_6c1279ed-12d0-4260-ac5f-eb7e5b000c5c,legacy,
slab_limestone_beige_sodima_77690d89-5eb5-4465-b0d8-c797d6bc28a6,legacy,
slab_limestone_beige_sonato_47469dca-311f-478b-8e51-bf5374765ab8,legacy,
slab_limestone_beige_topazio_1fd2399a-a802-44c7-9259-225d01bd5d71,legacy,
slab_limestone_belgium_gray_a6494f89-1b46-4b7f-981d-421773626dee,legacy,
slab_limestone_bella_antique_12e5bdda-e586-4a81-813d-d2302a8c13f2,legacy,
slab_limestone_belmonte_7640fcff-208d-4f73-8077-849d7ef8062c,legacy,
slab_limestone_beluga_03196ffd-4cae-49c8-80f8-6704815b8683,legacy,
slab_limestone_benjamin_gold_68c9333f-fd5a-4382-ba0e-425deaa785ec,legacy,
slab_limestone_berat_c91a400a-25a3-4a1d-a606-f39952339156,legacy,
slab_limestone_bianco_perlato_ea605330-ce9c-4a83-9454-bf612706e187,legacy,
slab_limestone_bianco_reale_9c31de56-5f11-4dcc-89d0-04941a82a305,legacy,
slab_limestone_bianco_siena_92983f85-66f4-4dbd-a06c-d2a48e7e7437,legacy,
slab_limestone_bianco_talia_d8629cc1-4346-4c6d-9b50-efa653b6e973,legacy,
slab_limestone_bichos_50d328fc-6d73-4ec2-9ea5-308728def525,legacy,
slab_limestone_birzeit_gold_cb6bc59e-0e8d-45e2-9814-ee6546fb298c,legacy,
slab_limestone_black_kafe_006c0dec-d577-4d9d-81a3-171fdba4f31d,legacy,
slab_limestone_black_pearl_71e46afe-58f4-4e7d-8d44-01ba499847fb,legacy,
slab_limestone_blanca_paloma_d8a0aa66-024b-4425-8653-d8eadf12f1b0,legacy,
slab_limestone_blanche_ramage_220b33e6-eb36-45d1-a5ec-747eb9e5b9ea,legacy,
slab_limestone_blanco_altea_ec128c7b-0352-483d-b5b8-76af837f618e,legacy,
slab_limestone_blanco_nacarado_079d90f9-b881-48d9-af10-e7799de5d473,legacy,
slab_limestone_blanco_ribera_b6a7ac23-285f-490c-86b9-e4f7bbabe22e,legacy,
slab_limestone_blanco_sepulveda_ef4ad4d9-b3d7-472c-a16f-5c71cae34ed7,legacy,
slab_limestone_blanco_tabarca_0689b631-a6a0-43a2-b359-1327f1f27f20,legacy,
slab_limestone_blanco_tajo_bf09325e-d82a-40b9-92db-6664809965d5,legacy,
slab_limestone_blaubank_fa8feba9-03c9-4e69-b2e1-4fe3cebe16f4,legacy,
slab_limestone_bleu_de_vix_41029ef5-da07-4168-9f47-aed00c2ecae9,legacy,
slab_limestone_blue_antico_f662858b-d4b7-46f1-9e27-9934c580e452,legacy,
slab_limestone_blue_cad_5147178d-e5a0-4ddb-86a1-4a1719c6778d,legacy,
slab_limestone_blue_cobal_db5abb0d-a256-4ba4-bac7-0a02d32ae1da,legacy,
slab_limestone_blue_grey_65c187bc-ab3d-4411-afab-48e15590befa,legacy,
slab_limestone_blue_lias_e7df46c1-2408-4d47-9068-60db5236851e,legacy,
slab_limestone_blue_mist_18c9ab54-5330-4960-9a81-21e943022303,legacy,
slab_limestone_blue_oasis_9473e3fa-739c-47b9-800a-b7e99e921a63,legacy,
slab_limestone_blue_oyster_df02eb74-de0a-491b-8076-317b66ae2d66,legacy,
slab_limestone_blue_venezia_c81f2be0-58fb-40b8-9292-0ffd6d291385,legacy,
slab_limestone_blue_wath_c17c95ed-8e4d-41dc-b15e-6d50b2da9818,legacy,
slab_limestone_blue_wooden_303df6d3-36fd-481f-8a94-6e01b2d6fa9d,legacy,
slab_limestone_bohleite_02876641-72ab-4596-80a3-120440172904,legacy,
slab_limestone_bois_dore_a1a78925-55a6-4fa4-aff9-d05c57a07e9d,legacy,
slab_limestone_bojan_2460d651-d54b-4c25-8b72-7607db9e2933,legacy,
slab_limestone_bolechowice_9e3d9baa-c447-4c61-a8f2-d256531820d5,legacy,
slab_limestone_boncourt_97e62bd2-6ccd-4a6b-bd9d-d606187fcf76,legacy,
slab_limestone_bone_light_5a7f8976-52d2-4698-b80c-83281d999d03,legacy,
slab_limestone_bone_white_7c9c6a9a-dffd-40a3-8789-44498e44cd8b,legacy,
slab_limestone_bonneuil_5c6ea800-f52e-4d5f-8e67-ed10a60abdf9,legacy,
slab_limestone_bookan_white_119fdc5d-f7e9-493c-91ae-da6bb6d4f795,legacy,
slab_limestone_borealis_c709fecb-b0f2-486e-bb57-843fea20c883,legacy,
slab_limestone_borghamn_ljusgra_e0e41102-7ad2-4287-a52c-69cfa367db2e,legacy,
slab_limestone_borghamn_rod_6b9e1020-2cba-455b-b3b5-3e122a9637bc,legacy,
slab_limestone_borodinsky_02689030-4ba5-49dc-9ca0-a090335a3e89,legacy,
slab_limestone_borreze_ee41b02d-4afa-47d7-94a3-475bf05359bf,legacy,
slab_limestone_borriol_a872f245-3605-4fcd-b2da-a892814f1e44,legacy,
slab_limestone_bosy_grey_30975be4-a9cf-4b4c-bd3c-4422c676ce3f,legacy,
slab_limestone_bouix_ef7e2870-eb1f-41a2-859b-806263dcadbe,legacy,
slab_limestone_boulonais_ac93f1e3-34dd-44a2-ab3b-62cd5bffb1b7,legacy,
slab_limestone_bourgogne_blue_27e5fb28-ceb7-4220-93f0-8805ea769b09,legacy,
slab_limestone_bowers_basebed_b8a28237-d407-4d71-a830-feff28913d4f,legacy,
slab_limestone_bowers_roach_b1909b98-9c52-4117-80b4-f1d25ceb8399,legacy,
slab_limestone_bowers_whitbed_33dc23e7-0856-43ed-a50b-667ac1dc77c5,legacy,
slab_limestone_branco_classico_fe8bff6f-d7b5-4753-a468-2dcc9a13fa03,legacy,
slab_limestone_branco_de_mos_d100cca3-e7d3-44a8-a9f5-bf63319421f2,legacy,
slab_limestone_branco_lusitanea_0818a4a9-56ce-41c7-8fe0-1a299a06df3f,legacy,
slab_limestone_branco_real_0431edc8-532b-4862-9467-36f26eca0359,legacy,
slab_limestone_branco_snow_ca708091-af41-472d-868d-a93913970022,legacy,
slab_limestone_branco_valongo_a7683668-b96f-4d30-b12b-0e025317caa9,legacy,
slab_limestone_brauvilliers_6570842d-dcfc-4811-822e-5d4b9e4042ba,legacy,
slab_limestone_bravo_db93baef-f587-42f9-889b-f9373914c46a,legacy,
slab_limestone_bravo_buf_d724c591-444f-4421-8fc5-71a1f4cb0a3c,legacy,
slab_limestone_bravo_venato_3edf83bc-3d62-4de9-a158-b9d486f1ba92,legacy,
slab_limestone_braymar_80088949-c39c-4732-9c45-4ef88cb2ee91,legacy,
slab_limestone_breama_beige_7f720b5c-0947-456a-90dd-d0a13cc7033e,legacy,
slab_limestone_breccia_d6c29aad-5072-4892-8320-35c9dd285d89,legacy,
slab_limestone_breccia_sinai_73f98c4f-f2c1-45d7-b68b-32f783a01eb9,legacy,
slab_limestone_brecha_maritima_abcc2703-9f6b-4964-bfdb-5b262d7be9cc,legacy,
slab_limestone_brecha_st_antonio_a89494bd-e630-4542-8758-62bbd0dac115,legacy,
slab_limestone_brecha_tavira_castanha_5b2144ce-1420-494d-8b39-bde743cd7c19,legacy,
slab_limestone_brekzia_fcbb37c9-8f5e-407f-9adb-23db87175cf2,legacy,
slab_limestone_bretagna_miele_ac061f69-743b-48a3-82fa-1604ce01a738,legacy,
slab_limestone_bretigny_551b906b-2832-4047-b83e-1805b8d77ae1,legacy,
slab_limestone_brexi_71402fc9-4869-4b25-9efb-2fccde2f0109,legacy,
slab_limestone_broadcroft_basebed_e22861c4-04e0-40e4-96c0-afc17c0793dd,legacy,
slab_limestone_broadcroft_whitbed_d5257227-b20c-4d6c-af90-d51c1460ce02,legacy,
slab_limestone_bronzato_e02622cc-0da7-4b7c-b66c-48d3b83d0ef6,legacy,
slab_limestone_bronzetto_0c7cda8f-5e46-4d7e-a378-534c678af037,legacy,
slab_limestone_brown_elegance_a7a494c3-f24c-44f0-9a44-ca86aafcaca4,legacy,
slab_limestone_brown_grey_849bbc55-271d-4a99-8cc1-bb95e97a18c1,legacy,
slab_limestone_brown_matrix_3a0e2ddc-2b54-4264-8208-e524382def12,legacy,
slab_limestone_brown_shell_d11ef73b-3c25-4e27-9e42-b2d18c176a35,legacy,
slab_limestone_bruck_7f72d606-a533-4f99-84df-8f7be60c1f84,legacy,
slab_limestone_bryozoan_70d43b84-5be7-4d31-94e0-ec4aef0a6501,legacy,
slab_limestone_buff_wath_7b5545dd-2028-4fb5-a377-65ef309fddfd,legacy,
slab_limestone_buffon_0cc9ee47-417e-4416-b4b1-e66aa24cd140,legacy,
slab_limestone_buffon_b15_4051ee09-0f0d-41a9-826d-6c4104a475c7,legacy,
slab_limestone_buffon_b3_2748c743-95fd-46f6-ac47-c566c8a9e2e6,legacy,
slab_limestone_buffon_b8_83ea154f-0829-4be6-83ad-c63fb867059c,legacy,
slab_limestone_buffon_b9_b10_0c853a44-cd98-4ec4-aa1b-ef29fe6bfc5e,legacy,
slab_limestone_buffon_sagesse_b320ca7c-5fc2-448a-9eca-c997cc1b0bb9,legacy,
slab_limestone_bulgari_brown_fe7502eb-b924-4138-aedd-f31dae31368e,legacy,
slab_limestone_burenbruch_c75f030a-4f8e-4925-b57a-35da00aeb839,legacy,
slab_limestone_burin_5013a679-06d9-4555-a8a4-d1e8e8dc6e3a,legacy,
slab_limestone_bursa_white_ce6abf50-38b6-47d2-93d1-7627c45d897c,legacy,
slab_limestone_buxy_beige_d4a2124e-6e4e-46fa-85b2-59ef71490774,legacy,
slab_limestone_buxy_gris_0fd0b744-72f5-46c7-84c3-f1db0554db44,legacy,
slab_limestone_buxy_jaune_80c2349b-a2fc-465c-be86-4cd48f17363e,legacy,
slab_limestone_buxy_nuance_54ecbc36-7722-4e6a-8cca-d861ab60beff,legacy,
slab_limestone_byblos_84c21084-ffb9-4afd-bf9f-ff575c582c27,legacy,
slab_limestone_byzantin_47817734-cb6a-4a01-9f3c-326d7c58332c,legacy,
slab_limestone_cadeby_bronze_15dacd10-0e11-43ca-8397-05b5db34c753,legacy,
slab_limestone_cadeby_gold_c37dd55c-aa01-4024-84d0-0ce05b496a65,legacy,
slab_limestone_cadeby_white_300f3e35-0af0-43d9-815a-5da45260e30c,legacy,
slab_limestone_cafe_02800e62-0c8e-497f-a4be-92d0847f5b8c,legacy,
slab_limestone_cafe_faraon_4b7ba934-858a-43a4-935a-1d902906406f,legacy,
slab_limestone_cafe_pinta_91a38ee8-97c4-4d25-a841-f40568f3ed16,legacy,
slab_limestone_cafe_upar_408380cd-4522-433d-88a0-8fc5559cebc4,legacy,
slab_limestone_calacatta_pearl_95901a8d-27ce-40be-bfe2-30aa24b2bf82,legacy,
slab_limestone_calcario_jurassic_0eea1271-e21e-4c43-bba6-848705a6ca8c,legacy,
slab_limestone_calcario_real_fa151ef6-2ef6-4d2d-883a-5904199e893c,legacy,
slab_limestone_calcario_red_ee649bea-f808-4103-9910-97245b857551,legacy,
slab_limestone_caleruega_99df671f-b654-46e2-bb6c-2e71bfdca262,legacy,
slab_limestone_calix_19b05997-7334-4786-a97f-b6121433b719,legacy,
slab_limestone_caliza_bianco_e65ab4f6-2eb8-43ac-8faa-3b5b89e0489e,legacy,
slab_limestone_caliza_eureka_fc2bc560-30b6-494c-a032-1237ca7c8d32,legacy,
slab_limestone_calizia_zarci_c31dfaad-1dc5-4fa6-83a6-257e70295967,legacy,
slab_limestone_camargo_c79d748f-105d-451f-9cb8-f4c7233fceec,legacy,
slab_limestone_camargue_4e78dafb-cd91-4cdf-ab20-bb6f05a99211,legacy,
slab_limestone_cambrian_fossil_0d976135-666e-4ead-a4a7-1b02f3e2de91,legacy,
slab_limestone_cambridge_44e418be-1860-4118-8914-ead284e3064c,legacy,
slab_limestone_camel_gold_7637a33d-6ce6-4399-9da8-3e9465c1e989,legacy,
slab_limestone_camel_sahara_white_860893f1-46d6-4061-86f7-a9671dd6fdaf,legacy,
slab_limestone_camel_white_09c5f4d7-d80c-4021-b702-4f7598333ce4,legacy,
slab_limestone_campaspero_c8bd5653-53ac-44da-bcdb-ef0a05f5a86b,legacy,
slab_limestone_campden_buff_ce5ba005-48b7-4256-84b5-94fa14f9c0e2,legacy,
slab_limestone_canaan_gold_c3355945-f6ae-47e1-a32a-2b07da2d2a89,legacy,
slab_limestone_canada_champagne_9cd9436c-2f27-4955-bb0c-d9248feabcc2,legacy,
slab_limestone_canarian_cream_840915e4-6692-4067-be71-c258b39758eb,legacy,
slab_limestone_cannes_d145d33e-edb4-4541-b59e-317feed3228e,legacy,
slab_limestone_capri_marine_54b99769-55d0-4310-be95-93c9d4192526,legacy,
slab_limestone_capri_pearl_44b76db5-7072-4a3a-ba96-9615366ab92a,legacy,
slab_limestone_caprior_bb6c518d-6e91-44ce-bf4a-0b56f18c3e21,legacy,
slab_limestone_capuchine_02366988-0d33-4c74-b269-5f600d0356cc,legacy,
slab_limestone_caramel_mocha_0dac76c0-aa38-4840-a7e7-ed92dd29b479,legacy,
slab_limestone_caramiel_9d9b8734-2042-4439-9907-a3afb76c85b7,legacy,
slab_limestone_carina_gold_6fae54a9-6698-469c-9d17-713d44ed4d48,legacy,
slab_limestone_carmen_pink_c8b1f5bf-6254-4f57-a2e3-3e2615b4041c,legacy,
slab_limestone_carthage_ivory_e1ea7c08-2496-463d-b518-1362acbab98a,legacy,
slab_limestone_carthage_white_e7d18dee-a4db-41fb-94c4-607a856cb0fc,legacy,
slab_limestone_castel_beige_437bcbe1-3590-4147-8c09-3e22c23a0980,legacy,
slab_limestone_castel_rose_ee12f9f5-f6af-41d4-adee-2f7b5742c957,legacy,
slab_limestone_castle_beige_5d932ebb-5feb-47be-9ce9-bc47f379d132,legacy,
slab_limestone_catalan_grey_f5abdff9-3d81-459a-957f-c730ddf71128,legacy,
slab_limestone_catania_4df7e6a8-c441-4a85-ac74-ba3fbb3ed79f,legacy,
slab_limestone_cecina_06a64781-2009-448a-94a5-e5349c266886,legacy,
slab_limestone_cedar_beige_48754c78-63f1-40b6-933d-b35c65794971,legacy,
slab_limestone_cedar_breccia_a4374769-5d4b-43e6-a7c6-b0b995c5ffde,legacy,
slab_limestone_cedar_hill_cream_8a517708-3f50-4714-9f62-1d9443297281,legacy,
slab_limestone_cenia_azul_a5086c59-1cc9-4828-9303-47f109373ac1,legacy,
slab_limestone_century_blue_b3be81d0-d52b-4b2d-9386-f9422d38fd75,legacy,
slab_limestone_cerkesli_orchidee_b58899cd-9873-4aa7-ae4f-d7d840cfbe14,legacy,
slab_limestone_chambolle_049e2c6c-42ba-44cb-98b1-9562ff6fd45b,legacy,
slab_limestone_chambord_1c0ab33a-b961-411a-9626-de36f45e841a,legacy,
slab_limestone_chambord_beige_6cc68a5e-b456-4130-b757-9d49048bb38a,legacy,
slab_limestone_chambord_gold_daa39c1c-b77b-4350-8d64-88efe185a963,legacy,
slab_limestone_chambroad_0fa26563-4a73-4248-a063-c3a7b42bf77f,legacy,
slab_limestone_champagne_french_e467e478-987e-42e5-9644-91701352b5d8,legacy,
slab_limestone_champagne_grey_09c06e95-8952-43a6-b5ec-471effa634fb,legacy,
slab_limestone_chanceaux_45e0d8c6-fa05-4c61-acc9-0b493e74054a,legacy,
slab_limestone_chantilly_white_baf76927-4d90-4656-8928-537f21af77d5,legacy,
slab_limestone_charmot_ab187a0e-5323-41f8-a22a-95adf70571df,legacy,
slab_limestone_chassagne_beauharnais_saumone_d86afcd9-31b7-4153-8fa6-aaa61d382776,legacy,
slab_limestone_chassignelles_32cbb7b5-79d2-46dd-a2fd-83076a2b9347,legacy,
slab_limestone_chateau_842555ce-332f-4092-8312-74bcd62acad5,legacy,
slab_limestone_chateau_landon_dc70a6fe-ccdf-41b4-aadf-4f918e1a9730,legacy,
slab_limestone_chauvigny_6bb99a12-82e6-401d-9a6e-9d84edd3c0c3,legacy,
slab_limestone_chestnut_a578cbef-5264-4daa-a2e7-6550a37adfcb,legacy,
slab_limestone_chianca_albanese_59b6f728-4b1f-4b69-b737-cf1e0df56b4c,legacy,
slab_limestone_chilton_c0f4460d-6571-4965-8436-2d2a045807ae,legacy,
slab_limestone_china_grey_5b6fa984-f395-4cc9-83c3-25ed29ad9173,legacy,
slab_limestone_china_white_3ca77bc6-1608-4a1d-bf5e-f7cdbcee6638,legacy,
slab_limestone_china_yellow_ded178cc-9461-4647-bc22-88f04d6a1a28,legacy,
slab_limestone_chinon_38436e92-8bcf-45a9-aa69-fadde97103ba,legacy,
slab_limestone_chocolate_jerusalem_2eae347f-6108-48f5-af63-1729e9fca812,legacy,
slab_limestone_chocolate_oman_0b9846bb-7fa6-466d-96fc-18a0f21d58a4,legacy,
slab_limestone_cimbo_d4015e19-ea54-4ab1-b39b-42d6a1862c8f,legacy,
slab_limestone_cinnamon_7a0dfdad-9976-4463-a971-408a10e96fcc,legacy,
slab_limestone_ciucurova_45252475-4591-4bc4-bc55-51eeaa956b2f,legacy,
slab_limestone_clauzetto_rudista_f19f0c89-8044-4409-b907-00596255ad09,legacy,
slab_limestone_clauzetto_unito_3188c983-2d23-45cf-a328-d86eb6e89e54,legacy,
slab_limestone_coastal_sand_17cd7e3e-f74e-4d59-bb14-ce8aced31178,legacy,
slab_limestone_codacal_dunas_64f7778b-1349-4e8b-ab81-5b033378f115,legacy,
slab_limestone_combe_brune_4f3c4360-b679-4a69-b737-129c84683eb7,legacy,
slab_limestone_comblanchien_61e33972-c3ee-449f-8be0-8d6454f50da8,legacy,
slab_limestone_comblanchien_lm_40d67a99-6f13-4b6f-817a-df32c74812ed,legacy,
slab_limestone_condado_2355fd6c-9bf4-44fd-8807-4e78f69f3792,legacy,
slab_limestone_coombefield_roach_208ecee9-4f8f-437f-878d-1e34df6ee175,legacy,
slab_limestone_coombefield_xe_62c8cdff-f8b7-45ee-9422-4db991ea741b,legacy,
slab_limestone_corantos_gold_0bf4e0d9-1331-4bb3-8723-26463ad8dcc8,legacy,
slab_limestone_cordova_shell_608e0148-4e69-48f0-ba2b-de86df2c4d4d,legacy,
slab_limestone_coreno_breccia_ce0654dd-4857-4fb3-81b0-0b4ac94da2a4,legacy,
slab_limestone_corgoloin_4b17c6e4-a459-455d-8ec7-d9ee460fc306,legacy,
slab_limestone_corinthian_5a497e2a-26e0-4f3e-9e24-91df21ed6e72,legacy,
slab_limestone_corte_fa00c6c4-563b-433d-b48e-4e0adebbd86f,legacy,
slab_limestone_corton_beige_rose_4e55ca93-cedb-4e62-b3a7-edbd58d7d5db,legacy,
slab_limestone_corton_fleury_502b4e2f-6fc5-4cac-bea8-fa41f57afce5,legacy,
slab_limestone_corton_medieval_3b837ddb-ef45-4c8f-b242-074201b49c69,legacy,
slab_limestone_cortona_45329ff2-7009-4eb5-aac3-57f5087a445d,legacy,
slab_limestone_corus_c9a78f2a-c825-42c2-9c3f-163e12de05d8,legacy,
slab_limestone_cote_d_azur_5b3bf7e0-96a8-44d7-b24d-7400cd75cfaf,legacy,
slab_limestone_cote_dor_c9c24750-38bb-47f0-b0e6-2ed603d48ddf,legacy,
slab_limestone_cotswold_4f2ee0c7-7c7d-4c23-a9cc-67f231e7f083,legacy,
slab_limestone_cottonwood_top_ledge_a04bb40f-4f09-492a-a700-cbf9ddccb471,legacy,
slab_limestone_coulmier_0842ca9f-2c79-4734-9202-d1ba4846a1b7,legacy,
slab_limestone_cream_alden_bfb7dca6-55fd-4230-a15f-d57f9ac79bea,legacy,
slab_limestone_cream_classic_7960510f-d22c-4e2a-945d-da2be8021224,legacy,
slab_limestone_cream_cobal_e0758343-075c-4844-9aa5-ff52105b7505,legacy,
slab_limestone_cream_mos_fcd31fa0-089e-4d41-b868-44b8fb64d561,legacy,
slab_limestone_cream_saudi_4d21b99f-7080-4188-b33e-dfc7c0cab494,legacy,
slab_limestone_creeton_silver_bed_cef5275b-6278-4c01-9bbb-3be67a18b657,legacy,
slab_limestone_crema_anciente_a38746e1-d32a-439a-b5ad-6f6f3b6776d9,legacy,
slab_limestone_crema_bavaria_14019038-ac7f-45fc-8f3e-d5c939a1c439,legacy,
slab_limestone_crema_beida_86b19065-9db8-4dfa-b1a3-802e88a86a75,legacy,
slab_limestone_crema_bella_13324580-5bff-4aac-95a7-bde70bd62714,legacy,
slab_limestone_crema_casiel_868e4764-9f7d-48e9-8cad-7e19d8c2f5ca,legacy,
slab_limestone_crema_castello_316c5ed6-7218-4d11-b43e-4186656552e1,legacy,
slab_limestone_crema_cenia_6336adf7-aaee-4ae9-ad2c-21ef19b056f9,legacy,
slab_limestone_crema_champagne_26fa619f-26d3-4ed4-91a4-f646e656d96f,legacy,
slab_limestone_crema_continental_74320464-da85-4b40-8915-e92d47f4cfd7,legacy,
slab_limestone_crema_cybele_58d91aad-ef90-4d45-8e21-76724629dd29,legacy,
slab_limestone_crema_demo_7346af2c-ca58-49c7-a447-2a1f1241a121,legacy,
slab_limestone_crema_europa_62f1c1be-ace2-49c6-9afd-88ae68c1c2f0,legacy,
slab_limestone_crema_fiorito_33d06003-2d49-49fb-9dc3-5ebad7a06460,legacy,
slab_limestone_crema_fosil_c0822099-86ed-4e0b-bbf1-c54921bc4e7e,legacy,
slab_limestone_crema_giallo_6a6dd350-022c-4e5f-85db-e9a3449ab960,legacy,
slab_limestone_crema_giulia_4141dad1-0da7-45fc-beac-569eb5509f01,legacy,
slab_limestone_crema_luminous_b8167220-4731-4317-892a-37dcdeafb87f,legacy,
slab_limestone_crema_machiato_857d0691-6f4b-4a36-8a4c-ed51641e4ebb,legacy,
slab_limestone_crema_mar_65bc26f3-c4fc-483d-90c7-2f3aadb241a3,legacy,
slab_limestone_crema_marbella_b4722d77-82b3-4d14-9097-e710c365239a,legacy,
slab_limestone_crema_maroc_961d49d7-9321-4f6a-a711-58bd35d724c7,legacy,
slab_limestone_crema_mediterraneo_3fb0a5b0-4fcb-489f-ad8d-3f4dd7b18e51,legacy,
slab_limestone_crema_mendi_8f70370b-9c09-4382-802e-5a4db9899dfb,legacy,
slab_limestone_crema_mora_bc9895ab-5668-48d1-8193-124569cc75cf,legacy,
slab_limestone_crema_moralejo_39d43c69-0d89-40b7-8fd9-65b3644e3b55,legacy,
slab_limestone_crema_nova_f74ca782-26b2-4adf-8f7b-9982cb4877d5,legacy,
slab_limestone_crema_novelda_c5addae4-fbb5-4a7c-a630-f9b88be334df,legacy,
slab_limestone_crema_palancar_0e4334bb-de1c-479b-b097-d35d6ac773fe,legacy,
slab_limestone_crema_patricia_fossil_cd2a3ef2-7613-45f4-8636-20ad2313c014,legacy,
slab_limestone_crema_pearl_98aab750-52fa-4413-9984-9c6c737b89b0,legacy,
slab_limestone_crema_raquel_9a5fce91-abd4-4ed8-99c2-032c763d3f41,legacy,
slab_limestone_crema_s_7a553f4f-a0de-4c57-90d8-9f2f8d57c739,legacy,
slab_limestone_crema_sahara_27aa6f94-2fd9-4e02-864f-1dc3937c863b,legacy,
slab_limestone_crema_santarem_a1064b29-8f11-4125-8360-4904ff34e9a9,legacy,
slab_limestone_crema_sevilla_10d04e0c-95a0-4ffa-a01a-64202dccc0bf,legacy,
slab_limestone_crema_spot_48c4b5be-3255-4c08-aeb6-01ba2b2a9797,legacy,
slab_limestone_crema_sts_9c84f640-97b4-4ea2-bb7b-14d962b6a2f9,legacy,
slab_limestone_crema_tropical_91420698-fa98-45d3-a96d-5198f5a399a8,legacy,
slab_limestone_crema_veneziana_e97ad459-cde7-4963-b95e-6b1453518d7b,legacy,
slab_limestone_creme_al_dee83c0a-33ab-4d66-8579-359fa2aa64cb,legacy,
slab_limestone_creme_artico_1a37d790-275e-4d18-8e29-3e96b2a41c82,legacy,
slab_limestone_creme_camel_4ef3b8e8-b755-4016-88f1-452de91619ad,legacy,
slab_limestone_creme_de_provence_58d93465-fca4-4bd3-bb95-1d14cf4566ca,legacy,
slab_limestone_creme_oriente_57eddc8d-a90d-413b-b2cc-7d4451504197,legacy,
slab_limestone_creme_real_6086aa65-e4d2-4fae-8adc-f3bb65bde5eb,legacy,
slab_limestone_creme_regina_a474ba53-a07f-40c0-bf14-de1ca8c02ef1,legacy,
slab_limestone_creme_vdm_71d73a77-0894-4d29-a3e9-72ba64c4eb1d,legacy,
slab_limestone_creta_15a858ed-dbb3-46bd-8653-ba2a5ddd0e75,legacy,
slab_limestone_creta_coral_30657c5e-0a42-48b9-842f-6ad14564811b,legacy,
slab_limestone_cuddapah_black_2417e793-edbe-44f5-9fe3-0a73d0d4be7b,legacy,
slab_limestone_cupablue_37b6eefd-0aba-487d-874a-cdca647b424b,legacy,
slab_limestone_cypress_c4b0d2f8-39ee-4674-a0ac-8c1d2fa363a7,legacy,
slab_limestone_cyprus_56dfbedc-bdd5-44ab-b0f9-5ac011d48078,legacy,
slab_limestone_dali_white_cdb3aeeb-bb23-4515-bb0a-c9b5daf56084,legacy,
slab_limestone_dalle_de_lignon_fb264621-138b-4a80-9642-f01e267c8c66,legacy,
slab_limestone_dark_cream_eabff297-e86c-443b-bfe3-622f82710d44,legacy,
slab_limestone_debnik_ab2e36c2-e917-4d9f-bc5f-649a270c6c62,legacy,
slab_limestone_decanska_breca_c6edfa76-0ee4-4c7a-996c-700fd3a501d7,legacy,
slab_limestone_demati_esperia_86595e60-ea25-4d9f-8513-6abd7e217bba,legacy,
slab_limestone_dematiou_green_a2fee64e-8164-4405-bdbf-8ed06fa3ce18,legacy,
slab_limestone_derbyshire_876476ea-4dd6-43e3-8ccb-ffc33fb7878d,legacy,
slab_limestone_desert_cream_5bb2d447-4a6d-46b8-bc05-d998046334b2,legacy,
slab_limestone_desert_gold_75c18d25-47d0-4e32-b481-5f1ac2d60711,legacy,
slab_limestone_desert_grey_bb5a5573-f97b-4ebe-b420-4335676cc394,legacy,
slab_limestone_desert_path_a1f8291e-fe57-4958-b5ca-ccb2e156499a,legacy,
slab_limestone_desert_pink_3dbe6dfe-0b51-4482-8d61-ea8f54e359cd,legacy,
slab_limestone_desert_sunset_821ecd35-f4d4-4be6-83e0-53cd502f2adc,legacy,
slab_limestone_deserto_fiorito_d46c6334-e6c7-4ca1-8ff9-d052cb59ea0e,legacy,
slab_limestone_deserto_unito_bca36015-5b50-41d6-85a0-51bb5b563690,legacy,
slab_limestone_desserto_grigio_e1fa535f-28d6-4406-9cd7-8c577710a336,legacy,
slab_limestone_detay_f307ff00-e62e-4e8f-9c19-92c95069812b,legacy,
slab_limestone_develi_silver_7e4c1bed-d322-4c44-88a2-8dd1d98cbf5a,legacy,
slab_limestone_dew_b4882db6-1416-41e5-9f52-d832a7b8b9e5,legacy,
slab_limestone_dichar_596498b8-b5d2-49db-b287-b476ea54af25,legacy,
slab_limestone_dicle_crema_36e362fe-e8cc-4519-a38c-acd6af741695,legacy,
slab_limestone_didone_8e045198-f7f1-44a9-a3a9-4ddfd3f1ced8,legacy,
slab_limestone_dietfurt_4459c4f9-8dda-4165-ad14-9a7c6326adab,legacy,
slab_limestone_dieue_1fe341a9-d134-48a2-bd95-9f7553de8f74,legacy,
slab_limestone_dijon_8ab897e2-d978-4030-ac11-25ec75bb0330,legacy,
slab_limestone_dinarit_1f4056d8-d3e6-435f-add2-cc3e32307f64,legacy,
slab_limestone_dior_beige_251e5d1d-ea04-43f6-a428-98a70f341e9f,legacy,
slab_limestone_dolce_vita_6a273043-0967-4c16-8fa9-173ec5779304,legacy,
slab_limestone_dolenjska_aa6e786d-2c0b-4062-afcb-a218dc34c299,legacy,
slab_limestone_dolit_4b4a04ed-63f9-4da6-ab01-e88e896c5e5f,legacy,
slab_limestone_domus_9b056034-e11d-452b-aa80-b433e229cef2,legacy,
slab_limestone_domus_bianca_2876cc14-653d-4048-a390-1b65fced08bc,legacy,
slab_limestone_dorado_tepexi_f95e1f43-7e83-46fb-b52c-d06d8a791d02,legacy,
slab_limestone_dorato_05c80012-246c-4f85-a005-4a05af195d6e,legacy,
slab_limestone_dore_royale_5cf9f788-2b7e-4b64-88de-9d05db9f0ef3,legacy,
slab_limestone_dover_grey_691a5a18-a3d6-44a5-b5fe-7b629ddf5ef0,legacy,
slab_limestone_dover_shell_b0b12f44-c14d-4bed-ad70-f6dbb612412c,legacy,
slab_limestone_dowlow_d3eaa9ac-d0d6-455e-8bd2-eccedb214525,legacy,
slab_limestone_dragon_beige_95be0a60-f2e9-4535-a9ea-382457d84fbd,legacy,
slab_limestone_dry_rigg_e56d0c8e-4378-4748-9ca0-e6d7e333aaab,legacy,
slab_limestone_durango_c9b021ff-bd08-48c0-8525-39885c14559c,legacy,
slab_limestone_ebenwies_d8a0bb32-fab6-4a7b-98b9-fc6037b33b92,legacy,
slab_limestone_ebur_ac7b0ba3-63e7-4d23-95be-f8bb24f24e9f,legacy,
slab_limestone_eco_beige_0b6a5f19-4a54-4701-ad0c-aec40b3f2fc5,legacy,
slab_limestone_edene_1b874551-fa87-42a3-8441-a32a0e1b75a7,legacy,
slab_limestone_egy_gray_light_cab8847d-6a36-4326-9860-3c56e5483eb3,legacy,
slab_limestone_elazig_amaretto_c4ce31d0-b55c-4deb-a10f-789270186786,legacy,
slab_limestone_elazig_cream_d640216d-ca70-4ca6-8509-18cf3fe5ef32,legacy,
slab_limestone_eldorado_c1f3ee69-ae86-40b0-935b-35bda71af32f,legacy,
slab_limestone_elegant_green_b253987a-e768-48df-acb5-f7c7249e807e,legacy,
slab_limestone_elektron_blue_b1c9987e-5a1c-4094-8dc9-07a87295735d,legacy,
slab_limestone_emelas_pearl_fa4cc3fd-61f9-4749-b984-49d0e2fbd0a7,legacy,
slab_limestone_encarnado_negrais_42e32e52-949e-4998-9230-afb97c7f1043,legacy,
slab_limestone_eslamabad_56cde729-2372-4777-88a7-6b6835490af5,legacy,
slab_limestone_estaillades_48e23a88-e9c4-4bb7-8627-0a4967eaae5e,legacy,
slab_limestone_estremadura_creme_8ebc0e19-0421-4a53-b9ed-8ec14743dab0,legacy,
slab_limestone_euville_ada0d0bb-c9a0-441f-ac65-1af9a6ad1cb9,legacy,
slab_limestone_evora_5b90590b-dc8c-40dc-8940-62da5db26bf8,legacy,
slab_limestone_ew_gold_81566f84-6c7c-4756-80e5-59dac5b86395,legacy,
slab_limestone_eyzies_fin_0ed235b1-7d3d-4ba4-8235-218e2c45252b,legacy,
slab_limestone_falaudi_94bd535f-92f4-4e89-b7c1-449ddd2ecaf5,legacy,
slab_limestone_fantastic_010144cf-490f-4006-ae8c-86b880f5d6f6,legacy,
slab_limestone_fantasy_907580f9-800b-4daa-8236-07b13758f008,legacy,
slab_limestone_fantasy_blue_89bb8e73-12f2-4895-8311-7a5e60ec89c4,legacy,
slab_limestone_fassuta_red_d841ba8a-8597-43d4-9f84-231699da3926,legacy,
slab_limestone_fatima_cream_b1_13cfd592-eb50-403e-b061-d3facfe6cece,legacy,
slab_limestone_fatima_cream_b2_v_71c3b0a0-565d-4288-96e2-b7af2a5f1296,legacy,
slab_limestone_fertorakos_24e8378a-9952-455a-a432-58147c735715,legacy,
slab_limestone_figueiras_beje_f1_adfd3fae-4317-486c-beb3-30f30498b22d,legacy,
slab_limestone_figueiras_beje_f4_f5_3a926226-10d3-48c9-869d-18b6d194c626,legacy,
slab_limestone_figueiras_blue_f1_734b4cdd-a866-477d-a5c6-dc5919124e1a,legacy,
slab_limestone_figueiras_blue_f4_f5_4b231494-7e4a-4024-b3ea-23995d2279b0,legacy,
slab_limestone_figueiras_mix_b4bb9500-b234-45fa-8aea-11d34919f559,legacy,
slab_limestone_filstone_beije_fossil_9ef44432-bb5c-41a8-a4c1-e98fefc63263,legacy,
slab_limestone_filstone_beije_ml_gold_164bf6ae-f130-4a49-b9d1-6ed5818bb916,legacy,
slab_limestone_filstone_hard_grey_34bc07e6-e250-430d-af61-907d01816693,legacy,
slab_limestone_finike_white_af8df745-aeca-446d-96f8-d7c1db654154,legacy,
slab_limestone_fior_di_mare_73dbe5b0-4c91-48b2-bfb1-a4ee48a1a83a,legacy,
slab_limestone_flannel_b0b345b4-381b-44a0-8b87-16066f57ee2a,legacy,
slab_limestone_flavigny_1018c502-2b7f-4e59-9e4a-0c310a8a3852,legacy,
slab_limestone_flavigny_dore_814e2e50-3125-4565-8272-990afb40d077,legacy,
slab_limestone_flemi_veine_65318f80-3b0e-4370-8c0e-1e59b9689c8f,legacy,
slab_limestone_flesh_bone_4a99471a-f7e4-4ec1-bab3-bbd0d2518fb8,legacy,
slab_limestone_fletto_b69b4dc1-0da6-4851-9161-425bcd393a95,legacy,
slab_limestone_flint_hills_4eea544a-64e4-4707-ae45-6e429c448967,legacy,
slab_limestone_flora_b961813b-2129-43d6-a5ae-e452013d3a9f,legacy,
slab_limestone_florac_af6d4de0-504d-42fc-b4a7-bf3358f87bf1,legacy,
slab_limestone_floral_cream_c43f080f-15d8-4a37-96fc-0f14f5d27ed1,legacy,
slab_limestone_florenza_9682ebb4-5d4f-42f1-9f3c-1aeae584cf19,legacy,
slab_limestone_flower_gold_76699ead-0d15-4031-8abc-03cc5cb6c4d5,legacy,
slab_limestone_flowery_chittor_5f2b4d81-0290-459a-84cc-2cd94f2a34ac,legacy,
slab_limestone_fond_du_lac_51f58803-7427-4dc0-a489-5eb9bdc92be6,legacy,
slab_limestone_fonjone_7867633f-07e7-412b-8bc6-89721d3146eb,legacy,
slab_limestone_fontain_clair_0fc56591-bf59-40c8-95df-93e2867dde87,legacy,
slab_limestone_fontainebleau_877a3ce6-8e6d-4525-9a70-ebf28bc2f336,legacy,
slab_limestone_fontenay_clair_9f2e5b70-b5e7-4c94-b3d6-c42e8d091dba,legacy,
slab_limestone_fosil_blancalpe_lumaquela_fa03d719-71f9-4c56-a09f-67c25671f0f6,legacy,
slab_limestone_fosil_seif_lumaquela_beb1e961-df4c-4815-8d1f-d7fe8b8decd7,legacy,
slab_limestone_fosilius_8583ecd5-b7b2-4551-aba6-ab2accf890da,legacy,
slab_limestone_fossil_9829f538-a722-4e7c-9478-3d952f5a8c6a,legacy,
slab_limestone_fossil_beige_abad00fd-00f1-4ed7-beb9-2cf62a84b71b,legacy,
slab_limestone_fossil_columbia_a55af454-154e-43f3-87b6-236672ba6880,legacy,
slab_limestone_fossil_gold_2aa47c4d-48c0-42b9-8a4f-1b7b2e7d0815,legacy,
slab_limestone_fossil_gray_419fc343-cc5a-4433-bc53-d9e2300fc839,legacy,
slab_limestone_france_beige_b69ea981-b9bc-4a27-b93b-28b6f9c09c90,legacy,
slab_limestone_frankonia_grey_b1e8c6ea-011a-4e22-92c7-83d97f827ffc,legacy,
slab_limestone_french_blue_a37d16a3-2108-48e5-961f-e73c1b282273,legacy,
slab_limestone_french_gray_2716fe94-6b6c-489e-a6b8-48ee073054ba,legacy,
slab_limestone_frontenac_c902291b-9bdc-4665-a0cf-c1892c5ae33b,legacy,
slab_limestone_frontier_gray_82e777d8-52ab-4f9b-bd6d-d6ce04045073,legacy,
slab_limestone_fusion_4a0ef9af-2c99-418e-9b19-1d8f15e7109b,legacy,
slab_limestone_gabouri_9c9c214c-e562-414a-8747-fc3ccf044838,legacy,
slab_limestone_galaxia_a69b5635-d61c-44e2-b143-f05e37145767,legacy,
slab_limestone_galia_white_5c5cc5f6-66e1-48f5-ae78-be10cb23f95c,legacy,
slab_limestone_galilee_buff_c559c421-1815-4974-b08b-2bcb5a96353b,legacy,
slab_limestone_galit_8811c760-6203-4ce0-8fce-d68dc927bf85,legacy,
slab_limestone_gambier_c2bf08f1-5fdd-4ae7-b890-d76840840e04,legacy,
slab_limestone_garden_city_buff_411f0692-df3b-4498-b19d-f572ade1ca98,legacy,
slab_limestone_garden_city_gray_5cd77975-8071-4061-80d2-93c4dfe3dd09,legacy,
slab_limestone_gardenia_ivory_dfec3431-4aa8-4488-baed-1c39e304945c,legacy,
slab_limestone_garonne_8abd744b-c87d-40ac-b2a1-415b0a8a2f2e,legacy,
slab_limestone_gasell_217ac783-aff9-4bb4-ad5a-dcf49816c84a,legacy,
slab_limestone_gelato_yellow_3e959e1a-7545-41c5-b716-ae4a75500e4c,legacy,
slab_limestone_geneva_blue_400fee4b-2aac-47be-8664-531e6fa103c3,legacy,
slab_limestone_german_beige_45e93171-d2bc-42e3-a125-2a9b27014126,legacy,
slab_limestone_giallo_antico_edeabbac-3e4a-4d41-a02c-96d299e43e45,legacy,
slab_limestone_giallo_autunno_eead8fb8-368a-40a5-8b0a-29188338d0b0,legacy,
slab_limestone_giallo_dalmatia_8f9ee449-3ecd-47a6-94af-814c244aa63a,legacy,
slab_limestone_giallo_iasi_ed4029e0-8c5b-4dbf-981b-25f2080dc71c,legacy,
slab_limestone_giallo_mediterranean_14578702-2da7-4c33-8c4a-c3c160371137,legacy,
slab_limestone_giallo_oriente_ffd174a3-9310-452d-8cff-27ece2db3a81,legacy,
slab_limestone_giallo_provenza_94caa9da-17a3-43e3-bcbf-d39c918dbc78,legacy,
slab_limestone_giallo_sicilia_5df82834-8c62-445c-b326-80a279520c91,legacy,
slab_limestone_giallo_tabae_ad5c1608-decb-487f-a87a-eb0b7727f6f8,legacy,
slab_limestone_giallo_valentino_411fc45b-66b9-4b8c-ab37-86e4dcb4e9f3,legacy,
slab_limestone_giallo_venezia_d44d478e-115e-437a-a400-bc55b0472918,legacy,
slab_limestone_gillberga_grey_7222f0c7-9203-4120-8dfa-11185a813180,legacy,
slab_limestone_ginseng_cream_380b9e1a-1363-4a41-adb1-2c98aadd75e1,legacy,
slab_limestone_ginseng_gold_1479b9b8-9610-4add-9e04-eb0e1bce14e4,legacy,
slab_limestone_giron_beige_40d1895b-b8f1-4059-8e0a-a5ff63fd8462,legacy,
slab_limestone_giron_grey_2939dca9-c4f2-4110-97c4-0d55915b1615,legacy,
slab_limestone_gjirokastra_f557678d-79d5-4a07-bff0-cdfd05741008,legacy,
slab_limestone_gjurasi_8c44c2ea-5f0a-49a0-910d-8211edd23ffc,legacy,
slab_limestone_glavica_6a51e73c-58ee-4fe5-b3dd-fd9152a15d8c,legacy,
slab_limestone_glavika_37bc50bb-4ba4-4f4b-a824-851f54620df1,legacy,
slab_limestone_glen_rose_b96f2bf4-8c68-4b6e-b90c-9ddc7007b8b9,legacy,
slab_limestone_gohare_93c56341-5b09-4da8-ba14-7cf73e71ee8c,legacy,
slab_limestone_gohare_krokodil_2e0675fa-a7b3-4187-a2c3-e0b3930b75bf,legacy,
slab_limestone_gold_chinese_5b212d69-0e7b-4382-9957-0d4e7866854e,legacy,
slab_limestone_gold_coral_0fa7fc54-96f6-413d-9a6a-87233f7ed633,legacy,
slab_limestone_gold_oak_132f23a3-8028-4a92-a844-48532fc18114,legacy,
slab_limestone_golden_beach_554a9fa2-76df-4c91-8185-d0ff846af289,legacy,
slab_limestone_golden_caramel_2d8e8529-cefa-40b3-bf09-5f5fd4dad826,legacy,
slab_limestone_golden_cream_89a8ce2c-6c5f-415c-bd87-ef26fe59c542,legacy,
slab_limestone_golden_fossils_e01e9aaf-5121-4349-bd3c-c6f82f9408fd,legacy,
slab_limestone_golden_lotus_bfb5b54b-5129-4ca7-8ade-e61dfa6e89f0,legacy,
slab_limestone_golden_oasis_da2d8bfd-d698-4e95-8c71-592b87736827,legacy,
slab_limestone_golden_platino_7ec24c20-cadb-4569-b42d-141a7f23f47b,legacy,
slab_limestone_golden_sand_18e96b46-5d29-4dfc-a562-dd1fc9e7145a,legacy,
slab_limestone_golden_shell_03bc3fd7-d486-49c3-8345-6ba51859ede7,legacy,
slab_limestone_golden_sherry_61b5c7bc-4d4b-451d-90bc-e0dc332d6ba8,legacy,
slab_limestone_goldswil_3e26ccc5-9f5d-498b-bf0f-eb5972ab10ba,legacy,
slab_limestone_goluchow_01eb2ae2-5d56-44c2-8db1-cfff489dcd54,legacy,
slab_limestone_gotic_mory_0b0814aa-2ec2-4ea1-8857-57237aeb3e85,legacy,
slab_limestone_gotland_litorina_cf6a44ee-3642-428b-ae8b-95d7c6b432aa,legacy,
slab_limestone_grabrun_borghamn_2b523361-149f-471c-a9c8-f06376b124e8,legacy,
slab_limestone_granada_beige_06f4ac43-8681-4722-a137-5707e5dd1171,legacy,
slab_limestone_grand_tortoise_8e4677a5-4d9a-43b5-a615-7a9b12210328,legacy,
slab_limestone_granitello_sicilia_a447307d-3847-4516-adaf-26eff45bb385,legacy,
slab_limestone_gray_granbury_4a7ee7ec-2745-4043-993f-a76406853ab4,legacy,
slab_limestone_green_75ed028b-c7de-440b-9b63-8ad844847985,legacy,
slab_limestone_gregorio_absolute_9d9c3ef3-1d75-4d81-bd0a-b65a355134ed,legacy,
slab_limestone_gregorio_grey_8406f231-c3b4-4303-a827-507a071f7511,legacy,
slab_limestone_grey_foussana_457d04e6-7517-429b-81f6-b253fa436636,legacy,
slab_limestone_grey_smoke_e68de741-1693-4530-ad73-786f2c809ab8,legacy,
slab_limestone_grey_venezia_b9dc20ff-a16c-427b-ba5a-dda2a3576603,legacy,
slab_limestone_gri_olive_58ca3ff7-8d0c-447b-829a-94b873f02c4f,legacy,
slab_limestone_grigio_alpi_659b6acf-2a1c-4a50-988b-bd6ea9fa4b36,legacy,
slab_limestone_grigio_fiorito_0ae6406e-b211-48e7-ae04-7dc90b16f486,legacy,
slab_limestone_gris_batalha_ba4fb1e3-31e5-420b-b80b-794e55381673,legacy,
slab_limestone_gris_bleu_de_savoie_efc5c820-226f-4595-99b9-7b4d6164a734,legacy,
slab_limestone_gris_liso_da2239e7-b519-4f6f-aa14-8dd2a545a566,legacy,
slab_limestone_gris_oscuro_36edb69c-09c9-41fb-99d5-d0c3d9adf544,legacy,
slab_limestone_gris_pardo_82242e79-2629-4c4b-a3b7-d0bbb17ee887,legacy,
slab_limestone_gris_perla_8666ba86-454c-45b3-98f2-f2137bb542a1,legacy,
slab_limestone_gris_siliana_72ae70af-369b-48b4-bdca-033524832863,legacy,
slab_limestone_gris_sodima_53ae659f-83d6-4c0c-950f-64a6e2ce384d,legacy,
slab_limestone_gris_thala_354cd16b-a2bb-4f8b-919c-cf93bd4f207d,legacy,
slab_limestone_gristone_1859687b-7a67-4de7-adfd-b1676ca06445,legacy,
slab_limestone_grove_whitbed_ffcae387-7da2-4e03-a2d8-3c74daabc4bb,legacy,
slab_limestone_guiting_f0258bb5-19d1-41e1-a24b-65388d12f797,legacy,
slab_limestone_haapsalu_0c9a017b-d702-4f6b-a43b-c892516f824f,legacy,
slab_limestone_hadrian_c2352087-66a6-4f34-91ae-305994649aaa,legacy,
slab_limestone_haffouz_2b308097-c8b1-42e0-9f5e-67da11c7573c,legacy,
slab_limestone_hainaut_blue_eb0bfb5e-a67e-4b23-bdc4-5bb7dbcd9de1,legacy,
slab_limestone_halicarnassus_26f914c7-5041-426f-8a2f-45da68df005e,legacy,
slab_limestone_halila_beige_4aaa8c90-2cf0-4fa6-a367-4bcf182785e7,legacy,
slab_limestone_halila_gold_506d6f95-9d7a-427f-b810-5ae9df5a26c8,legacy,
slab_limestone_halkyn_fossil_9dc8b45a-3ef4-4e4d-a49e-efb50fe8a28e,legacy,
slab_limestone_halkyn_light_bb393634-e7ec-4f31-aec6-d685fd314c37,legacy,
slab_limestone_hamedan_2d966833-caed-454c-b96c-740a394fb91b,legacy,
slab_limestone_hampton_c5783a68-9929-4012-bb00-72d71b07a942,legacy,
slab_limestone_harvest_straw_0cde9453-fc1b-4d9c-aedf-1107a440bcbb,legacy,
slab_limestone_hashdy_04d358fb-3079-4872-b700-fd6581263bbd,legacy,
slab_limestone_hathor_cream_9b8e87a5-5815-4388-ad8e-0fded8956504,legacy,
slab_limestone_hauteville_c_b5965390-2ef1-4136-8276-9d1abd6fd01f,legacy,
slab_limestone_hauteville_d_8b925917-6bdd-4221-8f0a-d99e4b2dc274,legacy,
slab_limestone_hauteville_e_50f716de-77f7-4b53-8253-57457e56ff5e,legacy,
slab_limestone_hauteville_perle_367e5e04-3f26-4942-ba48-833586165f6e,legacy,
slab_limestone_haz_6ddd619a-b06f-418c-ad1d-bd4dfd34219b,legacy,
slab_limestone_haz_cloudy_11e38017-77ec-4b9f-9565-c7be1ee63461,legacy,
slab_limestone_hebron_bone_348af64b-871d-4a3a-a15c-4fc85402ebb9,legacy,
slab_limestone_hebron_gold_49fbabc2-44c6-4b44-8000-ffb359d44ce1,legacy,
slab_limestone_helios_beige_86ebffe9-90ec-496f-812a-7f027e8df491,legacy,
slab_limestone_henan_yellow_26333a21-e562-4243-959d-e1b9947b53bf,legacy,
slab_limestone_honey_60f4acb8-edf5-4cca-89e5-82f4a85f4db1,legacy,
slab_limestone_honey_moon_61de471c-71e9-459b-87dd-6cafa49107f5,legacy,
slab_limestone_hopton_wood_a02f9e2c-ac39-4109-924f-818a95a1e4e1,legacy,
slab_limestone_hove_b4c6294b-bf6f-4c8f-9ac8-38c0ee0b79a2,legacy,
slab_limestone_hugo_beige_dcb13199-5825-4153-9d14-a6f0696fc1f5,legacy,
slab_limestone_hunza_grey_b4817ea7-3158-4662-9fcb-44a03b771b24,legacy,
slab_limestone_ibri_gold_e11edd5c-265b-49b6-a8f0-b9ebb507cc0b,legacy,
slab_limestone_icy_flower_7d0788d3-be17-4455-a7e3-33fc4e9a152b,legacy,
slab_limestone_ifjord_18dfa4d4-df35-4bbc-81d0-11192db803a0,legacy,
slab_limestone_imperial_gold_d8466a47-23a1-4838-b974-a1a7eef06116,legacy,
slab_limestone_imperial_grey_c776e012-f8f1-4333-a455-fc71bb26a937,legacy,
slab_limestone_indiana_gray_afce8014-b826-4396-a142-fc7cc77f5557,legacy,
slab_limestone_inverness_278b35c5-52a4-49dc-bd8e-b37e6835115c,legacy,
slab_limestone_iran_white_113c7e15-918b-4a53-a381-3b3bd68e8d5d,legacy,
slab_limestone_irish_blue_0b577e1c-aad8-478a-b35d-d1c279d456f1,legacy,
slab_limestone_isernia_da50770a-a397-4855-a1a9-13d1a15bf79b,legacy,
slab_limestone_istrian_white_8f7edbfe-ff6b-435f-96c6-fe7233c636e4,legacy,
slab_limestone_ivory_alabastrino_83534a12-88ab-4545-bc60-b5ba183bb088,legacy,
slab_limestone_ivory_antico_3ba4ae38-8a28-4871-8e1f-06f6766a10f9,legacy,
slab_limestone_ivory_antiqued_1104af16-ac7f-4236-b361-6c74a88459e0,legacy,
slab_limestone_ivory_borneo_15864c4c-7426-4d52-b700-108076f30ce5,legacy,
slab_limestone_ivory_lace_5d02eb3f-7e5e-4d7c-a443-4dee69acc8fb,legacy,
slab_limestone_jaffa_9f97c965-2194-4b91-9d05-f1882067a447,legacy,
slab_limestone_jaguar_a7354743-1703-4408-afae-0d3d88fab7e6,legacy,
slab_limestone_jaisalmer_yellow_a5df0d42-cc06-42ea-979b-fc228366337b,legacy,
slab_limestone_jamtland_gray_feaa84b8-a2ea-4096-9199-fc6b95016ffa,legacy,
slab_limestone_jamtland_svart_be9ac521-36e7-49e5-983b-318ebb00b266,legacy,
slab_limestone_jardin_fleuri_8dbefa6c-c7a2-48af-8864-3f7d80fff41a,legacy,
slab_limestone_jasmine_3e3e461f-8c8e-418f-bf3a-6f4a28c9b4e6,legacy,
slab_limestone_jaune_clore_496e8098-5ad7-49ce-a848-cf02eaabc3ad,legacy,
slab_limestone_jaune_dore_1d01f54e-16ff-40bd-9cba-7c9f5e7913ac,legacy,
slab_limestone_jaune_fleuri_4f2ef5b1-1536-4d02-88d6-8ad75e384d30,legacy,
slab_limestone_jaune_monton_d26dcf11-a669-4f92-a0d0-68e5b175a338,legacy,
slab_limestone_jaune_primrose_3ce3fb46-9175-48a0-a262-fb48176ac639,legacy,
slab_limestone_jaune_safra_0ee09fb7-83e7-45cb-81ff-0b99d1573c8c,legacy,
slab_limestone_jerusalem_c9dc94c9-65f8-4843-be5c-128f76296e9a,legacy,
slab_limestone_jerusalem_cream_a59_d74a7c36-7730-48cc-8e84-455d3b233994,legacy,
slab_limestone_jerusalem_cream_at2_eb3975f2-59d9-4f24-bc0f-5b7152a4f2d5,legacy,
slab_limestone_jerusalem_deep_blue_387506ac-2a79-41f6-bd94-645c7a256279,legacy,
slab_limestone_jerusalem_desert_3926e678-391f-4b78-b60d-f79317cf8b24,legacy,
slab_limestone_jerusalem_eyes_849ec7bf-7c6c-42b1-be37-3237aef8d486,legacy,
slab_limestone_jerusalem_grey_594ab635-1153-4ad7-90f5-1c87eda7fefc,legacy,
slab_limestone_jerusalem_royal_pink_c5a01247-25f0-46bf-a75c-4489798881db,legacy,
slab_limestone_jerusalem_sea_shells_905dc3f7-b6c5-4dea-ac66-4da70237ba7f,legacy,
slab_limestone_jerusalem_tides_48fe1c93-0f02-497a-8d00-8cc911c3b13b,legacy,
slab_limestone_jon_grey_e5a8d090-4b6e-4925-b664-ab12e91bac31,legacy,
slab_limestone_jordans_basebed_743b9514-6642-4738-a27d-078a0aaf4506,legacy,
slab_limestone_jordans_roach_a23a1ae1-4e43-478c-bde4-1447e120d3fb,legacy,
slab_limestone_jordans_whitbed_a1c48278-eebf-4a37-a86d-fad6468096b3,legacy,
slab_limestone_jura_brown_cda6dd1f-1628-4ad9-9c58-024f138d7589,legacy,
slab_limestone_jura_cream_8823beda-cd58-4746-ba0c-ffa37dc69aca,legacy,
slab_limestone_jura_gelb_29febb36-67d8-4425-a65d-0bb72ce79a3f,legacy,
slab_limestone_jura_grey_blue_6c5b38e9-d9d2-497f-a4d0-c638a7988f64,legacy,
slab_limestone_jura_melange_c34d549d-bd8e-4fbb-8ebd-13717fc927e2,legacy,
slab_limestone_juzina_d26c8055-8453-4c1c-a3f5-d65aef5cb2ae,legacy,
slab_limestone_kafr_nabo_d27dac8e-fa8a-47d4-94c5-87c9194fc4e9,legacy,
slab_limestone_kaleshjani_c6267233-04ed-4780-acea-8732a7c33dca,legacy,
slab_limestone_kali_cream_15e13a99-6461-435f-aadd-6268083b6470,legacy,
slab_limestone_kanfanar_5e7ccfb2-5d9e-4903-950d-827822c1c943,legacy,
slab_limestone_kansas_3c051753-0e9f-4c47-8afc-5ee796454a92,legacy,
slab_limestone_kapela_24d19d70-e061-4cc2-94c9-cfc35b182e1c,legacy,
slab_limestone_kappelshamn_815b7ede-f2a3-40c6-938d-a3bfa93e4711,legacy,
slab_limestone_karaki_grey_d845b722-3b74-4aaf-9847-ecdc0e8f2f3c,legacy,
slab_limestone_karina_beige_4043893c-3e71-4412-a04c-b3bb206c974d,legacy,
slab_limestone_karina_flourish_955b3ecc-e07a-42ef-91e1-2ad3da153c9c,legacy,
slab_limestone_karina_light_09d57e35-e57e-45b3-befa-ad90c3209eba,legacy,
slab_limestone_karina_rice_beige_dbc43f88-9a70-43d1-9566-619c0570986d,legacy,
slab_limestone_karina_v_db69540d-77d4-494f-831b-83c88b48619a,legacy,
slab_limestone_karki_4d70fc07-6813-49b8-91c7-16c053f48da6,legacy,
slab_limestone_karmiel_bbcee36e-905a-47e3-aed2-d2086fe2f4d0,legacy,
slab_limestone_karsy_9205e5b9-e04f-4db0-89fa-460623b63ac8,legacy,
slab_limestone_kastamonu_beige_28e45ca0-383b-450f-9698-a1a961a9aefe,legacy,
slab_limestone_katori_c464be48-d8a7-4686-a865-0ad0e0ce2f22,legacy,
slab_limestone_kazlje_861cebb8-673a-43f2-a681-63daa80a77bc,legacy,
slab_limestone_khaiber_1e9bf321-d775-4ab8-8b74-9ab7d2ff064f,legacy,
slab_limestone_khalele_628387cc-88dd-430e-b817-9a35a4f29480,legacy,
slab_limestone_khalili_d6994ddd-246d-480b-b1c2-188502f23675,legacy,
slab_limestone_khatmia_28c27efd-d43f-433e-bdc1-6eabdd686f70,legacy,
slab_limestone_khorramabad_4fc3fba5-0cb3-4fea-a62d-6e8e1f0d451f,legacy,
slab_limestone_kilkenny_black_fossil_35a1f191-a544-49e4-818a-1b24ac2eefa3,legacy,
slab_limestone_kinari_6f261e09-8358-4878-beca-742f6e86f25a,legacy,
slab_limestone_kinnekulle_gray_57a5b054-5ad9-470a-b4f1-67bea726abba,legacy,
slab_limestone_kinnekulle_roedrosig_97641963-9294-4e1e-bdfd-3a2ac50eca4f,legacy,
slab_limestone_kirmenjak_bayadere_8271a6d0-2efb-48d7-ac34-5579c791f7a7,legacy,
slab_limestone_kirmenjak_blue_f1c3e8b9-4c3a-4b27-8025-a84f2693fac0,legacy,
slab_limestone_kirmenjak_dark_762ed8b2-69ee-4f9c-b2d4-cbf8edd7879c,legacy,
slab_limestone_kirmenjak_sav_0d0a736f-7d8a-493a-93ee-f373c48fd404,legacy,
slab_limestone_klikovaca_822fa12e-0bb9-49c8-85e7-603ee22e5991,legacy,
slab_limestone_kohilie_128898dc-4cbe-459a-a1ad-cc9905c71384,legacy,
slab_limestone_komani_d36f5844-5812-419b-807a-6f6263637c7b,legacy,
slab_limestone_korenici_d1c54f98-f6e9-4818-9b1a-4b8e0c30ff0f,legacy,
slab_limestone_kota_beige_a3ad258b-9fb0-494e-a96c-a0f7b1820724,legacy,
slab_limestone_kota_black_ab093a3b-a52e-473a-aa82-f8312181ecda,legacy,
slab_limestone_kota_blue_35a7b728-1961-4e9f-94e4-36abcb51d637,legacy,
slab_limestone_kota_brown_37f8d6eb-9579-4c28-855e-d45d7aae300a,legacy,
slab_limestone_kota_green_372bb0cb-b7f2-4af7-9455-bd6aeb7320e1,legacy,
slab_limestone_kour_9b11f08b-70b8-41bd-8529-a7f8112617d5,legacy,
slab_limestone_kovashice_bulqize_add07b2f-3dd5-4b78-9433-c5565501394e,legacy,
slab_limestone_kramsacher_90b50c21-2364-42a0-b5ac-722eb3c68091,legacy,
slab_limestone_krensheim_a604ac76-830a-44ae-8797-a83b556b14ee,legacy,
slab_limestone_kuna_bella_bac747f0-e0fa-47ae-ace8-5cf48b1a959e,legacy,
slab_limestone_kunda_golden_4b233c6f-fff4-495c-8c23-bb94b64fa400,legacy,
slab_limestone_kuzda_beige_501b8d45-8810-4c6e-bdf1-ab3a41ede59b,legacy,
slab_limestone_la_rosee_9d9a775a-fc26-4bcb-8ce1-460f7b8ebabd,legacy,
slab_limestone_ladoix_2ab739ca-ed32-4066-a4d8-07778a8f52c1,legacy,
slab_limestone_lagos_mix_d1428483-4a06-435e-91c8-a03da405d6d0,legacy,
slab_limestone_laksefjord_4c146d89-af88-49ba-af3f-0e4489b8b89b,legacy,
slab_limestone_larrys_c828c879-8f3c-410c-a993-742e156fec9d,legacy,
slab_limestone_lauder_100fa343-c301-4235-84b8-c11a50b75167,legacy,
slab_limestone_laufen_164b8749-ab37-4253-bb3f-e49fa0fcdc58,legacy,
slab_limestone_laurentian_rose_44f4bed9-8436-4eea-a29a-c8e99daec398,legacy,
slab_limestone_lavignes_d2e3c0b0-ec2e-47a1-9bc0-0eab20bc09e2,legacy,
slab_limestone_lavoux_dore_07ff5a5f-fb69-45fe-93a5-8665593a1083,legacy,
slab_limestone_le_noisette_c7f01433-a99d-4278-a1fa-c532e86e5e6c,legacy,
slab_limestone_lecarrow_89da9031-558e-4b68-be74-a37a54018529,legacy,
slab_limestone_leonardo_151d1b1b-2815-484f-ac06-64066a23f2ab,legacy,
slab_limestone_leopardo_42ee24d0-fffa-4f07-aad0-e6746d5fb5a4,legacy,
slab_limestone_lerouville_6fc588a9-c48a-49df-a0a4-a0ce5029fe8e,legacy,
slab_limestone_libiaz_e8878d63-742e-45a4-8054-18740cf87d5b,legacy,
slab_limestone_light_rose_66a6d3d7-eec2-45ce-bb7a-80a061e85fe2,legacy,
slab_limestone_light_somon_ea17d14a-4739-4b3d-acf9-4378978d1923,legacy,
slab_limestone_likya_royal_1f3b4e09-fb04-47f5-bcca-d3f322f88554,legacy,
slab_limestone_lima_branco_d431460c-f5f5-4591-ab2c-bcec79ba3b08,legacy,
slab_limestone_limassol_5d2cb811-5a40-4315-b681-1be66431d13a,legacy,
slab_limestone_lime_grey_c09704e6-37be-4614-b093-d8f811bf5360,legacy,
slab_limestone_lime_pink_2e074945-02e2-4209-8361-bccb88bf1ddc,legacy,
slab_limestone_limeyrat_gris_a34f872f-7f4a-4d6f-a0a6-50a65f2e62bf,legacy,
slab_limestone_limeyrat_jaune_8079ae16-ef1b-427d-b63e-2ee94fd7281b,legacy,
slab_limestone_limra_8c453030-9284-4261-887f-008a36266a90,legacy,
slab_limestone_lincolnshire_ecb48e6b-6d8b-4766-98d5-ff6255ebc416,legacy,
slab_limestone_lindanas_1e731661-757c-4b1c-a12e-3d892c54a146,legacy,
slab_limestone_lini_2fddc97e-a87a-4ab9-be3f-36252f4ba8bd,legacy,
slab_limestone_lioz_abancado_c9fd9392-48f9-43a6-aea1-b9b58a91263c,legacy,
slab_limestone_lioz_dourado_antigo_98c2dad9-7b79-4040-a9b8-7597db27ef5f,legacy,
slab_limestone_lioz_santo_florient_7365bdd1-7162-45f0-981f-bc24cf95801f,legacy,
slab_limestone_lipica_fiorito_57237f6e-e8d9-46f8-9f7c-ffa76ad216b2,legacy,
slab_limestone_lipica_unito_7d52a8e1-b031-42ea-8ee2-f105e4069660,legacy,
slab_limestone_liva_crema_d90ac827-78da-47a0-b848-ea2a7fa7bb1d,legacy,
slab_limestone_loaloah_ee539601-5e52-451c-a7c5-3e87dfd03737,legacy,
slab_limestone_london_blue_05277285-4222-4d66-9eb0-28ed98ec86fc,legacy,
slab_limestone_louriblue_97556395-ad57-4f41-82a8-e4b161ccfc79,legacy,
slab_limestone_loveron_grey_28d17317-b8e8-41bf-94e4-168898f5e134,legacy,
slab_limestone_lowe_39fd53ce-9690-4246-894d-b6a2dff4d189,legacy,
slab_limestone_lucentum_e99c1db9-af83-426a-a3b8-55032c28ef71,legacy,
slab_limestone_lueders_29072013-7df1-4502-825d-45c43c42929a,legacy,
slab_limestone_lueders_roughback_b80ae694-f3b6-4dec-bb11-f38d61389ba9,legacy,
slab_limestone_lumaquela_ambar_42cfc7b3-4c63-4c9b-8083-8b43a1a1483f,legacy,
slab_limestone_lumaquela_crema_10b6d078-ad05-4bed-9061-5bf6a90a7a49,legacy,
slab_limestone_luna_bianco_6bbb30bb-d925-4c4a-bca8-255101b08642,legacy,
slab_limestone_luster_gray_44ef6651-001d-4b1e-a8d9-ecbce4637984,legacy,
slab_limestone_luster_green_bc9926bc-a39c-4658-b9cf-f3fa04a019f0,legacy,
slab_limestone_maceira_blue_27f3f4df-b51e-4dfe-9505-6404a2c44b1a,legacy,
slab_limestone_maceira_gold_d1e10d38-2b2e-4672-a538-315fec890cc0,legacy,
slab_limestone_maceira_mix_efc391ef-87f6-4523-8579-0c58d3649ab3,legacy,
slab_limestone_machalot_31acab81-a9a7-4017-abbe-f1b1a4b01d9d,legacy,
slab_limestone_macron_e748c4d0-be5f-4cf5-b718-8e47aa462402,legacy,
slab_limestone_maghar_4c10e335-d019-4939-88d4-4cd020ae4e23,legacy,
slab_limestone_magny_dore_2b926e4c-c22d-4db5-818d-55318f7f9cc9,legacy,
slab_limestone_malaga_923ef2ff-dcec-4c6b-8698-3f3621cf05dd,legacy,
slab_limestone_malaka_gray_eb57881a-5753-4e59-aae1-0057aeef6019,legacy,
slab_limestone_malake_0675b674-42d0-49ea-9101-11f492d0d125,legacy,
slab_limestone_mali_i_thate_0fe1d293-ea47-4256-89ab-171c08c1c3d5,legacy,
slab_limestone_maljat_f1ab4fcf-6dd9-4f7b-9c50-e69a470f039b,legacy,
slab_limestone_manavgat_yellow_3b859aa3-60b3-435f-ab76-d594ef063054,legacy,
slab_limestone_manchu_caviar_d373cb72-4e24-494c-bf22-f5696a66b861,legacy,
slab_limestone_mandana_green_ab25dee1-007f-472d-a31b-89c09a39506a,legacy,
slab_limestone_mango_4888348b-446d-47b1-ad6f-1111cb4cf348,legacy,
slab_limestone_mankato_0736b956-d55b-46db-8989-a475abb54522,legacy,
slab_limestone_maqtar_d62e0623-7d9f-4d89-b480-c735ae650eb8,legacy,
slab_limestone_mara_creme_60db18b0-881e-445d-9417-e84a10f3a623,legacy,
slab_limestone_mara_grey_31ddbe8c-a9ec-456b-9607-91b69f2db81d,legacy,
slab_limestone_marbella_blanca_e7acf45d-8920-42b4-ac5c-a912ab351123,legacy,
slab_limestone_marbella_perla_4263183d-607f-4f98-8690-39dfe49488ef,legacy,
slab_limestone_marcevo_e91a02ef-351b-46f8-a062-2b28121cbcd8,legacy,
slab_limestone_mareuil_en_perigord_37131ba7-ae90-4f17-b2e1-4f04c1f9edcb,legacy,
slab_limestone_marib_0dbcdab3-e8e3-444a-ad8e-a622b075a7af,legacy,
slab_limestone_marina_2861b932-ec8b-4bb1-9a82-0a6c47907b33,legacy,
slab_limestone_marmo_1c05e31d-6a35-4470-9631-12c03d794844,legacy,
slab_limestone_marseille_089b84e3-07b8-4b47-96a5-3ac13573343c,legacy,
slab_limestone_marvdasht_7281488b-f42c-42e5-bb07-205a303087e8,legacy,
slab_limestone_masada_cdb744ee-a4c9-4beb-b6cd-20423dde88c6,legacy,
slab_limestone_masai_fa8dc108-6189-4607-adf9-35140f6aae49,legacy,
slab_limestone_massangis_clair_977c7bab-5397-4dad-b3c5-ac6745426e6d,legacy,
slab_limestone_mazzaro_6dd87869-33d2-4467-883f-749031cd385b,legacy,
slab_limestone_medea_03c96f98-c2f5-4475-8b41-27e1523af54b,legacy,
slab_limestone_mediterranean_2d08c656-606d-4f1c-a6c2-4b6fbef7ee15,legacy,
slab_limestone_mediterranean_gold_53550e4e-9529-4df4-9de9-3045139f93d5,legacy,
slab_limestone_mediterranean_pearl_47a32acb-cf51-40bf-8a89-dbddf3c07d40,legacy,
slab_limestone_mekeginsky_87365f2f-7fd0-45c3-90c4-4a9fc3fe91c4,legacy,
slab_limestone_melly_grey_82112902-1937-46c6-acb7-a0c3661686fe,legacy,
slab_limestone_menia_c6300d12-cee6-4411-aa31-8eacd6e60103,legacy,
slab_limestone_merah_batu_b168737c-43d7-402a-96ed-6790983a35b3,legacy,
slab_limestone_mercury_7588cdd9-b09f-4296-ac54-be1783712077,legacy,
slab_limestone_mesopotamia_silver_blue_6ccc31b9-30c5-45d6-a320-4cbc0ee27b71,legacy,
slab_limestone_mesta_grey_sunta_66f4fe45-4d43-4b81-b3d3-ae326f9e0a49,legacy,
slab_limestone_meteora_beige_598fabf7-181a-41b6-bb78-8b3b01acec25,legacy,
slab_limestone_michigan_b50b2c04-2b19-4ebb-ada2-daaaa6e711f1,legacy,
slab_limestone_migny_clair_b85aebec-21cd-4ffd-a883-8a1d4df12688,legacy,
slab_limestone_migny_jaune_d7ac07f0-27b7-4c5c-abcc-80464e72b423,legacy,
slab_limestone_milas_green_brown_ff5ce9c4-79d7-4634-abec-8a7283bed780,legacy,
slab_limestone_miljevina_91d6b076-dfb1-4c1c-a60d-d0100b3a1192,legacy,
slab_limestone_milk_scaped_by_pebble_85deaecb-ab15-4caa-822f-9240ddd3cc31,legacy,
slab_limestone_milky_355df9be-b165-4a51-87c9-89b0f05fde9e,legacy,
slab_limestone_mill_creek_eb6b70a4-fd6e-4fd5-b9f6-d50131da291b,legacy,
slab_limestone_milli_sicilia_5c6ca200-d421-46e1-897d-3f5da69673ce,legacy,
slab_limestone_millie_brown_b5cb6320-aff3-412a-aeaa-759ffe6c1090,legacy,
slab_limestone_milos_green_2c2fd3d1-fc0a-43bd-b604-2e860bcf0be8,legacy,
slab_limestone_minnesota_fedf2ca8-f959-40c5-b9fd-9c736d986727,legacy,
slab_limestone_mironja_4c3aa7f3-bf77-4506-b8ba-7b89dcb04d31,legacy,
slab_limestone_miros_caf4dd8a-b0e8-42d6-b3ec-d692f74c4321,legacy,
slab_limestone_misi_yahudi_0c43eb00-853b-48d0-821d-53d9399faa86,legacy,
slab_limestone_mittenwald_rot_9fd397d2-f333-4ae7-b975-3c07a99c431d,legacy,
slab_limestone_mixed_wath_908c4de2-b0ab-43e7-a57b-fb501a5e4b56,legacy,
slab_limestone_mizzi_ahmar_d481b75d-d59c-46a0-b630-56f1b5b61a13,legacy,
slab_limestone_moav_1d197406-a536-484a-ac46-68df24d04059,legacy,
slab_limestone_moca_blue_6d025983-5513-410e-8058-c7064a67e6ce,legacy,
slab_limestone_moca_creme_az_5ea6fedd-361e-4311-a15d-20035e20abad,legacy,
slab_limestone_moca_creme_medio_escovado_74e28062-a0c1-40fe-b403-766ffe119ec2,legacy,
slab_limestone_moca_medio_cdf22b93-e784-4fd2-9d7c-f6e2f0c85d4d,legacy,
slab_limestone_moca_medium_grain_1ea74bd3-a70d-42b2-8fdb-83a989a6cbcf,legacy,
slab_limestone_moca_mistral_65dac04d-4353-411e-9d36-40613d39a51b,legacy,
slab_limestone_moca_mos_98e13413-8deb-46e9-960c-3036ed7d59a9,legacy,
slab_limestone_moca_seco_ce336baf-3f39-44a1-8700-06676a209eb6,legacy,
slab_limestone_moca_tabac_b7be3af8-2252-4aee-a907-e766a451f441,legacy,
slab_limestone_moca_venato_0ca754e7-15e2-4d85-882c-190e87b75e7b,legacy,
slab_limestone_moca_wind_bd4beb19-6b19-4679-bd1d-3af7a262513a,legacy,
slab_limestone_mocha_creme_dfdf4632-7ae8-453a-ad64-7c1661f16455,legacy,
slab_limestone_mocha_white_6176aff6-cd72-4316-aa38-6dc63757dfbc,legacy,
slab_limestone_modiin_79595580-fc65-4672-ba0a-7bd05a0f5c51,legacy,
slab_limestone_modrzew_4fc45dde-75a3-426b-9ad2-cd4799a2c065,legacy,
slab_limestone_mois_gold_e6fa4b36-d411-48d9-ba97-d3af7725cead,legacy,
slab_limestone_moka_gold_b79d27ea-ae6f-4b21-9aa3-22464892813c,legacy,
slab_limestone_mokattam_6a543653-ca21-4d80-ab8a-d79faaa2ed5e,legacy,
slab_limestone_moleanos_b4_97c9a8ab-4bd1-4e55-9165-df9f0f9fc2c7,legacy,
slab_limestone_moleanos_caravelle_7b429b54-5a13-4a49-94a1-218bbc53db9d,legacy,
slab_limestone_moleanos_m10_4bb6f256-119d-4f54-863a-8abf7cefa637,legacy,
slab_limestone_moleanos_mc6r_15b1b329-c367-429d-96b3-bbd7df0e11cd,legacy,
slab_limestone_moleanos_migna_919232ea-ca20-47fe-b050-dbd5ca16da67,legacy,
slab_limestone_moleanos_white_072d97fb-171c-4ed5-a1f6-f4de0baa166d,legacy,
slab_limestone_moleskin_5270de2a-48eb-4d58-b4ad-ba995b4cae5b,legacy,
slab_limestone_molicreme_2b4ceea2-3a9b-4816-9b76-36f9a469e743,legacy,
slab_limestone_mona_lisa_2c35ecf6-74b4-4905-8f8c-d298575ad10a,legacy,
slab_limestone_monaco_beige_30774442-8b8f-4140-aaff-956eebb9c1ed,legacy,
slab_limestone_monastir_dbbe31be-c7ec-4fd0-a8a3-05a961d6d5d4,legacy,
slab_limestone_moneasa_negru_050a4504-86c7-4388-8177-443cdae861c9,legacy,
slab_limestone_moneasa_rouge_fceeef84-f647-4554-9350-605a257848bd,legacy,
slab_limestone_monsanto_d19d3b74-3b02-47b0-9742-ab26071048ff,legacy,
slab_limestone_mont_dore_ded338d7-3ee5-4152-b7dc-28e92bb5159d,legacy,
slab_limestone_monte_carlo_a959ad9a-2166-4d39-b969-d977edbf068f,legacy,
slab_limestone_montelimar_3bfca367-f272-4a77-aaf2-403a9a48e67e,legacy,
slab_limestone_monterosa_862b652e-1c4e-484d-b279-459ae535a243,legacy,
slab_limestone_montigny_24d3ee01-2b06-45f2-8949-64f5b8cb11e3,legacy,
slab_limestone_montmoyen_659a7683-1097-4f33-ae61-3183f41424eb,legacy,
slab_limestone_montpellier_fa7ae775-7be7-4943-bf35-8503dfb8ad58,legacy,
slab_limestone_moon_b8a50f92-c738-4d98-8aaa-eb74057efece,legacy,
slab_limestone_moon_brown_13008ed8-4e09-4f4b-b14b-0a300ff462be,legacy,
slab_limestone_morawica_jasna_e74fa2b7-35a3-46bf-989d-26c85ff6be80,legacy,
slab_limestone_morelia_e289dedb-dc40-4456-ac65-61b11499a998,legacy,
slab_limestone_moschee_1e23fcec-d3ae-441c-9a25-17c15e304d87,legacy,
slab_limestone_moshawah_dc5107ba-b2dc-41b1-956f-0956257c0e90,legacy,
slab_limestone_mosor_f8736330-7e39-43d2-8c7b-797a7c894450,legacy,
slab_limestone_mrar_brown_2c8de186-c131-4631-8ba5-438264492902,legacy,
slab_limestone_mucha_9835f68e-bfb6-4ee0-8048-6e91ffd3b7ea,legacy,
slab_limestone_murcia_9f212aa3-993e-43fb-ac2a-8c0c85f8dcc0,legacy,
slab_limestone_muschelkalk_41dbd135-4548-4ff5-a5e1-20cde620e12f,legacy,
slab_limestone_myachkovsky_8f4f8b33-579d-468b-a7a1-fa6f59d8a481,legacy,
slab_limestone_myra_090a1d08-05a7-4c36-aa13-667135f9452c,legacy,
slab_limestone_nabresina_0e68d91a-bcd7-46a6-ae6c-7a156b518734,legacy,
slab_limestone_naerke_gra_e833b9d4-01ab-4ce9-8f6a-32d33cb436fe,legacy,
slab_limestone_naerke_grabrun_bf9039e0-f566-4cce-8109-0d125f119601,legacy,
slab_limestone_nanov_79d21fc5-e5d3-4019-bbb1-c4bab2fb6131,legacy,
slab_limestone_nanovitsa_d7116dbc-1eb7-4c9e-988b-45aeff920c60,legacy,
slab_limestone_napoleon_mouchete_7193952d-97ec-47fa-813e-619313ce622d,legacy,
slab_limestone_napolina_69ff2d5c-320f-4c45-8588-2e53ce459393,legacy,
slab_limestone_national_orange_68990ceb-20e6-45b2-8605-4746951db0df,legacy,
slab_limestone_nazareth_5010a8aa-2e57-4f89-bc4a-0db3041a5710,legacy,
slab_limestone_negev_brown_b1303dca-c2bc-49bc-9104-bfcbfe873a24,legacy,
slab_limestone_negin_brown_49bd24ca-82d9-477a-bd8e-0cb2d63b9c11,legacy,
slab_limestone_negro_sabana_grande_0918c368-87a5-4ae3-9e2c-1cc6a6c46b0e,legacy,
slab_limestone_negro_superior_d18cc9b1-4c2e-408c-8a74-0b1a0ac834e3,legacy,
slab_limestone_nerekhta_white_aa5bd526-360f-422b-91b9-6873d961819f,legacy,
slab_limestone_nero_belgio_4485f850-18bb-46d9-95e3-39207d3bfab4,legacy,
slab_limestone_nessuna_fd796562-c7b0-4d44-bbdc-0d7e78efff51,legacy,
slab_limestone_netstal_ed983b9b-c14c-4300-acf8-636434c656b8,legacy,
slab_limestone_new_beige_40f4223c-91f0-4ff0-b731-f9693a998c73,legacy,
slab_limestone_new_blue_1aab2803-af33-4593-b19a-a60b3c84e6ed,legacy,
slab_limestone_new_italian_cd070eca-a47b-4133-aa1d-dbf5059a65a4,legacy,
slab_limestone_new_moca_22e7f1ae-96a6-4234-b9f6-5a7b057a0075,legacy,
slab_limestone_new_niwala_ecc5dd1b-fd7c-4b78-b867-bcc174900c1b,legacy,
slab_limestone_new_pearl_53a112e1-4a29-4ae8-b6b2-c70a29c09e0f,legacy,
slab_limestone_new_yangtze_9ddef4de-f717-4c28-b8c3-9c85b38bd5b7,legacy,
slab_limestone_new_york_f2fec098-872e-47a2-a10f-8f15df7f033d,legacy,
slab_limestone_nicchio_6b3b6870-40b9-4bad-b2a3-1c3d2696e205,legacy,
slab_limestone_nimbus_eb32aaef-7729-44d6-b154-7f7e4b1cac98,legacy,
slab_limestone_nira_beige_98ba126e-e816-41b3-af89-062c954ebd46,legacy,
slab_limestone_niwala_blanca_58dfcc4b-817b-4663-b3e3-997ab36373ef,legacy,
slab_limestone_niwala_rosa_dd1ba2af-4649-4266-9aa0-a90c1641c300,legacy,
slab_limestone_nord_blue_56e9bae5-f1c3-4937-a198-a06b0ad9893b,legacy,
slab_limestone_normandy_blue_9eedb80b-b1eb-4ec6-989b-66ccf65ed731,legacy,
slab_limestone_norrvange_e20877a5-4c06-4d8d-88a2-cc8a810c25b9,legacy,
slab_limestone_novo_mesto_86baa62d-2d82-4ef6-bdb8-0e8a23223e50,legacy,
slab_limestone_nubian_grey_6c66e27e-b9d8-4113-ad90-e9fdd5d4a1e4,legacy,
slab_limestone_oamaru_d7fab9b9-2e90-4eeb-a263-83ba21897f8b,legacy,
slab_limestone_ocean_beige_8e08c701-5fc2-44e4-9b17-e4460ea4e4da,legacy,
slab_limestone_ocean_blue_d31e5cef-979e-4195-a3fc-e9d04bdc33f8,legacy,
slab_limestone_ocra_green_d427bd5f-5783-4ab0-b6cb-664b672777bc,legacy,
slab_limestone_ocra_multi_788c0ac9-bd5f-47c8-8cce-665b9b167da7,legacy,
slab_limestone_ocra_pink_b6f849a5-31eb-4f76-afb7-6fc3308ad309,legacy,
slab_limestone_oeland_gray_aff96b02-dc4a-4433-94d7-d70e6e22be69,legacy,
slab_limestone_oeland_hors_24f3dd0a-39e9-4d39-bb70-1af0157bdeb1,legacy,
slab_limestone_oeland_red_643734a8-6111-4951-b76f-60145c191612,legacy,
slab_limestone_oeland_roedflammig_0f15a480-fac3-4879-990f-8486c9f47dae,legacy,
slab_limestone_ojinaga_7d7c5712-67c9-4e41-b16c-1b96892ee82c,legacy,
slab_limestone_old_italian_682fd3f2-4dda-4578-bd04-266f00246a61,legacy,
slab_limestone_olenivsky_3817d086-0f5e-4bf2-9333-8dbcc61ff617,legacy,
slab_limestone_olympus_0683133c-4d0c-40c8-b7e5-9ead8dd59bc9,legacy,
slab_limestone_omberg_grafflammig_b79cae94-d01f-4733-a4ff-4572ca2c39ce,legacy,
slab_limestone_omberg_roedfflammig_8a4745b8-a950-4b53-8971-43e02a593dac,legacy,
slab_limestone_onia_beige_61ef8ea6-36ad-4a7a-9af9-cc794c0a958a,legacy,
slab_limestone_orbicular_e17fa40d-dd39-4827-b91b-a04aea8cdae4,legacy,
slab_limestone_orfeo_beige_64bc9042-c1b5-4cc8-9286-78fe2d1b8c3c,legacy,
slab_limestone_orgita_5124e70b-0cd1-428c-8d3c-00af1573a4c4,legacy,
slab_limestone_orgita_mix_3f5f12f4-7786-4b89-ae9d-8e5f297e3f2e,legacy,
slab_limestone_orgita_yellow_6bf514c4-e7b0-448d-8508-292ee218bca4,legacy,
slab_limestone_orient_beige_2b42dd87-e80c-4c65-82d2-ad7b339f15a9,legacy,
slab_limestone_orient_fossil_61d6fbb5-3fe2-4c61-9bd8-dfc4de22fbef,legacy,
slab_limestone_orient_rose_79ebad8b-d1b5-4837-93a4-6dd89264ce62,legacy,
slab_limestone_orifossil_eba51e98-e781-45db-a7a0-8c05a1925b44,legacy,
slab_limestone_orleans_beige_3b9f9019-cda9-4f48-b2d2-d41728450b4c,legacy,
slab_limestone_osso_cream_2a20f01e-8d1e-49c6-ac35-5db7ecf45263,legacy,
slab_limestone_ottawa_platinum_76288ff8-9836-44c0-ba4a-cdd246fbad51,legacy,
slab_limestone_ottoman_667b531a-23a6-4e85-8799-a9e409ed6d10,legacy,
slab_limestone_pachuca_45eeec9b-dbfd-46bc-831b-bff83cdfcb38,legacy,
slab_limestone_padro_e9e641a9-4dfc-4a67-ba46-d55e1718fbda,legacy,
slab_limestone_paglierina_grigia_96e27b18-fb2d-4ea5-bee2-9af067cc503d,legacy,
slab_limestone_paglierino_dorato_2cec54c4-e08e-4819-a7ed-f7698028b1ce,legacy,
slab_limestone_pakistan_champagne_2c5d4dcf-341b-4f5b-8b37-5a7910889f20,legacy,
slab_limestone_palladium_7df49aee-34b2-4001-9f44-76dcc1ea89d3,legacy,
slab_limestone_palmyra_a62eba2a-3646-4af8-8861-5252ef9ff71c,legacy,
slab_limestone_paradise_a20a27b0-cc91-4404-9a36-4358b6ddc7f9,legacy,
slab_limestone_paras_gold_yogya_19933c78-ec72-4362-bf58-6e52493c3f45,legacy,
slab_limestone_paras_jogja_d124821e-c943-4678-a1e5-3654de523144,legacy,
slab_limestone_patara_f39ff629-8267-4f7a-8cc7-a349221e82f1,legacy,
slab_limestone_pazin_mandorlato_4716f2a9-c3e8-4309-9118-2ece0b52e665,legacy,
slab_limestone_pearl_yellow_5d6b5ac9-68c7-4025-86de-be18f00012a7,legacy,
slab_limestone_pedra_fosil_548733af-685d-4cca-af92-cd7f231defd2,legacy,
slab_limestone_penaclaro_7dd50e03-5324-4ade-8c6d-1e79491168fe,legacy,
slab_limestone_penuela_2712cb5c-1da6-4d88-8c1c-2fca5b0b3a59,legacy,
slab_limestone_pequin_517a5ce0-03c9-4745-80c1-62f2b754b46e,legacy,
slab_limestone_peregrine_311bc2c7-7c33-42c3-8919-cfa39cd9f003,legacy,
slab_limestone_pergamena_c743e08e-f496-42f7-8c8d-e380401a72e9,legacy,
slab_limestone_perigord_hautelyre_653dfea5-baa8-4d58-b965-a53ab630829a,legacy,
slab_limestone_perla_df0f58d7-edae-4ab0-b691-b084996b4b08,legacy,
slab_limestone_perla_bianca_d570c5ac-af60-4de6-b100-545912fe9f82,legacy,
slab_limestone_perlato_classico_24040b7c-a329-4013-90f9-60fc9df22380,legacy,
slab_limestone_perlina_48158cfb-7a8d-4314-857b-86744e4651ae,legacy,
slab_limestone_perlit_7d6858ca-6938-421c-b16f-3b0e72095641,legacy,
slab_limestone_perpignan_4aff98f3-85de-4b1c-8244-c65d94f624c7,legacy,
slab_limestone_perryfield_perrycott_4393a970-32a3-488c-b510-d3196b33131a,legacy,
slab_limestone_perryfield_roach_85043cdb-938c-47ee-9515-84eec864ac4c,legacy,
slab_limestone_perryfield_shelly_a068b87d-4b77-4def-b1dc-12a0a98bb3f2,legacy,
slab_limestone_petra_8d8c992a-c7b4-4723-bbc0-2b2fbbed6277,legacy,
slab_limestone_pewter_7a3f068d-1802-48a6-9200-30d01572e924,legacy,
slab_limestone_phoenicia_beige_464a3d88-564b-4e6c-b346-c5ad738d8fff,legacy,
slab_limestone_piedra_blanco_juneda_3d7ba657-1983-4655-ba5f-84742f01498b,legacy,
slab_limestone_piedra_de_alcor_7f77e8a7-d5d4-47f0-9463-92b0dfd80541,legacy,
slab_limestone_pierre_de_bourgogne_25583bc9-df3f-40a4-9f72-9bdd8f0570f4,legacy,
slab_limestone_pierre_de_caen_a7198413-23c2-4169-aa60-a51f67996a75,legacy,
slab_limestone_pierre_de_jaumont_3cb8aba0-be76-4abb-9249-dc510ffaf8e8,legacy,
slab_limestone_pierre_de_lens_9c776a99-5a5c-4cf8-a2b9-6bf39cf94efe,legacy,
slab_limestone_pierre_de_ruoms_d583ef94-46a0-4a26-9461-7f141fceba9c,legacy,
slab_limestone_pierre_dordogne_9ecf537c-089c-4a91-8b02-c04ea61f1f48,legacy,
slab_limestone_pietra_carparo_bianca_dba64133-263f-4343-8607-74587304c983,legacy,
slab_limestone_pietra_di_istria_c2024a8b-46c6-466f-a8e9-5ced46b33961,legacy,
slab_limestone_pietra_di_noto_27e1a4ae-a65c-43a7-a2a8-b04042924d30,legacy,
slab_limestone_pietra_piasentina_15297268-07d6-4b16-b257-81366629dab6,legacy,
slab_limestone_pietranova_bianca_c70ba70a-430f-414b-9120-7a965c822fae,legacy,
slab_limestone_pilgrim_7401133c-5ba2-40bc-8a96-9d54ded309bd,legacy,
slab_limestone_pinczow_3c592ff5-4e15-4276-bc10-ba5ec1b38318,legacy,
slab_limestone_pink_boreal_e3d95a61-dd7e-440e-bbd7-76416ee965ac,legacy,
slab_limestone_pink_coral_1f88932e-a560-41a8-961c-be1dcc56b748,legacy,
slab_limestone_pink_liberty_a6e31d64-eaf7-4764-aef1-ffd76b5f6f2a,legacy,
slab_limestone_pinkaro_lime_b3e1cc05-1687-4cf6-a6fd-6df8e015aa57,legacy,
slab_limestone_planit_9754e745-342d-4ad0-a2e3-ee7634d00301,legacy,
slab_limestone_plano_4ad83d1e-594c-49f1-83c2-fa9b7fa61306,legacy,
slab_limestone_planolit_576a4fd0-be17-4697-b4aa-b895c44e9efa,legacy,
slab_limestone_platinum_8a9f8b16-c284-4627-939a-59230d9a4c1d,legacy,
slab_limestone_platinum_gray_60fcf236-ed24-4b0d-b4a8-951b8831ab11,legacy,
slab_limestone_platteville_0f2bf3ce-79dc-4804-82d2-8270238f463c,legacy,
slab_limestone_plaza_gray_80361389-1e88-44fe-b5fe-cc48ce6fdc8c,legacy,
slab_limestone_podeni_08b55dd8-92c1-4be8-accd-a1b8a9b6b808,legacy,
slab_limestone_pompignan_gris_b90b87ef-1ed5-48ae-ab2b-7a9945e7b7e0,legacy,
slab_limestone_pont_du_gard_7dc88852-49ed-4104-b34b-f44a21c3b8ea,legacy,
slab_limestone_pontval_bc746e8c-3541-4863-a288-fde45a4de98b,legacy,
slab_limestone_porsgrunn_a3bf49b4-0383-4d86-b212-624234a3156f,legacy,
slab_limestone_portland_blue_0d826023-ab2f-4058-976e-db539854df89,legacy,
slab_limestone_portland_grey_6c291b1a-c47d-4fbc-b795-18412ece6b46,legacy,
slab_limestone_portland_roach_63289dbd-2f5f-4060-910d-2333fd1b5913,legacy,
slab_limestone_portobello_8e38575d-bb7d-4751-9fff-515f9f76458b,legacy,
slab_limestone_pouillenay_gris_03256b49-1514-4d50-a3e5-06a53b043b12,legacy,
slab_limestone_prairie_shell_0cf7e9b0-d570-482f-94eb-7d630035ed57,legacy,
slab_limestone_premeaux_e87799e7-7a94-4813-9c8e-a48f1b3f8a41,legacy,
slab_limestone_premeaux_banque_d6e6589c-09d3-4621-9f93-8dc90b447ac4,legacy,
slab_limestone_priaclaro_a9937c58-8031-4d27-8d02-f0edb481cc01,legacy,
slab_limestone_pribylov_8e141585-1a22-4c22-bdb7-370dbbe0275e,legacy,
slab_limestone_provence_dore_f4f1abd7-e9c7-4a32-a327-ef7cd9c7a18b,legacy,
slab_limestone_purbeck_blue_92733c9d-ea7e-49e8-ba89-43ed0be9f19a,legacy,
slab_limestone_purdemurru_8e2f4751-fa97-4cc4-a8df-d632ed16ead5,legacy,
slab_limestone_qabatiya_4a3b9c7f-2a88-48d6-8bfb-638c66e6d4e4,legacy,
slab_limestone_qafe_shtama_3f805cd4-e090-4ceb-b4cd-e5c09e7242ac,legacy,
slab_limestone_qatranah_red_081df979-f3f8-4919-aa64-2a8405a7511e,legacy,
slab_limestone_qatranah_white_e64712ba-e4c1-4e79-b137-ead0ec588d57,legacy,
slab_limestone_rainbow_c5fc17b7-69e0-4acc-9185-3590fe741d18,legacy,
slab_limestone_ramages_20212f0b-da96-4c5e-af8e-3e56ff3dcbc2,legacy,
slab_limestone_rasotica_e79965a6-5bfe-438f-8397-d2b3180edee3,legacy,
slab_limestone_rattlesnake_2aa7193a-ee53-49d6-a93d-039457d98b90,legacy,
slab_limestone_rebecca_60190cd7-c422-472c-89d0-14b1e083c685,legacy,
slab_limestone_red_desert_71ac0d83-f1ec-48a4-8678-cd78e879b63d,legacy,
slab_limestone_red_jaemtland_5a3504d8-efa4-4076-a786-0267acf9898a,legacy,
slab_limestone_red_lorca_d613149b-f8b8-4204-b194-49e269e90c46,legacy,
slab_limestone_red_moneasaa_8d05122e-a072-40b6-81cf-921ff5686041,legacy,
slab_limestone_redheart_541953da-c8a8-4c47-b420-3abfc3f6d51f,legacy,
slab_limestone_reef_point_130142d9-8ee7-42f2-acdb-46880c00343a,legacy,
slab_limestone_relvinha_rv_7f964fc3-c833-4762-8d69-9fbf44ec160f,legacy,
slab_limestone_repen_classico_2ab47f6c-60c5-47c4-a300-2e0bbe20652a,legacy,
slab_limestone_repen_povir_cf59ebde-6842-4bcd-bf40-71f7a439c4a1,legacy,
slab_limestone_reval_3eabfac3-edd9-495f-8654-37c57a7ee8da,legacy,
slab_limestone_richemont_blanc_4506baf8-a15f-4f82-9fb4-9b4dbd5bcee9,legacy,
slab_limestone_richemont_bleu_28409eb0-83a8-45d6-ac86-7a3d4065bbda,legacy,
slab_limestone_rijo_a42780be-3fb3-4405-a93f-582f1718a177,legacy,
slab_limestone_rijo_do_codacal_6dc10544-ee54-4deb-8c33-9791186871ff,legacy,
slab_limestone_rising_sun_5693f16e-4d12-4c1e-a8da-a7dd33ef2950,legacy,
slab_limestone_riviera_beige_arena_31dae951-81ea-41ac-8206-007269cdb787,legacy,
slab_limestone_roche_de_bonifacio_91a4a832-c06d-443b-ac62-53683f25749d,legacy,
slab_limestone_roche_du_val_99ca978f-0406-4854-9e44-9f0d443d5080,legacy,
slab_limestone_roche_jaune_3c0eca31-1046-4741-98a2-041c166d53fc,legacy,
slab_limestone_rocheret_bayadere_ff2af521-5ad4-4826-afa0-936c46bfe0a9,legacy,
slab_limestone_rocheron_dore_clair_a2e33097-3ebc-4b66-a0f6-8a0d074de0c8,legacy,
slab_limestone_rocherons_beige_3e041dfe-b8ff-4882-91a3-1b43113f07d0,legacy,
slab_limestone_rocheval_e5e8e449-64a3-477e-8c7b-9624d6bf1870,legacy,
slab_limestone_rodez_8a6245fc-15b7-4647-ae03-5110fe2ea042,legacy,
slab_limestone_rosa_alcamo_50102a13-709e-4ee5-a58e-d1ed62a68394,legacy,
slab_limestone_rosa_lucida_af72d7bb-2d0b-43e1-a932-5b9e3f224607,legacy,
slab_limestone_rosa_san_marco_6d93831b-73be-4c38-920a-22ecb51230f2,legacy,
slab_limestone_rosa_zarci_9f66107d-1c99-44c3-a9e3-b7028c32a26f,legacy,
slab_limestone_rosal_ar_7db9e41b-fa2d-4f8a-aa69-4302fb488c87,legacy,
slab_limestone_rosal_b_407a72f0-8dfa-438d-9ae7-02bb1310f3fe,legacy,
slab_limestone_rosal_c_59a09c66-72a9-4e9a-89b0-4c3ccf9dd1cc,legacy,
slab_limestone_rosal_codacal_contra_580b92a8-94cf-4c92-8657-f8ab257410e9,legacy,
slab_limestone_rosal_dunas_2b21ce09-0b8f-479b-8555-6c70d773484f,legacy,
slab_limestone_rosal_original_a4ec0623-e3ff-4a4f-bddd-40e6529e5093,legacy,
slab_limestone_rosal_real_e70fd3ce-4e32-4167-992e-d350d346b3ba,legacy,
slab_limestone_rosal_t_73354620-5e35-4893-a711-0885e7f44b76,legacy,
slab_limestone_rosal_vogue_7b2122cc-42c2-48dc-a051-92402b1c8cd9,legacy,
slab_limestone_rosalia_85dfe086-4922-4edc-b61b-15514d369352,legacy,
slab_limestone_rosavel_eea3bfe3-32ab-462d-aea6-c47277528ffa,legacy,
slab_limestone_roscommon_blue_c6315764-04e1-48ef-a317-ed8a0c17ac82,legacy,
slab_limestone_rose_beige_f3c341df-6b15-4f37-9753-6d4d82be9658,legacy,
slab_limestone_rose_carla_a297dd7c-d07b-4d35-848f-0bd54b8ebe14,legacy,
slab_limestone_rose_de_premeaux_ba45fa3e-c38f-4efd-9eaf-9f797d1deba8,legacy,
slab_limestone_rosso_borneo_4183fdab-1e16-43af-bf24-31ac0a4ddf66,legacy,
slab_limestone_rum_beige_4567bab7-0917-41ba-8e3a-64f93c7fb369,legacy,
slab_limestone_rumiantsevo_5fd04602-4484-4e49-9ab2-1687cedd58c1,legacy,
slab_limestone_rumyantsevo_54f2c5e0-b408-457d-8b6d-55b4aa5865f7,legacy,
slab_limestone_rustic_beige_310398d6-b495-4982-bac8-3a26e5fa41c2,legacy,
slab_limestone_rustic_buff_9702125a-1942-4161-80f3-6d3e77783b45,legacy,
slab_limestone_ruwaished_37a2bc9c-d015-4676-922d-6c3f0276ce10,legacy,
slab_limestone_ruzica_cab3f628-5044-4677-adc2-ea7ac15a89b8,legacy,
slab_limestone_sabana_black_and_gold_cbabd543-b013-4b4d-8f53-45e072a1eadb,legacy,
slab_limestone_sabana_gold_4311002f-7c84-4b0c-99f8-d02c38f95ea0,legacy,
slab_limestone_saffron_4abca1ac-9da4-4c27-94e3-517f7007a15f,legacy,
slab_limestone_safir_beige_438a80a5-860d-4ddc-9aa5-753b54755582,legacy,
slab_limestone_sahara_gold_74943407-edff-4b5e-9c66-230d5d1db660,legacy,
slab_limestone_sahara_pearl_52be7c88-c1a5-45fd-a353-fbd52031753c,legacy,
slab_limestone_sahara_somon_05fdeb43-c41b-4102-89f7-b455da59a18c,legacy,
slab_limestone_saint_clair_fleuri_310a2739-6f31-4211-bc88-61351c059be9,legacy,
slab_limestone_saint_hubert_89cfd169-7149-4c43-9cd8-db4b45f3fc10,legacy,
slab_limestone_saint_leu_1783b0c2-a1b1-4267-96f0-215c3b2ceb3f,legacy,
slab_limestone_saint_louis_f39788b1-42e4-4b9b-bfa9-849ee06eda96,legacy,
slab_limestone_saint_marc_clair_19a32d6e-7f54-4855-ae57-10d2ed7056be,legacy,
slab_limestone_saint_marc_jaune_4ac3fe0f-f822-419a-a7c8-e0a4dd8a419d,legacy,
slab_limestone_saint_pierre_linear_2b38599e-a5ed-4150-8043-0a3ba3974409,legacy,
slab_limestone_saint_raphael_dore_018846fa-56ae-4878-a634-2e0335f99f47,legacy,
slab_limestone_saint_remy_29d12378-a277-4520-9e68-99655ec3aefd,legacy,
slab_limestone_saint_teodoro_2be905d9-6499-4ee4-a645-058f9d38b56e,legacy,
slab_limestone_sakura_cream_876ba197-ee5d-4800-ac64-155820a5f3f6,legacy,
slab_limestone_salem_gold_c931dbac-e552-4994-8abe-05b388eae861,legacy,
slab_limestone_salem_grey_05f093ec-01bd-4932-8188-b60f12ab5cd3,legacy,
slab_limestone_salterwath_67f1bc8b-75b6-4e9c-b844-8383cea6ee16,legacy,
slab_limestone_samarcanda_17a67802-5e0f-4774-acdc-dcd1c1b86ee8,legacy,
slab_limestone_san_girolamo_076275d6-a719-49cb-8f3c-d3b700f51753,legacy,
slab_limestone_san_lorenzo_e23b0fc8-5299-405c-b13b-eda72ff63cdc,legacy,
slab_limestone_san_mateo_fab013c6-db81-4fe3-aeb5-e8115f2e1189,legacy,
slab_limestone_san_miguel_71fcfee9-289b-41c7-90f3-cb5ec09124ec,legacy,
slab_limestone_san_pietro_dc222c12-3615-471c-b19c-a1597eafbf4e,legacy,
slab_limestone_san_remo_fossil_770e72d9-42f9-4b26-a43e-7ab04072b734,legacy,
slab_limestone_san_vicente_1013e3d7-fc31-4aff-8c42-b13ddf163aa2,legacy,
slab_limestone_sandbar_natural_612908c4-e366-4c1e-bf55-d6e47edb6d5c,legacy,
slab_limestone_sandstorm_c9685b7b-216b-4ab9-a990-ed6d23dc5008,legacy,
slab_limestone_sandy_cream_f5d1a12a-b919-44c5-95a2-dc7cc9e7c006,legacy,
slab_limestone_sandy_creek_5506d494-d393-41cc-b596-45ef69ce5019,legacy,
slab_limestone_sandy_p_ba756aa7-9159-4f44-a18f-0390ef96bcf4,legacy,
slab_limestone_santa_lucija_ccc34bbd-67f8-4918-9295-1dae291c1f3b,legacy,
slab_limestone_santenay_ba1f4c2a-df45-41ff-92de-03eadbc47439,legacy,
slab_limestone_santenoy_c5feef1b-8ebe-4f15-96ff-c5aa97f981c1,legacy,
slab_limestone_sao_rafael_gm_9f109b77-d252-4708-92a2-b7ef16db01b2,legacy,
slab_limestone_sarah_99b6d7bb-db16-41eb-81e8-895778cf2560,legacy,
slab_limestone_sarah_fiorito_3db0eb04-d9e7-4587-b2d3-2adb71d5130d,legacy,
slab_limestone_sarmada_a84049d4-bd73-4e62-9802-1796941ea764,legacy,
slab_limestone_savonnieres_2652ace9-3f69-478c-9adb-c9628fb8002d,legacy,
slab_limestone_schwarzenseer_rot_6b0a99c5-5568-4dc3-8bb4-4767fde7c286,legacy,
slab_limestone_sea_brown_8cc9cd12-3ecc-4fa9-b343-2fe0157b945f,legacy,
slab_limestone_sea_shell_178f949e-b45e-4d24-9c6a-21f489ca5191,legacy,
slab_limestone_sea_trace_fe15eaec-42ee-4a63-a0e3-d9192fdee2e1,legacy,
slab_limestone_seabed_gold_7ba9154b-7506-4ab2-a54d-3a16499cdcc9,legacy,
slab_limestone_sedona_ivory_f8c591b2-bf9f-48a5-9dda-bd05ef81d654,legacy,
slab_limestone_selen_light_b91e949b-9714-49b6-9b6a-9ae2dec787f2,legacy,
slab_limestone_selgase_grey_c78bc2a3-856c-4654-9463-5ae9c146fe9b,legacy,
slab_limestone_selgase_mix_247b4316-0665-4770-b554-15e2d9044384,legacy,
slab_limestone_selina_blue_40541974-3cdd-48e6-9487-c1b32af28ece,legacy,
slab_limestone_semoi_tan_e6a1d0ad-b5af-4554-8dd2-b17dd8d17e24,legacy,
slab_limestone_semond_clair_5b24e16c-e3a5-4a1d-8aae-bd71ee9ebc54,legacy,
slab_limestone_semond_jaune_0995f693-1057-4792-869e-fbfce806ea59,legacy,
slab_limestone_senesun_dc8f0c6b-7aa8-44b7-92b6-db352ee95776,legacy,
slab_limestone_serpentino_beige_325a1a47-eff9-471d-8942-a1811074b506,legacy,
slab_limestone_sessame_dd3d09f8-4f8b-488e-b0c7-b1acc35393dc,legacy,
slab_limestone_sevillia_2d1a73c8-80c3-4100-9e9c-3baca3ddb66d,legacy,
slab_limestone_shandong_blue_c953cf8b-0465-41d5-b20f-0966b7bbb41c,legacy,
slab_limestone_shangri_884676d0-be00-4696-aa5e-3f48589dc9a1,legacy,
slab_limestone_shell_beige_734c26c2-e7f6-4f87-bc7b-5c7ceac1a5f1,legacy,
slab_limestone_shell_reef_white_860f0d9c-fbf4-4254-92e2-ebe0489827e2,legacy,
slab_limestone_shells_reef_beige_6eab4654-4459-4f29-b35f-7c6685d0f834,legacy,
slab_limestone_shells_reef_caramel_a2db8fb3-de56-4ffc-926b-a86c879083ae,legacy,
slab_limestone_shells_reef_green_1f93beb8-7de1-40fa-91fd-efbd51101eef,legacy,
slab_limestone_shells_reef_pink_e167e7eb-6f79-43e4-9c77-d75778cbe0e2,legacy,
slab_limestone_shirin_976aeabe-57bf-4774-b838-902558f032be,legacy,
slab_limestone_sicilia_brown_0168d9fe-f33e-420e-9552-b21b028a2919,legacy,
slab_limestone_sidera_beige_550e58d1-e105-4178-9dd4-da73827e5ba7,legacy,
slab_limestone_sienna_c24ecd6c-e243-4be5-b323-bff4c0d61120,legacy,
slab_limestone_sierra_elvira_e726cd81-abc8-4cea-9008-7443cb2e9037,legacy,
slab_limestone_silit_e3a42c91-1b30-4c43-b247-6417d411cf3c,legacy,
slab_limestone_silver_blue_8cd47a28-c53d-47f7-a998-afb95e174772,legacy,
slab_limestone_silver_cloud_c9046447-aca3-4f08-80ba-7c6f596d7fc1,legacy,
slab_limestone_silver_fox_fcc05c9a-6694-4417-b3b6-9e4fd8e119bb,legacy,
slab_limestone_silver_shadow_94075ab3-ba47-4dea-904f-d0c7821c3f3f,legacy,
slab_limestone_silverdale_90f38fb0-a112-48c1-9e53-9f237121a1d3,legacy,
slab_limestone_silverwater_88d44770-9efb-448f-82ec-ad4a7aad9ab2,legacy,
slab_limestone_simena_5783000d-9c0a-4c83-a3aa-60cfa008d92e,legacy,
slab_limestone_sinai_pearl_light_6b0ee2b8-ae34-41cb-baeb-73b6cdc253fb,legacy,
slab_limestone_sinu_aquamarina_1ce3397e-6218-4d56-8d2d-c62985ec5f80,legacy,
slab_limestone_sinu_dark_e9289be3-7aba-4866-880a-5ae9dbfb7494,legacy,
slab_limestone_sinu_mix_ce9286aa-6dcf-447d-a2d1-825a73f24704,legacy,
slab_limestone_sireuil_hauteroche_beige_8fcde8ac-fda1-42fd-8a98-c90485494bb0,legacy,
slab_limestone_siyah_lale_841e51bf-088a-4fa1-bebe-0cabc37c1e82,legacy,
slab_limestone_skalyste_5edb9ccd-2801-4141-8ebf-8ad331cdf239,legacy,
slab_limestone_slite_1e4c703b-ea21-4939-b36d-9800b7fde513,legacy,
slab_limestone_smoked_fog_c2ecee81-9b2f-427c-b238-c85c9392303a,legacy,
slab_limestone_snow_hill_3fc3c960-5bd1-4f25-8bad-63a16666557c,legacy,
slab_limestone_sodervange_1243e2ce-9964-42f3-838e-0a34ac7da75a,legacy,
slab_limestone_soedervange_c6ebeb14-4043-402e-b9ab-b65e6b400e39,legacy,
slab_limestone_sombra_b21ee5d3-687c-4b3e-94f3-07dc6e398631,legacy,
slab_limestone_sonoma_white_fb7e48a2-dc29-447d-ad46-98a69a226d55,legacy,
slab_limestone_sonora_cream_cebe8d94-6cc6-4f73-a76d-ad14c2e47ee7,legacy,
slab_limestone_south_coast_dd152960-c8c0-447a-b9eb-0fa900dbaccc,legacy,
slab_limestone_spain_gold_336dd279-c821-466a-b9fa-4d08f842c4cc,legacy,
slab_limestone_spiced_linen_dbac6772-c2f5-48e7-8a4c-aab2327da514,legacy,
slab_limestone_springfield_blend_55f16ba2-c8b5-4943-bd2e-e969cfd9019c,legacy,
slab_limestone_spuma_beige_40aaa5c7-a605-4f47-85e6-066022381f2b,legacy,
slab_limestone_st_amber_ab297d19-aa82-4db1-9a36-6dff791c2164,legacy,
slab_limestone_st_benedict_1988a157-d66a-478d-ad03-e5d62857d264,legacy,
slab_limestone_st_briare_f5d18d54-e730-4b03-a964-9a1983e20623,legacy,
slab_limestone_st_etienne_9e32c266-bb80-4859-90a7-b13bf16205f3,legacy,
slab_limestone_st_florient_rose_2dad91c3-df9b-4af5-9a80-763f4f92ec76,legacy,
slab_limestone_st_laurent_indonesia_9b0389f0-ab01-45ae-ad51-f7b222df898f,legacy,
slab_limestone_st_mary_cream_9318b5e9-7d69-4c82-b002-ef2334974353,legacy,
slab_limestone_st_pierre_1fd85117-3cf7-4b10-a943-8dfe11f4c2f2,legacy,
slab_limestone_st_tropez_fee75658-17fa-440e-86b6-de2d08c812cf,legacy,
slab_limestone_st_vincent_cd5c5f1f-49b8-41bf-8173-b2c2418ad4d8,legacy,
slab_limestone_stanhope_black_a35d2c3c-4486-4788-b905-56027f493dc3,legacy,
slab_limestone_stanleys_quarry_bed_db661edd-4e6c-4926-ab7e-9a3e7154a095,legacy,
slab_limestone_starlight_b5c16e8d-d8a5-49a9-ae2c-50192694afb3,legacy,
slab_limestone_stoneycombe_0d7c1b03-c2f5-4853-bc77-cd8b795656e8,legacy,
slab_limestone_sugar_beige_14190592-a810-4175-a117-581468b9779a,legacy,
slab_limestone_sulawesi_pink_2b887a9a-4b04-4bd1-880d-ec2aaa79a1de,legacy,
slab_limestone_sumartin_34ceabfe-ccb0-45b3-b219-297cafbc9123,legacy,
slab_limestone_sunset_pink_5d03f036-9da5-4c45-a081-80f028bb53dc,legacy,
slab_limestone_sunset_red_1450decb-a0c7-4e90-bd7e-a96d0d81de49,legacy,
slab_limestone_sunshine_gold_41281c04-67b9-4408-9e70-98412528633e,legacy,
slab_limestone_sveti_petar_cb66aec6-3c23-4147-84a1-b0e20c3670ad,legacy,
slab_limestone_syriana_16d44db7-99cf-45c0-a325-51074c4a0100,legacy,
slab_limestone_tafel_be6e49f2-25d3-4e78-b43e-4e60d2824152,legacy,
slab_limestone_taffouh_65811057-5327-43e6-b5e9-d1c36868f136,legacy,
slab_limestone_tamala_edbd504d-d432-46e8-b3c1-114f4d678e56,legacy,
slab_limestone_tandoor_blue_068cff32-c394-4298-b358-f14bdfb0e32c,legacy,
slab_limestone_tandur_yellow_634e85ca-38c6-4cfe-b834-b87b14e45d87,legacy,
slab_limestone_tarh_choob_mika_3a4a4db6-3200-47de-b372-9f764d545481,legacy,
slab_limestone_tavel_ivory_a1a27206-9a38-4b83-bafa-547652812ced,legacy,
slab_limestone_tavel_rose_26ea5e30-350f-4809-9195-4a64036476af,legacy,
slab_limestone_tavira_dourado_829945a1-bcd8-4764-80d0-8a5d70a1b19b,legacy,
slab_limestone_tempus_19dfe7dd-f6d4-4e08-aa06-70f9e0686344,legacy,
slab_limestone_tenelija_20b9744c-925d-4749-bb5c-e36095af3e3c,legacy,
slab_limestone_tennessee_imperial_black_a0649d22-b47e-42af-8620-83b2de7e1ba0,legacy,
slab_limestone_tenniken_04192689-cdda-4a88-a500-b7818981311f,legacy,
slab_limestone_teriesta_light_1d35539a-faf3-4683-9369-1108522c3087,legacy,
slab_limestone_terra_coral_d162978e-944b-4161-9163-cdf09efb2a7d,legacy,
slab_limestone_terra_honey_5894d856-6781-4e75-b4f0-8cf588b38612,legacy,
slab_limestone_terracota_da7b00d3-430f-4eec-ad81-4bec4ed3aebf,legacy,
slab_limestone_tervoux_67bcda1e-2c1f-4453-99a9-a27d719a23a8,legacy,
slab_limestone_testa_601b0f77-2526-47b1-a4ab-ac41826279d7,legacy,
slab_limestone_texas_cream_4d3974aa-2356-418c-a9a2-a338fabf6994,legacy,
slab_limestone_texas_pearl_41fb2e7e-d3cb-4456-aac9-702630f312d1,legacy,
slab_limestone_texas_sunset_ebd92232-6af1-4cae-9e1d-0a7ceefe57c9,legacy,
slab_limestone_texas_white_4ef076ec-54ed-417c-8548-ce2156e1b376,legacy,
slab_limestone_thala_beige_coquillage_7a5263e7-5665-4869-b6b8-d6911e982f36,legacy,
slab_limestone_thala_beige_veine_fleuri_e8e43c63-27f1-4664-aa28-4afe0a86424b,legacy,
slab_limestone_thar_grey_abfbf9d9-7382-49e3-8d66-13e2ddc7b3e3,legacy,
slab_limestone_thara_29433e96-b234-4a56-8a09-1b4e22cb2caf,legacy,
slab_limestone_threecastles_5133c999-6f00-4309-9272-86eb8c7c8d2a,legacy,
slab_limestone_tibet_gold_1b086f18-3d3a-4773-a5fb-5ce4e3a6073b,legacy,
slab_limestone_ticul_gold_2df5b4aa-bef7-4e79-add5-915f606df7d3,legacy,
slab_limestone_ticul_naranja_0e62b3d8-795d-4f0b-a769-a27a0edda947,legacy,
slab_limestone_tiger_5fd9c749-3f3a-4751-aa46-23332825af18,legacy,
slab_limestone_tiger_gold_15a7c313-6a10-4184-ba9e-a0164dd7bfb2,legacy,
slab_limestone_tigre_beige_7b92537b-5ad8-4ce0-b814-6f4dd3cc623c,legacy,
slab_limestone_tina_f323fe03-4143-4920-b394-996eaed9d752,legacy,
slab_limestone_tippy_beige_9dee2db6-2a7d-470a-a402-5d4fa9b71467,legacy,
slab_limestone_tobza_yellow_20b6ea5d-4709-4ff3-a616-715bb4ea71f9,legacy,
slab_limestone_togma_beige_2f3a2e80-90e2-4b5f-9864-9dbacfc3630c,legacy,
slab_limestone_toplic_6d40bb21-5b04-4e75-86b2-23e66ea9a9f5,legacy,
slab_limestone_toprak_cream_e751fdde-f79f-4912-9c8f-1bbedfd802cf,legacy,
slab_limestone_tounga_beige_9b401572-45a4-40b0-ad87-fcb0c8ca6922,legacy,
slab_limestone_trahyte_114da971-d8ab-4b87-9c55-e135ac8bb308,legacy,
slab_limestone_trani_bronzetto_07682580-f6ba-4ce8-9eee-a417dc4bb4cd,legacy,
slab_limestone_trani_cocciolato_a0e0f96f-ecdd-46a7-a56f-050ae609ac07,legacy,
slab_limestone_transilvania_bicolor_4370ed37-c511-411c-abcb-f7800f8031d3,legacy,
slab_limestone_transilvania_gold_9cc12d2b-293b-48e6-943d-c8def67d6161,legacy,
slab_limestone_transylvania_brown_12ac18f4-af6b-43c0-b9d6-0c72c106ae8d,legacy,
slab_limestone_transylvania_coral_468e3cb7-3913-4905-b05c-5e888d588821,legacy,
slab_limestone_transylvania_deep_coral_1b3b15d5-4afb-4dab-957d-e03e89501e65,legacy,
slab_limestone_transylvania_rice_47f51871-c4a5-4e1b-a56f-2be94db00e4e,legacy,
slab_limestone_transylvania_v_gray_556fb856-9d68-4890-80b7-8f554ac11844,legacy,
slab_limestone_triesta_grey_d9568eb7-c958-4bbf-a7de-7827048c6936,legacy,
slab_limestone_trieste_14729d42-0859-4472-b023-8dcf23d6b4e9,legacy,
slab_limestone_tsarevo_a2d62a5c-dac2-41d7-aa83-70355a898497,legacy,
slab_limestone_tuffeau_95c75397-bd4a-46f6-ba65-1bca4e019629,legacy,
slab_limestone_turtle_brown_a59c3264-f012-4a7c-bcd1-4945d11f47cd,legacy,
slab_limestone_tuscano_clasico_94bef53c-152f-482f-9ab8-7926acfed94d,legacy,
slab_limestone_tushevski_820e4af2-458a-4c85-899c-4a87aa74b53e,legacy,
slab_limestone_umtstone_b6ae3cb3-4318-456c-b6d6-afd5a2315dd4,legacy,
slab_limestone_ungru_75f44d80-711d-4e6c-b000-958e6cb8fed4,legacy,
slab_limestone_united_beige_6e4a30d2-2868-4079-89c1-7c235b05614c,legacy,
slab_limestone_untersberg_rot_1364addf-f01d-4b6c-965c-b21d7030a5ab,legacy,
slab_limestone_untersberger_forelle_64fba75f-abd9-4a3c-957d-cf79791e558f,legacy,
slab_limestone_uxmal_ab67fa43-37db-4b2b-ac10-18f422adfcd6,legacy,
slab_limestone_valanges_c079165f-8369-4959-a22b-4188c59abcb5,legacy,
slab_limestone_vallangis_jaune_342fc473-5a6c-47a8-8cf7-14855f07ba77,legacy,
slab_limestone_vanak_e0e66959-49fc-46df-a2ff-6f0f3020f75f,legacy,
slab_limestone_vasalemma_9251efc9-1af1-4a80-a887-dc5246bfe54b,legacy,
slab_limestone_vatel_blue_245dc7b5-06f3-4579-bc5e-d6859f4cc935,legacy,
slab_limestone_vauban_067d839d-924a-4d62-943c-1317a6d32187,legacy,
slab_limestone_vaucluse_f94a991d-4849-4ca2-9ab0-b410217659a8,legacy,
slab_limestone_venezia_c4dc8e7f-8324-4e07-a1a7-9793c656e65d,legacy,
slab_limestone_venus_beige_167456a8-7d21-4a8c-b31b-37cff7d0cbe5,legacy,
slab_limestone_venus_grey_eb70cae4-43e3-4d54-80ee-0ea823c0fe5f,legacy,
slab_limestone_verde_caceres_26376f3a-7fff-4305-a1db-c1c9da041969,legacy,
slab_limestone_verdoval_c564b25d-49b5-4627-8a36-a5e7f4f41ef7,legacy,
slab_limestone_verona_cream_d264ec2a-af7e-4890-965a-73789fed7105,legacy,
slab_limestone_verona_fossil_eaaca981-830c-49ca-b091-e70654940811,legacy,
slab_limestone_versailles_cream_2accca35-7a14-4861-a979-66fe67d60e34,legacy,
slab_limestone_vertigo_de212699-8271-46fe-92f6-f0c9c16d8976,legacy,
slab_limestone_veselje_fiorito_19a4e04e-c8a9-46b7-b0cf-7f626856b680,legacy,
slab_limestone_veseljko_e2750364-bb08-4aa1-a269-8cbcbb9e9f71,legacy,
slab_limestone_vidraco_ataija_beige_be485e1b-6911-4e7e-a8bb-65c7f040a1a8,legacy,
slab_limestone_vidraco_ze_gomes_9ce376a1-95cf-4c04-87d8-860a5c80093b,legacy,
slab_limestone_vienne_gris_908272ed-f236-4cab-afae-1b82bfb96992,legacy,
slab_limestone_vieux_monde_c95bd6c3-1527-4c57-bbdc-40ad87b3f918,legacy,
slab_limestone_villebois_jaune_28744261-3bfd-4936-9a02-e464b417408d,legacy,
slab_limestone_villon_1239c6ac-0dc6-4dad-ba05-b60bd06d17fb,legacy,
slab_limestone_vincent_gris_6beae784-9335-4888-a438-a5939a2a44ff,legacy,
slab_limestone_visocani_unito_7bf0a10e-74a9-40a3-bfd6-d1672700073a,legacy,
slab_limestone_visone_65007419-3c78-4c18-8f8b-c7336a514f0d,legacy,
slab_limestone_visso_montenegro_1dbae3e0-f1b7-4d3c-94f5-09d993ad75c8,legacy,
slab_limestone_vratsa_varovik_acb8eafd-9482-4abf-8a28-f7ea33fd3c27,legacy,
slab_limestone_vratza_6c35fcd7-a374-4971-86b5-495352d82d36,legacy,
slab_limestone_vrsar_verdino_f10c903b-3320-4ce8-b905-de9f6896bbdf,legacy,
slab_limestone_wa_2ce5aeda-a130-4be6-8df7-6d1d03e9080a,legacy,
slab_limestone_wachenzell_7958cbc5-1f21-4b35-a8f9-f4bdb4aae758,legacy,
slab_limestone_wachenzeller_b28afcd9-a5dc-4e6c-97b0-fcaa0b988107,legacy,
slab_limestone_waikerie_6d907553-d76c-4706-b63b-2a9158164736,legacy,
slab_limestone_wallace_creek_1016603d-b122-496e-b08a-d4be5d0bfee6,legacy,
slab_limestone_walnut_brown_013ec087-b8f2-4c2f-a5a3-cfbfe102f6a3,legacy,
slab_limestone_wapanucka_oolitic_4ab1dc4c-671a-447f-ae33-597fa6f34429,legacy,
slab_limestone_warm_beige_331bd43c-25cf-4c2d-a2ad-2a9151f49e34,legacy,
slab_limestone_west_e0a29f42-ab4b-4508-b3f8-37c9ea2b7466,legacy,
slab_limestone_westhill_be70f912-549f-49d0-be32-171b7e39ba27,legacy,
slab_limestone_white_castle_80c9c352-7066-4c38-b91e-dad5a85e8592,legacy,
slab_limestone_white_cheese_24da564b-99a3-4221-8868-f8ec5e19e012,legacy,
slab_limestone_white_desert_825ba8e5-9755-4e2a-a0cc-971df5b5e64f,legacy,
slab_limestone_white_fossil_6748c468-75c0-4613-b76c-527ab093447e,legacy,
slab_limestone_white_grain_c6817fb9-e7e0-40ed-bc2f-2e5cf15dab96,legacy,
slab_limestone_white_java_d5f0f046-4d97-4105-ab67-ab723fb470f7,legacy,
slab_limestone_white_lymra_0fa16d0c-e846-4618-ae59-d74a036885ed,legacy,
slab_limestone_white_minho_7fde8fca-29e0-4d9f-a4c2-0da56196d939,legacy,
slab_limestone_wiarton_light_381750ce-eb04-4137-895d-e8423870cb50,legacy,
slab_limestone_windsor_white_974b8bb7-d600-47c2-af3b-63caf2990816,legacy,
slab_limestone_winfield_1d40c9ea-e892-4f45-9355-5e5397f99e67,legacy,
slab_limestone_xishan_white_dew_430ab0f7-ba18-4439-ad55-697e18c07285,legacy,
slab_limestone_yamburg_d7cd463b-661c-4d74-a723-4b419ad400ce,legacy,
slab_limestone_yana_431941ac-d42f-4ba2-b882-c36075d3374f,legacy,
slab_limestone_yangtze_river_c9dfdd40-89f5-450a-b385-710c5763d967,legacy,
slab_limestone_yatta_yellow_27c33f11-cd4e-4824-9ae5-4fc3c6813a85,legacy,
slab_limestone_yazir_spider_beige_50a6e3f2-cf4e-4c5b-9418-7614ea1f42ff,legacy,
slab_limestone_yellow_fa9c0098-392c-46c0-89b4-d86cffe82338,legacy,
slab_limestone_yellow_breeze_c513d023-2a5d-42db-b410-2ead85d71e3b,legacy,
slab_limestone_yellow_diamond_947051ac-5baa-42cf-8b8f-efae7617ccbe,legacy,
slab_limestone_yellow_grey_a5cc5098-3532-4cee-8776-7fb59d63ecbb,legacy,
slab_limestone_yellow_meche_61e2f75d-85c9-41de-b183-cd34ca257601,legacy,
slab_limestone_yellow_rubies_cd5d8be4-b18f-40bc-a4db-5112d03273a8,legacy,
slab_limestone_yellow_sun_04ad2f52-51cb-49e2-9b9c-2c512144f63a,legacy,
slab_limestone_yellow_sunset_196b5d0b-f9b9-436e-936b-b65efcc52f24,legacy,
slab_limestone_yellow_touch_0006f135-6347-44c7-8d6a-d4261aecf9d3,legacy,
slab_limestone_yorke_peninsula_8584dc49-a512-4ba0-abe2-789c8663fc2a,legacy,
slab_limestone_zalat_3f9d2cb8-2aff-4b6e-a5e6-74ffff9ec3a5,legacy,
slab_limestone_zazia_2ea5afcc-6daa-42b3-8650-eb3652463f99,legacy,
slab_limestone_zecevo_fc52fa91-c4f5-4670-9f01-b0b17579a6f4,legacy,
slab_limestone_zhenfeng_wooden_2c06bbf1-a0c8-4ccf-89a3-9d319d6ea222,legacy,
slab_limestone_zhetibaiski_d8f686e3-80e5-4ff8-ac0c-36432e140fe5,legacy,
slab_limestone_zola_grey_7e5891b7-b8cc-4c79-907d-ce12e90415fd,legacy,
slab_limestone_zygmuntowka_b09aa544-6761-4f3d-99c6-2765e728f434,legacy,
slab_marble_afyon_white_71c6e3e9-7d21-4e14-b01a-3e7669e2ae21,legacy,
slab_marble_arabescato_1124daeb-28e7-48c2-a1b8-0c79a48c1976,legacy,
slab_marble_azul_cielo_b3da7960-9a57-40c6-918f-a1648d6afc95,legacy,
slab_marble_bardiglio_c0722745-0e82-436b-b36e-890e07f16d68,legacy,
slab_marble_bardiglio_nuvolato_4b33630c-5a47-4268-9a10-aae9fdfba210,legacy,
slab_marble_bianco_lasa_lasa_white_de4b39a3-90ec-4f29-b5ae-510c232feaaa,legacy,
slab_marble_bianco_venatino_c62a711d-9044-47ba-bdb6-84f799a97400,legacy,
slab_marble_botticino_9fd7db9a-5575-4606-96f2-057a30bdefa2,legacy,
slab_marble_breccia_capraia_97e49a84-26f4-40d3-9853-66b7c7615e95,legacy,
slab_marble_breccia_oniciata_aef73514-5496-4d78-9e6b-d4466fbf18aa,legacy,
slab_marble_breccia_pernice_f5bceefd-eda4-4bc2-ba36-4892474f1a86,legacy,
slab_marble_calacatta_c912e4ae-12c7-4b54-97eb-21cf0381fdbb,legacy,
slab_marble_calacatta_gold_be2e39c8-249b-4406-9bfe-5b8f1d1ff147,legacy,
slab_marble_calacatta_viola_fd2f22c3-7637-4a84-9f5b-4faf1ec32781,legacy,
slab_marble_carrara_bianco_carrara_70ec61cb-4afd-41ea-a7ab-299974b2871e,legacy,
slab_marble_cipollino_9269a093-376d-4497-b110-fec585d33b55,legacy,
slab_marble_connemara_irish_green_cca7afd2-9004-42d8-8996-882334fa6644,legacy,
slab_marble_crema_marfil_b5c59843-7554-47d1-944e-1ba14f8ed186,legacy,
slab_marble_crema_valencia_ab441fe6-9ee9-4427-8369-39f26251f8c8,legacy,
slab_marble_daino_reale_6f4ede82-79ea-41ae-a389-d4466fc08211,legacy,
slab_marble_emperador_dark_8492b085-c1d4-4840-b406-6a8581bdb0a1,legacy,
slab_marble_emperador_light_57822e33-8f50-43bb-b4d0-45edbb106d06,legacy,
slab_marble_fior_di_pesco_1a7645b6-ae62-4521-bb4f-b0f5fca3bc7f,legacy,
slab_marble_forest_green_76ac58d7-5576-4d5e-b59c-ab2fa7fe7088,legacy,
slab_marble_giallo_atlantide_ae6366f8-7c29-4457-ad6a-4daed30e9377,legacy,
slab_marble_giallo_siena_f464e042-f9e4-4b06-a8f0-b8dd8fbaa2bb,legacy,
slab_marble_grey_impero_364b163a-4252-47ab-9695-69e2b42f065c,legacy,
slab_marble_marron_imperial_236d3e80-e8f9-4e67-b2d8-a8f4cab58f59,legacy,
slab_marble_mugla_white_e9e28c5f-c994-47ad-81b8-419018dca882,legacy,
slab_marble_mystery_white_ice_white_7bcc20ed-e3d8-4bd2-95f8-996dd919e9e2,legacy,
slab_marble_nero_marquina_9ed571ff-29ed-4edd-b1fd-54f0ca71123a,legacy,
slab_marble_nero_tunisi_1cfdc043-2c03-4f46-8b8e-732c92928814,legacy,
slab_marble_ocean_blue_ab8f39ba-15e2-4f50-8a78-2d6081d3e114,legacy,
slab_marble_palissandro_palisandro_dc626bbf-b19f-485c-892e-0dc8635b7789,legacy,
slab_marble_paonazzo_40962366-d80a-4430-92c4-77ffc525717f,legacy,
slab_marble_perlato_eb57c845-b149-4243-8b37-5a914e41b5c5,legacy,
slab_marble_pietra_grey_49c19a4f-a610-4fd4-8c0d-8e2388d1250b,legacy,
slab_marble_portoro_black_and_gold_faf32e70-4bb6-4136-a4d4-bbc8ef46acac,legacy,
slab_marble_rain_forest_green_e74625c3-4e25-401e-866c-006baac87d55,legacy,
slab_marble_rojo_alicante_10b8b5cf-dd4a-47aa-be00-9c3c62426d65,legacy,
slab_marble_rosa_aurora_0d5e18e0-ea15-48fd-8a2f-eb2a8c1c0733,legacy,
slab_marble_rosa_portugal_bb93bd35-8b83-447b-acbd-be844a245c8b,legacy,
slab_marble_rosso_levanto_6e718d42-6092-4c22-8f32-10ae8d697d4b,legacy,
slab_marble_rosso_verona_75ac01f4-346d-47b0-99b0-67acaf6d0d5f,legacy,
slab_marble_sahara_noir_9e78b878-5f80-4833-9da9-ba6a7dad7b8a,legacy,
slab_marble_serpeggiante_b14b03e6-3d84-4732-8b0b-35697e658272,legacy,
slab_marble_silver_travertine_marble_78b6999b-9052-4782-8d55-755bdabe5a17,legacy,
slab_marble_silver_wave_silver_shadow_cf266ca5-78e3-4c1e-8eaa-22d9f8cc8c24,legacy,
slab_marble_statuario_27e1302c-8afe-4925-8713-4f56da586420,legacy,
slab_marble_thassos_806c42bc-4f00-48f6-a952-c707712585cf,legacy,
slab_marble_turkish_blue_5cee2590-7207-4f31-9ea2-76deeef21270,legacy,
slab_marble_verde_alpi_d82bc462-aaa8-44ac-a1fd-80e3dc7596e9,legacy,
slab_marble_verde_guatemala_26c0ccda-ea02-4945-a5e1-5b117f93a20f,legacy,
slab_marble_verde_issorie_549de6da-a1e0-4ebf-8c3d-76336e4bcd74,legacy,
slab_marble_volakas_0a662110-822d-48bf-b173-44cb20ac532a,legacy,
slab_marble_guangxi_white_dbff9295-d90f-441e-974d-9d0868e2b455,legacy,
slab_marble_xiang_xue_white_ed3b0564-7f55-44ba-bf2e-24996e046443,legacy,
slab_marble_colombia_white_70060be3-0a51-4d6c-b8c5-4461becff48a,legacy,
slab_marble_crystal_white_f6bf1144-e2fa-4706-ad3c-6c73d937b2d1,legacy,
slab_marble_panda_white_dcf59d97-8319-413b-8c12-bc98c209f8e6,legacy,
slab_marble_oriental_white_113d8e65-1904-4c6a-b550-bbb275e7a584,legacy,
slab_marble_eastern_white_876ff68d-12d8-419d-8665-cb10c8642746,legacy,
slab_marble_earl_white_09629ef8-0aaf-4e5a-9715-81516d0f673f,legacy,
slab_marble_fine_vein_calacatta_4f82cea0-6ae6-484f-99a2-550868998737,legacy,
slab_marble_caddy_grey_c46ef93b-e52d-4fb9-85ed-6dcc621777a6,legacy,
slab_marble_silver_white_dragon_9fdb0878-38cd-4633-9be1-1a94dc046f6a,legacy,
slab_marble_star_grey_e53acafd-3c15-4d1c-9b90-277743f17ded,legacy,
slab_marble_wooden_black_marble_d0cfc749-402f-428b-9a5d-2762537f71e7,legacy,
slab_marble_lafei_impression_09822ae8-2048-417c-8f19-c1c9a64021cc,legacy,
slab_marble_bulgarian_grey_d61058e4-b188-4d1f-a4f1-79d97a3cc47c,legacy,
slab_marble_armani_brown_4b7a4284-c1dc-4da3-9695-ffe17e0adaad,legacy,
slab_marble_coffee_wood_grain_c29b2771-6073-4e08-af2a-4b89ae72074f,legacy,
slab_marble_savannah_grey_de26d946-0015-4880-a50a-802cb9c5f156,legacy,
slab_marble_athens_white_35b3672b-c9db-4022-b0ee-fe42264b664c,legacy,
slab_marble_royal_white_1e5e1f31-a42f-49e0-814f-94daf3fbe7a5,legacy,
slab_marble_abadeh_amvaj_a39b5bce-e12d-4d4e-882d-46ef858dccb4,legacy,
slab_marble_abadeh_done_berenji_a890e57f-c410-4b06-b6a9-8f8d8a3b3386,legacy,
slab_marble_abadeh_iraji_e62a092b-c201-4397-bb0f-99f65ed7378c,legacy,
slab_marble_abadeh_samimi_fb62785f-ca75-4601-b8f4-dbfcfed8c8f9,legacy,
slab_marble_abayuba_1d9108a6-85ce-4767-81c7-834e4883edcc,legacy,
slab_marble_abba_grey_56c0e13a-6b41-4499-87d0-35501474202d,legacy,
slab_marble_abshoye_gray_670ba63e-f05e-476e-9002-00397a2e7712,legacy,
slab_marble_absolute_white_6730ec7b-44b4-4089-afd4-d25066dba7b4,legacy,
slab_marble_abu_figurative_a0cb5b81-ad04-40ee-887f-277947fbe9ec,legacy,
slab_marble_acadia_white_4a69afac-0ac8-4822-81f9-dca461147764,legacy,
slab_marble_aconcagua_51c1fc9d-ef1d-401c-9dee-c2b582d46704,legacy,
slab_marble_acoustic_gray_34f13aa8-7ae0-4cbc-81ff-77087fda610a,legacy,
slab_marble_acqua_bianca_61a307de-8134-41e8-9479-c6eee96eb5e6,legacy,
slab_marble_active_beige_f050a28e-c53f-4d2f-b54b-dbbd02ed9a51,legacy,
slab_marble_active_gray_1a9f6006-a765-4cba-a139-47afcc790bdd,legacy,
slab_marble_ada_beige_321c736c-3e66-4300-8124-9f5e466dda0e,legacy,
slab_marble_adara_7997d7c3-0ccd-4952-9ecc-d552e5ad03b7,legacy,
slab_marble_adavi_41234a44-944f-4a7e-a120-ea06d336a514,legacy,
slab_marble_adela_bb2f5a7d-cb84-4625-b08c-3c9be23d6688,legacy,
slab_marble_aden_dark_0e481396-03b6-4267-b05e-47a3e01e9fe5,legacy,
slab_marble_adin_silk_6027ef7c-0d48-49d5-8edf-f7ce9683451c,legacy,
slab_marble_adiyaman_beige_50cf51cb-3d0c-46e1-b128-a6632dd5ebf2,legacy,
slab_marble_adiyaman_emperador_5a44d855-7845-44f4-89e1-b56e65fca404,legacy,
slab_marble_adonis_beige_380e336f-50f0-446a-b2ea-5e38404fcfcc,legacy,
slab_marble_adranos_black_942a62b9-68a9-4903-b540-81c29e8b55f8,legacy,
slab_marble_adranos_cherry_4627ba8a-0a76-478e-aa5c-fcda773b28a6,legacy,
slab_marble_adria_mink_4660944c-fa83-4f4d-99c4-a73152369e41,legacy,
slab_marble_adriatic_black_86146d96-c3f6-40a5-bd75-95f3c95c7aa4,legacy,
slab_marble_adriatic_blue_d43ee58c-c753-4d13-a918-6792ab54e174,legacy,
slab_marble_aegean_brown_8bc0b642-a84b-4f53-bbe1-b923738967d3,legacy,
slab_marble_aegean_cream_61bb535c-10e8-4e77-bacc-c3d617644ee2,legacy,
slab_marble_aegean_dalmatian_9dd716de-bbab-4631-ae16-27ab8803e963,legacy,
slab_marble_aegean_dream_dc272a66-1c29-49aa-98f4-b3495ce52bc6,legacy,
slab_marble_aegean_grey_light_4eb8cd0e-2181-480b-9968-71283a471d15,legacy,
slab_marble_aegean_light_beige_2a0f2193-a2a6-42f4-9d26-7bb2c7e0c843,legacy,
slab_marble_aegean_marina_b3fad542-0f69-457f-b0b3-e86cf9f1e5b7,legacy,
slab_marble_aegean_rose_dark_8bdb821b-d9b0-4f16-a89c-6159c569c393,legacy,
slab_marble_aegean_rose_light_f80b6a83-d846-4e3a-b081-e81fe909d1d0,legacy,
slab_marble_aegean_spider_90a2313c-aac4-4518-9bb8-54cb47da93a0,legacy,
slab_marble_aella_fc027be2-2f04-4c8c-a91b-3000c3b2a4d5,legacy,
slab_marble_aero_cream_5930d38e-544d-4501-a285-71ffff3c08f0,legacy,
slab_marble_aerolite_197da691-9376-446e-bf09-ef51c81863af,legacy,
slab_marble_aether_9a59dda1-2714-467c-967b-721b7b2c2331,legacy,
slab_marble_african_beige_7d53295b-0edc-468e-be3a-f91f3de079b0,legacy,
slab_marble_african_black_043eb284-4c99-4fc0-9395-1429ce5fddd8,legacy,
slab_marble_african_colorful_4f7f0f44-2c30-467f-8c86-d4f199333665,legacy,
slab_marble_african_nero_portoro_8cec8282-0e28-44d3-b474-43e7b77dcce9,legacy,
slab_marble_african_palisandro_43667c4a-b3fe-43c3-8511-127bb2b825f6,legacy,
slab_marble_afrodite_brown_e1e7fbce-0128-4bd1-b5db-7e2bb4fcea41,legacy,
slab_marble_afyon_beige_4847a4e7-41e3-462e-ac2c-5faf401b75dd,legacy,
slab_marble_afyon_black_1186d9fb-a70e-4832-b52f-1a8596814857,legacy,
slab_marble_afyon_dark_beige_476e8a5b-3ee0-4aa1-b6fa-35fc0037fdcf,legacy,
slab_marble_afyon_gold_3d7ffcc8-c145-471a-af67-be85fe7b2764,legacy,
slab_marble_afyon_lilac_sugar_193571ec-3c9b-4a4b-ae95-d072921a60a9,legacy,
slab_marble_afyon_moonlight_5e398fc1-29a2-4e0a-b40d-2789a3bc31b3,legacy,
slab_marble_afyon_porto_6b053cfc-11e5-4ccf-9633-ce69afe3ba56,legacy,
slab_marble_afyon_silver_b2cf0151-a923-4403-96c0-a6ddf5bb745b,legacy,
slab_marble_afyon_sky_8b7fc302-3f1c-408d-87e7-7f83ed7d856a,legacy,
slab_marble_afyon_sugar_white_75a97648-29d2-4d2b-a8d9-55bd33033d8b,legacy,
slab_marble_afyon_white_billur_0b973a5a-b078-4726-91c8-5b701205773a,legacy,
slab_marble_agean_grey_85dff255-2ba1-4a3b-a406-0f97d684848c,legacy,
slab_marble_agora_962a9f80-dba8-4fae-a154-b865b59cb685,legacy,
slab_marble_agora_brown_45e9ee87-3bfb-492f-afed-53a1c6f52be1,legacy,
slab_marble_agora_grey_e362fe12-854f-4565-bf35-3e75d3dd0c1f,legacy,
slab_marble_aguarela_598d544e-e492-4f77-ba29-54b3252f72b8,legacy,
slab_marble_aiantas_f4b0603b-1747-4ef0-901e-3e61b8a73056,legacy,
slab_marble_ajax_537031d4-d0fd-4006-86b0-07f5247a97ad,legacy,
slab_marble_ajax_white_505fbd89-f7ec-48e4-8e18-4bbb1ed17505,legacy,
slab_marble_akcadag_beige_d6996e3e-15e2-4de0-ba9e-eeb9dd9706f9,legacy,
slab_marble_akmersan_beige_c1c46f53-c45f-4e56-9b68-27b9d3456e01,legacy,
slab_marble_akmonia_silver_42ef6a6e-b171-4413-be6e-1075d68aa783,legacy,
slab_marble_akoya_71ce160a-3c8b-4f25-a87e-006663eb1420,legacy,
slab_marble_akpinar_beige_88a3a05f-230f-469e-9fef-672d689e99bc,legacy,
slab_marble_aktan_grey_cc491788-7066-4fdc-b2b5-05be891693d9,legacy,
slab_marble_al_abbas_pearls_83c62a30-48f3-4bfc-83c4-9176da71d314,legacy,
slab_marble_al_mokhattatt_4480c904-7d2f-4323-87de-73c9e6dc1c3a,legacy,
slab_marble_al_suwaiq_ca4999ce-b75e-4757-8902-46755de0889d,legacy,
slab_marble_ala_carrara_9d3cd319-d08d-4a75-aa4a-00febb1d1627,legacy,
slab_marble_alabama_creme_9326a778-da23-48f9-8c39-9b3eccb14e2f,legacy,
slab_marble_alabama_rose_e59e4f05-144c-4bf1-aa57-ce28eae33238,legacy,
slab_marble_alabama_scuro_3f70bd28-61c4-4d78-aacf-3fa32aac6311,legacy,
slab_marble_alabama_vinculus_dd8cd1ed-df91-4fa8-8245-9f364d86a755,legacy,
slab_marble_alacakaya_aliento_a22bc6a3-5180-4534-8f47-9dea3625e040,legacy,
slab_marble_alacakaya_cielo_e933d2e1-8d71-4637-a7e7-811fe49cbb42,legacy,
slab_marble_aladag_grey_ac9aa9a4-24a5-4fed-a643-639e0159e534,legacy,
slab_marble_alanya_light_emperador_95e8824d-76ab-4fa3-b1c5-bd7a16b44582,legacy,
slab_marble_alanya_portoro_1a5791bb-40cc-4675-84e1-5f8f503688d9,legacy,
slab_marble_alaska_white_4fd5304b-d63a-4de0-baff-0cb337895ef4,legacy,
slab_marble_alba_beige_2c4e111a-649c-4733-943c-3017b1648601,legacy,
slab_marble_alba_calacatta_c0f328f0-7a16-4ef3-8a4e-ea35d11a20b8,legacy,
slab_marble_alba_kronos_89446efe-1757-4a85-b9ab-db4bcf99f726,legacy,
slab_marble_albarose_a723604a-b54c-494d-ab1b-3f0aa7b0a7cf,legacy,
slab_marble_albella_3d39805b-bd49-4e3a-a3d1-2ad091bd4d6b,legacy,
slab_marble_albert_white_458a5189-a8f5-4f81-b161-25ccbc4aeddc,legacy,
slab_marble_alboris_c2368d07-873b-45c6-8304-ff0d87c053ce,legacy,
slab_marble_alcantara_black_a653fe53-8b2a-4dad-a1ba-5491d440818c,legacy,
slab_marble_alden_beige_5fcebe17-9d7f-49c2-99f4-739f61b30e75,legacy,
slab_marble_aleksandrovsky_black_7add4e4d-be48-489d-aa7f-b5cde0f993af,legacy,
slab_marble_alessandro_1df09d40-5568-400b-aa2c-d10280d1f3da,legacy,
slab_marble_alex_grey_a00b3012-efb9-45dd-a9ec-6c24de54b1c4,legacy,
slab_marble_alex_perlatino_8259e29f-8814-47df-99e8-c3500e68cdf0,legacy,
slab_marble_alexander_white_39106a6c-0a56-41d5-8a20-0b7a3fce0078,legacy,
slab_marble_alexis_white_7d7302e0-881a-4f87-ac49-be772e27b3db,legacy,
slab_marble_alfeo_ed5ff422-343b-41b3-98ff-b6389950ad21,legacy,
slab_marble_algeria_white_62313914-85c4-427c-ab37-bcbe705e4970,legacy,
slab_marble_algrey_d6bf853a-fbf4-46c7-ba9e-47d4589b4465,legacy,
slab_marble_alhar_a7bae835-95e0-4d85-8b71-993b00611f6f,legacy,
slab_marble_alhar_flower_4d7f5130-eef8-400e-9bf3-0373c2a6da1b,legacy,
slab_marble_alice_d11872ea-25c6-4f5e-b69b-41f327369bd9,legacy,
slab_marble_aligodarz_escato_0e61b174-6349-4f4d-b037-6cc3eb3abc55,legacy,
slab_marble_aligodarz_gray_fd855f2c-3ea9-4e68-a136-14b5f1714b65,legacy,
slab_marble_aligodarz_meshki_sefid_051346c6-ef58-491f-9235-72074992103c,legacy,
slab_marble_aligodarz_sefid_29b73fd3-7031-46e3-9666-18cecb6306d5,legacy,
slab_marble_aliki_93962d20-4330-43f0-a149-befd8c149fcc,legacy,
slab_marble_alim_blue_c46309a3-cdbe-410f-8d75-ab0dde1c8a99,legacy,
slab_marble_alitan_9e4d0a7e-66b0-430f-a99c-42a744bed638,legacy,
slab_marble_allium_rossa_4fc70c8b-8265-410b-8ad3-c7d08fd048e1,legacy,
slab_marble_allure_silver_c3ca8503-6967-4005-8d74-e5b87bc7ec87,legacy,
slab_marble_ally_grey_bc02946c-7dbd-49b9-8f86-4f249cbecf50,legacy,
slab_marble_ally_magic_b6870b6f-dc0c-4923-b655-f3c23047426b,legacy,
slab_marble_alma_fuoco_f81f8397-5283-41b6-91f6-2141d29cb6ee,legacy,
slab_marble_almendra_e88a1027-2efc-4ceb-a7b4-ea524900c468,legacy,
slab_marble_almond_waltz_e11a74d9-2dad-437f-bf0b-ffbf9ad1bcd9,legacy,
slab_marble_alnoir_982bc2a4-bd7f-4484-ac07-1678cd2f6d38,legacy,
slab_marble_alpes_2c882d56-39f2-43ea-b231-eb4e7c9f0690,legacy,
slab_marble_alpha_65bb9e39-bfb8-4950-9eae-85b02ef5acfb,legacy,
slab_marble_alpi_9ad48065-8537-48fc-bc1d-a72fdbe79ce6,legacy,
slab_marble_alpine_f4b06dcc-4522-44c9-8211-12ce93e15958,legacy,
slab_marble_alpinina_e4186082-7eef-4bdc-9913-306928ccb1df,legacy,
slab_marble_alps_white_d84fffd1-2f0d-4b5c-a654-7d57f9c05118,legacy,
slab_marble_altai_white_d98dea73-33bc-4714-a77e-ec447be45740,legacy,
slab_marble_altius_19b8a797-da03-45f2-bdde-8557d1525ff7,legacy,
slab_marble_altman_white_68cb0176-a972-4048-88a1-f802210433d3,legacy,
slab_marble_altvater_fb5be4f6-9418-4f4d-bcaf-67964276ccaf,legacy,
slab_marble_altvater_dark_96b39930-92a1-4dda-b768-e6adce177490,legacy,
slab_marble_alun_03e38d39-f09b-4530-853c-b8a3c40bff7d,legacy,
slab_marble_amadeus_bluette_1d962ec1-05b3-45dd-9067-8aca95bbbb92,legacy,
slab_marble_aman_beige_0e7f68ca-b3b7-4c24-954d-e39b02e0d11e,legacy,
slab_marble_amanos_black_7b237b2f-40bd-438c-8bc4-ce3700bd56a9,legacy,
slab_marble_amara_bac26118-57cb-44a4-a6ef-fa8c0ab6157d,legacy,
slab_marble_amarillo_parador_5703c12a-89bb-48a9-aedd-f2da5dcd36bf,legacy,
slab_marble_amarone_exclusive_c8228e9c-70be-450d-8d39-3a7db4ac8d0d,legacy,
slab_marble_amasya_antique_beige_550d235d-3397-4b99-b9d0-35e7f7558167,legacy,
slab_marble_amasya_crema_marfil_b6e8bdbb-dd2b-4d76-a25f-d29fa21f0fb5,legacy,
slab_marble_amasya_perlato_beige_f9b247a5-6aad-402a-a603-5acebf501987,legacy,
slab_marble_amazing_brown_d688c07a-20fb-4054-9810-6c82e15bd3c6,legacy,
slab_marble_amazing_green_5820f855-a298-4fd4-bb54-1828b3052913,legacy,
slab_marble_amazing_silver_c5caaec7-b82a-47ad-898c-6464a34810db,legacy,
slab_marble_amazon_black_43a82f3a-69d2-429c-b9ae-f1d902f63e5c,legacy,
slab_marble_amazon_blue_5cb44448-7d01-4211-8e9e-8a3aa9128b53,legacy,
slab_marble_amazon_coffee_fc8ce276-e89f-4df9-94ff-e4b4c1f9c354,legacy,
slab_marble_amazon_grey_77e9f64c-99fb-484f-9f16-55d52fa3bfcd,legacy,
slab_marble_amazon_white_0c8c0858-4d6e-484f-b6cf-39253a7cadf0,legacy,
slab_marble_amazonia_brown_2d5aa3c2-e649-4507-a3ac-7df427925565,legacy,
slab_marble_ambaji_adanga_949262a8-a729-466a-9083-c0a12253300b,legacy,
slab_marble_ambaji_apollo_green_752216fd-c4eb-4668-9ddc-4e0bfee81ce5,legacy,
slab_marble_ambaji_panther_8f3e4fe2-ef8a-4baf-86fd-7af65a1fbf70,legacy,
slab_marble_ambar_e625e1da-8e20-4a2f-bcab-11b20e46a045,legacy,
slab_marble_ambarino_1da1fae7-ed83-4aa4-9777-9af38eaaabc5,legacy,
slab_marble_amber_red_0adf4661-211a-4468-905b-d2e918f55877,legacy,
slab_marble_ambrato_f1a76747-3d49-499c-ba85-bd1ac4458970,legacy,
slab_marble_ambrosia_6c443989-024c-4f2e-842e-dd9519d64b7e,legacy,
slab_marble_amedian_beige_fee19b26-5045-43f9-83e2-495146b64d76,legacy,
slab_marble_amelas_beige_bea0ff5d-b188-41fa-8de7-ae486288369d,legacy,
slab_marble_american_beige_87879add-68a9-4600-ac16-757c5bedfdfb,legacy,
slab_marble_amman_beige_e4854954-77f1-4403-987b-d6c52dee0b29,legacy,
slab_marble_amoerial_ghamsari_b6f60234-46c5-4b1f-b3fa-8b7d0f3029ab,legacy,
slab_marble_amore_bianco_ee5ead2f-7f01-4e69-8214-04d5b1a5feb0,legacy,
slab_marble_amotion_gray_26ce2c3c-e28c-4966-bc49-a6b237be0a71,legacy,
slab_marble_amoy_blue_103ff3bf-3fd8-4fff-a11b-27ba804b8911,legacy,
slab_marble_amsterdam_7ba9f86f-6460-4dd2-be55-035d6df18c87,legacy,
slab_marble_amun_cream_452a5151-ad46-4e97-b2ea-ec4082004653,legacy,
slab_marble_amvaj_7024ca40-6f00-4320-b13d-d780637af124,legacy,
slab_marble_anaisian_7db54452-fcb5-4262-80e7-9e9ba4a27620,legacy,
slab_marble_anarak_8b8e0e2a-6c6a-41c7-9a23-8e0b3e050b7f,legacy,
slab_marble_anasol_95c4dde6-9b4d-485c-9483-397aadc68ece,legacy,
slab_marble_anatolia_cappuccino_c99a14bd-c66f-43e8-9a35-0b35f768bbbf,legacy,
slab_marble_anatolian_red_c614b744-2c4a-4e6e-acfd-bc18bfbe9d85,legacy,
slab_marble_anatolian_sugar_fb99fbee-70b6-4038-b1d6-70e99101b4fa,legacy,
slab_marble_andalus_d07f884d-3dfd-46b9-b365-cbe990434b30,legacy,
slab_marble_andean_landscape_fda9cc60-aafc-40c1-a808-c65fdfb07cd5,legacy,
slab_marble_andes_grey_80ff9014-42c0-4772-bc50-8cfb04b7690c,legacy,
slab_marble_andhi_blue_moon_1b223e7d-c20a-42db-99e3-93bedb758ac5,legacy,
slab_marble_andhi_modern_art_962267c8-0479-4e80-b977-5b1f47d74e45,legacy,
slab_marble_ang_creama_nova_7bdbaaa0-965e-4698-b37a-6038e7869d4a,legacy,
slab_marble_angel_beige_73c20383-1954-4bcc-8d0e-4e63432623c7,legacy,
slab_marble_angel_white_2c3407f7-5b88-4cfe-b9c1-09c7be5da616,legacy,
slab_marble_anglesey_9caf4abf-015d-4af7-a484-fa9a7bbb23b9,legacy,
slab_marble_anglesey_vein_f48ee430-0fe3-4e14-b46c-319d05593de4,legacy,
slab_marble_angola_cream_e03f1a45-f132-404b-ba9f-00c2953fc378,legacy,
slab_marble_angora_69e54b98-fd07-4734-8f3f-a0dfa6150852,legacy,
slab_marble_anka_beige_b5fe7a46-08a9-41a3-abbd-9df0496ecec5,legacy,
slab_marble_ankara_grey_be82bcce-7483-4740-88e1-baa94ff527dc,legacy,
slab_marble_ankele_ecdb2e21-a397-4531-9d31-786f1b2f575b,legacy,
slab_marble_antalya_sultan_beige_de627a9c-b6e1-472b-84dc-5491fa18dc1c,legacy,
slab_marble_antartide_055fb147-2241-47a0-8143-aae2cc6d8af8,legacy,
slab_marble_anthracite_black_f1f4eec1-eb0b-4b5f-a15a-5b0eb8e010ac,legacy,
slab_marble_anthracite_gold_5379753b-cd46-40b5-97c7-74db4c2d85f0,legacy,
slab_marble_antigone_52e37474-28b6-46f7-8f12-85a3b6522a15,legacy,
slab_marble_antilop_84e0b566-65b1-462d-afb0-da2a8baa87c8,legacy,
slab_marble_antique_beige_3b4c041b-a689-42db-859f-beb4b3c9ca4d,legacy,
slab_marble_antique_fonce_7f1b4cfa-07d9-4428-ae83-42d377d48f00,legacy,
slab_marble_antique_gold_79d4ab10-94d4-4641-840f-b5f2dde907a7,legacy,
slab_marble_antique_green_7e5f0462-00af-434b-97e4-d53bb687b976,legacy,
slab_marble_antique_verdatre_5f0c9bed-5d8e-4a59-8cc4-390e8705ff03,legacy,
slab_marble_antrasit_b6811127-3fca-47f3-b106-76a3c6a24695,legacy,
slab_marble_aomari_brown_6f3c8232-e5e6-4bd4-bf88-737c3e8c6890,legacy,
slab_marble_apenino_16f469ed-1694-4738-9cf4-a29d52a9d08a,legacy,
slab_marble_aphrodisias_cloudy_b95d57d2-39f5-4071-9de4-b6c94b9a3d3c,legacy,
slab_marble_apollion_black_414906d0-52e2-4c41-9c98-6a6d0c7d9eb4,legacy,
slab_marble_apollo_beige_947cd06b-f504-46e9-b03c-539d9ec02d5c,legacy,
slab_marble_appalachian_green_danby_29fe1c2a-6a68-4d6f-b4c3-0722921faaf4,legacy,
slab_marble_appenino_cfaadd3d-9c18-4189-b79d-7eabd0422d0f,legacy,
slab_marble_apple_ash_915cdd92-95b5-405f-9d83-950932d5b153,legacy,
slab_marble_apricena_bronzetto_39c827a7-4217-4671-8dbb-e2e0675e6a3d,legacy,
slab_marble_apuan_fantasy_890ef688-1f75-4954-9d42-cf5c5e8648b3,legacy,
slab_marble_aqua_blue_70386a94-d3ed-4747-9ffe-6410b4adb861,legacy,
slab_marble_aqua_luna_0128d3d1-09ef-4613-aa37-0baa0f33c6ab,legacy,
slab_marble_aqua_shadow_076a4aa2-a6aa-4d84-8718-f1e87bfbe32a,legacy,
slab_marble_aqua_shadow_dark_edbbf2e0-47d5-48a6-a093-4d5b4f50c9ad,legacy,
slab_marble_aquarela_bc4d22ff-0f95-46d5-a7e0-eb1d1b5e8c1c,legacy,
slab_marble_aquarium_thala_02f3bc2c-17be-4a6a-b65a-0ca70919b39a,legacy,
slab_marble_arabella_e27ee2a5-08df-4465-825f-82bc21cf17d4,legacy,
slab_marble_arabescato_arni_04e33390-f5ca-46f3-b300-6421151e20e6,legacy,
slab_marble_arabescato_breccia_a0e17d9c-a01b-4f8b-9d2a-74c4dcf2a509,legacy,
slab_marble_arabescato_carcariana_e6c82bae-0739-4440-9e3a-24c257f7e2a9,legacy,
slab_marble_arabescato_cervaiole_06c48323-01c6-4bba-a23d-5736999d077c,legacy,
slab_marble_arabescato_ducale_2d1496c4-d1db-4910-8c5f-4c67448f9573,legacy,
slab_marble_arabescato_faniello_016f46a4-2ad9-46a4-b747-90016ad994e4,legacy,
slab_marble_arabescato_garfagnana_4ac405b2-59e0-4674-9c83-e8d1aea16f14,legacy,
slab_marble_arabescato_greco_gold_65a9062d-d131-45c5-a06e-12ac74b81c05,legacy,
slab_marble_arabescato_harmony_5f013314-3789-474c-b86e-c2cf543de120,legacy,
slab_marble_arabescato_meraviglioso_d5be4909-e406-4f43-89ed-b63bd6fb0d1a,legacy,
slab_marble_arabescato_mossa_25849c62-0e43-491c-ae28-a1c86b48716d,legacy,
slab_marble_arabescato_orobico_gold_0ea57087-7b46-4bba-beba-f1b52016dbf0,legacy,
slab_marble_arabescato_orobico_grigio_04c40f91-2e5c-4a71-acc2-ebc7d55d11d8,legacy,
slab_marble_arabescato_piana_4571a1f3-5ffa-4cee-aada-36f76f85ac2a,legacy,
slab_marble_arabescato_trambiserra_9e93bf47-3938-47db-9a51-d81a6a31f31f,legacy,
slab_marble_arabescato_violet_5ee96311-90c8-4583-8750-400a5a457a14,legacy,
slab_marble_arabesco_versilia_0ff92a7e-9f77-4db3-8752-5e43bc69cc5d,legacy,
slab_marble_arabescus_white_05078bde-d959-452e-92cb-e5d7d612173d,legacy,
slab_marble_aragonite_brown_bb509d44-b5d7-4c3f-9548-76999b94a662,legacy,
slab_marble_arahite_blue_47f9cb70-5208-4189-b392-7faa1fa24e5d,legacy,
slab_marble_aramis_bronze_9b5a4a93-a87d-494e-b648-be7064a76e72,legacy,
slab_marble_aran_white_2e1ca729-14cd-466e-99fb-08728d34a559,legacy,
slab_marble_arana_maroon_59c5c4f0-0600-4ac3-8195-48beb9327448,legacy,
slab_marble_arana_marron_spider_cb8e9291-2853-40cf-b236-581b3beee8dc,legacy,
slab_marble_arancio_di_selva_3de3fea6-6a41-45eb-8b4c-d1a1067a341b,legacy,
slab_marble_araxova_a82e3ef5-cbde-44d3-8bfb-d55f135e7787,legacy,
slab_marble_arcadia_grey_7e20c91b-58ad-4128-8ff3-2ccafd3bdc88,legacy,
slab_marble_archida_66f7e697-f02e-4e65-9f8f-1628dbc6b814,legacy,
slab_marble_arcobaleno_608d6472-f9d6-4900-9b17-5a4442f8fea5,legacy,
slab_marble_arctic_blue_73d70cc9-635b-480b-9d09-2ed832050712,legacy,
slab_marble_arctic_blue_sky_289c1c2a-e846-4315-a005-9e1e351cc423,legacy,
slab_marble_arctic_fox_a5ca7ded-a3cf-40cd-a242-491f72b4014e,legacy,
slab_marble_arctic_grey_7739510d-2316-43da-bdf1-6ffc78d20eda,legacy,
slab_marble_arctic_ocean_c0be6ee1-1738-42fd-83cf-1cb966c7ddb9,legacy,
slab_marble_ardal_banaii_ad7b114c-2afe-4af7-a67e-a8a08a8cc280,legacy,
slab_marble_arelia_venato_bbd14acd-699d-4f11-97ae-5d053f71e31a,legacy,
slab_marble_arena_tempisque_68c6d295-5bc7-4649-8707-0e3b6c3ff86d,legacy,
slab_marble_ares_acqua_33bbf69e-4847-4266-9855-04d33e4c2307,legacy,
slab_marble_ares_brown_85ba00a9-4106-4a0f-be13-88235b701ce2,legacy,
slab_marble_ares_titania_grey_4c8d22ba-cc65-40fc-82d5-43b2aea301b3,legacy,
slab_marble_areti_white_31a73f02-9380-4fea-8a75-21155f138a22,legacy,
slab_marble_argalasti_white_a22b833b-181d-4509-b687-a83182cb14b7,legacy,
slab_marble_argent_grey_068f2f09-b511-4611-b01c-489d04a38c24,legacy,
slab_marble_argent_violetta_7795d115-2d5b-4694-8726-425ddadee82d,legacy,
slab_marble_argolis_red_c6e09207-921c-4876-8c9c-ae5bd36164b5,legacy,
slab_marble_argos_black_breccia_688ecc21-45c6-4327-a0c7-09072c606986,legacy,
slab_marble_argos_black_veiny_b9f78203-bfab-4e79-a07d-a1bfd46dc90b,legacy,
slab_marble_arhaby_318783eb-120e-4248-b7e6-e6e4d1287dde,legacy,
slab_marble_ari_beige_f23e7d58-9018-4a1d-a930-5a968aa9411e,legacy,
slab_marble_ariana_silk_2977ea52-8380-420d-a2f3-7f6586691090,legacy,
slab_marble_ariassos_d1faf553-8887-48a2-a58a-d80ec929aee7,legacy,
slab_marble_aris_17230e70-b73b-47fb-b14a-3510fafaed5b,legacy,
slab_marble_aris_breccia_8c0161fd-09a8-4313-81c8-2632afc26cfb,legacy,
slab_marble_aris_pink_c1e5f245-29f0-4477-8d95-adc9d3caa7c8,legacy,
slab_marble_aris_silver_e90df733-bba1-4a93-b827-797703f9b8d5,legacy,
slab_marble_ariston_gl_19cdd0cd-e18d-4210-872c-69fc521c328c,legacy,
slab_marble_ariston_v_0b2fa92e-632e-4602-9046-e993e9c36599,legacy,
slab_marble_arkadia_8e665a28-7328-4324-9242-cf2409311f66,legacy,
slab_marble_arlesienne_878d6cf3-e421-429b-9ea4-66af89cc7ec7,legacy,
slab_marble_armani_50d80060-a1bf-4fed-8784-55a1de57b12c,legacy,
slab_marble_armani_brown_fossil_9ff8bfc7-048b-48f8-958f-c40ae33a22e9,legacy,
slab_marble_armani_silver_984e391a-1888-402c-aac6-e9560d67bf03,legacy,
slab_marble_armarino_grey_0da26b9a-0d62-4793-9b8f-cc93b06b1d19,legacy,
slab_marble_armoni_37693219-3cb6-461e-bb72-6062d4c4f1c2,legacy,
slab_marble_arobo_dune_f3840297-0018-41d4-980a-67538a79fb68,legacy,
slab_marble_arotco_black_575e28c4-8093-4737-ad12-32a175924979,legacy,
slab_marble_arsa_6e05758a-9d0d-4cd6-b1e7-c7235a498418,legacy,
slab_marble_arta_pink_078140fb-1d12-43e6-97bc-92b0667457e4,legacy,
slab_marble_artesian_white_a1f07e5b-c3f2-4898-a7ef-5aeff853145a,legacy,
slab_marble_artic_white_c94c58af-e9a1-4527-b25b-c6ae56f5ad57,legacy,
slab_marble_artico_a8ad1669-5061-48a7-8648-6c57e582e706,legacy,
slab_marble_artigas_79f14cf9-5132-4a13-aab8-7d2e2aff3e20,legacy,
slab_marble_artik_green_a0dd4f2c-b691-415d-bed7-ad83f1225990,legacy,
slab_marble_as_fantastic_b87af82d-4fab-463f-b275-79b4ef9d95b5,legacy,
slab_marble_asar_beige_93dbb25d-e645-4440-8bc4-1617e672e9d1,legacy,
slab_marble_asaria_f12d7d51-1a92-49db-8f00-c1189539354e,legacy,
slab_marble_asenka_rise_dark_c960e726-f707-4bdd-bb73-87ac260659f0,legacy,
slab_marble_asenka_rise_light_6dde82c4-ca1e-48e6-a2b6-0f24e4a8ceb0,legacy,
slab_marble_asgard_grey_68240e0b-6b66-4c1b-80de-ee17781ce57b,legacy,
slab_marble_asgard_white_3e21c77b-d910-434e-add1-18b9df550554,legacy,
slab_marble_ashburton_a01aa899-bcc6-4daa-bdda-594166afc01e,legacy,
slab_marble_asia_beige_6e87c48b-bad4-4ef6-8ce8-0265af11aa06,legacy,
slab_marble_asia_white_grey_2b3f1a39-c799-468b-876f-9ba6468c5ec2,legacy,
slab_marble_aspen_grey_391daa50-88d9-4ba4-9123-8dd895216f0b,legacy,
slab_marble_aspur_brown_8e27d5f3-bd60-4611-a3bb-a4ba0b2f5acf,legacy,
slab_marble_assinis_silver_grey_9c3cca81-91c2-420a-b5a1-32ead320baad,legacy,
slab_marble_assos_grey_a148142a-c2bf-4c43-a083-6db8017af3ce,legacy,
slab_marble_astana_silver_6471e85b-dab3-42e3-ade8-493115867f36,legacy,
slab_marble_astir_74dc3493-c73f-4329-a1f8-12e18339c013,legacy,
slab_marble_astra_white_venato_bde8d1de-74f0-4b9e-8c4a-c69f57587b74,legacy,
slab_marble_atallos_beige_a6868f59-e552-462d-baa1-dd4de46cd0ae,legacy,
slab_marble_atbara_black_rose_3e66b626-fa2e-4e93-9357-3961d7c69a8a,legacy,
slab_marble_athen_grey_8206326e-9899-4ae9-916e-1a08a7aa058d,legacy,
slab_marble_athena_d84e0b76-d8ae-4f9c-8055-85639148a206,legacy,
slab_marble_athena_gray_e6406bfc-fd27-4101-916e-5fd80495bca1,legacy,
slab_marble_athena_red_73348897-2874-4665-ab11-b779a52e8a42,legacy,
slab_marble_athens_beige_0aa3259f-aafe-4c4c-bb49-5d36a8e50c7c,legacy,
slab_marble_athos_7b8f2c69-86e4-4391-94b4-74a391211c00,legacy,
slab_marble_athos_green_16b7676b-d049-49fe-baf9-236f8a147c5f,legacy,
slab_marble_athos_red_f34e0b21-7555-4698-a62c-ad434a4e82ca,legacy,
slab_marble_ati_brown_b64b0556-73b2-4c93-9209-5cb972cdd158,legacy,
slab_marble_atlantic_3ddfe3bd-00ec-4176-a85e-6cd62614cdde,legacy,
slab_marble_atlantic_blue_e667c220-63f5-4405-89f3-7cb3f213926b,legacy,
slab_marble_atlantic_green_056809b2-6ba7-425a-89ee-ec1378fd3c39,legacy,
slab_marble_atlantic_grey_2a555d97-bc6e-4e8b-8c58-3c59e5f17fc0,legacy,
slab_marble_atlantis_grey_164ca2fc-618a-4aa7-bfa5-130831efcc45,legacy,
slab_marble_atlantis_white_223c76cf-7e1f-46a0-bc20-af0589fe033d,legacy,
slab_marble_attica_79a58d82-3076-4652-a660-17e9c1d77ef3,legacy,
slab_marble_audi_snow_white_4ecf72ab-1bd9-4dc8-b5f1-2c0436060926,legacy,
slab_marble_augusta_white_4c95b018-0dbe-47e7-9a0c-7cd6719fe676,legacy,
slab_marble_auman_beige_257a6001-bb6c-45e3-84e7-8ef6d67476cb,legacy,
slab_marble_aura_grey_79f735c4-3b34-45b9-9e15-2320eaecba5c,legacy,
slab_marble_aurelius_white_86212e71-66b6-4e51-97cf-815dfa7f7832,legacy,
slab_marble_aurora_black_c3204cf5-ce3f-4112-b8e7-d7d76cd333df,legacy,
slab_marble_aurora_blue_6b811eed-68bd-4007-bcb6-969d19d31b66,legacy,
slab_marble_aurora_boreale_60a271d7-0abe-4fd5-83f6-7e09c2994f11,legacy,
slab_marble_aurora_perola_fe2e106a-e540-4d29-aa8a-eb2b0ab4d419,legacy,
slab_marble_aurora_prata_b31b25ec-9b15-4c35-8617-5731bfe71cd2,legacy,
slab_marble_austin_beige_46e16e7f-5b0e-4a11-ad82-e437bbf98c41,legacy,
slab_marble_austin_gray_ead6eb68-5109-48ba-aa56-98090aeb5789,legacy,
slab_marble_austral_black_f34fb44f-94f3-4aa4-ba32-08ae95f4dff7,legacy,
slab_marble_austral_dream_9e9e467b-12c2-4397-aaa2-028538974ebf,legacy,
slab_marble_australian_emperador_a7501a6f-e3a7-46cb-8062-6f44730b8024,legacy,
slab_marble_australis_4e514ad2-4a3e-4762-85af-79354a58b5e3,legacy,
slab_marble_autumn_150634b5-e45e-4c8b-b43c-4c7e4f0b4e00,legacy,
slab_marble_autumn_beige_1f94c3ed-1aa7-4570-b21a-cce54d5130b7,legacy,
slab_marble_autumn_leaves_f8265628-4fb0-4670-8c96-70c74e4a66d5,legacy,
slab_marble_avalanche_6f146750-8377-4edc-99c4-032b67eb99d1,legacy,
slab_marble_avalanche_platinum_1fcda98b-8915-4ab8-948c-6ebb776dc83c,legacy,
slab_marble_avallon_85509d6e-433e-481c-8bbf-99c56629026e,legacy,
slab_marble_avalon_e2a65cd7-4d6d-4dba-aa78-b8a437a03f3f,legacy,
slab_marble_avebury_black_f5f56fb2-9a84-49c6-9aac-4505c11417e7,legacy,
slab_marble_avenza_c314dcd7-c217-4cab-a15d-1f06d693c8ab,legacy,
slab_marble_avesta_smoke_649cadf7-1027-4b6b-a6cf-fb2bb716d51d,legacy,
slab_marble_avid_dark_grey_9693efec-63e8-48cb-b77a-b559c0e8c51a,legacy,
slab_marble_avorio_di_segesta_05287cdd-3610-484f-bc7d-e854d0c00330,legacy,
slab_marble_avorio_rosato_0535dae3-8949-4c8e-a465-557fe79fb2a2,legacy,
slab_marble_avorio_venato_c2d4c1d1-1607-49a5-b592-c2527e1f3cf2,legacy,
slab_marble_awbazak_7017a159-a56d-4687-91de-838b9736dac4,legacy,
slab_marble_awra_black_23bb3507-9762-433c-a89b-7e0d6a1a83c3,legacy,
slab_marble_ayda_beige_27c4d558-f639-4f90-b138-f4753b9ab114,legacy,
slab_marble_ayhan_beige_376a3551-4f95-4b97-bb07-d02a8339f929,legacy,
slab_marble_azalea_beige_aa6a19bc-1fc8-485d-9883-7d7f3838b3a5,legacy,
slab_marble_azalea_red_60215c5d-fd2d-42d8-a518-7b0ca6802d5b,legacy,
slab_marble_azna_white_ea2433f6-12fe-416e-9d7b-e92cb53a916a,legacy,
slab_marble_azucena_cbcfb3bb-b98d-4795-8352-bb8db18ca3d6,legacy,
slab_marble_azul_arabescato_5c9827af-5758-47bf-ac42-45b9c7967eef,legacy,
slab_marble_azul_kristal_9ab41e38-9e44-48c4-a868-01d3431309fe,legacy,
slab_marble_azul_lagoa_61d82d89-051e-4017-a255-8ae420c5d19f,legacy,
slab_marble_azul_pinta_smeralda_38d254b3-4079-4ca5-8aeb-85917c920bce,legacy,
slab_marble_azure_d89b4318-2e2a-4aac-987e-1ef01ddd7e6b,legacy,
slab_marble_azzurro_di_oriente_1543af37-a3e3-47b7-8f81-beed1346e750,legacy,
slab_marble_azzurro_notte_0aaa4288-4261-4d70-a62a-bc65d359ba12,legacy,
slab_marble_b_ivory_959ea954-6a58-4cf1-8c5d-f86f2d27d37f,legacy,
slab_marble_babylon_cream_3af044fd-1b19-4fdc-b72d-afce9e8bdd51,legacy,
slab_marble_babylon_grey_00cf5d14-40f2-4410-a561-8b2a6ee13225,legacy,
slab_marble_babylonia_d00d787f-c7d5-4f53-98c0-759cd7d040e4,legacy,
slab_marble_badal_grey_92279859-f935-4561-b305-9f2921ccf332,legacy,
slab_marble_bahar_light_7522dca8-50b3-44cc-91cf-f1392a677bd5,legacy,
slab_marble_bahar_red_373e8e9b-8a0e-4129-b006-947295e43034,legacy,
slab_marble_bahar_rosalia_6684f1b0-6d0d-4499-ac43-add82bb9454e,legacy,
slab_marble_baharan_26e3f75b-08d7-49b1-9805-a44c992b5250,legacy,
slab_marble_bahia_grey_bbc29766-0275-47d8-8009-50a881884a08,legacy,
slab_marble_bai_yulan_beige_9cc24af1-bd44-4f7f-a776-0d799467e9ff,legacy,
slab_marble_bai_zhenzhu_beige_2271125d-3a72-4e9e-93ad-91e00b76695a,legacy,
slab_marble_bajestan_pink_cb3cbeb3-e208-44a5-a1b3-c958a748f9d6,legacy,
slab_marble_balboura_beige_f945dd31-5969-4252-bdfc-d16c0292450f,legacy,
slab_marble_balboura_rose_64da378e-c54b-47e8-8820-8e49336793c6,legacy,
slab_marble_bali_grey_6ef24e19-6e26-4810-882c-b39fa78fd691,legacy,
slab_marble_bali_honey_10ff5fdf-4f9a-4488-8de3-d886f78a0bac,legacy,
slab_marble_balikesir_black_b19d4146-c875-4b6d-9b47-8d7eea48149d,legacy,
slab_marble_balkan_white_com_bcadc4e5-4c64-47d2-b884-27fe480225f7,legacy,
slab_marble_ballot_grey_f2f9d57f-b2ff-4ba9-8c09-6225830915a8,legacy,
slab_marble_bally_beige_c8ea68fc-a05e-4ed4-9ccf-9af850177d8b,legacy,
slab_marble_baltic_gray_8bd25dd8-3bb7-4d31-ad75-e42cc77b13cd,legacy,
slab_marble_bama_grey_1c1345f6-37a1-4f31-989a-cecd264182d3,legacy,
slab_marble_bamboo_4695c0cc-2d78-4fd8-afbe-8a2609d8b39a,legacy,
slab_marble_banswara_purple_5626e5db-e637-45ce-8e9a-747aab4faec8,legacy,
slab_marble_banswara_white_55e214a0-bf49-4472-b8aa-b537aa70dc6d,legacy,
slab_marble_bao_kang_grey_86471387-9bfb-41d9-ae97-cb652389e96d,legacy,
slab_marble_baopo_grey_a69bff0b-8e54-4581-bf4b-d96507911f67,legacy,
slab_marble_baoxing_grey_flower_3dd6ff09-f8f8-4d7d-9460-70fe9e25a32d,legacy,
slab_marble_baoxing_red_4ad7128a-8c15-493c-95d5-0190839bc93a,legacy,
slab_marble_baoxing_spindrift_937f1a6f-9ddb-4936-acb6-983924ae71f5,legacy,
slab_marble_barajas_9a9f9bd6-aa98-4cbe-b791-df6c73ddea42,legacy,
slab_marble_baran_grey_71441444-31c7-420d-b89a-c82ab64dcbb4,legacy,
slab_marble_barcelona_e1ff75aa-68c9-4c4f-8157-b323fd26dd88,legacy,
slab_marble_barcelona_black_94a68aca-ce2d-44ca-a607-40fa069e5930,legacy,
slab_marble_barcelona_gold_9a2185a5-dd05-4011-b927-0a25f99c0d32,legacy,
slab_marble_barcelona_grey_4052238e-d0cf-4de9-a468-6912379608e3,legacy,
slab_marble_bardiglietto_8c01fd8f-83e5-430c-8004-facc6f7308e4,legacy,
slab_marble_bardiglio_nuvolato_manhattan_85a9f96a-7902-4ae9-86d8-924100ca43ac,legacy,
slab_marble_bardiglio_seravezza_853e7682-75c6-45f0-bce2-4d2e212f14b9,legacy,
slab_marble_bari_ee79dc04-d4ea-48c5-a4d6-dc68ddf75843,legacy,
slab_marble_baroda_white_d4f4fbe9-5c5c-4316-ab99-84b1ac303206,legacy,
slab_marble_baroque_brown_ced20b99-6001-4938-acaa-d41e37391c90,legacy,
slab_marble_bastam_2005e5e8-3d3b-47aa-9b59-8211d0b29ae6,legacy,
slab_marble_bastia_97e26377-d4f9-4378-9d1f-e8637f35a067,legacy,
slab_marble_bati_beige_805e5c04-1532-48dd-91b1-c4a06d8b5dc4,legacy,
slab_marble_batik_black_c2237ea6-2fcd-4cb2-a863-16242024bf05,legacy,
slab_marble_batik_light_ce44e1fe-04b9-42f5-801a-d18a23b192b2,legacy,
slab_marble_batik_medium_249fe4dc-512e-4b6c-a5a5-8ab1af0e4935,legacy,
slab_marble_batik_rosa_63de55d0-c86c-46b4-9ac9-135de1b2dfc9,legacy,
slab_marble_bauhinia_flower_035c54e4-2104-4632-870b-e0184ed0702c,legacy,
slab_marble_bawang_hua_6e579efd-db27-492b-bfa4-3ffdca2f6843,legacy,
slab_marble_bay_dream_55905880-9713-4569-9204-f74cbd2f912f,legacy,
slab_marble_bayburt_black_c9ac7e10-48b4-47fa-8933-57a729d56511,legacy,
slab_marble_baykan_beige_67a0d412-b96c-404f-a87a-2867ead4e574,legacy,
slab_marble_beach_flower_3b4826c7-11c5-42ea-9eac-038d35ef4f78,legacy,
slab_marble_beach_gold_8a617239-a0c5-4c03-8bb9-2b342b58aeff,legacy,
slab_marble_beauty_jade_10a07804-f766-4018-91c1-031b943104e1,legacy,
slab_marble_behabad_003633ff-0154-411b-bc26-7943a5e5ba03,legacy,
slab_marble_beichuan_lida_9ac52474-dcc8-4ea1-b7a6-3b2f87c324c7,legacy,
slab_marble_beige_3341ced9-7ab1-4346-9ef3-985de26bf368,legacy,
slab_marble_beige_alpi_b3049b2f-bd69-4117-a6b5-ab2ba4688d2e,legacy,
slab_marble_beige_bahia_1e4d5976-ae93-42e7-b0fd-3a44ef29e5ff,legacy,
slab_marble_beige_maya_af4e4903-613a-4128-987a-11d052ebbae4,legacy,
slab_marble_beige_moonlight_55dee2ee-50cc-44a2-bb64-19e91804de77,legacy,
slab_marble_beige_saumon_1793aa63-c57e-4c9f-9c60-ee1c11669a97,legacy,
slab_marble_beige_snow_8cfb1a3e-b11a-45c4-850e-f2cb6b44ee1a,legacy,
slab_marble_beige_wooden_d1d1163f-2d17-4d90-8fe6-9c2adf899f1b,legacy,
slab_marble_beijing_blue_5197374d-b21d-4eef-aeb2-1dbcfde94a4c,legacy,
slab_marble_beijing_pink_6872e712-ad2f-4f18-9ff2-258ca90fa111,legacy,
slab_marble_beirut_beige_b1d103c4-e364-4871-a7f2-2aa61ea2eb9a,legacy,
slab_marble_bela_f5dd2777-5409-46fc-9a67-5b64c4cc3709,legacy,
slab_marble_belek_sultan_43083b78-5398-4849-8109-513da03a145e,legacy,
slab_marble_bella_f19e1598-2972-491c-9106-7a08fe01cf1d,legacy,
slab_marble_bella_flower_be0704b8-97a9-47ec-a29f-fcc0331c19b6,legacy,
slab_marble_bella_marlot_black_809743ba-0067-45a8-a633-632c0db427c5,legacy,
slab_marble_bella_monica_70a17dfd-0fd2-4c7e-b416-8a3e6a07b98b,legacy,
slab_marble_bella_pink_beige_5c37b63a-e051-4eeb-93e1-3c03a3129af1,legacy,
slab_marble_bellagio_fbaad5de-c3bf-45ee-8a74-09ac9a15848d,legacy,
slab_marble_bellagio_coral_b6fb9197-74d5-4f42-bd0b-2887e749437c,legacy,
slab_marble_bellini_b5d16272-ac7c-4f59-b363-df8dabc48b6e,legacy,
slab_marble_bellissimo_7a2343bb-a17c-43ae-a176-83e164082da5,legacy,
slab_marble_bens_grey_72ded775-0cab-4f12-b682-954bb9c93841,legacy,
slab_marble_berkshire_beige_434922ed-ef3a-4b7c-8e76-03805452d0b3,legacy,
slab_marble_bernini_gray_856f5053-0830-41d3-9f08-83d7e1479dd4,legacy,
slab_marble_betcheno_e690bc9d-d011-4efc-8157-1a1e6858f760,legacy,
slab_marble_betulla_12093314-d0c9-49ca-88a0-9e3db4ba2f9f,legacy,
slab_marble_bianca_fina_7dbb327e-d083-4bdb-b63d-750c7d5b1013,legacy,
slab_marble_bianca_fiore_e59f456a-a7f0-463f-889d-4437c1789a03,legacy,
slab_marble_bianca_foresta_cab37849-68e6-4549-bffa-4876660258f9,legacy,
slab_marble_bianca_mist_e1f17c5d-49fc-4f13-a493-88cb0e424a58,legacy,
slab_marble_bianca_narino_c812d702-493e-4890-b2bd-6de79a7cd196,legacy,
slab_marble_bianca_signora_8ba6749f-3bb7-49e0-b83e-9b4b736cca67,legacy,
slab_marble_bianco_adin_e0bd02e4-00b3-4669-bb8b-059c09a86c2f,legacy,
slab_marble_bianco_alanur_fbc564ed-9f53-4607-b905-c9a54ede19f1,legacy,
slab_marble_bianco_altissimo_82f3fab4-6695-45eb-8c2b-edd650e2cf59,legacy,
slab_marble_bianco_azzurro_787f34be-685a-40bb-9541-b2c7f0b9645a,legacy,
slab_marble_bianco_beige_56ffe772-8bb7-47f1-9ba1-b17ece6333d1,legacy,
slab_marble_bianco_bellissimo_71144e23-fe57-4eef-862f-a6171efb5472,legacy,
slab_marble_bianco_bello_17d0869b-3646-49f0-a870-fab02aadaf88,legacy,
slab_marble_bianco_brasile_51d582e5-bca1-4109-9f26-c1662816af02,legacy,
slab_marble_bianco_buca_acd97ac9-f088-4d38-8051-1eec997dbaae,legacy,
slab_marble_bianco_capri_8b2682f6-bc7b-4f15-b97d-2e50986c1dbc,legacy,
slab_marble_bianco_carrara_a_4cdf7cb2-a6e1-47d1-9832-9af05478ac85,legacy,
slab_marble_bianco_carrara_campanili_a33d79fd-868a-433d-a1c5-cb0dc4f87183,legacy,
slab_marble_bianco_carrara_primavera_c41bb337-89c8-43df-b3e2-ba44248eeaa4,legacy,
slab_marble_bianco_carrara_tecchione_b5762a03-f2bb-46c9-876c-9383441ed24b,legacy,
slab_marble_bianco_carrara_unito_c_1cc485ec-89e4-4584-9a92-3f1ec395527c,legacy,
slab_marble_bianco_cascata_8eacbb6b-e5f2-418f-af70-a4cb6dc863dd,legacy,
slab_marble_bianco_cattani_15d0816b-e7c3-4e80-ade7-52779092c92b,legacy,
slab_marble_bianco_colorato_c9c8478a-e79c-4dd9-bce0-1eadff3d0d6b,legacy,
slab_marble_bianco_colubraia_bd060966-619b-457f-a53e-6e6bdcfc5ef7,legacy,
slab_marble_bianco_coral_238416f1-39f1-49c7-8af7-a5ff53d73f19,legacy,
slab_marble_bianco_corte_ga_9deb4892-8039-494b-9008-475f6a888dfc,legacy,
slab_marble_bianco_corte_standart_e2ad1298-6b69-491b-9634-7efdaa4c22c7,legacy,
slab_marble_bianco_crystalline_02b74fa8-3a98-4c1e-928f-87606f9806f6,legacy,
slab_marble_bianco_diamante_2e660d84-b2a9-4af3-8fe1-a1c320dd7e0c,legacy,
slab_marble_bianco_eclipse_55ecbf98-68ab-4e7d-a354-5cedb1ad44d4,legacy,
slab_marble_bianco_efeso_63f6c8da-c44f-46a6-870b-88863506aa82,legacy,
slab_marble_bianco_equatoriale_0e036bf4-8def-474f-8102-63dcd866701b,legacy,
slab_marble_bianco_flocos_ccb430ed-b341-496c-98bd-8f1b0723f246,legacy,
slab_marble_bianco_fontana_d5482c60-0c35-444c-94d1-04096da924d1,legacy,
slab_marble_bianco_forza_ee86aec0-5674-4dc3-a42a-382b79487628,legacy,
slab_marble_bianco_ghiaccio_a0f7c42d-50d1-4d26-8928-aca236d2e688,legacy,
slab_marble_bianco_ginevra_da698ec6-c644-4237-9925-ac985e6a1061,legacy,
slab_marble_bianco_gioia_statuarietto_ca07a84c-0169-4cf8-b74d-9faa8c56a56a,legacy,
slab_marble_bianco_ibiza_eae35e43-969b-415b-806c-fe218a404f5f,legacy,
slab_marble_bianco_illirico_54932fe9-da2d-49d3-97ae-84cf9deba4ee,legacy,
slab_marble_bianco_impala_f3af8aa2-fb12-4835-b716-eb988c06fef7,legacy,
slab_marble_bianco_iride_742ec621-92d3-4bc3-9921-93a1e18c9079,legacy,
slab_marble_bianco_ispirato_c55fcaa1-63d4-47c5-8669-3a74e8ff1baf,legacy,
slab_marble_bianco_lara_9a16390f-89f1-4a3f-ac8a-26ee42ed2129,legacy,
slab_marble_bianco_lasa_fantastico_8467f547-3f4e-442c-a35b-7fc28c4f9614,legacy,
slab_marble_bianco_lasa_unito_83f4cdfe-f56c-408c-b9a1-be652394886f,legacy,
slab_marble_bianco_luna_dea57b57-cffc-4cb7-acf9-65250a0bca41,legacy,
slab_marble_bianco_medici_9f8257db-be12-4231-9d8b-cb913bbd196d,legacy,
slab_marble_bianco_mediterranean_7ea18740-1fc3-4473-af8e-9e23f2f57350,legacy,
slab_marble_bianco_milan_6dae8bda-462e-4382-9b68-5c860d09c44d,legacy,
slab_marble_bianco_naxos_8c83d698-0d24-462c-90d6-a8124056bf24,legacy,
slab_marble_bianco_ondulare_110bb283-9e9f-47df-81fc-65502ee1fec0,legacy,
slab_marble_bianco_palomino_9f19a238-a19d-4931-aef1-3f1f9e72bf2c,legacy,
slab_marble_bianco_pennsylvania_d156468f-a8c5-46be-91d0-821d42455cf4,legacy,
slab_marble_bianco_perlato_bdf17028-2616-4557-a3b1-72943fa53e68,legacy,
slab_marble_bianco_perlino_72d43ae2-385b-41a0-b6ee-7d61ffdc2bde,legacy,
slab_marble_bianco_piastra_bagnata_c4fc537b-c85a-4d25-99fa-11d172a9b8ec,legacy,
slab_marble_bianco_piastramarina_eb0eddc6-1bb8-460b-b11b-13baa6766c3b,legacy,
slab_marble_bianco_pineta_e658b9b9-cb34-4f28-87ee-54a9e03a31d9,legacy,
slab_marble_bianco_regina_6f7017b4-0c50-4f43-823d-894e67a6fe0c,legacy,
slab_marble_bianco_river_12b2b339-d2df-4202-a7b9-9566d0f381e4,legacy,
slab_marble_bianco_rosso_479a7e67-7af6-4d01-a175-f3229c7052ad,legacy,
slab_marble_bianco_sarda_4fbfe78e-a6f6-4f16-91b1-caa4cd9d0fb5,legacy,
slab_marble_bianco_savana_e1230e8c-5be3-4527-b57e-b4b8a8c272ed,legacy,
slab_marble_bianco_sebaste_e7071c79-3f7e-4bb7-ad8f-e845148dbf78,legacy,
slab_marble_bianco_sera_2f33ac95-2d23-4432-9e47-747e17edf964,legacy,
slab_marble_bianco_sereno_cf276471-7bfc-4963-b367-760c45ae33df,legacy,
slab_marble_bianco_siberia_6dbe508b-c61f-4bd3-9429-5e2260f4b24a,legacy,
slab_marble_bianco_spino_09ae4547-47b3-4eca-9342-3fbcfb82eeb7,legacy,
slab_marble_bianco_superiore_334972ee-2b41-49fc-b169-4b39773e7b97,legacy,
slab_marble_bianco_tamara_0cebf000-3a27-4572-b0bc-b50808cc09fa,legacy,
slab_marble_bianco_trambiserra_50c8e1f2-c5c1-4a42-9b43-89b0e4190b1c,legacy,
slab_marble_bianco_v_067da0be-63f2-4c4d-b1a3-e7c17f746f5e,legacy,
slab_marble_bianco_v_cremo_7ad621c7-e716-46c1-991c-883327c6fe80,legacy,
slab_marble_bianco_valencia_625b9d24-8c5a-47bb-b579-feb3583c7679,legacy,
slab_marble_bianco_velluto_82a57aa2-5890-41e6-9674-7aef59080db9,legacy,
slab_marble_bianco_vena_aab6a412-4af5-4066-b71c-32fc96b51712,legacy,
slab_marble_bianco_venosta_a5b7d6df-db30-4fe0-ac75-853d515f8c94,legacy,
slab_marble_bianco_vita_faedd5a9-d246-47cc-9712-8114df92676d,legacy,
slab_marble_bianco_zara_d4a9a338-ff6d-4493-a253-34d083f68717,legacy,
slab_marble_bianco_zebrino_06977099-1c4e-44af-ba5e-128c8221f1d2,legacy,
slab_marble_biancone_apricena_6f8b51ea-84f5-422a-bb45-b44367c701fd,legacy,
slab_marble_biancone_orosei_3d64076c-665e-40e2-a10c-97a578867e70,legacy,
slab_marble_bidasar_green_ed0fafb2-c62f-4e86-bd0a-29297a91d272,legacy,
slab_marble_bilecik_spider_beige_b67ed68e-6d69-4e1d-8f8e-6ce8262f8c9b,legacy,
slab_marble_bim_son_111ee339-08a0-466f-b640-0f73f27c8ed8,legacy,
slab_marble_bindal_0dea93e8-5f9e-47ba-9eed-932989c109d9,legacy,
slab_marble_bini_kama_3c93ddd3-d7dd-4c33-9773-590f8d4eb695,legacy,
slab_marble_birjand_forest_green_50313d4e-88e2-4510-9e3e-35b36ae0325d,legacy,
slab_marble_bisaya_beige_2c2fd7d8-3ffb-45fb-80a0-226ab037397f,legacy,
slab_marble_biskala_beige_5f208f7b-d22b-40a0-8653-f5d5b36b80e7,legacy,
slab_marble_bitlis_grey_0820766a-2d30-44a3-9b49-dba948281300,legacy,
slab_marble_bitlis_white_2ee5753e-9c30-48b0-9924-d662d9124b9c,legacy,
slab_marble_bizzaro_white_618037bc-a4e9-4fec-95f5-ff3cf6d4fb52,legacy,
slab_marble_bla_olaf_3d2b52b2-72e2-42ea-b1c4-eac1b1e92a28,legacy,
slab_marble_black_absolut_519dec9b-87a2-489e-85e9-16a97cc3de69,legacy,
slab_marble_black_and_brown_breccia_a3da2e46-c2b2-4e19-9417-7d3f7048c5de,legacy,
slab_marble_black_and_white_sardegna_10951d27-b723-43dc-9daa-7baa7a9f49d9,legacy,
slab_marble_black_beauty_4dd02972-3014-4c41-98b7-1e33358dea4d,legacy,
slab_marble_black_bonanza_ee5381b9-2bf6-475d-816a-81c3c2873dd7,legacy,
slab_marble_black_calacatta_f7e59df3-5a1d-405a-bb43-fefff492e9ee,legacy,
slab_marble_black_carmanah_1e96fbc3-6cc8-46ce-bd2a-c872630489e4,legacy,
slab_marble_black_cherry_b5e16b76-af33-4246-a7ea-ebe4f555b01d,legacy,
slab_marble_black_crocodile_ddf739e1-cac8-4f3f-9937-881c8598411c,legacy,
slab_marble_black_eagle_white_318b62f0-f4ac-4b44-b77f-2ca405a58265,legacy,
slab_marble_black_emerald_89842c91-5349-4da1-88d1-b2ded51bdeb9,legacy,
slab_marble_black_esfahan_bb0da02e-4530-400f-b253-3d0b3a55db23,legacy,
slab_marble_black_explomar_51fd06cc-34b1-4f6d-b121-a19349e451a2,legacy,
slab_marble_black_galaxy_fdc93c7f-226e-46c1-ad25-48505fe173de,legacy,
slab_marble_black_ice_flower_4bcc3152-f3bb-4e63-b9ff-b92339c7c97d,legacy,
slab_marble_black_illusion_eb0b96b1-3a3a-48ba-ac87-ea17d7309a98,legacy,
slab_marble_black_infinity_32b86af6-dd36-4c7f-a0d1-7d34a8cc5f29,legacy,
slab_marble_black_iris_2341f491-5daa-4f27-af5d-e4da0f8d6b34,legacy,
slab_marble_black_jacob_1e8f2345-e621-4de9-a9bc-0ab7b7cab289,legacy,
slab_marble_black_magic_7246d609-81b4-4faa-8c52-0e82f7743708,legacy,
slab_marble_black_maku_202393f6-4e2a-4e53-ae14-3879a5a45354,legacy,
slab_marble_black_mango_834f3e1c-feb9-4c95-84c1-e1b3eaff110d,legacy,
slab_marble_black_maras_72303a85-4618-4387-8ad3-edfa2ac3b4cb,legacy,
slab_marble_black_marrone_c53df51b-0556-4d95-ba9a-2e380d389749,legacy,
slab_marble_black_martini_6dac980b-920c-4cbe-9efe-32041f818d9e,legacy,
slab_marble_black_night_84958e25-fed1-4d06-b08a-93648a25f682,legacy,
slab_marble_black_ocean_a87a989b-ad51-4a59-9c9f-a88adb79b6f9,legacy,
slab_marble_black_paint_a99867be-8627-4cb0-9f6e-7ce5be6f0bff,legacy,
slab_marble_black_queen_fbf81deb-cf9a-4eab-b1be-39cf2f6fab6e,legacy,
slab_marble_black_safari_04f07eba-2adf-4bf4-a9cf-7afc1e550d2b,legacy,
slab_marble_black_sea_beige_6bdadd25-af0f-4535-8d12-2950f310a355,legacy,
slab_marble_black_secret_d16bd9b9-a7a6-49f8-8382-abafee55c862,legacy,
slab_marble_black_shadow_715289f6-79ca-49e8-af2b-93ca707d995e,legacy,
slab_marble_black_spot_white_122b6b5c-145b-40ea-8844-de13ee817408,legacy,
slab_marble_black_storm_9a9ed62c-3465-444a-b96b-731004972664,legacy,
slab_marble_black_swan_4ac80587-9a3e-44ac-894a-f2213c959637,legacy,
slab_marble_black_symphony_4e6807e5-9a61-406d-90a6-4af8c88730f1,legacy,
slab_marble_black_thunder_c50e9a7b-28cc-422c-91c9-78a2017433ad,legacy,
slab_marble_black_yinxun_palissandro_15eefbd2-5cf5-4ff3-bf9e-cd090f241dc5,legacy,
slab_marble_black_zebra_2ddc3813-c2f3-4d65-ae12-1bcd4568d927,legacy,
slab_marble_blanc_zayan_6296011e-9020-40bf-b8ce-c69e545cf3da,legacy,
slab_marble_blanco_alconera_66ea6a4f-ef43-45fb-b859-89903580ec8b,legacy,
slab_marble_blanco_aroche_221276d8-39f4-4834-8ac5-71b691653aed,legacy,
slab_marble_blanco_aurora_5685738d-793d-4657-9c45-96c207eaef60,legacy,
slab_marble_blanco_bego_82adce78-16c1-46d1-99cd-c04367014d36,legacy,
slab_marble_blanco_chive_ef9dcfdb-5578-46f9-be57-3f91eda67432,legacy,
slab_marble_blanco_cristal_2c4bca71-8180-4aa3-b72e-0d241ab31825,legacy,
slab_marble_blanco_durango_f1bd25b2-16ab-4b12-8d97-d3bbfb7f859b,legacy,
slab_marble_blanco_goya_bf2da596-db64-49ba-a175-39d0590ceb45,legacy,
slab_marble_blanco_grey_c864f6b5-6cf6-43ea-8e73-22f01ff0c1ae,legacy,
slab_marble_blanco_guadiana_6eb6f2c6-89a1-4349-918a-d5fb9f8e90f3,legacy,
slab_marble_blanco_guatemala_9b2fe7ec-4a4b-4072-937f-5c3c192db3c0,legacy,
slab_marble_blanco_iberico_claro_93046b7c-c341-478a-aa0d-b5dcb3f7b6d4,legacy,
slab_marble_blanco_iberico_oscuro_45afb92e-3b68-4d5e-a41b-c9a22c0d8ee9,legacy,
slab_marble_blanco_ibiza_grey_60c6a158-fc03-489f-9d1b-ce444aa9b4c6,legacy,
slab_marble_blanco_lama_183ff6b7-6780-4cee-b5a9-b7f7e2f86cd5,legacy,
slab_marble_blanco_lijar_c12b4ddf-3ba7-4dd5-8c03-f470b5ac717f,legacy,
slab_marble_blanco_macael_43d782e4-d85c-4b9d-ac44-8a500645105d,legacy,
slab_marble_blanco_marfil_4f6d13b1-960f-491d-b070-1f44f867c993,legacy,
slab_marble_blanco_mina_real_908c0fc9-3db4-45a5-8f2e-a05eaf3cc2df,legacy,
slab_marble_blanco_nebula_4561cf4f-ae60-4af2-93b0-4f4307d0781b,legacy,
slab_marble_blanco_pirg_3a92fa0d-7624-4b50-9d08-c5f9da776dbc,legacy,
slab_marble_blanco_san_marino_51687d65-f852-4a93-bd8d-eb955e8e4c64,legacy,
slab_marble_blanco_tabarca_1e4eb98f-6247-48e6-8df8-75ebc4d3afc7,legacy,
slab_marble_blanco_veneciano_4dc5d27f-aebd-4af5-be11-ae9e80199b7f,legacy,
slab_marble_bleu_antique_eba4b703-65b2-4fc1-97e1-84a8493256ec,legacy,
slab_marble_blue_113f91e9-c687-4cb2-9e0e-0e345eba1780,legacy,
slab_marble_blue_arch_arial_ec96a996-8467-49f5-819f-283515dced83,legacy,
slab_marble_blue_argentato_93e25d69-3b99-49c5-a5a7-39de7aa4724e,legacy,
slab_marble_blue_bahia_278f3c1a-2369-4d20-85d9-e4c2547cce58,legacy,
slab_marble_blue_caribbean_marfil_24406664-c1e0-4a17-bd58-4d2a88c7ccc0,legacy,
slab_marble_blue_coast_b8ef1ca2-a1ca-4e88-b7ac-393339d69d8b,legacy,
slab_marble_blue_coral_505bc6b5-4523-47e1-a89a-6646ca37be3a,legacy,
slab_marble_blue_dream_a3781420-4318-46c9-8216-d6afea3b6986,legacy,
slab_marble_blue_dreams_d4f7c9a2-43da-4e21-ba22-b21474e32734,legacy,
slab_marble_blue_emperador_crystalline_a0ad06a1-35fb-49fb-a4b6-f8ade741d5af,legacy,
slab_marble_blue_gefarnato_4ab379a8-4a34-47ad-aa47-b555b6662c7d,legacy,
slab_marble_blue_gray_ea435417-1a58-4765-9223-9a4889c5cc3d,legacy,
slab_marble_blue_line_c590207a-799f-4e73-9a64-d602314ee667,legacy,
slab_marble_blue_lotus_ed1f7f50-020e-4c15-8f3b-0e2b9914552a,legacy,
slab_marble_blue_majestic_34fc8992-9121-49a8-9fb9-048431ed16ba,legacy,
slab_marble_blue_marlin_db4e944b-1faf-4f82-951b-9dfc0371d453,legacy,
slab_marble_blue_mediterranean_e4a9e008-838d-498a-bfab-483b17bec0c3,legacy,
slab_marble_blue_san_nicola_bcee5ebb-f462-4dca-8856-0b35338b7a67,legacy,
slab_marble_blue_sand_e0191f5d-2b67-49cc-a379-01422b00b77f,legacy,
slab_marble_blue_sapphire_723e6fd6-3ad6-489c-b193-e4ef7a0c6eb0,legacy,
slab_marble_blue_savoy_2549bf2d-29af-45cd-bfbe-9bda24018122,legacy,
slab_marble_blue_sea_2785fc91-b52f-4383-a298-08c748076175,legacy,
slab_marble_blue_solare_dc1bb261-77c5-4e1b-913e-466fb08207f9,legacy,
slab_marble_blue_star_6fc2e134-e028-4b15-af62-c04d1e1bce47,legacy,
slab_marble_blue_storm_8c49990f-cfc9-421d-a787-dbbb0cfc19cd,legacy,
slab_marble_blue_totem_a97392a0-f806-4167-9f4e-952c29d5dfff,legacy,
slab_marble_blue_velvet_79fd1148-cdf3-4e7f-8425-3db5a1fe5e39,legacy,
slab_marble_blue_water_eec6cf06-3888-4c3a-837d-6c87573a0fe1,legacy,
slab_marble_blue_wave_d2b69ac4-dd68-4314-a981-226d61423361,legacy,
slab_marble_bluefall_e6a4e3c2-44a3-46f6-91a8-b7931b72a349,legacy,
slab_marble_bluelover_dea14b02-3281-4c92-ada0-ae6235493404,legacy,
slab_marble_bluetta_be587d0a-9e82-49e9-b232-65896c5621cb,legacy,
slab_marble_bluette_venato_d1d0e9d5-1916-431f-8513-a8e16f5a3717,legacy,
slab_marble_bohdikov_4b8edf9c-9fc2-4a14-996a-9b74bdd4a744,legacy,
slab_marble_bohemia_5f6c0bd4-1b78-4260-b5da-b4ed94b7a164,legacy,
slab_marble_boka_rose_d56d686e-16ed-4fa6-8e8b-289c8dcdb479,legacy,
slab_marble_boka_white_eccf0f97-37bc-4fe2-a58b-31e85fafa71c,legacy,
slab_marble_bolivia_blue_f1b78e47-217f-480c-85a5-440859bd9ef4,legacy,
slab_marble_bonita_beige_03e0fa23-1256-4782-8213-764ee1e0c2dc,legacy,
slab_marble_borbon_beige_76d25caf-ad54-42e2-be77-513dc1b063a9,legacy,
slab_marble_boreal_620f26a6-b299-44a5-9109-fe0994ef649c,legacy,
slab_marble_borland_jade_302cc488-7874-4274-8b60-72e43d46dcc5,legacy,
slab_marble_botan_rose_d127eee9-8597-4e63-9159-e8d56e52c236,legacy,
slab_marble_botana_c4c9fb13-da60-4073-a4a8-7046db2a738c,legacy,
slab_marble_botichinno_d1a7aeaf-962f-4e9e-bade-1b541b30db0a,legacy,
slab_marble_botro_noir_6eee3b27-b58f-431a-ba98-646b34d1f3d0,legacy,
slab_marble_botticelli_571a4d89-b422-4f4c-8002-dbdc15c3722d,legacy,
slab_marble_botticino_perlato_31255dcc-f319-486a-9f91-e2e35bba70b2,legacy,
slab_marble_botticino_super_light_942a0dd9-01c3-4ede-9946-904df134c2a8,legacy,
slab_marble_bounce_9f997cc7-41bd-45bb-9e8a-3cc20fd3ee78,legacy,
slab_marble_braennlyckan_1b862df8-71c2-46f5-bc29-ed070f1240ab,legacy,
slab_marble_braennlyckan_moerk_515936e5-70bb-4c8c-b1c8-6bf0726260ea,legacy,
slab_marble_branco_cristalino_e9868bd5-c939-4d57-861c-9fb104bf360a,legacy,
slab_marble_branco_estremoz_92a9fd1b-1c47-42be-afa4-14a05c19ba42,legacy,
slab_marble_branco_maroteira_5c1dcdd6-f8f7-43f5-9a53-f33f164447d5,legacy,
slab_marble_branco_moura_08ec6e9a-dff3-4551-8396-5d858e278788,legacy,
slab_marble_brasilia_blue_c84dd166-dc06-4af3-94ee-0cd615f6cb09,legacy,
slab_marble_brazil_cappuccino_c5cf0090-58dc-4a8d-bb97-d7ec4871a492,legacy,
slab_marble_brazil_chocolate_7bbd0de5-f93a-4cbb-92bc-9948e3d9571d,legacy,
slab_marble_brazil_green_43eb6176-e57b-4714-b41b-0dcadce4c0db,legacy,
slab_marble_brazil_multicolor_7069c500-7678-42ff-b06a-4ace1cde1876,legacy,
slab_marble_brazilian_white_b1cfd99b-9604-4bab-af4e-a990d725ad36,legacy,
slab_marble_breccia_adonis_263bf7dd-228e-47a0-9f02-a9f753ace7ff,legacy,
slab_marble_breccia_antica_8784f2b5-61fd-47e5-bc48-03a04f3a8134,legacy,
slab_marble_breccia_asia_81f0a052-08ba-48f8-92ce-83eb489dd116,legacy,
slab_marble_breccia_aurora_gold_ea859da9-c0d9-438d-bd46-89a62b500d8a,legacy,
slab_marble_breccia_aurora_laredo_1994bd20-a13a-4830-ac75-d1f544f33a2f,legacy,
slab_marble_breccia_aurora_san_carlo_ce06ca44-1bcd-4760-be0a-0e9a0bc281f0,legacy,
slab_marble_breccia_beige_0fe9244a-9069-47c2-83bc-3be8dc680c60,legacy,
slab_marble_breccia_botticelli_9cd1cfab-d447-4008-bf07-54b067e9ec33,legacy,
slab_marble_breccia_carsica_ae7d888b-d924-4fc2-81fd-109e88a4dd1e,legacy,
slab_marble_breccia_champagne_39ed154d-2726-4d5c-b300-228c22005f2a,legacy,
slab_marble_breccia_colorata_18a2d95c-8cee-41dc-9190-977abc3723be,legacy,
slab_marble_breccia_coral_52623421-c0b8-4207-9c95-d5d655d9af9f,legacy,
slab_marble_breccia_corchia_96a45c9a-bb3f-462d-a0e9-1eb872413b66,legacy,
slab_marble_breccia_croata_f1664063-3855-40d7-9d64-d846ce50409a,legacy,
slab_marble_breccia_damascata_361a1c3f-fb7a-494a-92f6-3af98212ebeb,legacy,
slab_marble_breccia_de_honefleure_2940d040-0ec6-477b-a573-977f68392a36,legacy,
slab_marble_breccia_deja_61b67df1-ad53-4ac0-9c5b-c0926274902b,legacy,
slab_marble_breccia_di_montepulciano_9bee1853-9fb7-4cc8-8fb7-72f13e5602af,legacy,
slab_marble_breccia_di_venere_ba997bbd-da67-4657-93a7-5c5539239df8,legacy,
slab_marble_breccia_dorata_7d950fe3-705f-44c3-a3e2-271abb0fb8fe,legacy,
slab_marble_breccia_esperia_35c5abcb-a37c-4284-8341-dec1c340f463,legacy,
slab_marble_breccia_estrella_9d75db3e-5e6a-48ca-a450-922eb3cc7b51,legacy,
slab_marble_breccia_fleury_d748a708-9a59-4c5d-a47d-d6a32e548fab,legacy,
slab_marble_breccia_gharghavol_7fe2e8f5-e8be-4a54-8538-30774ed86ad8,legacy,
slab_marble_breccia_gold_7a4c60b5-14a8-4ac0-9141-83850492f89d,legacy,
slab_marble_breccia_imperiale_67a968cf-5cce-409d-95ce-69848894caf8,legacy,
slab_marble_breccia_irpina_51c48bb5-30d2-4382-9c3b-732513bec162,legacy,
slab_marble_breccia_khatmia_cb8af242-c5b5-40da-b251-b52e6e0c58b6,legacy,
slab_marble_breccia_limone_82aab7ff-991c-4d58-aa9e-ba6927f9f9e5,legacy,
slab_marble_breccia_marina_dark_9db2b9c5-149a-4f88-97b2-6e290580fedc,legacy,
slab_marble_breccia_marina_light_99e4d53b-c23c-44fc-b6f0-e178df0877e9,legacy,
slab_marble_breccia_medusa_23c0087b-5368-43da-9584-1a56fa140e6d,legacy,
slab_marble_breccia_monreale_8c701905-0b31-4ecc-9d05-4f5713d7f1d8,legacy,
slab_marble_breccia_montalto_1db5032b-664e-43c9-90f7-8acfe0401145,legacy,
slab_marble_breccia_montecitorio_ff009259-e4b5-46c1-b30d-76b05e0824c9,legacy,
slab_marble_breccia_numidia_20e55181-2afe-41e0-b653-8e539a05c266,legacy,
slab_marble_breccia_of_mycenae_e307b7af-7860-4d75-8c1a-9042fb8bab94,legacy,
slab_marble_breccia_oniciata_beige_1163dbf0-267e-455a-8e71-0d03fb74856c,legacy,
slab_marble_breccia_oniciata_pink_ae63cca4-4fde-4cf2-af55-63e1372b39ae,legacy,
slab_marble_breccia_onyta_0c0dfcb6-bf76-4a89-bd7f-e6a89fcc87f9,legacy,
slab_marble_breccia_orientale_634c0340-3f65-4eec-9c78-f333194572eb,legacy,
slab_marble_breccia_paradiso_a310f1e4-1494-47f9-845d-4bd3dc804e7c,legacy,
slab_marble_breccia_pernice_chiara_04d9570d-3566-4d36-9324-792118e096ef,legacy,
slab_marble_breccia_policroma_7beb3349-0c56-41ad-bdc4-c2fe1fade7b2,legacy,
slab_marble_breccia_pontificia_09fd9583-afcf-4b9e-9351-09158e7e59ab,legacy,
slab_marble_breccia_primavera_32979922-e64c-4d08-8e4f-28138095a972,legacy,
slab_marble_breccia_romana_36e3b513-2bcd-4573-8a52-7d4d1ad8de60,legacy,
slab_marble_breccia_sarda_10605b77-932e-41b3-9dd7-f8ffbc97a260,legacy,
slab_marble_breccia_sarda_fiocco_02697445-3b7e-4cbf-a626-27ec75017b60,legacy,
slab_marble_breccia_siena_f76ac107-f9e9-46a0-83b7-d15a1f79ac66,legacy,
slab_marble_breccia_silver_grey_80ae5224-d91b-408b-b87e-6f0fcc7de5a4,legacy,
slab_marble_breccia_toscana_40ac5adb-9093-4c93-8617-fa9a0b70a6bc,legacy,
slab_marble_breccia_van_gogh_b0b152b7-654b-4cc0-af68-daa67b0a4fe8,legacy,
slab_marble_breccia_vaticana_f67cb8a3-fd14-4374-8945-ca9b7c28f2c4,legacy,
slab_marble_breccia_verde_seravezza_9b96d51f-e86a-41f2-ac19-19f09059e96c,legacy,
slab_marble_breccia_verde_versilia_377985cb-2e24-46b9-8e30-50bc1395cd6f,legacy,
slab_marble_breccia_vulcano_29b538d7-8e6c-492c-8b2f-a9827a0424e9,legacy,
slab_marble_brecha_do_algarve_95ce3bcd-45d1-425f-a1df-e156f82f5551,legacy,
slab_marble_breche_de_aubisque_9a11803c-5a60-44c3-aa6d-5416166fffd6,legacy,
slab_marble_breche_de_guillestre_8b71b327-086b-4f5b-88ce-3a7f52b8fe04,legacy,
slab_marble_breche_de_louvre_b005af0c-d32c-42e5-a8f1-8752f451fa8c,legacy,
slab_marble_breche_de_montemeyan_075f8b00-185d-4b17-8a02-ae62d62a7bdd,legacy,
slab_marble_breche_de_saint_maximin_b86a22a9-3d45-44c8-bd4c-45a80ef8e077,legacy,
slab_marble_breche_medicis_4519e4d8-99b4-4994-89ec-069fdb4351ec,legacy,
slab_marble_breche_oriental_7cb9472d-3874-4c68-968d-7987f68fa476,legacy,
slab_marble_breche_romarin_19608a90-326e-46be-a84a-0017f110d4b0,legacy,
slab_marble_breche_rouge_a3098bd8-298d-4c1b-b22f-30421e2c55fb,legacy,
slab_marble_breche_sanguine_292f7d71-7328-42f6-a439-99fbb2fab347,legacy,
slab_marble_breche_vendome_608b6d39-f125-4bfa-9a13-1cef0882c4a4,legacy,
slab_marble_breche_versailles_5392ea51-2872-45b5-9bcd-92b39f95b1f0,legacy,
slab_marble_brescia_carollina_6acdddfd-4261-4db5-8755-888823fe10cf,legacy,
slab_marble_brezza_coffee_ee96102c-22fc-4002-bb5f-61e9a50ba70e,legacy,
slab_marble_brezza_gold_1d50345a-6168-4544-991e-1e3c4741d945,legacy,
slab_marble_brezza_gray_3957d8fc-0976-47d4-b8f7-0d0ae27a383b,legacy,
slab_marble_broccatello_di_siena_89065d4e-c910-487f-b05b-821a4e2ea290,legacy,
slab_marble_broccatello_gherardesca_5d3e5a09-3d38-4d07-a95f-e8014ac15824,legacy,
slab_marble_bromo_aneka_f8daaa20-7611-4c1d-8d88-704fb70abad6,legacy,
slab_marble_bronceado_costa_sol_826afc4a-8a59-492c-906e-64540fb47aed,legacy,
slab_marble_bronze_dore_f2480fb3-8be8-49b9-ae24-804562199945,legacy,
slab_marble_bronze_fantasy_77f2621b-16a9-4828-a65b-6cbe2cfce2b4,legacy,
slab_marble_bronze_olive_493c0b53-ff5f-4091-b43f-4bc6c6dcb1e3,legacy,
slab_marble_brown_coffee_b7ee28ec-2af5-40eb-ab8d-47ef3c46ca06,legacy,
slab_marble_brown_diamond_f7859aaa-7030-4ee8-b1ae-eac0ad18849a,legacy,
slab_marble_brown_dragon_6a6e9f22-e90b-4f40-ac71-f2c6e7deeacd,legacy,
slab_marble_brown_earth_49f0fbc4-bad4-4bd5-b68f-bedce27e8188,legacy,
slab_marble_brown_giordania_69d00137-0069-450e-8531-5158902d8e9c,legacy,
slab_marble_brown_khenifra_72b9e34c-61a4-45e3-99e0-452608f10694,legacy,
slab_marble_brown_lake_1b48b075-8376-4dcb-8537-e88eef0c1b9c,legacy,
slab_marble_brown_marquina_155ea2eb-3345-4382-a45e-a5150891f652,legacy,
slab_marble_brown_marshal_b03c759e-8f04-4e98-8850-2986aaaaa006,legacy,
slab_marble_brown_meridian_43856bae-673e-4bdb-9349-8b88860d3d6d,legacy,
slab_marble_brown_oceanic_6e4b7415-1aae-401d-a1fd-fc16a72a2ff2,legacy,
slab_marble_brown_queen_b812e2cd-55ca-4662-b42b-e3fde5f3c2e0,legacy,
slab_marble_brown_river_5b0128bc-f6e7-464b-a769-868cd963549f,legacy,
slab_marble_brown_st_laurent_35b820fb-7e3c-4691-a00e-18fd51490a75,legacy,
slab_marble_brown_storm_e19ff0ed-0c4b-4963-86eb-fd1e7d891910,legacy,
slab_marble_brown_wooden_5534181a-cced-4093-961b-b2a7c69a9e3d,legacy,
slab_marble_brownie_be802dde-41fa-4ee3-95e7-862995c2e44a,legacy,
slab_marble_bruce_gray_6198506d-218c-4458-9b32-d61f79c4e794,legacy,
slab_marble_bruno_grey_7430179c-3443-4c88-baed-8dd9c8ffbcb6,legacy,
slab_marble_bruno_white_07002fe2-0ecc-4fea-9f76-ecc61f762a48,legacy,
slab_marble_bucova_be36aff1-ee23-4bd4-bd56-a843f6a7cb51,legacy,
slab_marble_bulacan_red_d7aba2c6-edc2-43e6-a235-8cfb4c49221f,legacy,
slab_marble_bulgari_brown_e2dc1719-e2c3-4ed3-9188-5a96bc40e189,legacy,
slab_marble_bulgari_gold_36d1a13c-5e1f-4d3d-bc67-67712eec7880,legacy,
slab_marble_bulgari_white_b838deec-2d9f-461c-975c-9b8ea347a957,legacy,
slab_marble_burberry_9d27facf-b635-4d17-ad21-23bcf8aee749,legacy,
slab_marble_burberry_dark_beige_e9f01f0e-8c6c-4fd8-9fe1-35a75eeb7f70,legacy,
slab_marble_burberry_light_beige_7cbee537-8859-4315-9639-83efe2680609,legacy,
slab_marble_burdur_cream_312e8de0-09d9-4dc0-9ba2-26102dfa7915,legacy,
slab_marble_burdur_white_3cfe1743-8deb-4d6f-a546-033e8da827b9,legacy,
slab_marble_burnt_brown_6e9e30d1-1af7-4cd0-af6c-d39b1df57dca,legacy,
slab_marble_bursa_antique_beige_bfe6fbb9-fd47-4260-860b-d67d22b289a2,legacy,
slab_marble_bursa_bordeux_139e5522-1fe5-4c31-8524-fbc5c049f4ab,legacy,
slab_marble_bursa_light_emperador_9647b193-b37c-4442-8c83-5921ada7c726,legacy,
slab_marble_buteasa_0aa14e0a-7144-4e82-b614-4b6694b5cd8a,legacy,
slab_marble_buteasa_furnir_7caeb306-0be2-460e-a2d9-7bd0e36c4769,legacy,
slab_marble_butterfly_red_6d78f5f3-22bb-482e-af7f-a3e388ca7cfb,legacy,
slab_marble_bvlgari_blue_5ef84190-2c6b-4a20-bcbd-5fe99386efb6,legacy,
slab_marble_byzantine_wood_bce9ad84-cbc3-4e18-8a1a-1ad2994b972c,legacy,
slab_marble_caballero_black_671dcf53-5d80-4af4-aa71-fd423d5678ef,legacy,
slab_marble_caballero_gray_0e12adfe-2f1b-4a4b-ba50-529a20170742,legacy,
slab_marble_caballero_white_8d55a9be-0857-4495-9be1-66d4a6e7ef3f,legacy,
slab_marble_cacedonia_white_382b2476-4b92-486b-9071-71c060a061f1,legacy,
slab_marble_cachoeiro_83f5fee0-f38f-434e-bfc6-c89ee4784f05,legacy,
slab_marble_cadirkaya_silver_grey_70d305fa-9cb2-4215-afcf-ca80f6137436,legacy,
slab_marble_caesar_beige_6a88bc35-7fa2-4bb0-a5d4-9f45eae3a795,legacy,
slab_marble_caesar_grey_2cfaa560-afea-46bd-be8a-b4df8badea2a,legacy,
slab_marble_cafe_cream_f09a5c4b-b7a1-4829-8f4f-fc22982efd7c,legacy,
slab_marble_cafe_latte_dark_0363d926-45ad-4c00-a6b7-80b3ad8defda,legacy,
slab_marble_cafe_melange_ece90d85-eb9c-45f6-81a2-6d7f245a5947,legacy,
slab_marble_cafe_mina_581a2458-3aff-4a40-ab5b-844a4e059a27,legacy,
slab_marble_cafe_novelo_78e9db55-05f7-4d1f-a7da-3627ddf2e011,legacy,
slab_marble_cafe_ole_ca8e5841-75fa-4c06-91de-284c1d045740,legacy,
slab_marble_caffe_amaro_c954a651-e632-4c16-9424-dbc231f1bf58,legacy,
slab_marble_caffe_moka_f3338775-76db-43fc-af02-8f0ffe69e878,legacy,
slab_marble_cagla_6113924d-15a7-4e0e-a3dd-f865f75c7233,legacy,
slab_marble_cagliari_ash_d143d41b-56e6-4748-bc1c-f9719176464e,legacy,
slab_marble_caihui_075afb86-748c-44e2-8675-0ed3bced8985,legacy,
slab_marble_cairns_grey_0f1ccdfa-d50e-4648-933e-fa82947cd16c,legacy,
slab_marble_cal_white_01be5d38-cdb6-4f32-bf9d-a55e0024d6ec,legacy,
slab_marble_calaberno_beige_546a433a-dd88-4d9e-9f1c-15f262be1ca2,legacy,
slab_marble_calacatta_apuano_9e93e6df-5757-48b5-8f6c-1e1713491e86,legacy,
slab_marble_calacatta_australe_5f334905-33db-4fdc-aa13-fa81cf227904,legacy,
slab_marble_calacatta_azul_db6fb605-8557-4c01-87ca-09a28ef44b15,legacy,
slab_marble_calacatta_bagiana_224a7a0d-5c41-4c5a-a9f4-fd120caf3c3c,legacy,
slab_marble_calacatta_beige_decfc567-bab7-4521-a8be-3ee904b41eec,legacy,
slab_marble_calacatta_belgia_7547704a-2921-4eaa-9ce4-d313f8ff38be,legacy,
slab_marble_calacatta_black_vein_b286d7c2-42b8-4b06-9112-e0363f906ead,legacy,
slab_marble_calacatta_borghese_aeee9c3f-b463-4133-88fe-28eff0a91b42,legacy,
slab_marble_calacatta_brasil_93398fa1-05f7-41ad-bafc-0c6b56534c3a,legacy,
slab_marble_calacatta_caldia_915cc652-6f12-4aac-a2c7-f69dc01b7d15,legacy,
slab_marble_calacatta_celeste_d2bd5e18-65ac-4280-ab43-dd2ba0056d76,legacy,
slab_marble_calacatta_corchia_94f126b0-0722-4e69-9874-47d25613808b,legacy,
slab_marble_calacatta_cremo_d198be94-3e58-42c8-956e-73c2e896611f,legacy,
slab_marble_calacatta_crestola_901ea664-92d7-4e68-987c-fa05de24c15d,legacy,
slab_marble_calacatta_da_vinci_3db4e70a-18b2-43fa-8a70-ca0537093449,legacy,
slab_marble_calacatta_egeo_5e3ae2e4-ea87-4623-8a13-1904eb061d6f,legacy,
slab_marble_calacatta_fabbricotti_cbc5d15a-c151-43cb-9c8f-8c6e00280ede,legacy,
slab_marble_calacatta_fantasy_533a4929-c2c3-4871-b675-2414f2642f56,legacy,
slab_marble_calacatta_fendi_81f524b3-6470-4c7a-abb0-5f660079da23,legacy,
slab_marble_calacatta_green_52d506af-de1e-4099-9f6e-dd9769b66134,legacy,
slab_marble_calacatta_helena_cbf0c27a-f6ce-4428-af5d-438248da7550,legacy,
slab_marble_calacatta_ibla_00b43f3c-13fc-4c47-8af7-58e9f995af49,legacy,
slab_marble_calacatta_iron_white_654b9858-9f63-4a3a-aa34-7c08fcbd9ccb,legacy,
slab_marble_calacatta_ivory_8e8066ab-781f-4387-a73d-9af9862e6af7,legacy,
slab_marble_calacatta_joyce_5f0a5576-af52-41a8-b715-45ec8e48ac2e,legacy,
slab_marble_calacatta_lagina_e402bd07-6f9d-469e-91d8-8498eda1fbee,legacy,
slab_marble_calacatta_lincoln_de2122aa-7392-4938-bbbe-089776dae6cb,legacy,
slab_marble_calacatta_luis_sanchez_8f056d34-427c-4446-b228-1b3ab86dff03,legacy,
slab_marble_calacatta_margot_88d018d3-e360-4a5b-a084-03b72ee1e662,legacy,
slab_marble_calacatta_mashhad_0d09f6f1-4c22-426b-9844-032bd6e79feb,legacy,
slab_marble_calacatta_mezza_macchia_19218714-3aaf-4422-acb4-d639d03445cc,legacy,
slab_marble_calacatta_murano_19873e76-4da0-40cd-ae6f-6c0d436c5bf9,legacy,
slab_marble_calacatta_mystic_3a6f8976-f60c-464b-a771-c885830cb7f5,legacy,
slab_marble_calacatta_noguchi_e9ba8a27-b511-4307-a64e-c9f3ed9ab336,legacy,
slab_marble_calacatta_oblique_97d1e537-1e0d-41cd-b810-22745863299b,legacy,
slab_marble_calacatta_oyster_6c590a17-0a94-4f4d-8a33-904c7ff255e4,legacy,
slab_marble_calacatta_perla_337a9e33-cc94-45d2-ba0f-8f347f0ef746,legacy,
slab_marble_calacatta_regina_d9bfcc4c-44b9-4d32-aa3e-2339eb97b4e0,legacy,
slab_marble_calacatta_sky_6292286e-81a8-479a-8cef-10ea3547fb41,legacy,
slab_marble_calacatta_tucci_2192a753-d88e-4790-8591-bb7c0c378528,legacy,
slab_marble_calacatta_vagli_rosato_fffd5816-e1fb-4a15-ad8e-b026ed0ad4db,legacy,
slab_marble_calacatta_velluto_a3fd5944-351a-4c9f-a409-f315fc7b3ee5,legacy,
slab_marble_calacatta_vintage_de894ceb-392d-4f7b-9537-b0cc0dcef178,legacy,
slab_marble_calacatta_viola_rosata_2689167f-471f-4123-abe6-d658a722dbe7,legacy,
slab_marble_calacatta_wow_b3f3a36d-acda-472f-a070-abddd05fddaf,legacy,
slab_marble_calcita_blue_820b969d-7ada-4114-986e-91e6f094baa6,legacy,
slab_marble_calcutta_latte_038a49d2-5b7e-4883-a2bc-8ed0f901e2c1,legacy,
slab_marble_calcutta_vegli_81e9bedc-a199-4c06-b54f-fd274602f22a,legacy,
slab_marble_california_gray_a449f83f-bb45-48d2-ba25-41989beec3b0,legacy,
slab_marble_california_pink_7fa26e7e-23ec-4203-9103-c150c989896b,legacy,
slab_marble_calista_cream_dc077171-cbf3-4107-a12b-269c4edf7517,legacy,
slab_marble_callache_3ddeae5a-5bb0-477e-a48c-6d16ca6c2e0e,legacy,
slab_marble_calypso_pearl_5a695b48-bf87-4b60-8a4d-d77db73f1a04,legacy,
slab_marble_cambodia_lux_ash_b8b52559-9625-4155-92c0-e34240bbf2ba,legacy,
slab_marble_camboriu_1b0a2080-d598-425e-9d5d-222e5b96a80f,legacy,
slab_marble_camel_beige_55cb2550-92bf-4261-a327-6ce1bed6520b,legacy,
slab_marble_camelia_rose_db51d897-46f4-4180-b6a6-1c00377d481c,legacy,
slab_marble_camelion_beige_f606095b-17c0-42cc-a967-8c308047f436,legacy,
slab_marble_camellia_gold_3a5c537c-db07-4209-85db-d8045c1751cc,legacy,
slab_marble_camilia_3fbe7adc-16e1-4653-9ab4-e7d8aa017216,legacy,
slab_marble_camouflage_1a04c431-c9df-4a52-adb4-90a5627a9504,legacy,
slab_marble_campan_melange_9540992c-9592-4912-82f7-7ba4a5eec95f,legacy,
slab_marble_campan_payolle_gris_64691b6e-c621-4467-b75b-37bf7a9c815f,legacy,
slab_marble_camus_beige_f00122a0-d4fd-4060-b652-d87ce4ada264,legacy,
slab_marble_canadian_white_717cbec1-1e91-4f03-94d1-b88bf9e6c75c,legacy,
slab_marble_canaria_white_a9fede56-8e30-4efd-812c-52a8c73ea1f4,legacy,
slab_marble_canella_grey_5de682b2-b677-42ed-a2a2-a37f1f15a8f3,legacy,
slab_marble_canhimei_green_f4612c60-55fe-4949-96e5-1b0b99f8e7b7,legacy,
slab_marble_cankiri_serpentinite_e4f8de5b-3dad-4121-b006-dab5cb534e70,legacy,
slab_marble_canyon_beige_f64a43d6-331d-4b87-8c55-7055af673675,legacy,
slab_marble_cape_breton_bordeaux_1c7d5e79-b8f3-4d8d-aea4-a0e5c83ae625,legacy,
slab_marble_cape_white_090817a3-219a-4c01-afce-f5801899e945,legacy,
slab_marble_capo_calaberno_04358825-14b8-4200-a231-a2232312aa1f,legacy,
slab_marble_cappuccino_18abcf22-3a6a-4a56-891a-70513a5d1b34,legacy,
slab_marble_cara_white_bc3bce7f-0479-42be-b3e3-9f2e3e07b621,legacy,
slab_marble_caracata_05eeedb6-6d6a-4c5e-953b-5665f3e8eac3,legacy,
slab_marble_caraibica_c017c03e-30e6-4ff0-85de-9a1023640d99,legacy,
slab_marble_caramel_34c49883-4fe8-4257-aade-391105aee360,legacy,
slab_marble_caramel_beige_dff9fd17-4a41-4faf-bb14-6744b829ddb5,legacy,
slab_marble_caramel_light_7ff4f6f1-792e-4980-bf86-76cf75992122,legacy,
slab_marble_caravaca_beige_8e8d6df1-b953-4fa1-9a83-1bdfedf53bc2,legacy,
slab_marble_caravaggio_b187ab14-169d-454a-a12f-e88b3717f889,legacy,
slab_marble_carbonico_69f87c3e-d387-4167-9a8a-9cd5c542ab5f,legacy,
slab_marble_caressi_blue_20d12170-16dd-462a-b78c-6da8fd51cd56,legacy,
slab_marble_caretta_caretta_4ca30cbe-ef93-49fe-bab1-3a1f8ae912f8,legacy,
slab_marble_carey_brown_1ecd9787-b537-41e6-900f-285f4b3d373e,legacy,
slab_marble_caria_white_94734b73-0f46-4a7c-9c03-c2114c75c97a,legacy,
slab_marble_caribbean_blond_4f940b10-e299-4fde-9586-752342049ab4,legacy,
slab_marble_caribbean_grey_ccc3c9f5-8cb0-40bd-a243-53d13a30b648,legacy,
slab_marble_caribbean_island_f55be0ca-c57a-4a4d-969d-a70338e0abec,legacy,
slab_marble_caribbean_marfil_fe779f8d-7b19-46cc-9e28-1325cf8bac77,legacy,
slab_marble_carmania_2531a785-f513-4604-8153-baa66ee56af9,legacy,
slab_marble_carmel_beige_a8968b7f-d55b-48ae-8fd5-39559b8cdb73,legacy,
slab_marble_carmelia_beige_87e5d91c-7300-41fc-a452-f295d0f6cb00,legacy,
slab_marble_carmen_rossa_queen_671a02c6-86cd-48f5-aa05-110f322b5403,legacy,
slab_marble_carmen_white_a8a5ca07-18e5-43fb-a46a-75237316878c,legacy,
slab_marble_caronica_grey_c5787d6a-abdb-4124-9176-9825f1d6e46b,legacy,
slab_marble_carradinha_1aec1234-d344-4ff1-ab80-cd68fd6d204d,legacy,
slab_marble_carrara_london_fog_2bc1cfc7-5912-426e-a46f-d0de100144b6,legacy,
slab_marble_carrara_monte_bianco_fde74700-4426-49a1-ba2f-390e0780b171,legacy,
slab_marble_carrara_orion_c016b6eb-b402-4424-819d-f38cd302909c,legacy,
slab_marble_carrarinha_2bf3293c-0b3a-459a-9dcf-bc0504d2aebb,legacy,
slab_marble_carraviet_6df40007-901a-4df1-8166-67c5392a9d50,legacy,
slab_marble_carso_grey_cb810396-00b1-4101-ba90-042d60cdf848,legacy,
slab_marble_carthage_brown_1ae06878-3e46-472d-af63-626a71231b03,legacy,
slab_marble_casa_blue_3c8aae72-237b-4afa-8f9d-6aa951538f09,legacy,
slab_marble_casa_grey_8861fc59-a524-45ab-9674-aacaabda2eb2,legacy,
slab_marble_caska_1710e132-eec8-4bda-94d9-256a33ad09f6,legacy,
slab_marble_caspian_f531dfad-56da-4387-b3c7-91bea670c3fa,legacy,
slab_marble_caspian_bisque_699f83fe-4c02-4bab-9ac7-10efa0f2a6e1,legacy,
slab_marble_caspian_gray_37c00334-9705-42cd-affa-f54b1dad3b6d,legacy,
slab_marble_cassandra_beige_6663dc71-72b4-4049-b00f-ae9d771d60ce,legacy,
slab_marble_cassanora_beige_ed83358c-b768-458b-a8d7-03ebbd7e0150,legacy,
slab_marble_castano_brown_b09d0c80-b338-4c40-91c6-145d8e4d7a3b,legacy,
slab_marble_castel_grey_98d101ee-ed7a-45ab-92fa-8d89a6786e15,legacy,
slab_marble_castione_chiaro_90872dd3-6d27-4304-8149-fa202b7e2ee4,legacy,
slab_marble_castle_beige_ce13cf95-3fbc-4104-86ac-73037331e55f,legacy,
slab_marble_castle_brown_c09490f3-6c83-4ee3-ae79-eb42287c9c5f,legacy,
slab_marble_castro_vicente_7d6f3b68-bddf-4765-b961-a085c2b6142a,legacy,
slab_marble_cataleia_e96d0c51-92c8-466f-af0f-cf588c31d7ee,legacy,
slab_marble_catalina_beige_9f31f8d8-94b8-4ee2-9f78-c054520f945b,legacy,
slab_marble_catera_grey_474d60ec-be2f-46dc-9c72-db10048ea292,legacy,
slab_marble_catharina_72fa121e-7d01-475d-b4a4-2c4831d324d6,legacy,
slab_marble_catrina_grey_e6b11317-6def-42d3-8bed-9ac7c96e30f6,legacy,
slab_marble_cattani_mare_8c915697-e1ee-405d-a8d5-5c0f687a7584,legacy,
slab_marble_cavdir_beige_f8f619e2-fd79-459a-8382-ef026a62fc9e,legacy,
slab_marble_cedar_oniciata_cf92fac4-9c13-49d5-9ac4-ec806591f31d,legacy,
slab_marble_celadon_a6f26ecb-6784-4141-af45-089168602623,legacy,
slab_marble_centella_asiatica_8dc4a42e-ca44-464b-b5e1-6037dae2bc65,legacy,
slab_marble_central_beige_0ba366aa-a6cc-4582-8ead-6b013777b399,legacy,
slab_marble_century_black_ice_flower_7306a85e-61d2-45bd-a763-2dc7dbcebfb5,legacy,
slab_marble_ceppo_di_vagli_a48bdf63-78e0-4097-992a-e5e6bff08f1f,legacy,
slab_marble_ceppo_grey_72aaef9d-5e45-4fc9-ad68-5c4180da38fd,legacy,
slab_marble_ceppo_romano_a1f48a1b-7f69-4bba-a3ae-6653dd0adb8c,legacy,
slab_marble_ceppo_rosso_8d3cc2b1-0662-45f3-aa29-40cfb674ff93,legacy,
slab_marble_ceppo_verde_458b1ee4-b025-4bde-b346-262b3b800a9a,legacy,
slab_marble_cervenilla_48716d24-26d5-4f85-9675-c875f78467d2,legacy,
slab_marble_chambeli_0426004a-789f-4c43-b330-4c2719c968c8,legacy,
slab_marble_champagne_64820e06-4a48-4fae-8872-47b3f4cf6e2c,legacy,
slab_marble_champagne_gold_ef30ffe0-f400-4e55-8be6-104ad0821f7c,legacy,
slab_marble_champagne_gray_9c1a70ef-7272-4aa5-a5df-6c3a9465c5c8,legacy,
slab_marble_champagne_rosado_7c4c2a32-56e5-4327-ae19-d7eb584f8150,legacy,
slab_marble_champlain_97ecec0f-56af-4c52-8ea8-42596c8f1059,legacy,
slab_marble_chanderia_white_6a1ac739-ac25-4cdf-9ab6-5a06fc685e11,legacy,
slab_marble_chandon_rouge_f8f77bca-7185-410d-a215-8c99e9e2cf55,legacy,
slab_marble_chanel_cloud_462be1b3-7511-4a32-9c99-f22ccd3033ad,legacy,
slab_marble_chanel_dark_3f39864f-e681-40d3-afe3-103a4f220116,legacy,
slab_marble_chanel_gold_4d79745a-55cd-4977-8407-7338eee55557,legacy,
slab_marble_chang_e_beige_342ee759-d092-418c-bcb1-b22580d86531,legacy,
slab_marble_changbai_white_jade_e0b97d64-90cd-46bd-832f-9771177194e2,legacy,
slab_marble_cheetah_brown_02a813e2-d745-4ec6-a598-0774a455ee86,legacy,
slab_marble_chehrak_24021440-6041-4fd3-ba71-6852e1542d99,legacy,
slab_marble_chem_grey_803229cb-cc7a-4288-b446-f8605421cf43,legacy,
slab_marble_chenaran_brown_c2c30375-1f99-4921-8138-d562c50149d8,legacy,
slab_marble_chenaran_grey_c4ef03fd-1117-4759-aae8-307b251dfad8,legacy,
slab_marble_cherry_916a6fff-cbe5-49c3-b370-e07e5e373c0d,legacy,
slab_marble_cherry_blossom_5debfa7e-fb7d-46fc-a8db-c7e8baec916d,legacy,
slab_marble_cherry_gold_8105f7a7-bab3-4168-86db-950b4829fe6d,legacy,
slab_marble_chestnut_brown_a13547f7-6ccf-4849-bdd9-fd7b4ad5b859,legacy,
slab_marble_chiampo_paglierino_2bf385f8-86ca-4d3c-aafe-7e1bba8c8118,legacy,
slab_marble_chiara_beige_bca7d1db-4c08-4812-8e6f-a27cdcc3e4f2,legacy,
slab_marble_china_arabescato_2786ea78-ba02-41ac-aa2d-08cf08d4c253,legacy,
slab_marble_china_blue_a2567e57-640f-4461-8c90-08b13d62cce8,legacy,
slab_marble_china_blue_sky_ba563bb1-b887-4d28-aed8-e7126fe835bb,legacy,
slab_marble_china_brown_0b2042dc-7f71-4c32-89e0-6aa1fb1afdfa,legacy,
slab_marble_china_calacatta_grey_ee9689bf-dd1e-4ba3-9363-f070796f3bb2,legacy,
slab_marble_china_carrara_aa51bfa0-e512-4dc4-8f2b-b9bac9abe1ff,legacy,
slab_marble_china_desert_beige_3b8343f1-69e0-464e-b300-c9d049484bd0,legacy,
slab_marble_china_emperador_gold_245076da-ca9e-4289-a65e-1dd0d745c321,legacy,
slab_marble_china_golden_black_778ea901-ebbb-4abb-b8c4-611d7943d0e1,legacy,
slab_marble_china_lactea_2c55f7a7-7e30-49c2-9c40-bf89008fdd21,legacy,
slab_marble_china_maya_white_ce42edf5-ae79-4782-82f2-30786641f627,legacy,
slab_marble_china_portoro_gold_7c21439e-4eba-461f-99e3-89e9155e3a08,legacy,
slab_marble_china_spider_beige_9e70a8c3-67fd-4f8f-8a49-23b98388747f,legacy,
slab_marble_china_sunset_pink_d8bb2677-d385-45fd-be97-d5828eb85084,legacy,
slab_marble_chinese_st_laurent_a8ee0106-9e77-4a83-8095-e317f0912358,legacy,
slab_marble_chini_mehriz_1882cc0d-4fbd-466d-b304-6758e876c270,legacy,
slab_marble_chios_brown_78a1308f-1765-4c30-8a10-02851fee7b49,legacy,
slab_marble_chios_red_0c69377b-82c2-48f6-8d6e-35bd515f8fe2,legacy,
slab_marble_chira_light_emperador_b0887024-323c-4d3b-acaa-36c9287f337b,legacy,
slab_marble_chirpan_breccia_1fad711f-9059-46aa-bf64-2df7eb0f770f,legacy,
slab_marble_chloe_ice_ash_cec5b823-73db-4ce7-a87f-720d6270a1c8,legacy,
slab_marble_chocolaire_f2403ff6-19d8-44bc-afd3-746f48850ed4,legacy,
slab_marble_chocolate_932a5f4e-7565-4e09-bacb-53dac95abeef,legacy,
slab_marble_chocolate_grey_44670e5c-b6bf-4c71-9908-bf2551ad75b7,legacy,
slab_marble_chocolate_white_bf091599-c8c9-4dc9-9ca8-56f3a1dac33d,legacy,
slab_marble_chompoo_kam_mam_d88daca0-4277-4996-b62e-5aea0d3bb742,legacy,
slab_marble_chris_ivory_a496140a-cfd7-472c-b857-bc2cab0df55b,legacy,
slab_marble_christmas_beige_59d56875-ff30-4ec4-8227-4a6613245b1a,legacy,
slab_marble_chrysanthemum_yellow_5e4b7984-55e1-4298-b091-cbebcc227595,legacy,
slab_marble_cide_beige_e5bf430e-7eea-4ae7-a780-94328bda7b36,legacy,
slab_marble_cielo_grey_2ce0bbd9-1963-485c-822f-37d14aabf475,legacy,
slab_marble_cilicia_beige_0e041490-4ab0-4195-81a8-dc6256144741,legacy,
slab_marble_cincinnati_diamond_69e3a5ca-7c3b-4f2c-bc06-52fd8d1b999e,legacy,
slab_marble_cinderella_1bd7a968-498f-46e6-afc9-d0f31a9fdb64,legacy,
slab_marble_cinnamon_beige_0714a442-b194-4101-b791-32612fcf4367,legacy,
slab_marble_cintilante_blue_7bc60254-5713-41e9-b24f-238170c0eccc,legacy,
slab_marble_cinye_6d113c38-36e2-4660-b86a-beae6be1d319,legacy,
slab_marble_cinza_cristalino_3da00f01-c435-4e85-97d5-aceaef86581c,legacy,
slab_marble_cinza_raiado_9a7660e7-2067-45cc-9cdc-d340bd3b9d6e,legacy,
slab_marble_ciocorosa_6d5c1f2f-0f66-4345-bb59-5dba8487eff2,legacy,
slab_marble_cipolin_sanguins_0ba0e559-5ab2-40fe-b20b-9fdd0ebdd53f,legacy,
slab_marble_cipollino_di_valdieri_881b03af-d243-47dc-bc62-9d847b956d3e,legacy,
slab_marble_cipollino_nero_fa6ba315-6ba3-41fc-8ba7-b29864cec594,legacy,
slab_marble_cipollino_ondulato_rosso_a7f094b2-3b2c-4a3f-b6ef-991cfe240b11,legacy,
slab_marble_cipollino_renoir_d52d18a7-2502-4643-b25d-e77ebe35c392,legacy,
slab_marble_cippo_grey_268cf81a-9dee-4ebf-9f45-80e56fce00b4,legacy,
slab_marble_circo_white_91d21fcf-d3cf-43bc-aaed-ac4fb5b3b740,legacy,
slab_marble_cirpan_92464546-9fa9-408c-8fa3-8998b0f06de3,legacy,
slab_marble_cirrus_e77aab72-4a0b-49ea-9c55-53ef9ae0b8e3,legacy,
slab_marble_citrine_beige_977bbc3c-e1ca-4ad3-ad85-893553d502c9,legacy,
slab_marble_clara_white_243dcaa2-bede-465f-b36d-f43759819beb,legacy,
slab_marble_claro_rosal_1da14b67-4cd0-4141-83f1-f7f89b42db27,legacy,
slab_marble_claros_grey_361a6946-800a-4842-becf-e17073aa53da,legacy,
slab_marble_cleopatra_beige_55147224-4c24-4757-ae08-9b0150eae681,legacy,
slab_marble_clivia_d8d1d46b-f765-4f0d-a2ea-2a1ac56924ea,legacy,
slab_marble_cloud_atlas_ad161b68-9479-48be-b5ed-7e5d3e97272e,legacy,
slab_marble_cloud_cristale_134ea66a-a7f9-4b7a-be79-eb3342003f7d,legacy,
slab_marble_cloud_nine_a13e6137-c121-4e6c-b8d6-0149523eb1b2,legacy,
slab_marble_cloud_time_c7784c56-0984-4b00-a285-ad190dd72fa8,legacy,
slab_marble_cloud_vein_2afb9091-84e2-417a-9007-baa7204e4203,legacy,
slab_marble_cloudy_beige_e020bd99-9e9b-4e62-9d5b-2b26fa9e3cbb,legacy,
slab_marble_cloudy_gohare_63ffd386-a895-4a83-be08-e120673f8ec2,legacy,
slab_marble_cloudy_gold_b1de7cf6-c4a7-4d57-8763-5f437c0d16e3,legacy,
slab_marble_cloudy_makro_brown_f192a9aa-c7a4-40d1-8c05-a158393f7bbe,legacy,
slab_marble_cloudy_mist_92d5d90a-b728-45fa-bd17-65cd9f921f10,legacy,
slab_marble_cloudy_white_jade_27970071-b45d-4cf9-9598-14c1270e7558,legacy,
slab_marble_clova_cream_f246219d-df5f-437a-b8ac-d6d4fcf28925,legacy,
slab_marble_cm_dark_b584a2f8-c6f0-4af6-afc3-b0678a957286,legacy,
slab_marble_cm_light_5f28ea6c-1fb9-44f6-88b1-1aaef32e898d,legacy,
slab_marble_coastal_gray_79160db8-fe0a-4ef4-abef-791e79d44623,legacy,
slab_marble_cocktail_beige_263bd75e-34c5-4196-a142-8831622ec10b,legacy,
slab_marble_coconut_beige_51d22109-b3b7-430d-b349-87f831331a3b,legacy,
slab_marble_coffee_f88b1c07-2953-4ec2-8b1f-3ec8f3fb51d9,legacy,
slab_marble_coffee_been_307e4bf8-bfff-4570-a096-0d0389783b2b,legacy,
slab_marble_coffee_gold_brown_06f21d97-cd01-4c67-bc9b-32fdb4923b1a,legacy,
slab_marble_coffee_milk_a4f02d44-24a9-4497-85a1-d6c0d4122382,legacy,
slab_marble_coffee_mocha_4204bb4a-6e10-4b73-b398-278f800a48cb,legacy,
slab_marble_coffee_mousse_2846cbac-9b20-4900-aa24-1531fb4f16ac,legacy,
slab_marble_coheba_2024b5ee-b0a2-4269-a466-fe6d917da4f9,legacy,
slab_marble_cohim_white_f13c97b2-fc23-4015-b6bf-2a2e28cfafe8,legacy,
slab_marble_coil_dabd6cea-c7bd-45f7-9cae-168959eb2ba4,legacy,
slab_marble_coin_blanco_fcdc8f2c-9dab-49fc-88ef-a7ce475e17c6,legacy,
slab_marble_coke_43479127-e95a-462c-b0b2-c2388b2bf1ba,legacy,
slab_marble_cold_jadeite_ca695989-cdd0-40e5-b6c9-f4bcac70e714,legacy,
slab_marble_color_grey_2bbca4ec-2f91-4a78-a624-4d5eeaec63d0,legacy,
slab_marble_colorado_f72db02b-57fd-4d93-b03d-b452e5a589c5,legacy,
slab_marble_colorado_yule_dd03d275-a4ff-4bbc-88de-ee76ceab68cf,legacy,
slab_marble_colorful_coral_3ec4fa63-ca8e-46f5-826f-101a8873df65,legacy,
slab_marble_colossae_crema_57e1bbce-d513-4f5f-a14e-79d8f4050040,legacy,
slab_marble_conchiglia_rara_6b9a50c4-8c48-4c12-8e64-10202b2a939b,legacy,
slab_marble_confusion_blue_7fcd50b4-5b39-47d5-a38d-c1e6b894e686,legacy,
slab_marble_confusion_dark_d1040f89-0bf4-46fa-866b-586f158b89df,legacy,
slab_marble_confusion_light_848bcedb-c7f6-49c0-b674-4e01231e4c0c,legacy,
slab_marble_connemara_barnanoraun_baa7112a-f346-43e1-a9db-49791828daf0,legacy,
slab_marble_connemara_dark_green_23654694-3c89-451c-8ac6-e7af1d585c37,legacy,
slab_marble_connemara_derryclare_9eec442c-98d0-4946-a4fd-726ca31b0f18,legacy,
slab_marble_connemara_sepia_216a9990-dad5-4139-b06d-3f87f6585965,legacy,
slab_marble_connemara_white_ee99cc9c-d33b-4964-bf86-574865a43f8e,legacy,
slab_marble_connemarble_light_green_48710655-3be1-4b6f-97cf-fc8aac8854fd,legacy,
slab_marble_continental_beige_ad4cbe3d-a6bb-49f9-bf35-17154f4e8524,legacy,
slab_marble_coolness_white_jade_313189e8-0078-4a35-adab-e18b0966bbc8,legacy,
slab_marble_copo_black_66d5d721-fbc4-4dc9-91d6-839c8d6ca954,legacy,
slab_marble_copper_brown_94955519-65a3-4e95-875c-0487a9fd4fe3,legacy,
slab_marble_copper_grey_155e0175-6565-48a2-b005-606df411ce90,legacy,
slab_marble_copper_star_d3498699-78f8-4e5a-8cf4-85fe3e8858c5,legacy,
slab_marble_copper_yellow_66ceb286-5a30-40dd-9f1d-c1cd3763a8ab,legacy,
slab_marble_coral_jade_e1b83b7e-67e9-4012-a9cb-eb9ce7c91c3a,legacy,
slab_marble_corinthian_beige_nature_d2fa6c8f-939c-45ac-85d7-40f9da39219c,legacy,
slab_marble_cornelian_beige_31c977d2-0607-49f4-8fbf-59c844b1b0aa,legacy,
slab_marble_corona_grey_a9c4aa76-7530-4a0c-abe6-0793e8af8fe3,legacy,
slab_marble_corsica_eb966827-84e7-4a15-8160-b682de6251e5,legacy,
slab_marble_corteccia_brown_8b8d7d38-c31e-47d4-91c7-644eb0a257a1,legacy,
slab_marble_cosmic_beige_58045c06-7886-4692-a472-348adb7b9935,legacy,
slab_marble_cosmic_rose_59a3801b-ee2b-4d17-ab2e-8aec8c1be255,legacy,
slab_marble_cosmo_white_875b90a4-73a0-4f75-8535-386f9ff873d4,legacy,
slab_marble_cosmos_olive_40657e99-fd1a-40d5-8767-ffcec7aad38d,legacy,
slab_marble_costa_azzurra_68021f9d-0bf8-4a71-b5d6-e1f4dad087d0,legacy,
slab_marble_costa_cream_98e50480-31c9-40dd-9f96-4789e26b0004,legacy,
slab_marble_cote_d_azur_23fa4f42-d9b4-4ec3-bcb5-17d84c67c55e,legacy,
slab_marble_cotton_beige_cd1fba57-59a9-4b19-85fc-89b95d3a471d,legacy,
slab_marble_covelano_white_ea93bc72-21ec-4d8b-8d50-cd754b923ca2,legacy,
slab_marble_crape_myrtle_bd2e58f7-475c-4d85-a40c-d3ec81d0dde6,legacy,
slab_marble_cream_arc_a0ac0036-e58c-4846-b420-298d0a4b7ebc,legacy,
slab_marble_cream_aria_7379c807-784c-49a6-9345-13723dc897db,legacy,
slab_marble_cream_bella_3fb29b83-1161-4bfa-bd5e-f7fa2a090da6,legacy,
slab_marble_cream_galaxy_66bdc3bd-20fb-4c75-ad41-d4ec8e892078,legacy,
slab_marble_cream_ivory_b91fb4af-9962-4b61-809f-6f5046c8f04e,legacy,
slab_marble_cream_jade_8b144510-f996-431f-8f8e-f23949e42526,legacy,
slab_marble_cream_miniature_ee3bb863-88b3-4836-a39d-1fbbdf3404c8,legacy,
slab_marble_cream_namin_d056d642-c64a-4b21-b2f6-ddbc132177fb,legacy,
slab_marble_cream_ole_a58fc180-7c7e-44d0-9f40-5c90ddc57458,legacy,
slab_marble_cream_pearl_ada242c2-17c8-477f-8f7a-f942999656f5,legacy,
slab_marble_cream_riviera_849211fe-2bb4-43ee-a801-2f422964b207,legacy,
slab_marble_cream_rose_1c49f744-e45e-4ae9-adff-12606c25eea0,legacy,
slab_marble_cream_vanian_89d9a5ab-932a-41ef-9915-1605723e7231,legacy,
slab_marble_cream_wave_59f2b70a-3f93-44e8-86c1-621041bd76c8,legacy,
slab_marble_cream_white_dabdfd1b-f6b8-4aa7-ae2b-268b89b75060,legacy,
slab_marble_creama_berrato_f74fb97c-2fe8-413c-96f6-4eb9bee79343,legacy,
slab_marble_creama_dora_8d5aa659-be38-4808-b12e-5fd823299106,legacy,
slab_marble_creamsa_f2a7c468-e541-4125-8ee5-9e8a648e6d49,legacy,
slab_marble_crema_alexandra_ce126abb-96cc-449a-8843-2f0851a2c6ca,legacy,
slab_marble_crema_bellisimo_ec62ef0c-8a2b-4a2d-a10c-bba110cb991f,legacy,
slab_marble_crema_bello_d25837d4-60fd-40f4-aca0-e8985d3b0c62,legacy,
slab_marble_crema_bil_latte_e186b0cf-2bc2-49e6-b356-a193a8b74a65,legacy,
slab_marble_crema_bonica_36b29413-7de2-4a5c-9bb1-473d84573943,legacy,
slab_marble_crema_brule_749356f9-9f80-40d8-81a2-c49e56d6547b,legacy,
slab_marble_crema_caracol_0726782a-4257-491e-ae53-5d044526bc93,legacy,
slab_marble_crema_caribe_6d2878ea-7922-4c55-b89a-f32ed1b4b4ee,legacy,
slab_marble_crema_carita_60cc54c5-b9fb-49b3-8952-748bffc52fd9,legacy,
slab_marble_crema_chora_94f9267f-7c66-429f-9def-68c472c07d78,legacy,
slab_marble_crema_cordoba_217caf98-5433-4628-93bf-4cbc41b6bfc0,legacy,
slab_marble_crema_cornicopia_38be1b77-095e-4c5e-9ef9-e0bd44fe6014,legacy,
slab_marble_crema_dare_98346fcf-b080-40b6-8b48-14843a228f23,legacy,
slab_marble_crema_dena_79bf7a84-1b31-4a2e-ba53-7c116f614c69,legacy,
slab_marble_crema_dolomit_15729a07-acee-41b0-b503-e5aea7bf80a1,legacy,
slab_marble_crema_dorlion_c9611688-ff23-4b90-bf61-82a7f4541321,legacy,
slab_marble_crema_eda_8ace7793-594b-4f8e-bbdf-69e5632c1bb5,legacy,
slab_marble_crema_elizabeth_85a9cfb4-6d21-45af-ba35-9480e1fad03f,legacy,
slab_marble_crema_eva_e515fd2b-cade-4c4c-9156-2177cc6c2203,legacy,
slab_marble_crema_fantasia_42a3c44e-1d3b-4d20-89d1-238ed167f1bb,legacy,
slab_marble_crema_fantastico_51d11dd9-a66b-4146-808b-c1d874f9a8ad,legacy,
slab_marble_crema_fatin_ac8dee9e-bd8e-4de1-9e01-ebda80a515f9,legacy,
slab_marble_crema_fiora_fe97bc60-d26c-4686-a232-abdfe6a45f3f,legacy,
slab_marble_crema_hugo_2a122fea-7620-40c0-a699-8c4e1c42bafe,legacy,
slab_marble_crema_iberico_c94894e7-85ea-4af3-a85c-824b7bc6d4e6,legacy,
slab_marble_crema_kasta_570c68ff-8f23-4973-a8ca-1dbfc9fd8f1d,legacy,
slab_marble_crema_kemalpasa_8eaa3b14-3a25-4e7f-a967-3d8f3569ea5d,legacy,
slab_marble_crema_konya_a4c3adbc-192f-47c3-be30-cd303e9f95ab,legacy,
slab_marble_crema_life_c4e29ece-dbb6-4809-80bb-3f22ab27d910,legacy,
slab_marble_crema_lima_7f373ffd-91f9-4787-9003-a7b7b749a268,legacy,
slab_marble_crema_linda_7f9ca616-c760-4103-80a4-ddb07ce1c175,legacy,
slab_marble_crema_lux_2b9cb288-2dc0-4969-9e76-245113256845,legacy,
slab_marble_crema_lykia_7a643cdf-88c7-44ea-998b-9069440984c9,legacy,
slab_marble_crema_magna_5b7d49ff-fb5d-47d1-aab8-b9ab1c49f00c,legacy,
slab_marble_crema_marbella_2f42843a-d9cd-4cf4-bc95-15d73940256c,legacy,
slab_marble_crema_mare_perla_083ede51-ec50-4e6b-b189-5ac90c7551da,legacy,
slab_marble_crema_marfil_gold_1a2440d3-11b4-4596-851b-a5761f7cea3c,legacy,
slab_marble_crema_morata_ced58243-c01d-4e5d-9481-6e81e8a6b31a,legacy,
slab_marble_crema_mori_24dbce00-ff28-4e01-b253-6fa38c7dd797,legacy,
slab_marble_crema_natural_santa_8ae528bc-e8ab-4917-9d48-caa39f8b5b54,legacy,
slab_marble_crema_nera_6dd583a8-76c9-4a68-a853-b97b3bf129ad,legacy,
slab_marble_crema_oliva_0e849ff2-c5e0-477a-84df-717a34a78da6,legacy,
slab_marble_crema_panna_d259f7d1-6417-41b4-826a-0853b5453a9b,legacy,
slab_marble_crema_parador_229fd049-5313-4940-b68d-2afde59f1bdb,legacy,
slab_marble_crema_patricia_6d150f50-4a3c-475c-88ef-638cb7882faf,legacy,
slab_marble_crema_patricia_pink_49a6ae8b-66fa-4084-bb95-26b449b30b8d,legacy,
slab_marble_crema_peach_56abdc67-17b2-458e-8b9b-7df75b4a2d67,legacy,
slab_marble_crema_penta_88a6be38-397b-477c-898e-8581ec34ba8d,legacy,
slab_marble_crema_perlino_273be2a6-45f5-4720-baf8-51e25146842e,legacy,
slab_marble_crema_petras_8afa1912-cfee-48d3-8ee3-91dc99a081d7,legacy,
slab_marble_crema_porto_28707d26-8406-4684-afb7-842e21c3c7a1,legacy,
slab_marble_crema_rare_7a833588-3580-4596-bbe5-bd4d52afb3ea,legacy,
slab_marble_crema_royal_beige_2ce0421f-826b-47a3-b62b-516c10691eda,legacy,
slab_marble_crema_saida_7177b285-b9a7-4c24-b133-b1018710da1f,legacy,
slab_marble_crema_salma_e5af5a29-4653-416d-9185-c2fcb2fac124,legacy,
slab_marble_crema_santa_ana_a213e282-fa57-429c-9f4e-3efc39e69628,legacy,
slab_marble_crema_sante_deb3c7f4-9cb9-4582-996e-02718526b8d8,legacy,
slab_marble_crema_santo_7dbf09af-513b-45ae-9b78-3e720e823870,legacy,
slab_marble_crema_saray_90ffc278-786e-4f71-9faa-e98f1fd5b867,legacy,
slab_marble_crema_shine_cebe9b6a-4940-4a5d-afba-f2b357ea7ae2,legacy,
slab_marble_crema_sicilia_12d50c76-5f72-491c-a1b6-039c09dbd5c9,legacy,
slab_marble_crema_siena_7ac01e4b-a92a-4d67-9afe-bb758443884f,legacy,
slab_marble_crema_skrapari_596243c3-dd15-4867-920f-49a9816d737c,legacy,
slab_marble_crema_sol_0cdb161c-fda7-4946-9988-679742e00ccc,legacy,
slab_marble_crema_star_eeb234f5-22d3-4a89-8f77-01e7b83661e8,legacy,
slab_marble_crema_striato_a379df3d-065e-4200-9aa2-16074618e4ae,legacy,
slab_marble_crema_sunset_b09d8c41-1404-4b25-8cf3-9ed45b620c6b,legacy,
slab_marble_crema_unico_58062e66-9d47-4611-afdd-8724bb30a4c0,legacy,
slab_marble_crema_valle_79e28170-6b4f-4a32-9a79-62a100d746f5,legacy,
slab_marble_crema_venato_364ed702-b963-479b-ad5b-531c1c2cfa48,legacy,
slab_marble_crema_verona_3c1a8ef1-3812-40ea-8911-117d30031ce9,legacy,
slab_marble_cremanata_ffcc0ee9-48db-4752-bc0c-7f4aadcd9136,legacy,
slab_marble_cremasiva_light_8bacc6d8-53ae-48b1-beec-da69cd6574b1,legacy,
slab_marble_creme_do_mouro_7d0b36e5-adca-4dbe-8ff4-4e579e5e55b1,legacy,
slab_marble_creme_elysee_519a5d40-0988-432e-865a-78b048581c25,legacy,
slab_marble_creme_lagoa_afaaa87f-6d27-4a5d-ae21-2cd407319517,legacy,
slab_marble_creme_maroteira_586e7b3a-015c-4eaa-9c97-ca9403004ba8,legacy,
slab_marble_cremera_b136c470-bfa1-4146-aefa-4a5213076e59,legacy,
slab_marble_cremino_nuvolato_aeed430e-1d8e-455a-925b-a8fe4a647437,legacy,
slab_marble_cremo_avana_bfb5db67-a66f-4bf4-a19e-2660b58e0ef1,legacy,
slab_marble_cremo_tirreno_88e85134-122b-4f02-812d-5276b1bcbe37,legacy,
slab_marble_cresta_black_18d12c1a-3405-4186-bf11-62ba1dff8fb2,legacy,
slab_marble_creta_grey_9fd460ae-cc76-446d-b02e-72674558bd74,legacy,
slab_marble_crete_white_36e72c05-e9e6-44cf-9602-7a92a4fef7ed,legacy,
slab_marble_cretto_dark_243a6bbe-d4b9-46fb-90d9-12126eb222a4,legacy,
slab_marble_cretto_light_387a59b8-26a0-44ed-8029-32f947708927,legacy,
slab_marble_crevola_blue_b88d8983-e3f6-46cc-8f4f-8ed2974cdce7,legacy,
slab_marble_crevola_di_ossola_unito_9fb220c9-52f4-4562-a4ae-d31517cf9340,legacy,
slab_marble_crevola_di_ossola_venato_5b9b52c7-8ae8-42fb-8f59-d5c675f02d72,legacy,
slab_marble_crimean_grey_732d3c2c-7fbe-41eb-91c5-14be22092e10,legacy,
slab_marble_cristalita_blue_37db42f1-b885-4285-9d2e-97be80d0e127,legacy,
slab_marble_cristalita_honey_67d9bd54-810b-42d8-aa49-a03ee6ca450e,legacy,
slab_marble_cristalite_blue_fca8a2e2-f1ec-4dce-960f-da8de5a3f64a,legacy,
slab_marble_cristallino_de_angola_bc169201-2db4-438e-9bb6-37e862506be1,legacy,
slab_marble_crna_kricka_ccd9639c-c4dd-4aa0-9418-4e6f642f9933,legacy,
slab_marble_croatia_fiorito_8c0e1aad-3422-4a94-9223-c33fd3ddd187,legacy,
slab_marble_crocodile_beige_cd2f77a5-1a94-453b-88e1-9630ef70c072,legacy,
slab_marble_crown_beige_8438fea5-5d7b-4b71-8e48-4ac52caed7e1,legacy,
slab_marble_crystallite_d0a28960-2d24-4152-b4ff-42e7c60c3abc,legacy,
slab_marble_cuban_brown_bace7ec7-ec21-45c1-9a95-56329b60088d,legacy,
slab_marble_cubana_beige_22ec9bac-b55f-4d1a-82c0-506d23b10645,legacy,
slab_marble_cullinan_brown_3e00d524-ab74-4cfd-b3e8-b941ec3d57d4,legacy,
slab_marble_cumulus_white_97af12dc-12de-4ea6-9ced-c68e5725142b,legacy,
slab_marble_cupid_beige_65fc36c7-0c3e-4540-a3a9-2cce3296b26f,legacy,
slab_marble_cyan_flower_white_e1134688-f7da-4743-a661-d805b8b40eea,legacy,
slab_marble_cygnus_grey_83524f99-99cb-4ed6-9af5-0349b5689fb0,legacy,
slab_marble_cyrstal_white_2936eebf-6092-41c9-bab5-1c382279d650,legacy,
slab_marble_czarny_86d8fa92-c59d-4737-bc63-efce94e520b8,legacy,
slab_marble_da_vinci_ab1619e8-e16a-414d-8337-3e50983eda91,legacy,
slab_marble_da_vinci_brown_25ae2340-6956-458d-b3dd-6faeddb079b7,legacy,
slab_marble_dadu_beige_76330f28-6c76-492b-8733-c124ff9bed33,legacy,
slab_marble_daisy_grey_14f2ab37-bc49-49d3-b821-e89cf6fedd79,legacy,
slab_marble_dakara_4b64ce1e-00e6-48b9-ac43-2766c756635e,legacy,
slab_marble_dalati_77e3f810-3ed9-43a2-873d-7970b4ae9a5c,legacy,
slab_marble_dalati_grey_0751de91-1c7b-457c-9c19-8f03c8dbff99,legacy,
slab_marble_dalida_c25021c6-a244-4190-9a15-588fc99fbc7d,legacy,
slab_marble_dalmania_ed146d9a-6f92-40b5-bbb3-2504068613a0,legacy,
slab_marble_dalmata_bae7f0b0-f19b-42a1-95b2-daafa67d4de2,legacy,
slab_marble_dalmatian_f52c57a2-290e-42c7-b322-d4e352616fa6,legacy,
slab_marble_dalya_golden_rose_8c6ffbfc-03cf-4a90-9070-0979804ca1a6,legacy,
slab_marble_dalya_rose_be638c65-ecba-40a5-8169-c64158201ea8,legacy,
slab_marble_dama_grey_99cd9545-10b9-4735-b3c8-714243ec4d33,legacy,
slab_marble_damas_e156ddd3-03fc-420b-8aac-abc89667e951,legacy,
slab_marble_damascata_2eaa6094-9122-495c-b815-64dd586c02cc,legacy,
slab_marble_damasco_white_af9ba3b2-0e5b-405e-b624-fb6e5bdad90b,legacy,
slab_marble_damasta_silver_grey_44775488-d08d-493e-860e-eaf6a3b9fbac,legacy,
slab_marble_danae_ariston_0febcf2e-ed24-47b0-ac35-d2532e6c3dae,legacy,
slab_marble_danae_bianco_gala_0c1a0c1e-cc58-4584-ac9d-aff6e427904a,legacy,
slab_marble_danae_flower_ea239807-1ee4-4028-8a8e-523fb170168c,legacy,
slab_marble_danae_nuvo_grey_823b809d-8e69-4668-9f99-cc4b04ffe6be,legacy,
slab_marble_danae_pighes_f38bc262-d105-46d0-82f1-8821ef970cfc,legacy,
slab_marble_danae_velvet_6647ee76-e1af-4559-a790-3010e9d749f0,legacy,
slab_marble_danae_venus_fe925ed6-62cc-4140-aee4-9d3937b374c7,legacy,
slab_marble_danba_white_630cfbe7-16ad-4f63-ba37-2c073f736021,legacy,
slab_marble_danish_cream_403b4093-c955-4acd-ad52-36cab753c440,legacy,
slab_marble_danxia_red_jade_93bc97ac-a8cc-4e2c-8802-0d01d0e7ed51,legacy,
slab_marble_darius_black_96d876f8-5672-4abf-88cd-5fd9f65beb7d,legacy,
slab_marble_dark_beige_fossil_6c6ccbdd-d479-4bbf-bca3-34d5653e10eb,legacy,
slab_marble_dark_cloudy_b8a1786a-88cc-40b5-84e4-1c5e7a5c2106,legacy,
slab_marble_dark_deep_blue_8facf07e-50af-464c-b8c5-b68776ffb33f,legacy,
slab_marble_dark_green_g_strakes_0737d27c-4abb-4ef6-ac17-1576ca21b166,legacy,
slab_marble_dark_grey_galaxy_ec1bac22-1b00-4630-bde2-092eaa3c7597,legacy,
slab_marble_dark_pink_273e2224-0217-4ab9-814a-6d98ddca9e37,legacy,
slab_marble_dark_pink_rose_c3e82df6-46e5-4851-8e41-18387c04624e,legacy,
slab_marble_dark_rosy_5ae10d0b-d788-466e-b552-aa81999c785d,legacy,
slab_marble_dark_silver_grey_0d48b410-c3fa-44a8-8962-de9f472ad958,legacy,
slab_marble_dark_spring_9594fdc5-d267-4d1e-8127-9f3de00089d7,legacy,
slab_marble_dazzle_white_8ce03ac0-ab18-43d3-bab9-a703c859f8bd,legacy,
slab_marble_dd_60dcd5d9-318e-43e8-b1a5-9ae4ac543f2d,legacy,
slab_marble_debreste_d9628225-bdc8-4f89-82b2-330131457c4c,legacy,
slab_marble_deep_blue_4d117a0a-142d-4ac9-b8a9-04bfea45582c,legacy,
slab_marble_deep_green_54ab8480-e62c-4362-bc1e-8ee70b02a74b,legacy,
slab_marble_deep_grey_9efd818e-0ad7-48aa-a325-195db16c2b83,legacy,
slab_marble_deep_ocean_beige_928a0d45-cb74-4170-a493-d6e500161f67,legacy,
slab_marble_deep_purple_efee830c-348c-424d-9e53-c59394e3b2ef,legacy,
slab_marble_deh_bala_yazd_301920e4-55aa-4135-a8dd-880ed3387b7b,legacy,
slab_marble_dehbid_chahmorghi_55c58651-d2bf-4478-bfd3-9d125a284609,legacy,
slab_marble_dehbid_royal_cream_7d23d124-f2ac-4c06-95fa-f688b7eaedae,legacy,
slab_marble_dehbid_spider_190049b9-ce00-479a-ba91-77a57d2848a0,legacy,
slab_marble_dehnow_0fa43f3e-6a70-4905-830e-8672a7c039a0,legacy,
slab_marble_dejavu_92697852-e1f7-4561-9d52-cc26fa1fbc5e,legacy,
slab_marble_delano_5f0a7a7e-1be2-48ac-af64-d63de76beb9f,legacy,
slab_marble_delfino_samina_f7d96532-f669-4ed3-9b2c-d7740acc84f8,legacy,
slab_marble_delicate_cream_5edea694-faed-41fa-be26-3d8a7ba1cf34,legacy,
slab_marble_delicate_grey_e5ca6031-9f5c-4135-857a-b522ccbe570c,legacy,
slab_marble_delta_beige_1a60e256-5c18-4202-acea-a5064182de7b,legacy,
slab_marble_dema_gray_95fcf669-1b69-4f37-a837-6215c5a9574c,legacy,
slab_marble_demiraglar_new_beige_42976a77-32da-4d35-81f5-fa4967f1b962,legacy,
slab_marble_dena_rosa_54748935-d135-4b8b-8c02-6e1feed08679,legacy,
slab_marble_desert_cream_3a53d516-5959-43ce-b89d-e89e72fa5a0d,legacy,
slab_marble_desert_flower_1cefe1f6-3ce5-418d-bf0b-65ccf37e4cf5,legacy,
slab_marble_desert_grey_c5ed5608-8df9-4875-bdb2-814bbe0ce979,legacy,
slab_marble_desert_oasis_b1bd432a-f96d-4ab3-baad-a2156a5aee5e,legacy,
slab_marble_desert_peach_1f130437-4c71-42ca-a732-6726c6f1d698,legacy,
slab_marble_desert_silver_7e8b091c-3b4d-47b3-a8d9-079bc237e48f,legacy,
slab_marble_desert_silver_red_353067e3-ad01-4617-80f0-461ad1a6fdde,legacy,
slab_marble_desert_white_51c74569-133e-418d-8232-f91dc6fdc664,legacy,
slab_marble_devmer_beige_693bbfee-f3bd-4603-8a7a-0c1b80f0a395,legacy,
slab_marble_dharmeta_b6dcdae1-0a0f-41a5-8a04-cbb3823eafa3,legacy,
slab_marble_dhofar_mist_6755a42e-9772-4416-9d61-39ceb30de9fe,legacy,
slab_marble_diamond_7bffd99b-af8b-4093-8ff7-45be40f7150d,legacy,
slab_marble_diamond_beige_6c16c771-ca94-462e-9c15-06dd4e8492f2,legacy,
slab_marble_diamond_grey_f826163f-b6d9-4709-a121-77d68a77567e,legacy,
slab_marble_dias_arabescato_a2811686-97f8-412b-9afe-8293264f9086,legacy,
slab_marble_dias_cielo_de05e0e5-964a-4a7a-a02f-317cb7f6d054,legacy,
slab_marble_dias_cielo_vein_e7264858-5d8e-41a6-b596-35ac9d87276e,legacy,
slab_marble_dias_cloudy_3a43944c-ee3a-4992-8c2a-b162807bb9d8,legacy,
slab_marble_dias_statuario_ee51b65b-a7bc-4719-acd2-eb3faf5853d2,legacy,
slab_marble_dicle_sahara_f0ae7ed0-c03d-4eab-b36e-f523406b817b,legacy,
slab_marble_didima_brown_ed2a22b8-1a45-459a-b25b-1e7aa1af138c,legacy,
slab_marble_didima_grey_8f5d9e55-9722-42a2-ab7f-f26bbbf5b1cc,legacy,
slab_marble_didyma_beige_d24cd918-b2cd-47a6-bd64-bf3a4aa507e3,legacy,
slab_marble_digua_91c927bf-683a-4901-b63a-25c344bbbfa1,legacy,
slab_marble_diler_beige_1dcf55a3-8c25-4ce3-826a-909758dd7ad1,legacy,
slab_marble_dioclez_1339a6c8-0bd7-4dfd-a0f4-f0b0f0236939,legacy,
slab_marble_dione_690015a7-90c4-42cf-8a32-19c74eaccea8,legacy,
slab_marble_dior_grey_6d745248-0e37-4b87-9ed1-ffc431b59648,legacy,
slab_marble_diplomat_8d5b22e0-cb6c-4316-90d4-2a3639697d6a,legacy,
slab_marble_diplomat_gol_mamoli_9a7c7a7e-19b7-4dbe-9a38-b7eebef3f307,legacy,
slab_marble_diplomat_sefid_683716cd-40ed-47e6-9ad5-92adce993c35,legacy,
slab_marble_dispilio_ba2328f5-55c4-4af6-bac6-0b70f4bdba6c,legacy,
slab_marble_diyarbakir_beige_17d9e2d5-51d9-4cc3-97f6-10a5cfe209c1,legacy,
slab_marble_diyarbakir_emperador_00ac2d49-cd3a-4f31-99dd-5e5980822159,legacy,
slab_marble_djamon_ischi_5758f34d-831d-4d34-9db3-a5ee675568ff,legacy,
slab_marble_djon_light_11cd535a-f21e-4c0d-9a83-3e9fbf0dc7d9,legacy,
slab_marble_dk_green_3ac9b3c8-dee6-400f-ade8-3088ec531128,legacy,
slab_marble_doce_emperador_88316b9b-efb9-4e50-9cb1-44199d64daf8,legacy,
slab_marble_doga_beige_13893938-43b7-4a5f-a28e-31fce76bf293,legacy,
slab_marble_dolce_beige_0d9758a8-0d53-468e-9b33-ca8102ea5a3e,legacy,
slab_marble_dolce_whita_9089f171-55e3-4ad1-a1a3-c95f4ae4a887,legacy,
slab_marble_dolcetto_perlato_339393f8-79ff-42bf-a10c-70da05d0f76e,legacy,
slab_marble_dolit_white_feb6b109-1ccb-43af-af05-f6894008ca6d,legacy,
slab_marble_dolomitstein_a5fce8ed-5578-4a7c-b587-81440844d15e,legacy,
slab_marble_dolphin_blue_1b8e3bd6-3884-4268-8f66-1c4c1c0e9aae,legacy,
slab_marble_doly_1c919e83-679c-4d4e-a4e1-e17f37fee60a,legacy,
slab_marble_domokos_red_brown_61ca1e1c-8742-4a12-8db6-c86bc14d9721,legacy,
slab_marble_domvrena_beige_6259c984-4c5d-4ab5-b538-842651a9cb96,legacy,
slab_marble_donatello_c3ba3acc-3f15-4e02-88d4-ecdcda925075,legacy,
slab_marble_donau_3137bb48-1a7d-4800-bf16-463d9702162d,legacy,
slab_marble_dorian_grey_e07bccb7-1bea-4b9e-8fde-094d5dfa8acd,legacy,
slab_marble_doris_grey_aed96b16-922c-4f57-b7ab-01a0689dd5e8,legacy,
slab_marble_dorsaf_0e9a2e28-cfa1-409d-8a00-c9864d4ce335,legacy,
slab_marble_dorset_grey_5269f8eb-b826-4624-a3ef-75e9686f8147,legacy,
slab_marble_double_creamy_beige_cdfb3c51-95ea-412a-bf14-d939683d1152,legacy,
slab_marble_draco_a9564375-0b57-4793-9cb0-661ac0c142cc,legacy,
slab_marble_dragon_beige_ea6fa5bb-0dda-4d79-b76a-e64aa75321cd,legacy,
slab_marble_dragon_dark_8df20297-e39d-4bd1-b735-2add4372b922,legacy,
slab_marble_dragon_gold_c76c9145-967c-4828-8ebc-f76143ded3ac,legacy,
slab_marble_dragon_green_fa3cc4fc-3d00-4f35-a143-0f694df25c9d,legacy,
slab_marble_dragon_kemal_0c83db87-7e82-4c61-ae39-4d5d01b7d0ef,legacy,
slab_marble_dragon_red_d4fcaafa-6e89-4ca3-8089-9c259f86be36,legacy,
slab_marble_dragonia_ad66a847-644b-4e41-95e6-9fe4f55a1945,legacy,
slab_marble_drama_green_5bddd2ba-61f0-4f11-80ea-bd528b6e4f72,legacy,
slab_marble_drama_ocean_blue_7ec8bd6b-3db0-49c4-a29f-2d45ba0e44bf,legacy,
slab_marble_drama_silver_grey_645097a0-4cdc-4b7c-814d-5ccda832d4d0,legacy,
slab_marble_dream_b85d7625-3d6b-44ec-8bd1-11f538fcac68,legacy,
slab_marble_dream_beige_7bf03dd8-e7e4-470a-88ab-05425bb63c59,legacy,
slab_marble_dream_night_90b13032-3f2e-470d-8f5e-4b25e941f366,legacy,
slab_marble_dreamtime_854f97b0-66f8-41c1-aa5a-ee29084ef834,legacy,
slab_marble_dreamworld_198caeec-95aa-47dc-b516-cdcbe297e159,legacy,
slab_marble_dry_rose_8eb28676-08ea-4292-8c0f-5fbdeabc3e5c,legacy,
slab_marble_dubai_gold_d940b577-7a52-432e-bdb4-21a2ee7c7b4b,legacy,
slab_marble_duchessa_gris_ddc0393e-5f78-40f8-92e2-8f7d49483f82,legacy,
slab_marble_duna_white_6cec6d94-aacd-427a-9edd-9e7e4180db73,legacy,
slab_marble_dungarpur_white_c831c2b0-0c57-4f3e-a289-3ef2c0c9cbeb,legacy,
slab_marble_duquesa_brechado_146f6f58-35b2-4982-84f4-dd1b70b66a00,legacy,
slab_marble_dusun_beige_40a66286-c87a-48d2-a84a-9ea24bd835db,legacy,
slab_marble_dynasty_purple_82fa9e0d-66ad-48f2-b545-a452b56f7206,legacy,
slab_marble_dyno_beige_a2e09fb0-2400-4c41-929b-aa2f4524c4dc,legacy,
slab_marble_dynossaurus_45008d59-5e50-4358-a208-6f625a3368b2,legacy,
slab_marble_eagle_beige_fd4a608f-186f-400e-a99f-feb86e2b998c,legacy,
slab_marble_eagle_grey_c6e02ef5-5f84-4b9c-9f5d-e50ffe4455d0,legacy,
slab_marble_eagle_white_cd2ecf0a-3ca0-4a49-8371-e6792fc502d6,legacy,
slab_marble_earl_grey_2726266b-232d-4f17-afd3-5c84001f1f3a,legacy,
slab_marble_earth_blue_2d46cf2d-96ef-42ce-9361-14d090f36eaa,legacy,
slab_marble_earth_grey_de9425f7-f537-431e-82bc-c802003c98ed,legacy,
slab_marble_eastern_green_88cfde2a-cff6-48a2-bf22-2c0f9713ebbd,legacy,
slab_marble_ebony_grey_5a3dee1c-6497-4184-b44d-d9fc118a458e,legacy,
slab_marble_ebony_suede_52b9922b-8114-417b-8191-c803bf20938d,legacy,
slab_marble_ebruli_eeb15454-4eb0-494c-bb0f-3b5e770426a1,legacy,
slab_marble_eclipsia_white_0b671e03-c92f-4d99-b367-3025bb0f7b81,legacy,
slab_marble_eclisse_lunare_1df2c19f-1b07-4d8c-87af-730e7919f1f1,legacy,
slab_marble_ecru_e5d3ef8b-bf75-47e2-bd92-5635d4f3f000,legacy,
slab_marble_ecuador_beige_57515c01-49bc-4594-ac34-f8d2f836a9d7,legacy,
slab_marble_ecuador_grey_912f301b-6bd0-4285-af78-53b4de3866f8,legacy,
slab_marble_edessa_black_4f76c7a5-215f-4238-bfa8-80f242eb21b7,legacy,
slab_marble_edith_green_11912cd7-5958-48f9-b16f-c633817ec943,legacy,
slab_marble_efes_cream_43fc5a0a-2d36-4a30-ac80-bc6f5ee4c0ef,legacy,
slab_marble_efes_sun_94ce1254-7f8a-4526-b215-b9bce5445247,legacy,
slab_marble_efsus_ochre_f62be5c4-9815-436f-8b8a-83d954a9ed36,legacy,
slab_marble_egeon_white_7652c8b3-d0e1-4011-a2b5-7cb5ef6344e7,legacy,
slab_marble_egufume_1d4db336-f69e-476a-b1ab-899768e84d8b,legacy,
slab_marble_egypt_sahara_beige_b6a69b34-0bec-4a46-a908-baf40fa5712e,legacy,
slab_marble_egyptian_beige_6e8bed8f-691e-4661-87c0-96175d326159,legacy,
slab_marble_egyptian_emperador_light_2af0ab3d-ff4c-4e69-ae49-65eb2b063c77,legacy,
slab_marble_eiffel_white_285ceee2-e1aa-4867-8972-bc2ba1407566,legacy,
slab_marble_ekeberg_bla_6d40bc91-4c43-48b6-919b-b6327b2e5c95,legacy,
slab_marble_ekeberg_ljus_25966af4-adb1-4488-b49a-72c89217366a,legacy,
slab_marble_ekeberg_moerk_06fa0472-9f18-4797-8c5c-5de6e69fad4f,legacy,
slab_marble_ekolas_cream_4c6c942b-b925-494b-bf09-1676cd15d44f,legacy,
slab_marble_eksioglu_calacatta_f820f533-e373-4d60-a980-69dc029ea033,legacy,
slab_marble_el_dorado_d5a8041d-9d71-4c94-ba48-40683163590c,legacy,
slab_marble_elba_blue_2c230786-bb71-420e-9fd6-6888325e45fd,legacy,
slab_marble_elba_gold_716e067c-cd19-4cb7-81b1-f97d0f142687,legacy,
slab_marble_elba_grey_d71db471-30bb-4a9b-b1fd-ff5306e739e8,legacy,
slab_marble_elba_sky_7c21f209-6578-48d3-8b0d-93cad8d646fc,legacy,
slab_marble_elbistan_beige_5b11d038-0e03-44ee-b718-48c4b8b1f244,legacy,
slab_marble_electra_marun_3c0d3ecb-d687-45d9-9d9b-03cd81da2451,legacy,
slab_marble_electra_pantheon_0beb2d0b-4240-48fa-a950-0ffdcc4151c0,legacy,
slab_marble_elegance_91508de9-60f0-4315-8069-5c66147cb36d,legacy,
slab_marble_elegance_grey_4d640a13-9386-45e6-ad2c-fdb311281638,legacy,
slab_marble_elegant_gold_65376f01-0c6c-4778-b0f6-b844e29064e1,legacy,
slab_marble_elegant_gray_d8fbb07e-9e52-42d8-9469-67c3982eb8b6,legacy,
slab_marble_elephant_gray_71f41d52-2765-4504-89ba-715870096518,legacy,
slab_marble_elicream_c4fb9a61-5bb8-40ec-a98d-a6ab3bc996c6,legacy,
slab_marble_elif_beige_d2e673ad-250a-43cd-9669-eac17d267305,legacy,
slab_marble_elikonas_beige_9b849c64-a0e0-456d-bb2d-aa8192eaaa7b,legacy,
slab_marble_elikonas_gold_90abe0bc-e50a-4c29-aad0-18118389aec2,legacy,
slab_marble_elixir_db2de9bc-43f8-44d3-bb09-4c9eb351a800,legacy,
slab_marble_ella_cream_000248a2-aa19-4b8d-8487-56d0b6d9052d,legacy,
slab_marble_ellikon_red_vein_64357898-f8bc-4dd2-8aee-8252992d5b6b,legacy,
slab_marble_elmali_beige_534f4e04-7c02-42a2-b41f-47d1d8236ed2,legacy,
slab_marble_emek_deep_blue_e99bb276-9691-4980-967e-fa0264c9c7f8,legacy,
slab_marble_emelas_beige_36141b5f-1133-412c-8746-fe9271cc3c69,legacy,
slab_marble_emerald_beige_eae086de-7dc0-470e-9946-78ac0045c7f6,legacy,
slab_marble_emerald_pearl_f617897f-893e-40af-9e7a-70d6c9e9327d,legacy,
slab_marble_emerald_white_e96d05d4-3f49-4dbd-ac10-5859647a6d96,legacy,
slab_marble_emgoni_86685a06-e3e4-4dfb-9b5f-76a2ce4fa7ea,legacy,
slab_marble_emir_grey_caaa2517-d8cb-45d4-956b-d59c5457b02c,legacy,
slab_marble_emotion_ce8ecc92-9ddd-4cde-acab-7b562cb970ac,legacy,
slab_marble_emperador_black_e984d58d-4aff-4ed5-ab31-027b56d6619e,legacy,
slab_marble_emperador_olive_ca312086-042f-438b-a50b-fa0e23583755,legacy,
slab_marble_emperador_orientale_1c0926fa-0d30-4803-bade-d6c2a361bbee,legacy,
slab_marble_emperor_golden_beige_e744c6ea-9806-446f-aaea-c21f7cd4d0fa,legacy,
slab_marble_emperor_grey_ba4acdff-c40d-4f0f-9b32-4de693b51399,legacy,
slab_marble_empire_golden_64222e8d-b65b-409a-a3bb-89df2d520453,legacy,
slab_marble_empire_green_8b9d4cac-107d-4f1f-b365-ec33f9a69cbb,legacy,
slab_marble_empress_c8519c66-5253-4796-90cf-061ebce5030f,legacy,
slab_marble_empress_beige_86cb73e1-fa63-4020-802f-071f0b603396,legacy,
slab_marble_empress_green_539224ce-0446-42a5-a16c-34e40589e6b0,legacy,
slab_marble_energy_beige_e35de002-66fe-4a78-86fe-ccfae39a6ede,legacy,
slab_marble_england_beige_2cab7081-3f55-4c03-8dbd-f154285c483b,legacy,
slab_marble_entas_new_beige_7575e776-8c7f-4229-8f25-27b0895da337,legacy,
slab_marble_ephesus_beige_d274b2f0-f438-4afa-af30-6d9b87b8f47d,legacy,
slab_marble_ephesus_grey_3a6a6c6e-ca98-4caa-9e8d-55c1fbf15f45,legacy,
slab_marble_epidauros_red_4af7257f-3d69-4a1d-8f52-701c621349e0,legacy,
slab_marble_equinox_16efa127-ef59-42b0-98dc-bf6708fee860,legacy,
slab_marble_era_silver_af24a6aa-2811-41f3-b3b5-4beb3bde5bf0,legacy,
slab_marble_erbalunga_dcc38cde-82ef-4155-87fe-f7db53329177,legacy,
slab_marble_erdem_c28160d7-545a-4689-b649-b013146df381,legacy,
slab_marble_eretria_grey_4f6544ff-a53e-454a-af86-a3bfda377828,legacy,
slab_marble_eretria_red_9296d7f2-cb16-42ab-b351-c55a72443af0,legacy,
slab_marble_ergani_beige_8de956fb-de03-46c3-9c7e-3698fb58e97e,legacy,
slab_marble_eriza_beige_e6e9c026-c33d-4a5d-9e74-10b6f4a70248,legacy,
slab_marble_erkon_grey_b03dcbd1-967a-4498-87e2-189580a91130,legacy,
slab_marble_erlake_blue_a9191b12-133b-4da9-bff3-973c0fc2cd0a,legacy,
slab_marble_ermas_golden_ca804210-b068-4acd-b5a2-4483db721dc5,legacy,
slab_marble_ermenek_beige_af7f409d-f425-4c00-80c7-ce255c799169,legacy,
slab_marble_ermioni_red_brown_97721650-4639-4b0a-8359-5d7b1708c982,legacy,
slab_marble_eros_2f3da860-d2ed-43f7-a974-61f2c27ecf3c,legacy,
slab_marble_ersa_5f21c612-936d-41e1-9349-da29af927427,legacy,
slab_marble_erythrai_4cf60223-aaaf-4aa3-bcc2-504609ff5442,legacy,
slab_marble_erzurum_white_0ea17925-7ac9-487f-847e-abcbc93e70f9,legacy,
slab_marble_escalettes_dbaff256-7449-4c77-a056-b53422077c51,legacy,
slab_marble_escato_4cfdce1a-aeab-411a-b271-da31f567949e,legacy,
slab_marble_eskipazar_beige_b9e3e2a0-830c-497c-b491-d0952f7f16e8,legacy,
slab_marble_eskisehir_beige_51724a20-9d0e-44b3-8933-0da67f330712,legacy,
slab_marble_eskisehir_emperador_65130eab-094d-4dda-873d-73900f7ce25d,legacy,
slab_marble_espara_beige_e69d676e-b3e5-42f4-8312-ec23030fe3a5,legacy,
slab_marble_espresso_macchiato_0a15fa7c-f8f3-4e72-a122-0d3b64ddb1c4,legacy,
slab_marble_essential_grey_98ec96b0-fe38-480b-b9d2-a9bfe6a0117c,legacy,
slab_marble_esserando_3e5c5755-520b-4747-9707-bd14d20a7400,legacy,
slab_marble_estee_lauder_1ae598f5-0cfa-4ed6-bbcc-67974707976d,legacy,
slab_marble_estremoz_crema_con_vergada_5b8be2ac-cec1-46fa-a2cc-095d575b25df,legacy,
slab_marble_estremoz_creme_7ce7b645-5ab6-44a0-a8bf-9cb2ddb2bf6c,legacy,
slab_marble_estremoz_medio_6c84d183-1997-4c9e-aa9d-d9a91d171a5d,legacy,
slab_marble_eternity_2452eef6-cd31-4c21-9fc0-fa2ee12888c0,legacy,
slab_marble_etowah_fleuri_1e8296a1-b686-4150-bdfb-df4abed73e30,legacy,
slab_marble_etowah_pink_2d6d740a-00a8-4b3e-a487-c1188f4e944e,legacy,
slab_marble_eunika_grey_4b4b9ecf-0fd6-4928-9173-84c006f87a94,legacy,
slab_marble_eurasian_brown_a347d415-3053-45aa-b742-096b35c4075e,legacy,
slab_marble_eurasian_wood_grain_f693ddea-749e-4d0f-98e1-68f567ec5053,legacy,
slab_marble_eureka_calacatta_danby_c239d261-81b8-472a-adb0-e2c1833b1ed1,legacy,
slab_marble_euro_green_a56b7932-8ab0-405d-a559-1110e98caffa,legacy,
slab_marble_euroasia_white_b5d8d3d0-0511-4038-816e-90f7515dea2a,legacy,
slab_marble_eurobeige_6ea707bd-2b8b-445a-a8c4-61ba20e1afa4,legacy,
slab_marble_europe_7c09fc21-b6ed-461e-b176-15e110d5c0a4,legacy,
slab_marble_european_grey_emperador_99319ab6-bda5-4529-9d14-1b9267a708b5,legacy,
slab_marble_european_network_9588f002-e3b3-49b5-b45a-ea3344cddd1f,legacy,
slab_marble_eva_grey_9e8ccd34-de3c-4a20-a183-9feac874a015,legacy,
slab_marble_everbloom_dark_76c6853b-0fdd-4a05-8824-7c42948cbe1e,legacy,
slab_marble_everbloom_pink_90f1c730-a367-4bec-a904-ac7e007632b6,legacy,
slab_marble_everest_649c8409-297b-4ad5-8f61-602e9c8702c5,legacy,
slab_marble_everpink_8fb4cac8-cf45-4506-b884-986e4af49a56,legacy,
slab_marble_evia_brown_8bf39ef2-c1ef-4035-9a23-7b30ee222f10,legacy,
slab_marble_evora_white_9b371596-4522-45bc-8c81-3a84df684618,legacy,
slab_marble_excellent_white_568372f0-e653-48a2-93e3-17b24e0450c3,legacy,
slab_marble_exim_brown_f417a4a7-6214-411e-9aa9-5e71176e10b6,legacy,
slab_marble_exotic_blue_1520b703-7e4c-4d9c-a21b-9d9baf29edd2,legacy,
slab_marble_exotic_gold_39f6337e-f709-4f2a-82bc-6ba4cdcb4d1a,legacy,
slab_marble_exotic_pandora_30ead7bb-29a2-4cd5-880e-60748a21d6b1,legacy,
slab_marble_exotic_veins_784b8610-4572-440e-98e4-f3097862486c,legacy,
slab_marble_eymer_black_9980a6db-e04f-433a-9fac-53fec91c1573,legacy,
slab_marble_eyra_gold_128beecd-1430-4d06-b07c-240ed617e306,legacy,
slab_marble_fangshan_green_52d5e29e-a569-44ac-9da2-0a9270d20dee,legacy,
slab_marble_fangshan_grey_aa543e9e-3eb7-4c61-86b1-676704873556,legacy,
slab_marble_fangshan_peach_red_f8cf50ef-dd9c-4c90-976c-b33494454b49,legacy,
slab_marble_fantasia_coto_b4a6a98f-8874-4c83-92c7-4080f86e0958,legacy,
slab_marble_fantasia_silvia_0317d409-55d3-4a01-9a61-556d9cc473be,legacy,
slab_marble_fantastic_blue_061f829d-3e52-4ba9-a31b-86602ccd88c8,legacy,
slab_marble_fantastic_silver_a941fc76-c6de-49fa-8e06-cb11fab66730,legacy,
slab_marble_fantastico_vagli_5db35ed2-456d-4af9-87bb-5c466275caa5,legacy,
slab_marble_fantastico_white_b4275cc0-537c-467f-a6f5-2d0f6cdfc5f2,legacy,
slab_marble_fantasy_036e2848-140f-48ae-a061-6295ee5def6a,legacy,
slab_marble_fantasy_blue_4e7070d5-b275-4083-809c-cb3f84b4671b,legacy,
slab_marble_fantasy_brown_503c8fee-15c6-442c-8b89-b88f1bc5b684,legacy,
slab_marble_fantasy_gold_7bce11cc-0e38-4e0f-9703-26e6fb005a84,legacy,
slab_marble_fantasy_rose_e8504bd2-5a6d-433a-80d0-fc0b1f6bf348,legacy,
slab_marble_fantasy_sand_660743db-3ca6-42df-bbe5-c4cfbbe7cc7c,legacy,
slab_marble_farasouy_royal_white_8bf3c09e-1441-451a-b5ed-e0013a1a709c,legacy,
slab_marble_fashion_beige_b02fdd9c-4be0-4458-92fc-4f91c1403cd2,legacy,
slab_marble_fatty_grey_63fde3ad-b251-46ca-ada8-2ba06f1cde7b,legacy,
slab_marble_faux_verona_02e19712-135b-4e16-995e-9e4225fbc681,legacy,
slab_marble_fawn_beige_007c0b61-55b3-451b-baf7-76e6a5a5a4fa,legacy,
slab_marble_feather_beige_4378fc14-669c-4179-b5b1-0586185e3e37,legacy,
slab_marble_feather_brown_a2f1990d-566a-4b2c-abca-0765b4810c2c,legacy,
slab_marble_feather_grey_e82630f7-7efe-4a06-b4d8-95bc459cee17,legacy,
slab_marble_fendi_beige_496f8597-6294-4797-80f0-685b87c630ea,legacy,
slab_marble_fendi_blue_07264173-f055-4f98-bbcb-b6bd9f4a61ee,legacy,
slab_marble_fendi_gold_4db44392-d8ef-4677-8a39-73e8c3b96ba3,legacy,
slab_marble_ferragamo_gray_9fd07d56-5b8a-4125-99ea-3f79f6d26745,legacy,
slab_marble_fethiye_dark_emperador_19c871ac-63ff-451c-b101-b5342c44f533,legacy,
slab_marble_fethiye_light_beige_46935d26-a220-4a10-b55f-9f39510610fe,legacy,
slab_marble_fethiye_light_emperador_45cf0df2-68ea-47d2-bb94-8caef36b4ab5,legacy,
slab_marble_filaki_b5f75d56-a25f-44f1-8b69-bb5d58bdb2ba,legacy,
slab_marble_filettato_america_9edee518-7536-4d29-bd0b-3597a694219d,legacy,
slab_marble_filetto_silsela_b12dd584-1c66-467d-9557-271e115ac358,legacy,
slab_marble_fine_lines_snow_white_cc321c66-3903-4aff-b89c-98e7608ba413,legacy,
slab_marble_finland_emperador_28ee314a-a811-4c1c-89e7-92e5897856f5,legacy,
slab_marble_fiona_beige_183734c9-d449-4196-b0a6-57ccbc840e29,legacy,
slab_marble_fior_di_pesco_orientale_1daa68b6-4878-4e5d-99f5-1ef9194db7ed,legacy,
slab_marble_fior_di_rosa_b76a71a6-cdb6-4681-9cce-86a91911033a,legacy,
slab_marble_fiorito_dalia_d48d1fc5-9a12-4e11-8642-b6afe802c6de,legacy,
slab_marble_fish_maw_blue_6635ca4c-fec6-4565-83db-b57c868be0ea,legacy,
slab_marble_flamingo_0dbc3e49-e5ba-4389-b80d-fb974c7d0414,legacy,
slab_marble_flash_night_66fcfab1-7f95-42cf-bb99-4c4f9977cda5,legacy,
slab_marble_fleur_rouge_6b7e86ad-5cdf-4eb9-9d4f-19f5b0c4e0ea,legacy,
slab_marble_flexible_grey_4e003228-d006-4c2f-b5ed-43c85d779ca2,legacy,
slab_marble_flora_beige_6e0b5835-5df4-4111-bb21-55ddd5364e9c,legacy,
slab_marble_flora_emperador_3111d340-e435-40cc-abf4-aeb96d262678,legacy,
slab_marble_flora_ice_9a285f40-7758-4ef8-b4b0-e24177d7e5b2,legacy,
slab_marble_florentine_beige_42197232-673e-46e2-86c9-0e6101a3dc3a,legacy,
slab_marble_flower_cb7ea0bb-d4ec-4b12-a30c-30dcc99a7562,legacy,
slab_marble_flower_espiner_cce8a54a-69bf-493c-a1df-d8589e1ac150,legacy,
slab_marble_flowered_cream_46d0f974-bbab-480e-99b6-7b68b4df8f81,legacy,
slab_marble_fontaine_black_9cc39f40-b57c-44ab-8b07-8118b7983807,legacy,
slab_marble_forest_blue_ead6674a-0dab-41f4-8849-d74a22cf1d32,legacy,
slab_marble_forest_gray_17aa5c05-e007-4395-8581-ec9f456dece5,legacy,
slab_marble_forest_white_10b542b2-6fd8-4d51-9668-afbf6c9be5e4,legacy,
slab_marble_forest_wood_ac19d980-a1e1-47c6-8ef7-5d90e051971c,legacy,
slab_marble_formidable_a8aa1e32-630a-4785-acfd-5a6e9693f7bf,legacy,
slab_marble_fortezza_205ee363-dd8f-42f3-b872-4a7bb5739bea,legacy,
slab_marble_fortune_beige_bad8d33c-d1a1-4a91-ae47-11c6bd706183,legacy,
slab_marble_fortune_red_f4bcf874-f383-44dc-9c8d-bc30df372f63,legacy,
slab_marble_fossil_black_d4cb5896-2933-4460-b29a-29f0bce9f7a2,legacy,
slab_marble_fossil_cream_2d321cf2-1f0a-47ed-a1cf-d05c4905fc54,legacy,
slab_marble_fossil_tempisque_772bf767-5fd6-4310-9baf-3d8470ec11b8,legacy,
slab_marble_four_seasons_bb132051-d602-436d-b79c-1b9626ae106f,legacy,
slab_marble_frappuccino_dbf3681a-4c5b-4707-8945-2af20b52af93,legacy,
slab_marble_french_brown_eb78d5ec-9ca6-4a63-a750-e9d0955f976f,legacy,
slab_marble_french_grey_39abff79-fa46-44ec-a87f-116c75f48b25,legacy,
slab_marble_french_red_dragon_a00dc3fa-a1c4-4e9b-9cc8-eeb69b974823,legacy,
slab_marble_french_vanilla_grey_952668bd-8445-4f65-a62d-8ad517a6520d,legacy,
slab_marble_frigya_beige_75cd1d5e-0754-4e97-9e74-54ae4438ea09,legacy,
slab_marble_frontier_grey_e5c3de96-b93d-4866-a4de-31f8137a5587,legacy,
slab_marble_frosterley_92a93e14-3ae1-4e07-9a9f-e8156ad1c4bc,legacy,
slab_marble_frosty_flame_60153f94-1495-4826-a045-42064cb509c2,legacy,
slab_marble_frosty_pebbles_256fc210-6c2d-444b-ae2d-8a6a8ebd3b6b,legacy,
slab_marble_frozen_8ee7ac4d-c977-45dd-ad76-ee87947ca006,legacy,
slab_marble_fulvio_5cd21b95-d686-4d10-a001-a7c0561da1c8,legacy,
slab_marble_fume_39960ec3-e423-4175-b2b5-85a90b998a2c,legacy,
slab_marble_fumo_di_toscana_dc72beaf-a760-4df6-8fe8-c44b56eb7021,legacy,
slab_marble_fusion_9a32affe-5019-4807-a1bf-8e7106e6ec93,legacy,
slab_marble_fusion_berry_ad18929a-f640-4c26-b9de-3107fdeff858,legacy,
slab_marble_fusion_grey_a0e36f38-d349-48d8-bbbc-1da5e1f79065,legacy,
slab_marble_gabane_cb160636-b854-42c5-8013-e9fcacba9c85,legacy,
slab_marble_gabriola_c92656b7-2617-4166-84d1-11bb79cf2813,legacy,
slab_marble_gaia_grey_8ad783c6-85f9-4aae-92f5-1192d91056ef,legacy,
slab_marble_gala_beige_668f81a0-dcf2-4942-a100-0b973aafae52,legacy,
slab_marble_galapagos_fc77b026-129e-407b-a224-0681e8f067a8,legacy,
slab_marble_galata_5ead05e4-f947-4c72-8d34-9e18a7670fa8,legacy,
slab_marble_galaxy_chip_6409d5b3-0cce-472a-9ada-1938c3d2696b,legacy,
slab_marble_galaxy_white_b7e46028-c3d1-4e64-859b-92d49af81807,legacy,
slab_marble_gallati_grey_bd3eb4c3-3e90-412d-9982-08b9683d0b74,legacy,
slab_marble_gandomak_a8ee6fb5-489c-456c-9e76-03a91b2bf599,legacy,
slab_marble_gandomak_shiraz_032c7ece-3d5a-4fbd-9e6d-f51e593b4beb,legacy,
slab_marble_gangral_blue_4d7a75dc-61f7-4b85-8b00-87c4f139242a,legacy,
slab_marble_garda_crema_cf1ce3df-9871-43bd-8f41-e4b0e81087b1,legacy,
slab_marble_garnet_rush_e1d9e433-9d40-46fc-b5d5-92be6577de4e,legacy,
slab_marble_garny_fb29bc7b-f8f5-4898-800d-758538f00a89,legacy,
slab_marble_gartier_green_c0d5c3b9-41bf-4070-8bd9-eebf9225be16,legacy,
slab_marble_gattouna_9f599ab7-79ac-4e21-a6e5-7ac7f208f3ad,legacy,
slab_marble_gaudi_grey_89508e1a-3da3-40b4-96f4-b06e7cca9fb0,legacy,
slab_marble_gaudi_white_7b6acd78-bc0d-4adb-b60e-c7d04be5efe8,legacy,
slab_marble_gazgan_black_d81d242b-786c-4b66-92f7-998416efd69b,legacy,
slab_marble_gazgan_light_17dbd502-922e-4ac9-8284-124f4a633b1b,legacy,
slab_marble_gazgan_red_acb2081e-2688-467d-894a-47f3e3f629b6,legacy,
slab_marble_geeman_gold_fac4114c-8e47-4637-a19b-2cfa4e70867a,legacy,
slab_marble_gem_grey_c9eb4849-e996-47a9-8829-16dcc840aafa,legacy,
slab_marble_gemlik_prasino_854d18b3-acfc-454e-aee3-d648db46e40b,legacy,
slab_marble_gentleman_grey_fe35f443-474c-4872-a4d3-ea698c1247d5,legacy,
slab_marble_gentleman_white_ffed9e87-4c09-4a47-a03a-4fd9da09656e,legacy,
slab_marble_geyser_white_6e3e8786-d372-4836-bc5d-e193ea87893c,legacy,
slab_marble_ghazak_f573a7aa-c029-4f0d-a3a7-5da647e687fa,legacy,
slab_marble_ghermez_anarak_salsali_6565c381-a6e9-42bd-ac03-ee655b2fe713,legacy,
slab_marble_ghermez_shabani_482bdd3b-3bcd-41fb-a473-5e0a17afe6d2,legacy,
slab_marble_ghorveh_3e847d6c-ef52-4b4d-8a8e-2027b3d894d0,legacy,
slab_marble_giallo_anticato_f8b9aaba-a3c1-4218-959f-4db2c15a856d,legacy,
slab_marble_giallo_da_vinci_aa8dbebf-4685-44e8-937e-2cbc72ab8e22,legacy,
slab_marble_giallo_delegatto_b2b71e06-13c2-4010-9958-9ddc7904fcb4,legacy,
slab_marble_giallo_etrusco_da62582e-8be1-47ad-bf67-ce3acc5890e4,legacy,
slab_marble_giallo_golpa_3453f337-fa64-4403-bcbe-863669811a90,legacy,
slab_marble_giallo_grey_000feac8-5a0c-4118-bd05-88a93a295c4f,legacy,
slab_marble_giallo_marfilia_62485651-f4ef-49d7-948e-ceb7bd9b6104,legacy,
slab_marble_giallo_marfim_e78e47f6-f8f4-41e9-99a8-137657df840e,legacy,
slab_marble_giallo_monforte_f94b637f-bf91-4751-9d68-97266cddd2e7,legacy,
slab_marble_giallo_numidia_599be530-671a-483b-bc5a-3477783c7837,legacy,
slab_marble_giallo_palma_9556b0cd-a1c5-475e-9078-c63ac69661e7,legacy,
slab_marble_giallo_reale_2c359068-d721-41d3-92cc-aaab8c9b4eca,legacy,
slab_marble_giallo_samad_45b985f1-b439-4a6b-b095-1e97c3df2f7e,legacy,
slab_marble_giallo_siena_medio_e804e4b0-a946-44e7-8ad5-95f7d42225b0,legacy,
slab_marble_giallo_solare_1b6f4868-345b-4ec2-b038-c8112a23d7be,legacy,
slab_marble_giallo_stradivari_e1a86920-278f-4ae2-b43c-806f1884d3cc,legacy,
slab_marble_giallo_vermont_0a33e886-76f4-45a2-88c9-6eed2c736798,legacy,
slab_marble_giallo_white_8b251109-cf19-4ffe-b202-3b9f1c1a2ad1,legacy,
slab_marble_giselle_grey_ca203d3a-bde6-4f7b-b78b-ff7c15c795e3,legacy,
slab_marble_glaccy_661e73dc-612b-41da-b6e5-1fa81aac9bf3,legacy,
slab_marble_global_pink_0cb58f7d-d434-4a1d-bfa1-b0966a06ac94,legacy,
slab_marble_gloria_venato_6f62734b-ac46-4146-9fa2-7b5fe7f4e39e,legacy,
slab_marble_glorious_white_3881cfab-528d-4189-8865-1834af0c5eda,legacy,
slab_marble_glory_white_fa7f4931-fc59-4c3c-897d-5fa128a36c23,legacy,
slab_marble_gohara_0770128a-585a-4a48-aa4e-041a3170a4e0,legacy,
slab_marble_gold_africa_475a76fc-fc7e-4da9-93bb-1392a4da446d,legacy,
slab_marble_gold_beige_f9258960-7a44-400f-bacd-fbb7a234b33c,legacy,
slab_marble_gold_brick_grey_e5976fda-2f48-4399-9f52-dae07cf826ac,legacy,
slab_marble_gold_butterfly_0c355f23-b36c-4df9-b166-226a2a03248e,legacy,
slab_marble_gold_grain_2c7e946b-803a-4ac5-ac81-e84f4e7f67b9,legacy,
slab_marble_gold_mesh_8a2328ba-a339-41c5-b4dc-1e8fc68bc04b,legacy,
slab_marble_gold_rom_beige_2a2691a7-41f8-44d6-b000-83acbbdf5a42,legacy,
slab_marble_gold_sahara_99ef703d-c38a-4b2e-9b2c-e18941b17b82,legacy,
slab_marble_gold_topaz_9b3fa4fe-1d11-4e3b-b8d5-6bab784fbaeb,legacy,
slab_marble_gold_vein_b07f9001-fd0d-4694-9a19-5753f969e74f,legacy,
slab_marble_golden_age_f3b2fd66-1c2d-4cb6-b607-8fa8af3a5b8f,legacy,
slab_marble_golden_athena_64971a6e-3c80-4c2a-81e5-d682f90e2f6b,legacy,
slab_marble_golden_aurora_50fd25fc-aa66-49fc-9b99-4b522135bc96,legacy,
slab_marble_golden_bella_4b84fbb4-d046-4a77-8772-dc08666e1ee4,legacy,
slab_marble_golden_chain_561ba68c-4ead-4c68-97b2-f3e236610942,legacy,
slab_marble_golden_cloud_2ad631a6-8009-44fd-819f-8086d133def3,legacy,
slab_marble_golden_cobra_b1596f7f-88dd-4eba-a5f8-5e691ed9cf92,legacy,
slab_marble_golden_cream_4e2b85c7-dd93-4890-9605-6b8e14e2e84c,legacy,
slab_marble_golden_cream_beige_885eff39-1a72-41b1-9d63-75fb0ccab641,legacy,
slab_marble_golden_dream_73084755-df0d-4fd7-a011-03a7fa7e6384,legacy,
slab_marble_golden_fire_7c09bbe3-a13d-4d46-bd96-4c30393f900a,legacy,
slab_marble_golden_flame_65a29940-1e07-424a-8304-11074faed999,legacy,
slab_marble_golden_flower_a148563c-029d-42ac-9894-06c6afd637de,legacy,
slab_marble_golden_galaxy_5cf68a3a-d6a7-4fda-abfb-0d22b0e98d34,legacy,
slab_marble_golden_grey_2284fddf-4d7d-42f5-addb-cb70e0913103,legacy,
slab_marble_golden_imperial_e766b741-92c1-47c9-8f02-7cba571477b3,legacy,
slab_marble_golden_lasa_61680a63-e45c-40b9-864b-ff03a9af3961,legacy,
slab_marble_golden_leaf_beige_21984ac2-f160-4df5-bbae-a758614a4e7c,legacy,
slab_marble_golden_marin_f68e5afa-a5f5-4675-9720-ac69273c6f26,legacy,
slab_marble_golden_night_9702e257-912c-4729-bffe-677cb05ada2a,legacy,
slab_marble_golden_ocher_903d80da-542b-4303-949a-394d24ca17e3,legacy,
slab_marble_golden_olive_7efd5943-d3f6-49d8-92d4-bf0048326679,legacy,
slab_marble_golden_pearl_11cce1a8-6cdb-42be-8108-c9df62175c55,legacy,
slab_marble_golden_primrose_86dd0cb9-e803-4498-a619-b5b5c1c44069,legacy,
slab_marble_golden_rice_7c99b178-9a9b-4510-b362-b095f4d8a78f,legacy,
slab_marble_golden_rose_cream_9e17cfce-ec44-4aa6-9be9-fb775043316a,legacy,
slab_marble_golden_sand_white_jade_bd295f9c-9134-4175-8943-cfa84fcfcf81,legacy,
slab_marble_golden_shadow_2ed48e2d-00da-4cf6-9864-4a62f294fd31,legacy,
slab_marble_golden_silk_0f42b940-aaf1-4082-a3a7-a34dd4ab6db8,legacy,
slab_marble_golden_sun_62d78072-602b-4ea3-ba65-da13bdb6f1ab,legacy,
slab_marble_golden_sunrise_9cdba85a-edd5-4f2d-9616-708ebdf969b7,legacy,
slab_marble_golden_tuareg_746bb566-1d51-491c-a21c-37b71ccd3b95,legacy,
slab_marble_golden_wave_b9fcd433-0b16-4bda-ba53-f09968c9fd11,legacy,
slab_marble_golden_white_b560615b-e600-43d7-bb69-d32861111137,legacy,
slab_marble_golden_yellow_833467a2-f861-4031-9251-682b0fff0987,legacy,
slab_marble_gonabad_rose_3492b04e-ea9f-4d4e-a6ab-83db97c6a7c3,legacy,
slab_marble_goose_feather_white_ad95dc49-b903-4270-8c00-cb0a027188cf,legacy,
slab_marble_goose_grey_a2915a5a-4176-4d6d-bd44-fe13a6ec6f53,legacy,
slab_marble_gorgino_black_117f3514-c961-42e1-bb46-744b0d6a9ec4,legacy,
slab_marble_goshaghan_1865ef2c-efac-41aa-879d-68033c443e08,legacy,
slab_marble_gostivar_feae0191-f2bd-4f8f-9802-5fc45df4e0b4,legacy,
slab_marble_gothic_grey_4543e216-f459-43cb-b0b4-09b4ee2bb96e,legacy,
slab_marble_goya_gold_77a43957-51ef-4990-95e3-ba338b720bdd,legacy,
slab_marble_grace_gray_398aadc1-787e-4c8d-91de-66974a40181a,legacy,
slab_marble_grace_green_aa6a8e1e-69db-4303-8ed7-bd00d706ed9e,legacy,
slab_marble_grada_grey_4db3a60f-269b-4041-9fb5-ac0b5f317759,legacy,
slab_marble_grafite_a5ffaeec-ef5f-4fae-badc-227b9a98aeee,legacy,
slab_marble_grammos_kastoria_ffb0d62f-04ef-4e26-8f09-2768d0fa978b,legacy,
slab_marble_gran_fossil_818f3572-bd25-4c06-a7ef-5e9e49bdc38d,legacy,
slab_marble_grand_antique_grey_9e861ab4-3f86-48e4-9ab0-2fc2c991c273,legacy,
slab_marble_grand_constantine_1f2687ff-0a31-42b1-9873-417831192995,legacy,
slab_marble_grand_grey_a9b8af35-5a53-4ae8-a9ed-02ed08595f80,legacy,
slab_marble_grand_melange_e2f0f912-9d43-4a14-8860-53a2393c2f6d,legacy,
slab_marble_grano_de_sal_74a50674-78ab-4d5f-9d8e-4c79cd47ce6b,legacy,
slab_marble_granville_beige_1454bed0-d33c-4c71-82c3-9794342a58ca,legacy,
slab_marble_graphite_roots_a4ec3d53-b382-4d23-85e0-120951603bb5,legacy,
slab_marble_graphito_7ec2e632-ec75-4d2f-aef2-e71531d2a842,legacy,
slab_marble_grass_white_jade_cc163315-d355-436b-95d6-2802cdc1ea3e,legacy,
slab_marble_grauspinne_2a56fc0a-7b0f-438e-a395-28e05507e435,legacy,
slab_marble_gravel_gray_fdf8bddf-8e73-4be9-9338-f9d788b6044b,legacy,
slab_marble_gray_blue_sky_ab7f127f-e9d7-4b8e-a9e1-f475ce1c3505,legacy,
slab_marble_gray_glory_7d8aed2a-79e1-4254-a798-901ae558d6df,legacy,
slab_marble_gray_impala_2082624a-83b1-4e73-8253-d05ba80303dc,legacy,
slab_marble_gray_levanto_6bcd9277-80bf-4cf4-b021-b2e2af1c04c4,legacy,
slab_marble_gray_philharmonic_d754efef-18cd-4005-b522-0afe9af8e67c,legacy,
slab_marble_gree_grey_rose_0af4d287-80e3-4c61-89ad-f0874d1bfd02,legacy,
slab_marble_green_0f77efff-8808-4b10-92f7-e1cac815dd3f,legacy,
slab_marble_green_antigua_9c72051f-cb0d-448c-a813-7706042ef50f,legacy,
slab_marble_green_bowenite_465d0efe-6a20-4c81-a0dd-1b24647b9136,legacy,
slab_marble_green_breccia_mlb_95725509-400a-4051-9e7c-4c7017259397,legacy,
slab_marble_green_breccia_mna_90fdae8f-52dc-4755-9d75-0a8a767e4928,legacy,
slab_marble_green_cloud_bfa0cf6b-9d9a-4c19-afc1-92ba58f68711,legacy,
slab_marble_green_jade_f6c0b1b7-a140-438b-95ee-0fe15511269a,legacy,
slab_marble_green_lake_b0607432-b088-4ee3-a41d-b47639c5b635,legacy,
slab_marble_green_light_beige_0fefc0c1-21e7-4af0-9e0e-a034360d3f4d,legacy,
slab_marble_green_namibe_6104d3f0-753a-4e85-a3d0-7408f44b1c25,legacy,
slab_marble_green_paradise_7b5d088c-ba05-497a-807f-c12c1897ac3f,legacy,
slab_marble_green_pearl_cbab32d0-34d8-4697-b180-ba3f3e4abf13,legacy,
slab_marble_green_pine_2b2b3e38-b286-4bbb-88d2-720344c97123,legacy,
slab_marble_green_rose_3681e0ce-d7fa-433e-93cf-4c1d2f0868ce,legacy,
slab_marble_green_sky_d3452324-8941-4e6c-adb3-a08bb22abe18,legacy,
slab_marble_green_velvet_a988589a-5dd9-4c6f-b8ba-754d3896360d,legacy,
slab_marble_green_wave_a3a6d511-2238-4910-b8ec-67e2957f2063,legacy,
slab_marble_greenish_beige_c60df8a9-f467-41ef-bf47-d2ba1ee44263,legacy,
slab_marble_greenish_white_ccd17193-a0f5-4964-992c-f68974354fa2,legacy,
slab_marble_greenland_grey_1a16fbff-2fdf-4d56-823b-e2609944134f,legacy,
slab_marble_grey_agf_93d14f7e-fd11-4612-9dce-c5b1bb267963,legacy,
slab_marble_grey_alicante_60cea4a3-b946-4f3d-8be3-dd720a175b3c,legacy,
slab_marble_grey_apricot_2121573a-7141-436e-8930-3bdfeeb066aa,legacy,
slab_marble_grey_beauty_55ac3b91-6472-4834-81d2-9c1feed6e845,legacy,
slab_marble_grey_blue_wood_vein_c11b2e9c-eb3f-4b8d-9c0b-6e38cb00606f,legacy,
slab_marble_grey_breccia_85ac9dcf-439d-486f-b8e0-829c032d94bd,legacy,
slab_marble_grey_cloud_0a14ed25-e4de-4e64-a7e5-59a7bbc76dd7,legacy,
slab_marble_grey_diana_d550b96d-2c67-4f9f-bf1b-ad88c7bde6b3,legacy,
slab_marble_grey_dove_ff7f3778-c0ba-47cb-86ff-933bcdd231b0,legacy,
slab_marble_grey_emperador_33bbeeb4-8503-4811-9a66-e766d63e416b,legacy,
slab_marble_grey_fossil_f2550b22-bb11-4e92-abec-81cfc0a080ae,legacy,
slab_marble_grey_furi_04b1d39f-3f75-4074-bd55-5f7dda456fb6,legacy,
slab_marble_grey_ginevra_abc59ac3-11ec-4041-8a6e-a7f8e165f6d5,legacy,
slab_marble_grey_ice_2a388de9-2244-4767-80d8-07523279f5c9,legacy,
slab_marble_grey_jean_108cb061-a708-4b87-8963-da579e318435,legacy,
slab_marble_grey_khenifra_b99455dc-cc78-4ae7-81e1-67e9dbca5899,legacy,
slab_marble_grey_lido_d5a9c800-7e58-4ba4-a388-42c0db7d743e,legacy,
slab_marble_grey_lumpang_6bb669cf-e0fb-468e-9003-9916929aa6ae,legacy,
slab_marble_grey_mocha_c8196052-0779-4e6b-af36-8c0e5b2a173e,legacy,
slab_marble_grey_montana_7bd67773-d26a-4b85-993c-527dd3bf3b42,legacy,
slab_marble_grey_moon_849b3ac9-18e0-4209-ae2f-e909b5daeb2d,legacy,
slab_marble_grey_pagala_f0f90a1f-46a4-4a4d-a570-5cd6c208e7e7,legacy,
slab_marble_grey_palladium_0d54715d-76ec-4b36-8d52-db79c0b09038,legacy,
slab_marble_grey_portoro_19c9acdd-c5dd-46de-bcca-1c7e8df09b7e,legacy,
slab_marble_grey_rocks_4e567be6-91c1-4a06-9f31-6402ad94a615,legacy,
slab_marble_grey_roots_98b276ef-0643-4124-b859-90e5962b452b,legacy,
slab_marble_grey_stream_3bdded7d-e163-4ac5-9529-c1a7dbdb8448,legacy,
slab_marble_grey_thala_1b46ec99-b8cc-4668-bbc0-872a98e96995,legacy,
slab_marble_grey_vein_d8f0e4ba-6c67-4430-a43e-823b762eba44,legacy,
slab_marble_grey_verona_c9174376-4a65-4773-984e-89ffaafc564c,legacy,
slab_marble_grey_williams_88478b98-03e1-43c9-a37a-47ac581a3e61,legacy,
slab_marble_grey_wolf_d545866b-b7c0-41d1-9208-a7b3e2c83098,legacy,
slab_marble_grigio_acqua_13db5520-322c-4dde-a9d3-0f2c553562a6,legacy,
slab_marble_grigio_adriatico_33ef7023-e049-4b06-bdcd-cc3da9ff6f9d,legacy,
slab_marble_grigio_astratto_c94fb13a-09fd-400c-8611-588ee20b78f7,legacy,
slab_marble_grigio_aurora_814a2007-f6a8-4f71-8f03-437b6859d757,legacy,
slab_marble_grigio_bellissimo_0033a5ef-163e-4436-b5c0-6cae3c4f49df,legacy,
slab_marble_grigio_billiemi_afc80685-be49-4966-a45d-1f434e05bbde,legacy,
slab_marble_grigio_boden_ed5395f5-5b50-4430-b18b-33b297ae14c6,legacy,
slab_marble_grigio_bottarga_7f9e509d-2fac-4281-99b4-056baacd2f11,legacy,
slab_marble_grigio_byron_d5ddac03-0cd1-44cc-bab1-7ce18cc0fc92,legacy,
slab_marble_grigio_capri_4184de96-f973-4b21-b170-059518900822,legacy,
slab_marble_grigio_cattani_35421bcb-0c3c-433f-81f3-7a3db8abe501,legacy,
slab_marble_grigio_collemandina_6567252b-51a2-46d7-ab21-fbc1b3d05a85,legacy,
slab_marble_grigio_dolomiti_479c5272-080c-4f1f-8fa9-3673568718ff,legacy,
slab_marble_grigio_egeo_067de1e8-d675-46ed-b5c0-3ee5b8494a5d,legacy,
slab_marble_grigio_fiorito_c52b10df-35c9-4b10-88ea-31e3852dcb76,legacy,
slab_marble_grigio_fumo_681d8c1d-0d7e-4b9b-986b-a3120496a2e3,legacy,
slab_marble_grigio_ginari_09631b34-1278-4b6e-862f-c265aea30645,legacy,
slab_marble_grigio_greza_57526656-afc4-4969-a3af-1adc7f21127c,legacy,
slab_marble_grigio_italia_6a1f6558-1928-448a-883e-8e3f04f2739d,legacy,
slab_marble_grigio_libo_567abb1b-c4ac-4d78-ae90-ffb7231b1f00,legacy,
slab_marble_grigio_linosa_4ee75007-3d50-4081-b7ef-3d906f56f9a2,legacy,
slab_marble_grigio_lugano_98bc59a8-2e0c-4556-9088-07c9d5a0a348,legacy,
slab_marble_grigio_mirto_52b930be-2418-4809-8d0b-73ebe367636d,legacy,
slab_marble_grigio_moncervetto_da1483d4-d0cf-42c7-aee0-1714c5172fd9,legacy,
slab_marble_grigio_monet_afe581d0-a14b-4940-bcc0-21eb7ad898ec,legacy,
slab_marble_grigio_orsola_a27232c5-438d-40f9-9aef-7daffa73e22f,legacy,
slab_marble_grigio_panarea_b85a02e0-5d1b-4dc9-b43e-530565328f1e,legacy,
slab_marble_grigio_pineta_76e4e761-0817-4989-934e-24b40f3dad1d,legacy,
slab_marble_grigio_stardust_869c94e3-1b96-45e2-afc4-0c32d52f159d,legacy,
slab_marble_grigio_tao_920fed16-f7e5-4faf-8360-2e377a6de55e,legacy,
slab_marble_grigio_taormina_fe8b0114-22de-4d3b-894b-f6f46f043846,legacy,
slab_marble_grigio_tucci_f541e45e-0a03-4d47-bb2d-34eec684a827,legacy,
slab_marble_grigio_venato_d4e74da1-77cb-4d50-8a49-5ceddf0bb763,legacy,
slab_marble_grigio_versilia_5012869f-0368-40c9-ad9c-7552b702479e,legacy,
slab_marble_grinette_599e3c93-167e-4b06-b3c8-ea4d8cc24fc8,legacy,
slab_marble_gris_alboran_8fdf01fb-e5e0-43be-96d1-3c3f7d09c8a2,legacy,
slab_marble_gris_balear_22eac01e-037d-4b59-9c42-11a2af566a79,legacy,
slab_marble_gris_cevenol_ca6fe565-ba67-4015-87d7-28393a3fabfa,legacy,
slab_marble_gris_coral_265a11c4-65db-4f6a-9583-5fe9194f485c,legacy,
slab_marble_gris_de_villette_7bd76f37-2d68-4abe-a8dc-2e16364145d5,legacy,
slab_marble_gris_deva_4836dd5d-58f8-41fa-ba97-1d963332528a,legacy,
slab_marble_gris_flanelle_e430eb56-2cdd-4958-9126-abd005803165,legacy,
slab_marble_gris_melange_d6a9d65c-873e-4d4a-a9f9-9135cc1e7e1f,legacy,
slab_marble_gris_nebula_2c29bf7c-fe3f-4190-9169-1081846c9651,legacy,
slab_marble_gris_payande_2df8edcb-a161-42b6-9d94-5b1f013aa141,legacy,
slab_marble_gris_porto_08f001f0-bdaf-4194-b2b3-b4f8e23f6df3,legacy,
slab_marble_gris_pulpis_dbdfadb0-4d2b-4e67-a318-18d322f424f5,legacy,
slab_marble_gris_sahara_88eacb7e-c524-4ced-aef7-5826ef36640b,legacy,
slab_marble_gris_saint_edouard_5e197ee0-0cfe-41c7-bb8c-110e49e1ca7d,legacy,
slab_marble_gris_shoul_f5d38695-d4e1-43fd-96c1-0378e8a0697f,legacy,
slab_marble_gris_siboney_51d7eb0e-39eb-4155-8ee5-fb0a4d43bc15,legacy,
slab_marble_gris_versailles_f0e183e3-f777-490f-9ad0-1f7afa79a00b,legacy,
slab_marble_gris_zarci_ec25563b-1e36-4f95-8310-936d59170023,legacy,
slab_marble_grizio_d3d3d4aa-9ccd-499b-b974-994a2ecd0a07,legacy,
slab_marble_grolla_76a658d6-0043-4bed-a3be-fa0482bfab84,legacy,
slab_marble_gross_kunzendorf_d1b2affa-bbf3-4d2d-a902-2a48b94567e7,legacy,
slab_marble_groznjan_beli_be743c4e-90cf-4086-a8ca-74158fa8400c,legacy,
slab_marble_guacamaya_gray_ffd0b776-86e4-4922-8b77-37d2a31f311b,legacy,
slab_marble_guang_red_73fd5f5b-f13e-46fc-85a7-3c13ebcb8f63,legacy,
slab_marble_guang_yellow_be3a3192-95ea-4480-8e19-40c88e87ee5f,legacy,
slab_marble_guangxi_black_65f778cf-193a-4883-a9b0-d6ed35c1903c,legacy,
slab_marble_gucci_grey_a1a7e349-4bbc-4b28-8942-abbe7ca4e2f5,legacy,
slab_marble_guifei_gold_e1051575-bdd0-4515-873b-9129903a5cd9,legacy,
slab_marble_guizhou_wood_ad2d035c-7005-4cd0-bab0-cf665b7d5217,legacy,
slab_marble_gujarat_green_347d389d-dfaf-43ef-aa5e-b2720f9f2941,legacy,
slab_marble_hadizade_641ba3b2-3846-48d3-8804-5293a51f6c62,legacy,
slab_marble_haftouman_e0802d56-b696-424b-850e-85ba79f46bdd,legacy,
slab_marble_hamitovsky_e6a32faa-91cd-413d-b23c-e734fa66df4c,legacy,
slab_marble_hammer_beige_d5ca1f55-57f0-43f9-b46a-3114de4d250b,legacy,
slab_marble_hamzabe_72c785bd-3beb-46cd-83ab-546c6f8c7525,legacy,
slab_marble_handsome_brown_53e4ecdf-2829-4c09-ab1b-2628bdbcc700,legacy,
slab_marble_handsome_grey_9fd53719-c250-46ac-9af0-b731a45eafcc,legacy,
slab_marble_hang_grey_577706fb-1812-4774-b40a-169ac91958f3,legacy,
slab_marble_hanma_cream_d28ab3ce-0f0b-4646-b1b3-7ef59ab0ecc7,legacy,
slab_marble_happy_gold_6dc97501-6491-4669-b38c-a21cf3f09910,legacy,
slab_marble_harar_beige_804c3099-9168-48f0-bd17-b356a6188acf,legacy,
slab_marble_harley_beige_56579af0-baa7-4396-9698-7b9b66415fdd,legacy,
slab_marble_harmankaya_beige_94615f25-5cc6-45b3-8055-ac0c20a8c27f,legacy,
slab_marble_harmankoy_beige_fd7f065c-e599-465a-80e2-8fdb71b157f6,legacy,
slab_marble_harmony_beige_961f947c-aad7-453c-ae05-4ffb3db64f73,legacy,
slab_marble_harsin_b6a996f3-802c-4838-abe0-86325ebf3c6b,legacy,
slab_marble_harsin_white_ff451980-a677-44de-a830-326b08d18b3d,legacy,
slab_marble_hashma_4149ea79-e031-4773-8618-8aae6abc7289,legacy,
slab_marble_hatrung_yellow_1515eeb0-e971-49a0-9726-6c20966a1b92,legacy,
slab_marble_hatrung_yellow_light_75d224de-7386-497b-9033-4fd83462a3a6,legacy,
slab_marble_havana_grey_b6e5bdf1-eb1e-488a-9fae-23b13a132fc2,legacy,
slab_marble_haveli_black_c01c43cf-bc05-4fe6-8465-925994a5a4c4,legacy,
slab_marble_havza_f6917bf8-f5e7-47cd-ad80-a9bfa927a153,legacy,
slab_marble_haymana_altini_14b5e639-d3b7-4321-9757-47baa4843632,legacy,
slab_marble_haymana_beige_16ff543a-861b-4862-a026-6fcd969288f4,legacy,
slab_marble_haz_black_62a81ba8-5d9f-47a2-9bdd-571b686f61ad,legacy,
slab_marble_hazar_beige_60c1a5a4-38a3-4413-8497-c0c070b7954e,legacy,
slab_marble_hazar_pink_0169af84-e393-4dc6-8e62-5b7522e6c581,legacy,
slab_marble_hazare_baghal_e556b796-f3dc-457a-a9ce-2aaf2c12faaa,legacy,
slab_marble_hbb_arabescato_aa6443f2-62e2-4342-8443-599e76f02842,legacy,
slab_marble_hegge_551cb5a4-486c-47c4-a1a3-801ab4bb1709,legacy,
slab_marble_hekou_snow_white_259e3887-be0f-4f13-9118-25bd11c516be,legacy,
slab_marble_helena_6abf8647-5866-4c19-8a69-ab01d696f0c7,legacy,
slab_marble_helicon_gold_34a58888-1da7-432f-abde-d1a6e047e1f3,legacy,
slab_marble_helicon_spider_9b63ec31-931b-4e77-aa2d-186573a3f5be,legacy,
slab_marble_heliconas_beige_a8a0943e-9f70-49c4-9775-3b849869a433,legacy,
slab_marble_henry_grey_709b1fd5-9a0d-407b-8825-20a03011e744,legacy,
slab_marble_henry_white_b99c0f00-be73-4246-a371-e23beaa6288b,legacy,
slab_marble_henzi_8da33577-aed9-49f1-ac9d-5834caa6deb0,legacy,
slab_marble_heraclea_white_14f49df6-b3b9-40c0-9ea4-61763a814fb4,legacy,
slab_marble_herat_white_48461f29-4402-4b4e-9fa6-6c230bc8d4e1,legacy,
slab_marble_hermes_black_5a4afbae-4bb9-4533-a8b5-7aceecdbdd17,legacy,
slab_marble_hermes_gold_33ae1b8d-81c0-4e81-ad63-396362b8a3d7,legacy,
slab_marble_hermes_lamda_7ffaeb20-c836-4b05-8b4e-62044af2c177,legacy,
slab_marble_hermes_sigma_5709f9bc-e2fa-4b68-b249-b391fd3492fb,legacy,
slab_marble_heten_2ceea0f8-0845-4691-a6d0-3b6c0ed7eac1,legacy,
slab_marble_hibiscus_red_4d12456d-9b98-4d99-9fcf-080b40a4b3bd,legacy,
slab_marble_hibiscus_white_3312012d-0a47-433a-99d4-6061f868b729,legacy,
slab_marble_hidden_dragon_650819f9-324f-460f-9239-342cf65fa02a,legacy,
slab_marble_higil_11f75178-a53e-493c-95e5-79745221ffc5,legacy,
slab_marble_hillary_f6d946a5-a296-4a33-a823-7da10dc87ad6,legacy,
slab_marble_hilton_grey_01660174-c17a-4503-b725-29bfd2aa01a4,legacy,
slab_marble_himalayan_green_1d01c1d7-d8d0-4472-ac88-428758071cec,legacy,
slab_marble_himalayan_grey_bd0e5396-920e-40b5-b9c5-c28478b07bd4,legacy,
slab_marble_himalayan_oak_9d9e4045-97b2-493f-ac53-f76a72e5be7d,legacy,
slab_marble_himalayan_teak_cf975b9f-926b-4895-9f71-54e02e83df0a,legacy,
slab_marble_hittite_white_ce22e1e9-b784-4e01-8a16-390bbf3a35d0,legacy,
slab_marble_holanta_20331fe5-22f0-4ee1-a317-0e161b83642a,legacy,
slab_marble_honey_brown_7696dbf5-a8be-411b-a3bd-ca99c87deea5,legacy,
slab_marble_horiat_0b94bfcc-ac0a-49b9-b2b1-1fe1f124ea14,legacy,
slab_marble_horizon_fc713e4b-83cd-42c0-af16-a57a97bd0ebf,legacy,
slab_marble_hotavlje_fantazija_66e3e1d0-9885-441e-ab45-5c262af30966,legacy,
slab_marble_hotavlje_roza_81dc86d6-680d-4bd0-85af-239649471a30,legacy,
slab_marble_hotavlje_sivi_bfad1fcf-d2a9-4734-8b82-411d4e4ebb0a,legacy,
slab_marble_hualien_grey_7a70ccea-e329-4cb2-8ed8-08b0e95fc41b,legacy,
slab_marble_hualien_white_8ef99505-bfe3-48a0-94bd-c99c0949cf01,legacy,
slab_marble_huantan_beige_803612e2-a6f7-4d5b-94bb-ac7a71048dea,legacy,
slab_marble_hugo_giallo_35ff14a4-8ab1-40a4-9ee7-7110609a8a1d,legacy,
slab_marble_hugo_grigio_4dff0ffb-7033-48f9-916a-24489dce2e7b,legacy,
slab_marble_huma_wave_e3c9bfd8-833f-4058-b9ec-9f912a1d90fe,legacy,
slab_marble_hunan_white_ff1e3fc1-62bc-4838-9b6e-e7a6b219231f,legacy,
slab_marble_hurricane_6fa00baf-93ee-44b2-943d-12491cc9b4bf,legacy,
slab_marble_hyatt_beige_497f883e-357d-4871-ae52-572a328b78f5,legacy,
slab_marble_iban_beige_927199c8-557b-407e-a7b8-b97429ed6ac7,legacy,
slab_marble_iban_line_99ff12e8-40b1-4f42-9f02-241d0d813ec4,legacy,
slab_marble_ibra_grey_ea539a9e-1b74-4805-8062-c6d3a986f905,legacy,
slab_marble_ibri_beige_680dd321-970c-41cf-bb2e-e6bc85bf6a4a,legacy,
slab_marble_ibri_yellow_99cd3413-fc44-4ac9-87b1-8f2534aa3690,legacy,
slab_marble_icarus_white_c29d413e-802d-48c2-9f7f-4129d19e0625,legacy,
slab_marble_ice_age_white_d6e84010-78f0-4f4a-9fb7-0fe367cae121,legacy,
slab_marble_ice_beige_de755b2a-8cef-4581-83a7-f22394292d1c,legacy,
slab_marble_ice_berg_white_ee1a97ff-bce6-40de-a98b-7d4c75c7c56c,legacy,
slab_marble_ice_black_2a670775-7b30-48c6-a4df-5c78dd5a6519,legacy,
slab_marble_ice_blue_ca3e29e2-890a-4c7b-a736-60637f6fb9c0,legacy,
slab_marble_ice_flower_white_b6d0ea12-c20f-4272-8577-b5c8193f8bdd,legacy,
slab_marble_ice_imperial_32dbc5ff-5cb3-4312-9d73-557d613fcca3,legacy,
slab_marble_ice_king_d6611263-fc29-4569-894f-edcc09703a69,legacy,
slab_marble_iceberg_grey_90b25ef8-35ec-419b-af91-112b89e07c54,legacy,
slab_marble_icelandic_wood_fa0c405b-d830-4842-a3bd-ea71f23f7a22,legacy,
slab_marble_icon_brown_265c2422-18a5-4894-994d-741d61774e4e,legacy,
slab_marble_ig_white_jal_e7499624-4039-451b-8548-6ed1e3d53eab,legacy,
slab_marble_ikarus_384874d4-b4f5-4909-a3d7-fd71334918fb,legacy,
slab_marble_ikran_white_cb75d5d2-a427-4deb-a45c-9529d10e5147,legacy,
slab_marble_ilda_beige_d89c9828-9664-4ea1-879e-699f3bf6283a,legacy,
slab_marble_ilis_4015a48d-59c7-4a9c-91db-234ad6ddd2dd,legacy,
slab_marble_illuminatus_36719bd2-a942-48f4-82d8-590e9fad45f6,legacy,
slab_marble_illusion_bronze_b01fc46a-eb7c-4f4a-9760-bd4c656db3b2,legacy,
slab_marble_illyrian_grey_e0adc66a-c3c7-4ab0-a369-51c03c20b565,legacy,
slab_marble_imperator_c534f26a-6337-4bed-9b31-fc282667a36b,legacy,
slab_marble_imperial_danby_a5a71c70-9a3f-46d2-a35e-9e00a6330761,legacy,
slab_marble_imperial_dark_a44e5025-b29f-4336-9f4c-84eed5d1033c,legacy,
slab_marble_imperial_green_91c18f8f-ff57-4ce1-8813-21e42fe88a8e,legacy,
slab_marble_imperial_peach_a485fe13-d66c-4090-be79-37835c73018d,legacy,
slab_marble_imperial_roshan_1ab315f7-2780-40fc-820f-4467991a6f6c,legacy,
slab_marble_inca_brown_9b5c7cde-d8b3-4126-91cc-08169ab4fb85,legacy,
slab_marble_incarnat_alpha_06cafabc-6e8d-4f6c-9adb-de57da412613,legacy,
slab_marble_inchiostro_verde_ae49ca43-fd58-402c-91b2-10fb9dcd9960,legacy,
slab_marble_india_blue_sky_274f102c-cd97-4723-a493-3df952aaf14d,legacy,
slab_marble_indian_red_jasper_2650dec2-677e-42bc-be0c-f9f7b4181710,legacy,
slab_marble_indian_rosso_13687768-6f97-4c5e-b546-0743ce985f36,legacy,
slab_marble_indian_statuario_fbf4c2ed-a066-49ff-b59d-f87c9a941dda,legacy,
slab_marble_indo_beige_44115520-d534-408b-b6ac-fc03d7cfc112,legacy,
slab_marble_indo_italian_cfdcce38-bb1b-4eb4-a508-24250ef1c078,legacy,
slab_marble_indo_levanto_041b3c8c-d22a-4f46-8f58-b98a9a371981,legacy,
slab_marble_indo_marfil_6bf7754b-16b8-46a8-8b0a-609db60d4f03,legacy,
slab_marble_indo_waria_4bf9b394-dffa-40ea-b529-505d2dea64a4,legacy,
slab_marble_indus_gold_bdb63587-b6e3-436b-b7e9-21fb129740f8,legacy,
slab_marble_infinito_white_f3943c2a-74bf-47db-81c2-e6f019c5c7db,legacy,
slab_marble_infinity_grey_6f96d7ef-d422-4f0b-b61b-bad26af87812,legacy,
slab_marble_ink_white_f07ec363-9f77-434e-9de8-286cbe7be697,legacy,
slab_marble_ink_wood_grain_1def2036-bf90-41f5-ab2d-f3f4b985cccc,legacy,
slab_marble_innovia_beige_3b538284-f112-4e16-9c71-7f70124a44bb,legacy,
slab_marble_invisible_antique_1e7550c6-57b9-4e90-8c5f-993935193a23,legacy,
slab_marble_invisible_blue_bc6e908c-dadb-495f-821f-9a646415e0c0,legacy,
slab_marble_invisible_grey_gold_d0b39e9f-3936-438a-89ff-9a7b2a6d68e8,legacy,
slab_marble_invisible_white_9dd5d39f-f25d-469b-8226-9bf25df930bc,legacy,
slab_marble_ioannina_beige_80f590de-ef28-4a1c-b1fd-f1cb3cfa48a5,legacy,
slab_marble_ionian_brown_c20b0e62-c1bc-41c8-b986-540b371b4811,legacy,
slab_marble_ioriano_3038c97d-a167-4fce-a71e-2cc7376a5eb9,legacy,
slab_marble_ipoh_0eb15a11-11cb-4d4c-b639-68dadc50bd6d,legacy,
slab_marble_iraji_c488bd47-8358-4bfa-9ce3-ab1a42dd93dc,legacy,
slab_marble_iran_golden_brown_3e1142c3-0fa5-4d71-91ee-510c6daff7c4,legacy,
slab_marble_iran_sofita_c65b3dfc-3b49-4e56-b060-c753b9db9d74,legacy,
slab_marble_iridanos_d68cc108-23c4-4370-97cd-24f0172c45e0,legacy,
slab_marble_iris_8ab4f905-4411-48a9-b0d4-1f9dad9e1770,legacy,
slab_marble_iris_cream_29a8be16-7384-4ade-9b4b-52279fad57a8,legacy,
slab_marble_iris_cream_light_7bc936ec-c29a-4bfb-b733-61e1baaa9bc4,legacy,
slab_marble_iris_cream_rosa_9b166d24-d9d0-45dc-a656-b460637e893a,legacy,
slab_marble_iris_gray_d7b6e2a9-a309-42b5-9c84-be0b5c3006e2,legacy,
slab_marble_iris_white_5e6542d9-fb72-470e-bc77-abcfe49f856c,legacy,
slab_marble_irish_black_69bb46fa-fa43-4b54-8eb9-2957a1521b76,legacy,
slab_marble_irish_green_0b7efe9c-238e-42b5-a61f-76a278fcd999,legacy,
slab_marble_irish_grey_346ba7ee-c716-48aa-b3a8-487e3820d9eb,legacy,
slab_marble_iron_lace_c526d007-df80-492e-98d9-b21b96e33692,legacy,
slab_marble_iron_red_22cde26b-6918-46f5-b586-acd08a77164d,legacy,
slab_marble_isabella_81faa050-127a-49ac-8217-1ff4089d8bda,legacy,
slab_marble_isaura_spider_beige_84ec87f8-7842-4d33-a01d-92c549e5e996,legacy,
slab_marble_isinda_d378f061-9d05-4ca0-8a5f-17498d5d1d83,legacy,
slab_marble_isis_gold_38792e5b-0371-43db-936f-c53cedf489a1,legacy,
slab_marble_isparta_19877a11-5870-43b2-8f82-89adc2136374,legacy,
slab_marble_isparta_grey_93996600-1fc1-4929-9d33-4e51fe564b24,legacy,
slab_marble_isporada_beige_aeb32ecf-c10f-4a3c-9c52-c11ebfabb0b8,legacy,
slab_marble_italian_classic_beige_5a8d259d-1f0a-4845-a270-d4824e74f1d6,legacy,
slab_marble_italian_wood_grain_5a52e130-fd41-4b1f-8ef6-c9c1d095abd0,legacy,
slab_marble_italy_dark_gray_d0ee8475-d9a9-490a-816e-33e064b6ffc1,legacy,
slab_marble_italy_gold_896a7c51-a319-4d45-8b36-edb3796c98e8,legacy,
slab_marble_italy_gold_coffee_63ed0099-335e-4ca2-8ded-4d7c981f6cee,legacy,
slab_marble_italy_jade_6db037f2-7377-44e5-9bbd-ba48bcad84c9,legacy,
slab_marble_ivory_beige_ad9a62c4-eb8e-43ac-95ab-157fa14b4a08,legacy,
slab_marble_ivory_classic_a8930e1b-071b-492a-ac6f-122d768388f2,legacy,
slab_marble_ivory_cloud_dd494298-6700-428b-9e49-cd8a908a492e,legacy,
slab_marble_ivory_creamy_e17b5980-b9c0-4c54-854d-dbc0d51de49c,legacy,
slab_marble_ivory_cristallina_84e9fc3b-41c2-4cea-a39d-1b0174b9edf0,legacy,
slab_marble_ivory_light_a2eb2137-2b3a-496a-8469-ba84e078546a,legacy,
slab_marble_ivory_red_a2f8b99b-9576-4bd1-9377-e670cd2f3865,legacy,
slab_marble_ivory_rosalia_0b283e2c-0037-4c21-8ddb-b00bc5aef9aa,legacy,
slab_marble_ivory_white_86a125b5-6d36-40c8-b1af-e304bfdd6753,legacy,
slab_marble_jade_leaf_0eeab0ec-3424-4199-879e-aa394efb4c8a,legacy,
slab_marble_jade_peacock_d2a39428-7bbb-4633-a10a-b8b74e804e45,legacy,
slab_marble_jakarta_eaa04419-a002-4d67-8883-013f4f88ff10,legacy,
slab_marble_jalapeno_green_4725e3d1-e27c-441e-a215-3270cf2cd202,legacy,
slab_marble_jane_grey_abc0bf69-2f43-4665-8410-7d54c4bf6982,legacy,
slab_marble_jania_crema_770a04b7-7185-4151-bd16-c206ec17d81f,legacy,
slab_marble_jasmin_c1bd58dc-8bb1-4f06-b5c1-0bc5c298653f,legacy,
slab_marble_jasmine_a8e131f1-85b3-4147-9f32-1667bd3eecaa,legacy,
slab_marble_jasmine_blue_3a829c0f-dae3-4ce5-a935-7a386add37c9,legacy,
slab_marble_jasmine_dark_2c91f401-aa45-47c5-a8f9-9ebe8e0aa999,legacy,
slab_marble_jasmine_gold_49f9224d-01ad-473d-afce-9356920573db,legacy,
slab_marble_jasmine_white_a811a511-c909-45c3-9ca5-b089b703ac4b,legacy,
slab_marble_jasper_green_b569849d-1788-4766-82e4-5c35c29f6974,legacy,
slab_marble_java_brown_5b3db77e-909d-496f-a60f-77963d7f887e,legacy,
slab_marble_java_cream_a126fc67-4fb4-491e-9371-3eb570a46f9a,legacy,
slab_marble_java_grey_9c1d72a6-3f50-417b-b937-9874d431e21f,legacy,
slab_marble_java_melarosa_24d5e6a7-a553-45c1-b056-d0ea1e80f72a,legacy,
slab_marble_java_pink_ebf0b8d7-f90a-4eb2-a9cc-f20acefdb2e4,legacy,
slab_marble_java_rosso_0da62cd1-8edc-4349-8ea1-7d58cb1d873e,legacy,
slab_marble_jazz_gold_f0a536b7-3d69-4d79-bca5-c9ceb5d5e4a0,legacy,
slab_marble_jazz_grey_8c83d4a2-192f-4b62-ba59-90f9cd0fef1c,legacy,
slab_marble_jazz_white_6f977157-3ee7-45dd-a00f-8aee37dc3b66,legacy,
slab_marble_jeans_blue_da38a704-0634-4b55-a469-a0b5f999e9b8,legacy,
slab_marble_jenny_pink_dff8b802-98b0-42c3-9a59-17cfa9c20990,legacy,
slab_marble_jersey_grey_ae066ada-6693-40c0-a245-7ed83c01a325,legacy,
slab_marble_jet_black_3138f2a7-5a1f-420f-b195-2e71cbe06e63,legacy,
slab_marble_jhanjhar_white_f63c4240-adf2-4739-b862-d413e84d8b2c,legacy,
slab_marble_jhiri_f93b90a7-98a5-43e2-bdc3-7c7726cf65b0,legacy,
slab_marble_jiangxi_jueshi_d9f6efc5-7c20-4b40-8d56-961a1bc0bd32,legacy,
slab_marble_jiashi_white_3c5c0487-94a7-4ffa-83eb-0cff00cd8879,legacy,
slab_marble_jiess_d4449829-9a24-4355-a38d-13130a24fcaa,legacy,
slab_marble_jinhua_cream_ce2b75bd-50c8-49d0-a976-fed516a4140a,legacy,
slab_marble_jiroft_ade7d739-3297-4003-ad44-aae8a3444dd4,legacy,
slab_marble_jiuhua_jade_36ea5c79-bae7-4c4b-bdcf-b0971d75b498,legacy,
slab_marble_jolbar_9f0984df-3f85-4173-b030-c6ca47c2817a,legacy,
slab_marble_jolie_grey_ef2e534f-8278-4ca4-8e9a-ee734b90cfe2,legacy,
slab_marble_jordan_grey_df7c3222-d0c2-4898-8665-d683cf7e2d7a,legacy,
slab_marble_josheghan_8f8f6c75-c145-4db0-b256-144076355cc8,legacy,
slab_marble_josheghan_sefid_a04d9e35-3015-4abd-8607-ad50205e7c7a,legacy,
slab_marble_julian_jade_a5ed1fb2-3f7a-48bd-ab76-535f1378347b,legacy,
slab_marble_jungle_black_ea5e3009-6a34-4d65-8f0d-0931513d8962,legacy,
slab_marble_jupiter_grey_1d95f9c8-8681-440b-92d9-2d9de0d3ce33,legacy,
slab_marble_jurassic_cream_63503fac-6458-43c1-a106-dc4b33332267,legacy,
slab_marble_k5_ba1e018e-28fa-4c1a-a35a-b38137f5259f,legacy,
slab_marble_k5_reddish_b769a08d-c5d3-4920-b981-3433f1a95269,legacy,
slab_marble_k5_reddish_dark_78457f27-d8bc-48a8-be5d-fd974db3c73b,legacy,
slab_marble_kabul_grey_4f9b740d-1b83-4062-a1fc-f857dade9ea8,legacy,
slab_marble_kadazan_beige_c04499ee-0319-45cb-882e-9b7a43d78a15,legacy,
slab_marble_kaftar_khana_49f7fb66-d289-49fc-bd2b-4bb8c88f775e,legacy,
slab_marble_kahla_ee38ef7c-bdde-4392-9e4d-71f2eb881249,legacy,
slab_marble_kahramanmaras_light_beige_8fd59cf6-f643-46b3-aedb-c154188a6e7f,legacy,
slab_marble_kairuru_2e2db763-91b5-4663-9b5a-2e1bd38ba15a,legacy,
slab_marble_kalasia_cb2ea7e9-2453-4cd3-8544-fde7ffb4ba4f,legacy,
slab_marble_kali_botticino_e33b76a1-08fc-4c62-a183-fbd5c6ac2f57,legacy,
slab_marble_kali_brown_6f6b9c2c-0036-45cd-8d4a-405e93952dcd,legacy,
slab_marble_kaman_gold_beige_17d624ba-5769-4ec8-ae2c-2efaf5c0cd73,legacy,
slab_marble_kaman_ivory_b2a65d03-b516-4a86-a5b7-9f56e218ba91,legacy,
slab_marble_kamelia_2dda00c6-abf7-4563-b84a-521ef552d5d5,legacy,
slab_marble_kamphaeng_eb9f0bc1-e5c2-4e20-9989-45cc17c3535e,legacy,
slab_marble_kampos_0afaa9f1-5e66-4c6d-be3d-4c6855381e36,legacy,
slab_marble_kangar_f5c2a07f-b914-49e4-927b-734ff0b318af,legacy,
slab_marble_kanor_grey_628e7f00-bddd-4727-ad7a-e98d1a4aa966,legacy,
slab_marble_kapa_beige_130d517f-b99a-4e3a-acdf-a4f2abb05350,legacy,
slab_marble_kapa_cappuccino_642dd103-0ded-4ea0-9240-b73a08433aa9,legacy,
slab_marble_kapela_rozowy_a5b87827-d345-454f-83ac-30514768e567,legacy,
slab_marble_kaptan_black_70256999-c07d-4a0d-86a5-6cd9543ee1a8,legacy,
slab_marble_karabuk_brown_ab9aafa7-73b7-43f7-ba4a-91a64660448a,legacy,
slab_marble_karacabey_black_15030bc7-b5ed-4e0b-b4de-743c28bc4b07,legacy,
slab_marble_karahalli_white_fe16148a-1da9-48f4-9960-5ac0f640d74c,legacy,
slab_marble_karako_c60fb85f-4abf-41ff-8cf5-e630ae00b342,legacy,
slab_marble_karaman_pink_78adbc1f-baf9-4b94-b5ef-acb969c35907,legacy,
slab_marble_karboni_arka_244d0e6b-cf65-46e0-9e3b-eb92e42bac8f,legacy,
slab_marble_karen_gold_3be1ff44-8f21-4c7b-884c-38cfee6ed332,legacy,
slab_marble_karesi_white_c36d3f45-8810-4f2a-9ee7-d43957d4c777,legacy,
slab_marble_karia_cream_dd36071e-b728-43d9-81ad-35de692b43ab,legacy,
slab_marble_karibib_black_a73faae1-44e5-4172-8aa4-bbe6530181c1,legacy,
slab_marble_kariz_amir_19677a2d-f30e-4f27-8b0f-fab2a5f9f31f,legacy,
slab_marble_karizmeer_b200f261-b8ab-4ae8-9987-cfd355549ba9,legacy,
slab_marble_karlstejn_54d316b1-0181-43ef-8cc6-12cd63396b00,legacy,
slab_marble_karnezeika_beige_8736677e-b5cb-446b-b179-87d0779e3def,legacy,
slab_marble_karystos_edc3c078-f10a-4a8c-9726-15649a96c6ee,legacy,
slab_marble_kas_beige_1ed63413-a7fc-448b-965c-e0f25e1a85de,legacy,
slab_marble_kashan_golden_brown_2070bf21-3727-4cbf-ba22-0c12da7126b0,legacy,
slab_marble_kashmar_839d39b9-38e4-4569-acda-924308b1f302,legacy,
slab_marble_kasiki_grey_02818019-e0aa-4724-984d-90ce547e7fef,legacy,
slab_marble_kasite_red_4729086b-35ab-43ce-9d68-c785b25478e1,legacy,
slab_marble_kasta_veiny_9227ed1d-0afa-43ed-a97a-38a375022e9e,legacy,
slab_marble_kastamonu_beige_535e7c46-6912-4f91-b1f5-ab9c29cf04fb,legacy,
slab_marble_kastamonu_rosalia_deba3032-5ffc-4795-ad05-df91062b3fc0,legacy,
slab_marble_kate_white_08309fd6-f386-4dec-810b-5ee647c836c1,legacy,
slab_marble_katni_beige_323b1a83-e64f-4e7c-b70e-fdd7bc2948a3,legacy,
slab_marble_katni_green_65acf668-41c3-4af6-acd0-0249a47d873f,legacy,
slab_marble_katni_pink_937199da-9702-4c4e-ad57-d3d706f74cc3,legacy,
slab_marble_katrina_1b2b1ab7-0643-444c-ad57-d12010eea558,legacy,
slab_marble_kavala_grey_37586464-8e25-4a47-9647-30b26967199b,legacy,
slab_marble_kavosh_db9aa08e-b22a-43ad-b343-f40c65e6c35e,legacy,
slab_marble_kawi_agung_0f86ada9-6ae2-4159-8d8d-6233b99bad79,legacy,
slab_marble_kazan_beige_dc6c74bf-e53d-46b2-9ae8-ab453aaadf1d,legacy,
slab_marble_keda_grey_b4b5f3db-718e-4d87-b189-65e4019fd9c0,legacy,
slab_marble_kemalpasa_white_turquoise_d0256f47-217d-4494-b893-5e15d950f3b4,legacy,
slab_marble_kemore_white_e28f7865-d3be-4c29-814a-ba675749d156,legacy,
slab_marble_kensington_be21db32-28c2-4a88-87da-2ef5a74371d0,legacy,
slab_marble_kenya_white_65c7da34-2a90-4b88-80c6-ff065052e8cf,legacy,
slab_marble_kerem_delijan_1e62b567-3690-4358-b86d-ae01ba5a98f4,legacy,
slab_marble_kerem_kashan_d4ce5393-b506-4a9d-bc94-479f83de09ba,legacy,
slab_marble_kerem_shahre_kord_e632276a-c9d3-4c1b-a2f1-9c341fae15fa,legacy,
slab_marble_kerem_shahrekord_sartipy_5738bd80-f68c-4e88-a24f-42d0e23b7216,legacy,
slab_marble_kerman_brown_a92b1dd6-409d-4a99-9b63-2749f048fdb8,legacy,
slab_marble_kerman_cream_e767fa2a-cbf8-41e3-b262-a11534606a90,legacy,
slab_marble_kesariaji_green_e061eedd-1241-4cd1-98d1-8d4fa6700608,legacy,
slab_marble_kesariya_green_fb5c3ec5-ddf2-466c-928e-14cad3f2726d,legacy,
slab_marble_khabourah_cumulus_d872ea25-9c9f-47ef-b6c0-4f372b6cd6e6,legacy,
slab_marble_khadel_gris_37f41655-2515-41e5-8385-fdab1d255bb5,legacy,
slab_marble_khaki_grey_c6632402-f796-4edf-8994-124b2a66e506,legacy,
slab_marble_khaki_white_86de9340-66b9-4d6b-aa87-9d233d0bd6cd,legacy,
slab_marble_khazana_d1a16bc3-c5a3-4da4-90ab-b4d4e168c4b5,legacy,
slab_marble_khlong_hat_0af0f631-1a54-4a94-8a08-c6b627d4ce22,legacy,
slab_marble_khob_sangan_0887789a-239e-41e2-8256-43cedad7005e,legacy,
slab_marble_khoorose_74c0d00a-fdf5-4173-bebf-d796959de227,legacy,
slab_marble_khor_ghermez_salsali_4804a372-408e-4a75-804e-9588a2c04bb8,legacy,
slab_marble_khor_yekrangi_9b78b6b7-34e8-4ae6-9bfc-de0b2a17644c,legacy,
slab_marble_khour_3b820418-5098-4af8-8ac2-bc7e5d68ee06,legacy,
slab_marble_khoy_red_acd94e99-c31a-4179-9c5d-ecfbcba3bc04,legacy,
slab_marble_kibik_kordonskiy_422e6cd6-3fbf-4905-adf7-18459f15b705,legacy,
slab_marble_kik_270522c0-c231-4ae9-ba93-1bd9400ea26d,legacy,
slab_marble_king_blue_0c0e33df-7ad0-43ce-8c6c-84c7e6c28ffd,legacy,
slab_marble_king_blue_golden_grey_7858410b-ab8f-43a4-92fd-8dfa3e75ccbd,legacy,
slab_marble_king_brown_23102b46-f6e4-4974-be0e-9bceeee92dc5,legacy,
slab_marble_king_emperador_170c0747-4d35-4c77-8cdf-68637a598302,legacy,
slab_marble_kingdom_e99854e8-2165-4a33-9c9a-43eb27ed9f96,legacy,
slab_marble_kings_ash_e1573666-73ea-42e0-a589-d2a559779186,legacy,
slab_marble_kirsehir_white_d824e8ef-eda1-499b-9954-1747bb49a206,legacy,
slab_marble_kissavos_294e17f0-6f12-4733-902c-eca1f352fdc8,legacy,
slab_marble_kiwi_green_d3c0035d-bd23-493b-a61b-5bf9ea2c2779,legacy,
slab_marble_knidos_625a1290-cdc7-4a76-89af-cbbe834ae983,legacy,
slab_marble_koala_9f2679b4-7faf-4f4e-a114-95f5c23344cd,legacy,
slab_marble_kocar_white_c72aec75-beea-4e33-8897-946140ebda40,legacy,
slab_marble_koelginskoe_e049b492-08bc-42f7-866a-51f8f22af70d,legacy,
slab_marble_kokinovraxos_multicolour_ff83523e-6e04-4ee0-b310-a870f2743b8d,legacy,
slab_marble_koky_beige_367a958f-47ee-42db-a332-875baf186451,legacy,
slab_marble_kolkata_white_eeaf948c-0454-4855-8a4b-e33f8ce6562e,legacy,
slab_marble_kolmarden_e33d462e-b5b3-4523-af28-17316ceadf74,legacy,
slab_marble_komotini_3421c88d-7274-46e8-a36c-8892c41be83f,legacy,
slab_marble_konglomera_valencia_74217c41-04e8-489f-9b55-8dd7cf74c5e6,legacy,
slab_marble_korykos_beige_8906a1bf-892f-44d3-b6d6-0858943b9ec3,legacy,
slab_marble_koteshwar_c217ede2-1a0d-4ac4-aecb-f57471f5dbbc,legacy,
slab_marble_koteshwar_adanga_87a3fe4f-b897-4714-845b-5bef6d2e438f,legacy,
slab_marble_koteshwar_albeta_0d5c4b84-947f-4b35-908d-3a6768bc6401,legacy,
slab_marble_kozani_white_6685fad6-9c9f-4136-a3a9-d9305d3e8043,legacy,
slab_marble_krastal_mittel_65ebf6e4-86be-4e15-b586-73d32bbd9f84,legacy,
slab_marble_kris_vivo_20c9a085-0c9e-4058-bf47-6d9c55a3d82d,legacy,
slab_marble_krute_dbd975c9-b41c-4322-a2f1-af53b16b7de5,legacy,
slab_marble_ksm_0d8a5a00-dd19-499b-951a-73dc15442d59,legacy,
slab_marble_kula_320e2174-b0aa-4b6e-9fe0-c23702921309,legacy,
slab_marble_kulun_gold_d50995f3-83ab-4faf-8b58-74d39df50131,legacy,
slab_marble_kunt_silver_royal_ca9ef6b6-685e-4ca7-b55d-21ff5e7f2ba8,legacy,
slab_marble_kuri_blue_5022e583-9a7b-49ca-a808-baebe2b9017b,legacy,
slab_marble_kuros_perle_de_nacre_0ce6a956-5f8d-4c9f-8bad-6568d7300220,legacy,
slab_marble_kurudere_558a1e4a-313c-4704-b7aa-3aa66b2b5a5f,legacy,
slab_marble_kutahya_black_9fe67b3f-64b5-4ea3-b444-45e6d16175fe,legacy,
slab_marble_kycnos_white_12ab360b-fe5c-43c3-bdd3-40c060e2bcad,legacy,
slab_marble_kylin_1deaf9fc-c826-4cc8-90b6-190bcd1f6322,legacy,
slab_marble_kyra_beige_13688377-7e82-4f6a-bc58-e3db6827fe6e,legacy,
slab_marble_labrador_f61de95f-0b92-444f-98a3-a7f6b9ffeb21,legacy,
slab_marble_lady_grey_32a443a8-2ac3-40b0-8367-541e395a45b7,legacy,
slab_marble_lady_pink_78754846-2520-4250-84e6-9100ba2cbac5,legacy,
slab_marble_lady_purple_6a5582b9-8f04-4b98-ae38-b3d9317e049d,legacy,
slab_marble_lafei_beige_4ddc3eef-9c24-414d-9b04-3fc3030855f4,legacy,
slab_marble_lafi_f19ebac2-1501-4f93-9da6-6862a005585b,legacy,
slab_marble_lafina_c3664778-3133-40be-93b3-d0d172d16727,legacy,
slab_marble_laguna_black_911ba143-e5db-47d6-a4a9-d1a468d63f6d,legacy,
slab_marble_laguna_grey_4b139084-ca11-4beb-ac29-38ff95b3bf72,legacy,
slab_marble_laibid_c8065656-1204-4c33-81c0-e7dfbba31133,legacy,
slab_marble_laibid_shajareh_60396e06-3623-440f-995a-453187b43570,legacy,
slab_marble_laibid_tornado_60327a24-f8bf-4fee-8ec4-af479b022617,legacy,
slab_marble_lais_grey_6adaeb91-2016-4381-8742-25857fa30528,legacy,
slab_marble_laiyang_green_d0f6879b-1d0b-4e4e-86b3-dad55ba55d28,legacy,
slab_marble_landscape_blue_38606d52-2f58-49df-a1dd-9b3d794b300f,legacy,
slab_marble_landscape_green_7313cd1c-7d6e-4bf1-a16e-d2dfcc4fa6e0,legacy,
slab_marble_landscape_painting_172f39b2-20a0-40d0-ab19-2f20587b4311,legacy,
slab_marble_landscape_white_855511d1-d9d3-4f25-94de-d4a7e6240137,legacy,
slab_marble_langdok_7b4f5119-3d4e-4465-94b0-c294e00121ea,legacy,
slab_marble_langka_ash_33c2e25a-49cb-4d9e-a2f4-3bdc2260e5b5,legacy,
slab_marble_lanya_beige_edee36fe-08b3-4279-bfe7-acfc69ef1cf1,legacy,
slab_marble_lanza_gray_304839da-3a55-4e52-9073-b4e6217f5413,legacy,
slab_marble_lanzarote_28860849-aee6-442c-b148-859a07ab5ead,legacy,
slab_marble_lao_cai_white_7e9bd6d0-9919-4a94-a4af-c6ba86aadeac,legacy,
slab_marble_laodikya_crema_7c79d36d-ed8b-491b-9a1c-250a53785bfb,legacy,
slab_marble_lapis_beige_8e014414-bca8-4d1d-b5c6-cc9c1a5a154a,legacy,
slab_marble_lapis_lazuli_1d673d33-a53c-4719-84c3-bbe5a69da471,legacy,
slab_marble_lapponia_green_7d263b29-7539-4bec-9bef-f7e4c8e2a368,legacy,
slab_marble_lapys_grey_f35e1b82-e08a-470a-ae82-e181fdcd32ba,legacy,
slab_marble_lara_cream_1b264345-98a9-4bf9-811a-f06cc986e132,legacy,
slab_marble_laranda_beige_148411f1-a560-4d9f-8400-396b41f9cfde,legacy,
slab_marble_las_vegas_white_a2726c62-6e2e-496e-9617-07e8f82318f2,legacy,
slab_marble_lasa_bianco_vena_verde_0a1c7a96-170e-4731-af08-3c25a512afba,legacy,
slab_marble_lasa_individual_62dbcaee-032c-4b01-a2d3-efb5109f822e,legacy,
slab_marble_lasa_venato_80de3ebe-cf71-4332-b3bd-3640b0dbb96d,legacy,
slab_marble_lasa_venato_arabescato_e8373856-4a15-4720-b083-d4bafee749ec,legacy,
slab_marble_lasa_venato_cevedale_6acf2842-5fe3-4629-ab14-94fbd13aea6f,legacy,
slab_marble_laura_beige_9aff68e0-f4f9-499b-bdc6-eeeefae75e7f,legacy,
slab_marble_lava_f88cde72-52e8-45d2-91ad-d2974b56465c,legacy,
slab_marble_lavender_beige_e2052697-3fe4-4ab0-8aa5-5b7c4c14a351,legacy,
slab_marble_lavender_grey_27fa1703-6975-4a5f-9fa1-261c4b24c739,legacy,
slab_marble_lavender_pink_d66de4eb-152b-4f10-9574-18df4b5d2c4c,legacy,
slab_marble_lavento_maroon_93c0fb3f-ea63-4519-a054-e3ccf0a1a225,legacy,
slab_marble_laybid_fc45f7fb-073b-4daf-97eb-121af3564d4a,legacy,
slab_marble_laybid_palangi_10da6c85-0a95-4ba7-956f-70756ef0edae,legacy,
slab_marble_laybid_sefid_6f067f8d-d89f-4c01-a72e-703abe6deb25,legacy,
slab_marble_laybid_tornado_12fc94c8-28fe-42f5-b84f-f75a12efc54b,legacy,
slab_marble_laymer_beige_ee1b6e9b-bd56-48db-af8b-9fd7025649fe,legacy,
slab_marble_lazize_89b1814c-12d6-403c-93e6-0ddffbfd17e5,legacy,
slab_marble_lazy_sunday_e2c4a2d9-a9d0-4316-9576-83826fc34ce4,legacy,
slab_marble_leaf_green_5f9de1cf-64c2-491c-a28d-74476fbd8927,legacy,
slab_marble_ledmore_green_f4ca23f8-0424-426e-bf82-9945b1d6ed52,legacy,
slab_marble_lefkippi_8438cad5-0f48-4d0a-aa9a-821187c4d1d2,legacy,
slab_marble_lefkon_striped_ca773f4c-dc7b-445f-a4b1-8a8064d8ed29,legacy,
slab_marble_legend_22812329-547e-4d7b-87cf-3d8c0d1a5f9f,legacy,
slab_marble_legno_edcc8be6-0ce8-4c88-800c-51db9fcf73e0,legacy,
slab_marble_lemon_gold_2d951908-3dd1-4052-a612-b7299bc74d53,legacy,
slab_marble_leo_beige_58aa99ad-7aeb-4d70-aa75-00dd1ef6e9d3,legacy,
slab_marble_leodikeia_crema_3d548f3e-c675-45ae-8933-7d81b94d0803,legacy,
slab_marble_leonardo_da_vinci_e1cd3d52-ce04-4bd7-b99f-316ce106dcc8,legacy,
slab_marble_leopard_gray_9d08edfd-ee47-467d-811c-ea91476d8fda,legacy,
slab_marble_leopard_rock_d814ed7c-8569-4773-976b-b74d8d144f11,legacy,
slab_marble_leopard_skin_flower_72392806-4b07-4742-871a-cc8864bbc0d1,legacy,
slab_marble_leopardo_31e95f2c-87fd-4c67-a5f3-ffc9e2724fa9,legacy,
slab_marble_leopardo_rose_6dcdbdaa-686a-4194-b74e-ba70e91d1256,legacy,
slab_marble_lepenica_5855f866-00b3-4289-b3e5-dc6bf178042e,legacy,
slab_marble_lericy_e7b39b66-327a-49b3-858c-01d31617c9f0,legacy,
slab_marble_lesno_brdo_roza_293c39da-714f-49f3-900e-a015915365ce,legacy,
slab_marble_levadia_black_fef42908-f639-4cfd-9eea-e3c03993ff9b,legacy,
slab_marble_levadia_pink_8477041b-eeed-4189-9782-c8eb71789bd4,legacy,
slab_marble_levin_brown_d70e2480-ea72-4a2e-aec7-b322f554f77c,legacy,
slab_marble_leykon_aigeoy_34941766-1f80-4a62-8360-566eb3534d32,legacy,
slab_marble_liaoning_white_a10cf34e-28f6-4e75-ad78-0fdfd8c19c4e,legacy,
slab_marble_libeccio_57a2af19-671b-46da-b6e6-a47e6711159b,legacy,
slab_marble_liberty_4fd0c606-0c33-4fed-bcc5-c3fc0a6c69b5,legacy,
slab_marble_lide_grey_83887d0b-bdbb-46b6-90da-20c104c4949b,legacy,
slab_marble_life_cream_beige_4727b746-65e5-4945-874c-35dd235914a3,legacy,
slab_marble_light_beige_cb1d8ff3-c7e4-4b2f-b930-2b8c50d3edec,legacy,
slab_marble_light_brown_c5d8be51-e6b2-406e-9713-159900a2db16,legacy,
slab_marble_light_cream_38cded9c-7eca-474c-8a86-34b5f3350083,legacy,
slab_marble_light_olive_ash_80461032-688c-428f-a42d-857a1ddb6345,legacy,
slab_marble_light_pink_0c3bdc0c-f659-46c3-94f0-9d874bc39390,legacy,
slab_marble_light_spring_ebc2125c-d941-4e61-bf9c-8baea8b19511,legacy,
slab_marble_light_yellow_0f051906-1e0f-4530-a550-d760c9f3769b,legacy,
slab_marble_lightning_grey_ae808db0-11c3-4056-9c48-c6160162f210,legacy,
slab_marble_lightning_simi_d42d6480-1efc-43b2-8cb6-2ede9f856c48,legacy,
slab_marble_likya_beige_67499a85-5194-4206-b760-fe27a1ea10df,legacy,
slab_marble_likya_grey_38c6156d-e383-4c4d-ac06-f63ed85707e1,legacy,
slab_marble_likya_rose_b57121a1-43be-49bb-842f-8381ae5219fa,legacy,
slab_marble_likya_royal_fdc4a770-560e-4950-87a9-7c5fe7c34dc9,legacy,
slab_marble_lilac_gray_0cdb403c-1124-405a-bbaa-6512ab381af8,legacy,
slab_marble_lilac_white_ced6603a-198b-45ea-a55e-3f1865fe22e3,legacy,
slab_marble_lilia_31ee37cb-3867-439c-ac33-23c39ca48597,legacy,
slab_marble_lilleberg_d980ee52-8a51-46ff-aad8-834d85ddcee8,legacy,
slab_marble_lillia_gray_18ef26b6-0b62-48e5-acc3-57a91f3d29a0,legacy,
slab_marble_lillium_beige_e409df62-cc4c-4c22-b0a3-7fa23aa3686f,legacy,
slab_marble_lily_gray_34cc9030-025d-42ba-ac3b-e12eff1d756f,legacy,
slab_marble_lily_green_a450241e-6649-4bf2-b62f-21ae31fe81b6,legacy,
slab_marble_limnia_e44b8fd7-de83-4e07-aee5-fcc99d8b69b3,legacy,
slab_marble_limnias_white_5d630922-daec-4051-a227-69f34445cd79,legacy,
slab_marble_limoge_beige_3ce38366-bf33-43ef-9a6c-146313500810,legacy,
slab_marble_limoni_sedef_b382f4dc-c0fd-4ef8-a7bc-7eccadcd87cb,legacy,
slab_marble_lina_white_f64d2c2a-07e2-4a03-aa9e-30fd76690334,legacy,
slab_marble_linea_2e1d0be8-9f45-4243-92d6-8d4d7fec5435,legacy,
slab_marble_linen_512c59ba-82c7-4305-9055-c80db81b9052,legacy,
slab_marble_linglong_jade_d110ca14-e3e2-49c5-a1ce-eb0a69a6f9fd,legacy,
slab_marble_lio_6b97e896-2c1a-4cfe-95af-43b825ec7fa2,legacy,
slab_marble_lion_f0561058-20ac-46a8-bb41-fb194c09b7fd,legacy,
slab_marble_lipov_8604a019-d6e2-448f-a601-e7d089ae0707,legacy,
slab_marble_lisica_083ae6c0-34e2-4775-89d5-a00525ac2c40,legacy,
slab_marble_litos_crema_bc116cb3-bdfe-4083-a09e-3001b708cf0e,legacy,
slab_marble_lola_sky_22a6923b-485d-4a95-8684-55126155b8c8,legacy,
slab_marble_london_gold_c0bd112f-96fd-43bd-87d9-214c9b95832d,legacy,
slab_marble_london_gray_681ffb88-9eca-4281-aa89-1acfb13a94ec,legacy,
slab_marble_longin_jade_64ad5376-64b6-4f7f-be6f-c60bf8fd5366,legacy,
slab_marble_lord_white_d33df082-a559-4582-b568-8c03c4b8424f,legacy,
slab_marble_loreal_wood_grain_40409a79-27cb-4e6d-b23b-7d77d7164198,legacy,
slab_marble_lorena_white_ad68c2bf-5553-4c70-9158-35b0dcf9084c,legacy,
slab_marble_los_roques_907bf890-9b49-491e-9b1e-c852918d7b4b,legacy,
slab_marble_loto_46e48bc2-23f7-45c5-9560-4b49847f20e9,legacy,
slab_marble_lotus_f4fe2f40-7449-41eb-9f6a-a509d4f55013,legacy,
slab_marble_lotus_beige_e63c6670-5b99-4e06-8555-ac69d9e68adc,legacy,
slab_marble_lotus_coffee_3199d25b-886b-4cda-a63f-c07094c286af,legacy,
slab_marble_lotus_green_06dd5e4d-865c-48d8-8c71-a22ee6c2823d,legacy,
slab_marble_lotus_pink_9cf539c2-b0ba-4201-90cb-a8b6e7a3f41c,legacy,
slab_marble_lotus_yellow_b87ac7b3-3037-4d5f-a481-4c426fde95fb,legacy,
slab_marble_louis_d846dc09-b065-49c8-b6ad-28ae62e82677,legacy,
slab_marble_louis_grey_169183f6-f30f-44fa-969d-22f54a6c03a1,legacy,
slab_marble_louis_xiii_golden_beige_f5478ed4-15d1-4544-b978-c58d826912d2,legacy,
slab_marble_louis_xiv_b688c0e2-e832-4fbf-9d93-9d949c9608e6,legacy,
slab_marble_louvre_white_374ca91a-c00b-4484-9948-3a539aeac198,legacy,
slab_marble_lucciano_rose_380b80b3-01f2-45f6-8e40-da760c7d73ac,legacy,
slab_marble_lucia_1453b71c-3c69-49d5-96f0-cfd7eb8de51f,legacy,
slab_marble_lucida_luna_06ab3ff3-78af-4f57-992b-2aad11968c7d,legacy,
slab_marble_luding_multicolor_2e364f38-11df-46c0-ae17-76f7790d67cc,legacy,
slab_marble_lugga_salmon_ff47616f-b82c-4393-a5c1-a22dcfad160e,legacy,
slab_marble_lugga_white_c5f77a14-cd0a-4959-9a5c-e400e1b28b1b,legacy,
slab_marble_lumen_555ec2ee-b820-489f-b01e-b69b99a6fb2c,legacy,
slab_marble_luminous_0df6e3db-8d04-4b8c-af45-fcdaa11d4656,legacy,
slab_marble_lumix_1ea338e2-0032-43be-9c39-5fde05424e7a,legacy,
slab_marble_lumos_beige_c0f6c28b-f0b1-42ee-bc50-f96704060cad,legacy,
slab_marble_luna_dark_4b996e8a-f15b-4d05-96ee-3525a48d61d2,legacy,
slab_marble_luna_mexa_9fb06596-a1f5-4404-9703-91395d1d0721,legacy,
slab_marble_luna_river_ef78eac2-a336-4a12-aa1b-c7394111322c,legacy,
slab_marble_lunel_rubane_42dcd906-1934-4422-926e-b7bd19daf186,legacy,
slab_marble_lushan_green_189ee90a-1667-49ba-99be-ee39eed9ae35,legacy,
slab_marble_lusso_nero_34a8bcf7-2c9c-4f21-8b1f-0076eb4d0202,legacy,
slab_marble_lux_gris_346cf443-5142-45bc-879f-ccb03758a515,legacy,
slab_marble_luxor_gold_80e1271c-0a83-495b-9e56-517b2a82aded,legacy,
slab_marble_luxor_grey_c6333414-c0a3-41f0-a797-4b4f1dd4cbe0,legacy,
slab_marble_luxuria_8a283e78-e169-4f77-abea-c7b3e34a5ec2,legacy,
slab_marble_lycia_beige_4214ef32-20cd-4206-a7ab-b3f237cac872,legacy,
slab_marble_lydia_3d4540e3-b775-41d9-a2bc-145caf7138b7,legacy,
slab_marble_lydia_beige_b8040f54-709c-4604-9f0c-b09d574f4a81,legacy,
slab_marble_lygourio_beige_0b927db4-50ac-4cba-bdff-ebb981efec39,legacy,
slab_marble_lykos_gray_1f1f0fee-3106-44c1-ae74-bd467f45a714,legacy,
slab_marble_macchia_vecchia_a0a062fe-ecb9-4c41-a334-93cfc6243b59,legacy,
slab_marble_macchia_vecchia_rossa_679f173a-6456-4837-8cb9-91bd5d7a8032,legacy,
slab_marble_macedonian_white_247b17fb-55ab-419d-bd87-1eb9b938f980,legacy,
slab_marble_maciel_e344308c-4a08-402d-a41c-4d137d61f188,legacy,
slab_marble_macota_7e0d92b9-277b-4231-b300-e58b622d0445,legacy,
slab_marble_madagascar_exotic_28bcd250-656b-45d8-bd0a-5a8f03102de8,legacy,
slab_marble_madeira_f9c22fcb-b764-4673-9652-5174629918cf,legacy,
slab_marble_madrid_grey_486ff6ab-3689-4910-891b-8341ef29d5f4,legacy,
slab_marble_mafin_grey_17742464-f2e9-4688-aa16-3399d156a457,legacy,
slab_marble_magic_cream_5378c9a3-dfc2-4661-b293-bca47242edc7,legacy,
slab_marble_magic_green_ca3ba58b-4ce8-48ba-b719-dbfd4520bb0f,legacy,
slab_marble_magic_ocean_c61aaa88-da60-4b98-bb67-72417ec942ce,legacy,
slab_marble_magic_white_47342fc1-51c0-4f74-845f-277dcc1f9cbc,legacy,
slab_marble_magma_61559838-7f0c-4a1a-9eb7-2b4091e2bb2c,legacy,
slab_marble_magnita_silver_b746826e-ef0b-4a0a-bc61-6e0ed17d8623,legacy,
slab_marble_magnolia_gray_36da6d85-837b-4d80-937a-a2a80652c0c3,legacy,
slab_marble_magnus_white_8933930e-a284-4041-ad5e-845d9e64b898,legacy,
slab_marble_mahalat_golden_black_cb03a954-47a3-4e58-9313-263431e76ddf,legacy,
slab_marble_mahkam_brown_2ad50708-aa00-4b86-a169-273b699d69a6,legacy,
slab_marble_mahkam_done_berenji_702281eb-0df3-4445-929c-f63e7e320ff4,legacy,
slab_marble_mahkam_golden_0c631d3f-3ad6-4f66-ac58-bc15e3e924c1,legacy,
slab_marble_mahkam_gray_1334d2aa-f843-487d-a95f-f70851d68c3c,legacy,
slab_marble_mahkam_light_cream_c6017907-62b2-4d1d-ab20-8866a9f200af,legacy,
slab_marble_mahkam_smoky_40bf09b4-ebb1-4f35-9905-071254d8bd70,legacy,
slab_marble_mahtab_7f664cc9-6e0c-4b98-88f0-16c56b692c2b,legacy,
slab_marble_mahyar_golden_black_ba5de061-e237-4792-ad08-b90551979eab,legacy,
slab_marble_maia_white_c73fb359-1ba5-4bbd-be3a-0efc9ff6040d,legacy,
slab_marble_mairev_black_9015db58-ef19-426d-b029-abac79158c37,legacy,
slab_marble_mairev_brown_59b1163b-500c-46ce-b3f3-d928e3954606,legacy,
slab_marble_mairev_grey_f4c239ad-cc52-46d3-a568-db984af31e6e,legacy,
slab_marble_majan_3791e7d2-a466-4b3f-92b5-081285d23928,legacy,
slab_marble_majestic_517c9f14-56cc-4772-8736-f93206c43132,legacy,
slab_marble_majestic_brown_8d1d0808-b6d5-47a5-bb26-64dcc643fe2b,legacy,
slab_marble_majestic_rose_bcd4ede8-77ee-47af-827f-2b2de7c11c2e,legacy,
slab_marble_makassar_royal_beige_b835e76e-3d29-4570-add0-28c1abbad4d9,legacy,
slab_marble_makrana_dungri_a1ad6c66-840e-49ff-88b0-725188a992b1,legacy,
slab_marble_makrana_white_e7464349-2360-457c-b7ef-32cf21a999f9,legacy,
slab_marble_mal_white_886983ca-d5a8-451c-874f-4bc78a3a3d22,legacy,
slab_marble_malaga_beige_8be48f44-be86-43ae-9e5a-0d6433952768,legacy,
slab_marble_malay_botticino_7851a2d6-68e2-4317-a7fc-b4f504cd2797,legacy,
slab_marble_malaysia_black_76da0659-f7c9-442b-8dbc-09e0dee931ad,legacy,
slab_marble_maldives_white_96e43cbf-7bd8-4cdf-999f-8ccf4dc8ce71,legacy,
slab_marble_mallalo_66f92ccf-7493-4add-a6ff-894504926ec7,legacy,
slab_marble_mandala_34511b15-7521-4698-bd29-7050d3b58acc,legacy,
slab_marble_mandalay_white_3435fb3f-fe33-4ba9-a13a-9b5c1871c108,legacy,
slab_marble_manni_beige_3e3da215-53e8-49c5-827f-960c66378c8c,legacy,
slab_marble_manto_sagrado_white_d72c64c2-3998-40e8-ac4a-a3fd86d76edb,legacy,
slab_marble_manyas_white_2983098b-2723-492a-bd28-1b42c51803c9,legacy,
slab_marble_maple_leaf_089846a8-3418-4984-9f49-88c864d70f3d,legacy,
slab_marble_maral_1d28b796-e623-4698-8ff9-b52566fca0dc,legacy,
slab_marble_maras_grey_cce6e601-f6c9-4dee-b5d7-e0ef1a628ba3,legacy,
slab_marble_marathon_321f3e6b-0abe-42c7-961a-a0e8ea532213,legacy,
slab_marble_marbella_white_87a3bf56-eb96-4600-a764-dc7aaae07c90,legacy,
slab_marble_mare_grey_cffef4da-5d53-44a4-92ec-5431fe6f21c9,legacy,
slab_marble_marengo_grey_8456f27f-cfda-41c5-b61b-de30f4181c61,legacy,
slab_marble_mariah_grey_36dde50f-0e0e-4aca-b542-f71158f38b25,legacy,
slab_marble_marin_white_14b91f07-17c2-488e-9d73-bb36e7df3a20,legacy,
slab_marble_marina_9b6d5277-51e1-4a48-a655-fa3a911ca47d,legacy,
slab_marble_marinas_d3e9595f-e003-498b-ab8d-23faa20d9ee3,legacy,
slab_marble_marine_beige_f5fb1793-bdaf-4285-af69-dca57d42b484,legacy,
slab_marble_marine_black_caf9c4e2-c415-4a72-a483-8d7c99665b6e,legacy,
slab_marble_mariola_fc041ba8-da89-4872-a253-8ca96e00352e,legacy,
slab_marble_marmara_ocean_blue_b2e6de56-da72-4c05-9571-db91f8fde323,legacy,
slab_marble_marmara_wave_e9ed4c75-c17e-45bb-9cfd-92e7f18ada77,legacy,
slab_marble_marmara_zebra_4653e72a-d00a-49ee-ba47-bceb0bed2e28,legacy,
slab_marble_marmaran_cream_c000e9a6-5625-4ca5-a824-45f7c9ef4afa,legacy,
slab_marble_marmaran_golden_grey_6293d0c5-f674-4216-a96a-b4e93eb61d90,legacy,
slab_marble_marmorise_69efe510-bb71-4de3-b279-97871712d792,legacy,
slab_marble_maron_5df3f13f-0404-4e39-9ac8-04967f356488,legacy,
slab_marble_maron_kesra_b3877c97-ef3b-4229-86d9-0bc200eec428,legacy,
slab_marble_maronia_beige_f39a496d-2f62-4e05-994d-c9fa1085211c,legacy,
slab_marble_maroon_di_notte_61e308bf-e02d-4172-b0a1-719c35e9f844,legacy,
slab_marble_marqueen_abda6bff-261e-4970-bd27-4c8a5097a9ec,legacy,
slab_marble_marron_cappuccino_723b5898-a1a5-46d8-b014-88401dbcf1de,legacy,
slab_marble_marron_glace_b04e211f-e4eb-4773-b4d4-68430b1ac01b,legacy,
slab_marble_marron_jmm_7b94d9ea-8f3f-4bc8-9de7-330714608126,legacy,
slab_marble_marrone_breccia_6b680a8c-239a-4dfd-bffb-4bfc5355ea5e,legacy,
slab_marble_mars_acd3ccd0-2ad5-47b9-b9d2-b2f90be45376,legacy,
slab_marble_mars_beige_0d96ef68-2a95-48cf-823a-f4fcd4cef1c7,legacy,
slab_marble_maryland_green_b8b6600b-1ef4-4b3e-8b6a-45b874a7b1b7,legacy,
slab_marble_maserati_grey_a88f38a6-9b6c-49af-88c5-8dff92a3eaa9,legacy,
slab_marble_mashhad_emperador_dark_b2efb514-a1ee-41e8-9943-adae80a017b2,legacy,
slab_marble_masso_oro_d4a9ab11-c8a6-498e-8c5b-8d9a9821ae27,legacy,
slab_marble_matarazzo_2039d3ec-6f0d-4c5b-8fdb-e53f78c33030,legacy,
slab_marble_matisse_317b41d9-b8f6-49ec-be34-caeacd03f129,legacy,
slab_marble_matrix_beige_8230ba59-3dd9-4aec-ac1d-7963923784ac,legacy,
slab_marble_matrix_grey_bb2e1577-8053-4ce1-87dd-026e959d0956,legacy,
slab_marble_matrix_stream_da714442-a5e7-4ecf-826e-c20f9b826778,legacy,
slab_marble_matterhorn_2e93cc4c-b9df-4c84-aaa3-e2db74f89089,legacy,
slab_marble_maximus_ef2c1bcb-4669-42fc-a53a-c6e6fc9404ef,legacy,
slab_marble_maya_red_1cd8af7a-afbe-4cb9-a38e-d1d2e113df4b,legacy,
slab_marble_med_cream_5027b263-9574-440b-9d84-4248e904d655,legacy,
slab_marble_med_green_336a80ec-5268-44b2-9e0d-6c1dbcc8864a,legacy,
slab_marble_med_grey_a93c2b9b-c1ec-4b89-ab1d-b4507ed8245d,legacy,
slab_marble_medenine_red_fead144f-109f-4213-a825-876c79b982f0,legacy,
slab_marble_mediterranean_cream_a645b513-b58a-4a23-a0c6-d0b48d39cace,legacy,
slab_marble_medium_green_71f027ec-7a6c-4b25-8b84-db2eb1a70207,legacy,
slab_marble_medium_pink_ddcf2834-c031-48f8-bf00-76ffd48a7ecf,legacy,
slab_marble_medusa_63d7a759-7518-4a1c-8ad7-bfe0c12e8408,legacy,
slab_marble_megita_beige_8168c5ef-9005-425b-87fa-35248c9a6cc3,legacy,
slab_marble_meli_brown_35222d2c-5392-43ff-b351-124b2b4df9a3,legacy,
slab_marble_melika_286586cf-b55c-4501-a9a4-bb3397c5a9da,legacy,
slab_marble_melissa_beige_f2a9ba29-0437-4068-bf5e-60d1cc465695,legacy,
slab_marble_melitta_beige_4636bf12-c58b-4079-81a5-31af813db0fc,legacy,
slab_marble_melitta_berg_19a2404f-b80c-4ca9-897f-0cf67a2df249,legacy,
slab_marble_melitta_ice_fc4f3dc0-d748-4077-9646-3304202cc1fb,legacy,
slab_marble_melitta_lin_gray_da77f2d9-d187-4162-9b8d-7ecf1e28e512,legacy,
slab_marble_melitta_orange_8ad90748-fd8b-46bf-839e-b862387fbc5f,legacy,
slab_marble_melitta_rose_40cd36ac-14d1-45b9-ac70-501ecdefe52a,legacy,
slab_marble_melly_cecilia_05079119-f3a8-4edf-a1f5-ea3067a5eddd,legacy,
slab_marble_melograno_34e026ea-168d-48da-addc-01dc330256e6,legacy,
slab_marble_mendip_afd6a053-7537-4c55-9472-3cd333e14877,legacy,
slab_marble_menekse_5d6c5363-6626-4652-98f6-ecce260957ff,legacy,
slab_marble_menes_golden_brown_60e2282a-2ec1-472a-acdb-19d7870b4a29,legacy,
slab_marble_menes_grey_3431c02e-882e-4631-a2dd-b3c8bf4de89d,legacy,
slab_marble_mengen_silver_058d4255-06f7-46ba-b44a-024bccc4cdb6,legacy,
slab_marble_meonya_beige_73cddd5e-0a77-43ae-904b-f2f236794ead,legacy,
slab_marble_mercury_white_d50f5661-8506-4b1a-8966-d0144818d5a9,legacy,
slab_marble_merida_yellow_fdde9e09-e46d-4a52-97c3-7996ee7b65a9,legacy,
slab_marble_meridian_green_62d5d1e5-7ec0-4989-999c-69f3113f86ab,legacy,
slab_marble_merlot_fe37d055-224a-4eb2-b94f-3d8c08af7399,legacy,
slab_marble_mersin_bianco_perla_ed289051-fc63-4801-97cf-54b03448f39e,legacy,
slab_marble_mersin_walnut_7ac7c6b9-84c5-4892-8170-780fd63c7abb,legacy,
slab_marble_mesopotamia_flowery_beige_26f72822-3bce-49e0-bc4b-01a3385e9f6d,legacy,
slab_marble_mesopotamia_soloi_beige_f016572e-ce14-4643-b4da-c6b61dad82d9,legacy,
slab_marble_mesopotamia_wavy_beige_e9be6b46-0172-4430-ba23-62cb0fcbca56,legacy,
slab_marble_mesr_brown_c86f4535-d1de-44fe-8e9c-7765bd250246,legacy,
slab_marble_mesta_beige_19630acc-e605-4323-a3fa-bb5dc3404222,legacy,
slab_marble_mesta_emperador_dark_611c8565-0756-4a17-b511-bc36e98f2a3c,legacy,
slab_marble_mesta_emperador_light_6ae6fbb5-c76b-484e-9946-e80abaa90b0b,legacy,
slab_marble_meteor_grey_9954c8c9-c055-46d6-8238-763cd6b61ae0,legacy,
slab_marble_metropol_grey_0c6251b5-8cdd-419e-aaf1-8b78327a1033,legacy,
slab_marble_meya_grey_49188dee-563f-48ee-bcf6-be3eda72c91e,legacy,
slab_marble_mezzanotte_bc066f35-2da9-499c-8714-763712c92f9e,legacy,
slab_marble_mezzorgiorno_77e7ea03-8e76-4ea5-81d7-e48d7e84b39c,legacy,
slab_marble_michelangelo_prime_df95da3b-5ad9-4180-a15e-0de3455d4c4b,legacy,
slab_marble_midnight_sun_a234099e-8751-4f17-99c1-d966b08f07f2,legacy,
slab_marble_mika_brown_c2fc7d72-f7e5-446b-b096-1fee8974f478,legacy,
slab_marble_milan_golden_rainbow_ffbd4f97-e41b-4649-b42c-8637661c3fa3,legacy,
slab_marble_milan_red_0923cc1d-3cca-4ac4-bf58-387cb2904943,legacy,
slab_marble_milano_grey_6f90c578-18ce-4113-83c4-96cf5d2d2c73,legacy,
slab_marble_milas_green_1afad2de-fe10-4a12-963f-14a79096866d,legacy,
slab_marble_milas_lemon_730da0f5-11fa-4b8c-b939-24788e256fa3,legacy,
slab_marble_milas_lilac_94136bf4-0e93-4789-972a-ecb16a4d9c34,legacy,
slab_marble_milas_royal_02ad4114-0404-4a29-82e0-f82bc899bfe5,legacy,
slab_marble_milky_opal_a2229a12-9e37-48d3-84ca-6c479eb61403,legacy,
slab_marble_millennium_rose_eb403f9c-ced8-41a0-b818-c9d47d5ac25d,legacy,
slab_marble_mimosa_8607b754-bc3d-46e5-bb6f-219481a86018,legacy,
slab_marble_mimoza_beige_0dc35708-ff81-44d2-bec8-fe183c45840c,legacy,
slab_marble_ming_brown_044663b9-7937-4cb2-b72a-9337594eac13,legacy,
slab_marble_minia_perlatino_23bb3324-af59-4b13-8afb-47aae0dd9c2c,legacy,
slab_marble_mink_8fe54deb-e75a-4515-a587-1b5ff086367d,legacy,
slab_marble_minoan_grey_fa3b5e90-366a-4c25-9709-24289ec40281,legacy,
slab_marble_mioni_beige_857c37d0-baba-4443-9139-066351a5656b,legacy,
slab_marble_mira_cream_4cb67731-84a2-4a5c-9a10-cbb32df57d8c,legacy,
slab_marble_mira_rose_55e3a834-3891-4545-b34a-b146c08a3946,legacy,
slab_marble_mirabilis_6be3d262-016b-4343-89d4-cff7935d353f,legacy,
slab_marble_miracle_cream_98561a2d-8204-4c5f-ae5e-c9057d3d93be,legacy,
slab_marble_miracle_levanto_90ea0f46-9074-4c36-9121-fd38fb304676,legacy,
slab_marble_mirage_cristalita_a1d174a1-5832-4b52-bcd2-694289166723,legacy,
slab_marble_miranda_beige_4fda9f42-52aa-4421-8d57-84b7ee0f2835,legacy,
slab_marble_missisquoi_f519f54d-cea1-4979-9ad8-bd790801583b,legacy,
slab_marble_missisquoi_verde_de_aqua_2791b8d5-14dd-4d9e-bd0a-5b81b116a873,legacy,
slab_marble_mist_silk_8336b8b6-686f-4f88-b1f5-ed16a3072187,legacy,
slab_marble_mistral_white_93725347-8e57-4737-9579-953431006020,legacy,
slab_marble_misty_beige_e4f30492-a3a9-4bd7-b3bd-6217b4401a80,legacy,
slab_marble_moca_dark_beige_e324b3b4-36c7-429b-a7b8-56f137522760,legacy,
slab_marble_moca_sienna_3d239e6f-7282-4732-adb8-20437828fff7,legacy,
slab_marble_mocca_beige_4394e240-76dd-4564-97b2-d4df51f92bb4,legacy,
slab_marble_mocha_beige_564f0cb2-1fec-4585-8aa6-87acad9e9ded,legacy,
slab_marble_modica_grey_e6354fbb-c266-4743-ac06-b6e3b620cab9,legacy,
slab_marble_mogano_22ca646a-7614-415d-905c-7c413014c532,legacy,
slab_marble_mohammad_agha_ce559b3e-5d07-4571-b26f-fcde78f5afeb,legacy,
slab_marble_mona_lisa_d1d2da14-1790-4ff0-bc9e-fdd7c93035d4,legacy,
slab_marble_monaco_brown_12e7bfad-85fe-4a2f-bc93-94cf11078138,legacy,
slab_marble_monai_beige_0c28a95a-babf-4a5c-8854-2310d2c98f29,legacy,
slab_marble_monarch_plum_e11516a4-bb81-4d48-bd8d-f393a6e1550e,legacy,
slab_marble_monarch_red_7fbf07d8-ca56-45b5-be45-3c16883a3beb,legacy,
slab_marble_mondragone_grigio_scogliera_29be2fc2-05c7-4e80-9314-44c6075e100f,legacy,
slab_marble_monica_gray_db521c4f-1b75-4b42-aa77-6c103c571510,legacy,
slab_marble_monica_red_da3a60ae-18b6-4f1e-9c1e-3dcd554a53e2,legacy,
slab_marble_monsoon_pearl_fbf72f8f-8dd8-4988-a0b4-346792a55e89,legacy,
slab_marble_mont_parnes_2f6c770f-a549-4f7c-87f5-0f62d32d3a8b,legacy,
slab_marble_montclair_danby_7355eb86-5f6e-4c41-b479-b56d39a79a96,legacy,
slab_marble_monte_bello_5335f23b-377f-4fd3-a51d-92b78e1b4f20,legacy,
slab_marble_montemaggiore_c8cbcb6d-94a6-45fc-a205-dcadd17390e0,legacy,
slab_marble_montenegro_1958a21d-6984-4017-8258-27384684a15b,legacy,
slab_marble_montepuez_cfe2b8b8-8536-4504-8e4d-4ad404273e84,legacy,
slab_marble_montepuez_cinzento_893d1b1d-502c-4616-968c-e4eedb94305b,legacy,
slab_marble_moon_beige_c4895784-0e54-4ab9-bd32-931ac231ac9e,legacy,
slab_marble_moon_jasmine_247632a4-84a5-40ba-8479-f15f3da6e022,legacy,
slab_marble_moon_pearl_f081e6fc-5143-4b45-96ff-e7eb5e44953f,legacy,
slab_marble_moon_white_96b14344-7f4e-4b52-81c1-78679e4044a6,legacy,
slab_marble_moonlight_79f04b0c-c9d3-4f1b-a658-2f4a6567e72b,legacy,
slab_marble_moonstone_cream_fossil_481fd629-0964-4104-82fe-82150cbc4c1e,legacy,
slab_marble_moonstone_cream_rosa_a444a537-89a2-49f3-b144-c752732a0b48,legacy,
slab_marble_morato_584de29e-f7ba-4199-9d40-84d70cc744e4,legacy,
slab_marble_moresco_brown_c64a0e0a-9fe7-45c1-8ea0-d30e18aa0593,legacy,
slab_marble_moroccan_white_b7c2efdc-3636-4ad1-930e-3ca6fd647720,legacy,
slab_marble_morvarid_abade_green_a4c4385e-02f7-458d-ae51-e033ae6a1ff9,legacy,
slab_marble_morwad_white_1a78c0a6-1e39-4a66-98f2-c1ec9f301ac5,legacy,
slab_marble_mosaico_crema_77246f9b-e1ab-4423-b68f-57d6aa0a8416,legacy,
slab_marble_moschettato_gioia_46208104-44b9-44b8-9e58-f2944e90753b,legacy,
slab_marble_moskovsky_9e8bd800-3bea-4833-b447-1877d35b85a8,legacy,
slab_marble_moss_grey_f61bbff4-8032-4de1-81f7-df574742edff,legacy,
slab_marble_moundros_a43cccf5-e56a-43b1-a9d3-d51f12ade4dc,legacy,
slab_marble_mount_grey_716be29d-c330-4fb2-85a8-633d6b7452a0,legacy,
slab_marble_mount_rainier_1c804ab1-cbf6-4694-b4fd-cc432e024522,legacy,
slab_marble_mountain_beige_18efea56-1749-4f3d-9779-a4245a14fd83,legacy,
slab_marble_mountain_ice_white_04279e34-efbf-47b7-adff-e73f9507a7b4,legacy,
slab_marble_mountain_water_beige_45ec0b15-fe69-4c01-9dca-9ccdb1660a5f,legacy,
slab_marble_mramorskoye_2ddffaeb-48f9-4207-8ff6-9f39b0c2b47d,legacy,
slab_marble_mugla_e60c9298-5b76-4ee3-a934-72b0e48d47dd,legacy,
slab_marble_mugla_mystic_white_bae4c5b7-49f3-4c80-b392-b60271da37fe,legacy,
slab_marble_mugla_sugar_54ba9590-87a4-40fc-996d-b0dd24569963,legacy,
slab_marble_mugla_white_cloudy_597717b7-0d9a-4f68-a6a0-b0af81e4365c,legacy,
slab_marble_mugla_white_golden_ca47cc79-e0f8-4bde-9fea-307823ace94a,legacy,
slab_marble_mugla_white_ibiza_059ace8f-58bd-4d59-b6ad-6c5edc5af21b,legacy,
slab_marble_mugla_white_isg_7fdfa153-14fd-4d4a-b683-4d8652b918da,legacy,
slab_marble_muhur_red_43af0a27-a840-4478-b2de-f6e736abb32b,legacy,
slab_marble_multicolor_b91d2975-8326-401e-b87a-e375532d648a,legacy,
slab_marble_multicolored_gray_gems_77ea926d-9979-43f7-bb95-8ebaa4479803,legacy,
slab_marble_munyat_cd41b5d8-f5f3-48eb-b899-f03138e42144,legacy,
slab_marble_mura_dark_3351abe4-9c17-4c5c-aa5d-193637b562cd,legacy,
slab_marble_mura_light_0caa3a90-d3ab-4fa0-8054-737f88c14c99,legacy,
slab_marble_murgiano_52176465-f3b3-450c-b188-e273dc618c3d,legacy,
slab_marble_murseller_red_1fa870ec-e79f-41a2-bcb2-c7ba59d004e3,legacy,
slab_marble_murtal_grau_blau_49e3e63b-78d9-442b-a991-58423eff9683,legacy,
slab_marble_musang_king_3db02ae1-b18c-4dc6-9fec-f6081482dce3,legacy,
slab_marble_muses_grey_fe508e23-ce8f-45a0-8774-cfb71badddb6,legacy,
slab_marble_mustafa_kemal_pasa_grey_980061ae-ac65-4848-9245-93fa8f9a42cc,legacy,
slab_marble_myanmar_coffee_2645cc1e-7d81-4bc9-b3ea-c25fc7b7afaa,legacy,
slab_marble_myanmar_dark_ba91937f-8cf3-4d68-8693-f0a35d31e948,legacy,
slab_marble_myanmar_jade_f4bc75c9-3a8b-4b4a-afc2-99c556f7b37c,legacy,
slab_marble_mylonite_11929a3b-6c91-43d4-95aa-28ede2509dce,legacy,
slab_marble_mysia_beige_589ce541-f11d-4cb8-aa61-a677caf13c3a,legacy,
slab_marble_mystic_brown_7ec68d61-ea48-49e5-bfbf-cadf22a99628,legacy,
slab_marble_mystic_gray_0d9d2fde-a145-4f70-83d3-056135ad9ee3,legacy,
slab_marble_mystic_river_14316d3a-9784-4198-ae58-dba419f1d0d6,legacy,
slab_marble_mystique_brown_e464ed52-8442-4e9f-b304-c1b48d019868,legacy,
slab_marble_nadi_black_146a29c8-4387-47b5-8747-9577a882dc37,legacy,
slab_marble_nadi_figure_a384e75f-1d4a-40d1-a651-c909038cb284,legacy,
slab_marble_nadi_pigeon_76016486-c9d6-4a44-8b42-c2a09579fa75,legacy,
slab_marble_nadi_white_lapato_5d509d5c-b788-4a0e-a055-fda777416150,legacy,
slab_marble_nadi_white_lining_c79f9b5e-ccfa-411f-9d80-f251e5ede681,legacy,
slab_marble_nadi_white_net_fish_aae52aaf-690a-4bd1-b83d-0fcce81a7011,legacy,
slab_marble_nagina_green_63198b83-ef39-4c87-8ad1-b823ece4b851,legacy,
slab_marble_naguscel_grigio_55482d1d-42f7-4e84-b8b7-0ef2554c59a9,legacy,
slab_marble_naka_beige_86bc1415-3f34-4993-ac9a-c40e94ac8bc6,legacy,
slab_marble_nallihan_white_7ea5fa67-3b15-4f1e-bbfd-ad30fc53cbe7,legacy,
slab_marble_namaqua_grey_3198028e-9984-4d24-b2de-15ab270fd5e7,legacy,
slab_marble_namaqua_yellow_2054401a-e7bf-4133-9293-c08170e02ad7,legacy,
slab_marble_namib_bianco_805249c7-6402-460c-921f-57ef070ed1d2,legacy,
slab_marble_namib_calacatta_0a246443-c34a-4233-9507-bc0df5c9d185,legacy,
slab_marble_namib_crayon_84976983-c1c5-4c1f-9d3a-08a6043b4f1c,legacy,
slab_marble_namib_dover_9b5cff1e-3586-40ee-8342-8838c2a20344,legacy,
slab_marble_namibia_white_33e53e6c-9e84-4c64-824c-4327d7d19b6a,legacy,
slab_marble_namibian_honey_c3f78782-88df-4e0a-8912-5d65c54a7af0,legacy,
slab_marble_napoleon_73e30578-f21a-4b96-a722-ec4d06547156,legacy,
slab_marble_napoleon_grand_melange_6f165031-2555-47a2-bad4-c6bfe9f23517,legacy,
slab_marble_narcisse_3396f841-0b78-41f2-a8ff-a810e34b7dc6,legacy,
slab_marble_narva_8cc90cc8-172e-4755-ba9d-f7c3225717e2,legacy,
slab_marble_nasta_42ca8a95-cd65-4af9-b041-cafef893d9bd,legacy,
slab_marble_natalie_c78bc518-717e-4c2f-80c6-72de166d9c7e,legacy,
slab_marble_national_gray_95310676-c1f9-4e35-b83f-5a4fe6fc11a3,legacy,
slab_marble_national_ivory_cream_f193275a-f808-496b-ac8b-a5dbbbd9f87c,legacy,
slab_marble_navagio_blue_97a11ca0-4c46-43bb-b8f4-cd061cd6ffdd,legacy,
slab_marble_navajo_white_2966dc1f-5ec1-446c-af30-01fe1f9c1dcb,legacy,
slab_marble_naxos_creme_78078d7c-e385-4325-b1f7-f987adf0ad56,legacy,
slab_marble_naxos_grey_562bed34-37c6-42b3-853a-52e8d52e7c58,legacy,
slab_marble_nayputaung_75025c3e-613e-4fd8-95a2-106e88f501e0,legacy,
slab_marble_nayyo_beige_75ac0397-39d0-42bf-9565-6dbc363d5647,legacy,
slab_marble_negro_calatorao_8fde5cc6-3b73-4d94-b8af-b65a8e2472c1,legacy,
slab_marble_negro_caracol_676d3bd6-0e69-4129-867f-435cb9c565b6,legacy,
slab_marble_negro_intenso_49d988ab-840f-4db9-86b9-d0ac73f6b224,legacy,
slab_marble_negro_persia_c0268dd5-d1bd-4ab3-ae2f-af8e3bcab3df,legacy,
slab_marble_negro_pinta_546cb466-d70e-4fa7-9768-d2156e9199a3,legacy,
slab_marble_nehodiv_d061bed8-85d0-4501-8bd3-b998b8d6024c,legacy,
slab_marble_nembro_giallo_ebfed844-f66c-4012-9c5a-0b8c0b5ddff0,legacy,
slab_marble_nemesis_beige_c7d5dab9-c0a0-4155-b8b8-f3eff3595d52,legacy,
slab_marble_neom_white_c83bcd63-34d9-4b6c-ba75-80641877fc08,legacy,
slab_marble_neoma_beige_a52fdf0a-831f-486e-9ee5-acbdbb3b95c6,legacy,
slab_marble_neptuno_4d9d4209-0cf9-4210-acb8-f34c5c58a204,legacy,
slab_marble_nerinea_4800bad7-c861-49b7-bcd6-158ad6a61846,legacy,
slab_marble_nero_bella_52f4725a-1a19-4e3e-bdd3-9c387669787a,legacy,
slab_marble_nero_colonnata_0539c9f5-8d0f-4fed-96a3-24b09b231547,legacy,
slab_marble_nero_colonnata_sky_e21733f6-cc37-4d86-99b9-95c3f1049b1f,legacy,
slab_marble_nero_di_ormea_5a255f48-9883-439b-a3bc-521b2d8a5136,legacy,
slab_marble_nero_exotico_8a9542fc-c6d5-4dac-920d-e53a1b0974a4,legacy,
slab_marble_nero_italia_9e5f35b3-ad0f-45e6-b8d2-1fd90e4b978d,legacy,
slab_marble_nero_levanto_20a78c6e-fb35-4431-a0db-3dca6e55f636,legacy,
slab_marble_nero_nuvolato_94026094-b0c2-41cb-be96-35dd01172072,legacy,
slab_marble_nero_picasso_10a3e7df-b185-42c5-afc5-9430816ffa2e,legacy,
slab_marble_nero_port_laurent_b3715a3b-fcb4-4a17-b75e-b8136c2c0931,legacy,
slab_marble_nero_portoro_bianco_4b882d78-adf1-4864-9ec9-db3b529331a1,legacy,
slab_marble_nero_portoro_vena_fine_83c12761-53f4-4051-affd-f32cc9d6840e,legacy,
slab_marble_nero_pulpis_a1ca0acd-2046-46cc-a0d8-f74e5c2cc0b2,legacy,
slab_marble_nero_st_laurent_2ef6c4a7-19b9-4e98-8367-f3d5eab35b10,legacy,
slab_marble_nero_vecchio_ecba0f38-384c-469b-ba39-e3fb143e0262,legacy,
slab_marble_nessus_cb80b842-1ef0-429f-904c-a65eb9b92257,legacy,
slab_marble_nesto_9b62f1f3-f041-4677-baaf-ae5fbb78c355,legacy,
slab_marble_nestos_27768e85-a8aa-4b85-925c-bf3eb96f0420,legacy,
slab_marble_nestos_beige_8c6d7768-48e8-4f40-919c-a83e0ce812ce,legacy,
slab_marble_nestos_grey_a1_6c2dc2f1-ba7a-4f05-9bd7-e4895ac2473d,legacy,
slab_marble_nestos_pink_ca557479-ef12-443c-af80-45626072a2cf,legacy,
slab_marble_nestos_riga_somon_51919ad6-0514-4ecd-b543-8f7c5ce335a9,legacy,
slab_marble_nestos_victoria_white_b0ae45f2-0e66-4153-a282-c60219d57827,legacy,
slab_marble_net_grey_d742af98-77c3-48d7-b6da-f166584d5f0f,legacy,
slab_marble_neu_sangan_c1c23d3c-e6a7-4c86-8e84-a9a66657587a,legacy,
slab_marble_neverland_ranch_grey_900331d6-0cb7-4ed5-bca3-c30f9452d7fb,legacy,
slab_marble_nevra_beige_9a9fafb7-6481-4b82-bda9-6cd9ff5b70b7,legacy,
slab_marble_nevruz_grey_ee314002-0448-4609-a7d6-db4b02039a39,legacy,
slab_marble_new_burdur_beige_a5e9ebb0-8b3b-42bd-8160-50c82abcd836,legacy,
slab_marble_new_butterfly_beige_6bb8e3c8-0c01-4bfb-b5c5-4316864b3f1b,legacy,
slab_marble_new_carrara_white_a66faab4-0b7a-4d49-91e3-4118826fe2a6,legacy,
slab_marble_new_clouds_gray_afc96b42-73c2-4e7d-bcb3-7987ed10c49a,legacy,
slab_marble_new_cold_jade_e5baa32a-1fa8-4142-a22f-836fee1cef51,legacy,
slab_marble_new_cyprus_grey_12e302fd-bd52-4343-8a3c-d3370265579e,legacy,
slab_marble_new_demati_32564139-921f-4fd8-979b-8ecd0431bd71,legacy,
slab_marble_new_elegant_beige_a71cd188-687a-4739-a572-655968df9d3c,legacy,
slab_marble_new_emperador_b44b8639-5a88-404f-a44f-5c5c00a33b69,legacy,
slab_marble_new_grey_bb1f5b4b-2bdc-429a-9bc0-a08d2ade79b6,legacy,
slab_marble_new_italian_gray_14116713-22e2-4de3-ad07-e23e880d1773,legacy,
slab_marble_new_latte_6c6348f6-566f-406e-bda0-302ba128f480,legacy,
slab_marble_new_leopard_brown_34ce3157-0f91-4e13-94a3-bc040f85af10,legacy,
slab_marble_new_marfil_b27e7e3d-5626-4e66-9ade-87eaea34b415,legacy,
slab_marble_new_moon_beige_85abd932-7165-4280-858a-40d24a4bfd14,legacy,
slab_marble_new_olive_marin_c1e7696d-3fbf-4e08-b1f1-782c4cc23982,legacy,
slab_marble_new_oman_grey_dd42919d-9a16-4a63-a302-1098b5356378,legacy,
slab_marble_new_perlato_aa9a83e6-3702-4bfe-a2f2-5e66865a494a,legacy,
slab_marble_new_selvia_e8784868-43df-4cb1-8205-fa2bdc3c1dd3,legacy,
slab_marble_new_shell_2f56c088-76ba-4671-a565-f32d6dacbea5,legacy,
slab_marble_new_silver_light_4c0add78-e737-4c94-8eba-1192d2f2e900,legacy,
slab_marble_new_silver_river_84da4f37-0940-4a24-a813-d9bce4f33dd1,legacy,
slab_marble_new_spring_fa8835d1-2145-4ee9-9bcb-abcbd547f50f,legacy,
slab_marble_new_tundra_blue_70c9ca25-e7fb-4d69-923a-4ef9c46657ba,legacy,
slab_marble_neyriz_spider_62d5c73d-c345-418f-8c32-835b3e036d0f,legacy,
slab_marble_nghe_an_black_166fb9dd-5f58-428f-a0b7-fdaa3706b1bd,legacy,
slab_marble_niagara_black_21635f70-b8d7-41bd-8008-cac09439a472,legacy,
slab_marble_niederoeblarn_hellgrau_0183088e-3906-4b34-9726-8774f5c2b8f6,legacy,
slab_marble_niederoeblarn_roetlich_1499cf4b-ea8a-4e78-8357-d9c8ffd042ba,legacy,
slab_marble_night_lightnings_446bee97-706b-4d91-bbe6-b069a17dc707,legacy,
slab_marble_nijrana_brown_cb5ce0d7-4429-4c92-aab5-55939800b0d8,legacy,
slab_marble_nilus_81d9cf50-fe26-483b-9224-c43ddf4f7122,legacy,
slab_marble_nima_grey_60f77293-6bdb-4153-a415-a7d50e83cc38,legacy,
slab_marble_nimbus_white_140e6a90-85e5-486a-8258-edcd7e26c0e2,legacy,
slab_marble_nisa_white_9bb8a14a-9410-4405-a203-4cdc22e2b987,legacy,
slab_marble_nisio_1111906e-9208-4d2a-82e2-343d81081ae4,legacy,
slab_marble_nizarana_white_b204bd2f-d7c0-4b78-b598-32ef18245ed6,legacy,
slab_marble_nm_dark_dbd85361-8f79-4463-ae4b-dd397627de6e,legacy,
slab_marble_noble_beige_2190feb2-ef7d-4aa8-97d9-1c82c68b1ab3,legacy,
slab_marble_noble_grey_35f62e78-bada-4ef5-8488-f63d81d8f102,legacy,
slab_marble_noir_alps_9fdf4733-1bd2-447b-960f-a427ff864716,legacy,
slab_marble_noir_azilal_a42e35b0-b023-4f9c-9af6-8990c185564e,legacy,
slab_marble_noir_berbere_9f90865b-f9da-4be2-bd85-2564ebb171dc,legacy,
slab_marble_noir_francaise_5dd67955-445b-4f22-a1bd-1f518f8a82cb,legacy,
slab_marble_noir_grand_antique_06c82133-1c36-4ee1-9c0c-95e7de203fcd,legacy,
slab_marble_noisette_fleury_246e2df5-6912-4fca-a3a0-b9b013e1f80e,legacy,
slab_marble_nonidas_02c25e89-89de-452c-9aea-80e50ab1d344,legacy,
slab_marble_nordic_blu_474bb330-c442-4c9b-87cc-1942cb140bce,legacy,
slab_marble_nordic_grey_f9f7cc8c-d931-49b1-b39a-2fe45e6da4df,legacy,
slab_marble_north_light_11747915-3c14-4b11-9465-3b72eb2df2da,legacy,
slab_marble_norway_white_f1c4b27d-fe3c-402f-aeb2-56161149ad0d,legacy,
slab_marble_norwegian_green_a5ac5e68-6baa-42dc-afbe-15c901ed9648,legacy,
slab_marble_norwegian_rose_e376afe8-f8dc-46b0-b3ae-83eafc3f28b0,legacy,
slab_marble_notre_dame_d005d5a5-a9e4-4170-a944-04ab53548c5a,legacy,
slab_marble_nouvelle_grey_ed3eaab9-01a9-4ae5-9bc5-da2f1bae346f,legacy,
slab_marble_nova_beige_3fad1b14-14df-48c7-a838-4e6b45f749c6,legacy,
slab_marble_nova_silver_0e51c4b3-cf20-40c1-a67a-6a30190e1247,legacy,
slab_marble_novana_beige_e4e0bc9c-15ea-4376-acf0-cbbf6e6a7d13,legacy,
slab_marble_novi_pazar_fffe85bb-fbb7-45f7-b1a6-24f2ebafd2f1,legacy,
slab_marble_novita_beige_610bcbd5-8cc8-41ee-81fc-537457deff3e,legacy,
slab_marble_novo_ruivina_19541e9b-507e-466d-8665-26adf30570bc,legacy,
slab_marble_nuance_4191ed72-a091-4bb9-adf8-26f41ee78979,legacy,
slab_marble_nucleus_1f8b6bee-1610-4674-b802-bf4e0ab9ef9f,legacy,
slab_marble_nuovo_bello_ddfc74c9-8bfe-4e95-9cda-7ebf170738df,legacy,
slab_marble_nurhak_beige_1afc6b8c-1bd0-4d30-8ad7-653b42171d54,legacy,
slab_marble_nuvolato_classico_565d3493-1d50-48b3-83eb-ae6dc0feb84a,legacy,
slab_marble_nuvolato_gold_06494635-a5e6-45e0-86e5-1483b91b01c4,legacy,
slab_marble_nuvolato_white_e21188a2-909c-4a0c-bc19-110f9aab50ee,legacy,
slab_marble_nyks_09eea9b2-76a2-4c5f-9a96-57e168e3439e,legacy,
slab_marble_o_red_93f20b83-919b-453c-a292-c808eb9f691a,legacy,
slab_marble_oasis_blue_38ae80b1-87ad-4378-b3b2-6b181d5dad08,legacy,
slab_marble_oasis_green_6b4c9614-7798-46ae-b7c6-d26f150c7dbc,legacy,
slab_marble_occhialino_42a261d4-1758-40ce-8b51-8922c7d0a1b2,legacy,
slab_marble_ocean_45413a73-a627-4b0d-b4ee-62415d741756,legacy,
slab_marble_ocean_blue_grey_844fe796-349b-4a09-82de-ed1bd2749875,legacy,
slab_marble_ocean_cream_7173cec0-3e19-4c78-914b-377e0c359984,legacy,
slab_marble_ocean_eyes_cf01d6a1-d07a-4ecb-a133-5e487b9ab790,legacy,
slab_marble_ocean_fossil_bdebf294-be25-4ee3-aeb5-d2831358c6ae,legacy,
slab_marble_ocean_galaxy_12a72e06-24c0-463d-a6ad-bb5decaf17e7,legacy,
slab_marble_ocean_gray_845f7d10-ceaf-4777-bc4d-7785e7d05194,legacy,
slab_marble_ocean_pearl_891326e8-7dc3-4207-9c10-3c58642c7fe1,legacy,
slab_marble_ocean_star_30c00ba4-2167-4fcd-b51a-8db35d09086d,legacy,
slab_marble_ocean_twilight_4393b24a-7f43-43c0-949a-4a6136e4b7d0,legacy,
slab_marble_oceanus_e67a66c9-8651-41e3-912a-3b8e2ae35517,legacy,
slab_marble_ocros_grey_7a434608-05a2-4d28-a7ca-6b23ac20d76d,legacy,
slab_marble_octavia_beige_f9a8e85e-90ba-43d9-b428-2a3ad498c47c,legacy,
slab_marble_odessa_green_89eae25b-8b0a-4e40-ad18-ddc2d4f0f22a,legacy,
slab_marble_ojo_gris_5949f448-6f6c-4d5d-86d6-a72eb3492dca,legacy,
slab_marble_ola_gris_74787aeb-c6fa-4d31-bf50-579fe2be93aa,legacy,
slab_marble_olive_ash_7423cd0d-de4a-4324-87a4-dc310e386886,legacy,
slab_marble_olive_avantgarde_20b2d424-9f24-4eef-8ade-c1bbf739d101,legacy,
slab_marble_olive_green_5e302823-7d99-414a-9236-3d03ce18e441,legacy,
slab_marble_olive_grey_2ebeafba-ca60-4c4e-adf7-d46a108219b0,legacy,
slab_marble_olive_marine_81ae2ee3-d20e-4ba3-b18c-de602a10adb0,legacy,
slab_marble_olive_red_d21781dc-52b6-4ea8-b3bd-fafa4d199f81,legacy,
slab_marble_olive_sunset_4b5213ae-7652-4306-90a2-f1368048ee51,legacy,
slab_marble_olympia_red_712e6d2b-e3f6-4389-9c41-508745c11bce,legacy,
slab_marble_olympian_white_danby_07803bc5-0124-429f-b899-30603877005c,legacy,
slab_marble_olympus_dark_0afd8758-d518-4c73-9bb5-426cbdc21363,legacy,
slab_marble_oman_beige_rose_7adc1420-d72a-473d-8d35-36bd4f064ba1,legacy,
slab_marble_oman_dark_emperador_5c3aee53-87e7-4433-b77f-61262ca0544b,legacy,
slab_marble_oman_elegant_grey_e9f7fbec-5cfc-4c20-8836-cc660d3e0e56,legacy,
slab_marble_oman_gold_b2b3b3d4-873d-4885-8519-bc9548bb0fc9,legacy,
slab_marble_oman_ivory_cream_3fe73643-e88c-4b04-ae12-e64e4b00e1be,legacy,
slab_marble_oman_opal_pink_91763868-0cf4-41ca-bdc2-8bc8535ac9aa,legacy,
slab_marble_oman_perlatino_ad368a82-176e-4bd5-8454-8cc4997af967,legacy,
slab_marble_omani_6f7588e7-2082-47f8-987f-290feede0ce6,legacy,
slab_marble_omani_chocolate_9848b938-e295-4499-b71a-c13271fd7ef9,legacy,
slab_marble_omani_mubrah_6b69f396-d1f9-4624-bd9f-84769bb55625,legacy,
slab_marble_omani_royal_cream_936f1206-6a55-4efa-8b44-f122e81d287a,legacy,
slab_marble_omani_white_pearl_26cee3c9-2eee-4eb3-889e-8db0c70094f9,legacy,
slab_marble_ombra_di_caravaggio_4bc606d5-db72-4ed2-bd3c-6dd88f4451ca,legacy,
slab_marble_omega_blue_72e69945-0016-4235-ac3b-4f980ce03a7d,legacy,
slab_marble_omman_beige_b6a957a1-eff8-49a3-8f74-645e8d6ba714,legacy,
slab_marble_onda_bianca_12c0135e-30b9-4c99-885b-e505ed8899fa,legacy,
slab_marble_ondagata_scuro_36fb512a-3714-47ec-81fe-aed797f31d21,legacy,
slab_marble_onde_elegante_59a3c61d-6b46-4beb-a609-fd1cf72ec708,legacy,
slab_marble_one_white_04857635-a18f-4946-8b77-fa39555be2ae,legacy,
slab_marble_onix_white_4194d519-190e-4346-b892-d966ccc1abe2,legacy,
slab_marble_only_beige_21a2f0ea-30f3-4cb6-8a1b-106546c10e2a,legacy,
slab_marble_onyeike_45b95a5d-7480-4d76-93de-666d5bb3841d,legacy,
slab_marble_opal_brown_1ec108bd-ae20-42be-9957-ffdc1891f02c,legacy,
slab_marble_opal_cream_0b6b21b2-d00d-4d5b-987b-a18000f2786f,legacy,
slab_marble_opal_gray_2cbd5b35-878c-4ed8-8833-41d38f160864,legacy,
slab_marble_opal_pink_62d2f5af-2d63-45c2-99ec-71eaff46d810,legacy,
slab_marble_opal_sand_5f4199b5-9f0d-49ec-8531-0a5d24a9f3fe,legacy,
slab_marble_opalina_f719021c-5341-49b0-ba3a-883fa46ba9a8,legacy,
slab_marble_opalite_df92f344-ae5d-478f-b5fe-c9116505bd9e,legacy,
slab_marble_opera_11384a2c-580b-4991-8774-2be981435a39,legacy,
slab_marble_opera_green_3266274b-ad2b-418f-a54a-d8e99529001a,legacy,
slab_marble_opera_grey_d40599dd-f05a-4ee5-9e04-69ca4c352d57,legacy,
slab_marble_opera_white_a6125fb0-dde8-4c6a-b715-12880a521edf,legacy,
slab_marble_opulent_pure_6405c304-8542-4f61-a6f3-6c75fe9dbc14,legacy,
slab_marble_orange_beige_8d0d0f8a-f0b2-4303-93aa-c09f39034282,legacy,
slab_marble_orange_river_56185099-c85d-4ea6-aab6-59f23f351917,legacy,
slab_marble_orazia_gold_5bea2d41-476e-4390-be23-d90c6d0f22f0,legacy,
slab_marble_orazio_white_5d3f2cad-6a30-4375-a93c-5243e863e371,legacy,
slab_marble_orbicular_black_fc163012-4ad0-4a5c-8c16-1217a70fa6ef,legacy,
slab_marble_orca_black_and_white_6cc92b35-7d69-413a-992d-6f6064e51e7d,legacy,
slab_marble_orcca_50f0732d-bb48-41d0-9c21-3bef9f8224c9,legacy,
slab_marble_ordu_beige_7746f05f-784a-42ef-ab15-1a54e55dcfaf,legacy,
slab_marble_orient_dream_ec1a1dc2-2692-4ebc-bd1f-3efdc04dff8f,legacy,
slab_marble_orient_flower_f777983f-9aeb-4389-8e33-6db5b5a88f19,legacy,
slab_marble_orient_pink_8db472c4-c404-4d9e-864c-92b6b7570b54,legacy,
slab_marble_oriental_02eff266-96db-4a67-9e9c-bd812b3fe2ae,legacy,
slab_marble_oriental_amber_0112b437-bf21-4ac2-8b62-3fd7e73b648a,legacy,
slab_marble_oriental_cream_c088b2df-4d9d-4da0-bab6-a02f819b773a,legacy,
slab_marble_oriental_grey_ee243f7e-5bff-420a-8264-81641a2ffcf2,legacy,
slab_marble_oriental_rose_184c80f5-85b0-477e-85f3-65716441a802,legacy,
slab_marble_orion_grey_c78a5fc5-619e-4b9c-8035-ff1c97da8d4c,legacy,
slab_marble_orion_white_b400c4cd-9130-4dd6-8eb8-db5378c37895,legacy,
slab_marble_orkideh_aadec891-6471-4755-9e46-1e618dbadc39,legacy,
slab_marble_orkideh_fasa_10103278-7d39-4c18-9d09-8b940ad527ae,legacy,
slab_marble_orkisan_rose_0f36487e-65ae-4994-96df-042147956e55,legacy,
slab_marble_oro_valverde_5e2b4ead-c466-4127-a1fd-9bbced07c85f,legacy,
slab_marble_oro_venato_0e64041d-72aa-4499-85db-d6c9ecf2f936,legacy,
slab_marble_orobico_grigio_rosa_5ed64dc1-2457-4c1f-ad1b-f4005cc85665,legacy,
slab_marble_orosei_perlato_8215b72a-fb0d-4922-b36c-02fde9fa5700,legacy,
slab_marble_oroza_5e9cf36a-0f47-48e9-9e55-cefa970e6c6f,legacy,
slab_marble_orto_di_donna_venato_a81b87f3-1fae-4ede-a225-1466837fb44d,legacy,
slab_marble_orumiyeh_f8694477-368b-4094-880c-3e849f9ac549,legacy,
slab_marble_oryx_beige_bca06923-eaab-49f1-9b13-d66d3dbbd778,legacy,
slab_marble_oscar_beige_5baa88ad-0864-4456-a1ee-167db46ab41e,legacy,
slab_marble_oscar_flower_d624cd70-d961-4a88-a0dd-f7b86518329e,legacy,
slab_marble_oska_beige_469e19f9-daec-4ba6-9602-dd0f3b651ebb,legacy,
slab_marble_ostria_b10fa857-a523-4e74-ab50-3ce6e8987c87,legacy,
slab_marble_ottimo_crema_6f5de909-883d-4954-bb61-8b7f595d0271,legacy,
slab_marble_ottimo_latte_7d2c8f6f-9ed8-47c9-87c5-465b9773b823,legacy,
slab_marble_ottoman_pearl_3b8aba40-1e03-4e55-bb2c-50abc9967e50,legacy,
slab_marble_ovulato_02ee323c-021c-4a20-9c54-bb8ef452bb0b,legacy,
slab_marble_ozbak_00934d85-c17a-4229-b75f-39237339b304,legacy,
slab_marble_ozzy_grey_d5f6ca84-3cd2-439f-bae9-d13c34b79bd0,legacy,
slab_marble_p5_2bbc145c-5c5e-4021-bd4e-49ee50b05c44,legacy,
slab_marble_p6_878f5efa-3677-4e58-944d-22d6ad751dd1,legacy,
slab_marble_pacific_blue_5d72b8e6-2d00-421d-ab74-a1203d1e5a06,legacy,
slab_marble_pacific_cream_659ea989-655f-4ed3-87b1-57c0697510dd,legacy,
slab_marble_pacific_gold_368da74a-6e21-4ae2-8b2e-2215ee4c5c61,legacy,
slab_marble_pacific_gray_17c160a0-4b36-4fad-9a26-979493e38bd9,legacy,
slab_marble_pacific_peach_a6dd8f54-d7df-4056-ae38-544d4cb97f35,legacy,
slab_marble_pado_a9567948-7cb1-4f96-8db4-4d92c8481067,legacy,
slab_marble_paeez_7f79ec12-0d35-4315-9eb0-ddb0ba071ad2,legacy,
slab_marble_paeez_zanganeh_cefc317d-50ff-4ce8-9e35-056da6d36da0,legacy,
slab_marble_pajol_492dc268-a725-4cf3-8558-76ea834f8156,legacy,
slab_marble_pak_chong_ccb0cbdf-bca7-46a7-902f-cf879e91f825,legacy,
slab_marble_pakistan_chocolate_d52ccbc8-1d63-4f55-a276-2d777054d3d6,legacy,
slab_marble_pakistan_elegant_beige_f9ae2bd7-9a96-49d8-8157-97df73d40a96,legacy,
slab_marble_pakistan_fossil_dca82de6-a46c-4454-81d6-b9d35259b296,legacy,
slab_marble_pakistan_olive_brown_17b4b74b-f059-4283-a26e-e3dffe91f5ce,legacy,
slab_marble_pakistan_sahara_beige_c7352bb8-18c4-4be0-91c8-ddfd4177ac1e,legacy,
slab_marble_pakistan_tiger_beige_abe87733-02a9-4edb-a5a6-9381580e74c3,legacy,
slab_marble_palisandro_blue_32570ef5-6e40-4193-903c-33c33d5a86e0,legacy,
slab_marble_palisandro_light_ebb2ed2c-40a6-4a36-a0ac-e69ca571070d,legacy,
slab_marble_palissandro_antique_ce95a30d-5602-45af-b23c-6eb7037bba0e,legacy,
slab_marble_palissandro_blue_danube_22b5593c-dd74-4bef-b6b8-79adc9c5ccc3,legacy,
slab_marble_palissandro_blue_nuvolato_d6f64ce4-37a9-4270-b15e-4e8c15b8b63b,legacy,
slab_marble_palissandro_boheme_8740c028-f8e3-490e-8f15-64e016bdffcc,legacy,
slab_marble_palissandro_bronzo_08f67a0a-aef2-4bc4-93b2-a302ec484b11,legacy,
slab_marble_palissandro_classico_4f9d6272-efcf-4bf1-afda-ccd0055198d4,legacy,
slab_marble_palissandro_dromos_41e244de-ec05-492d-8e72-9c45d6a1ac7d,legacy,
slab_marble_palissandro_fiorito_d3acb99c-ffb5-497f-a463-9f1b5ed65394,legacy,
slab_marble_palissandro_greco_74f6d9e8-841e-4311-8f86-29dfdf2b17ab,legacy,
slab_marble_palissandro_oniciato_chiaro_e2ce587c-0264-455f-a755-969fc57cc158,legacy,
slab_marble_palissandro_reale_1076d5ee-c68d-4367-9bd9-05e97ddd7956,legacy,
slab_marble_palissandro_tigrato_e7977986-90d8-40f4-ac29-2f7a8a58fece,legacy,
slab_marble_palm_black_5defa5db-6918-4abd-b5bf-11ad12365f2e,legacy,
slab_marble_palm_green_4ee1e6a2-80b1-4ef4-9535-9bdbbdde485b,legacy,
slab_marble_palm_springs_9c90b533-3219-4de9-a545-e48d17d81448,legacy,
slab_marble_palmyra_creme_94114ab5-9cc9-4bbb-acb8-12c31e1d9f2a,legacy,
slab_marble_paloda_brown_996e336c-03c0-4f7e-9c78-c46bc63f0836,legacy,
slab_marble_paloda_pink_dc108556-49e7-4265-870f-fbd77f1abef8,legacy,
slab_marble_paloda_white_d14011b5-bca1-4c5d-bf9d-25d996ea307b,legacy,
slab_marble_palombino_9069c8e3-fba7-449a-8c46-05751778e06f,legacy,
slab_marble_pamir_cloud_17b1902c-15d8-4d38-b13f-6c069582b147,legacy,
slab_marble_pamir_snow_0fddd042-beb9-424e-b89a-042002996aae,legacy,
slab_marble_panchon_grey_d18afe58-1075-4772-90a0-e6e807898f12,legacy,
slab_marble_panchon_red_72d90c47-5b37-42c7-94a7-c1257b520fcc,legacy,
slab_marble_panda_grey_fc37166b-3e99-4747-a09a-0fd52ca0620f,legacy,
slab_marble_panda_pink_8b7725d7-81b1-4082-b68f-19ed6d1607bd,legacy,
slab_marble_panda_wavy_6889ae6d-da8f-4bb3-a1e3-06dbbca84b65,legacy,
slab_marble_pandora_f1d2b8b2-e885-420c-ad26-42cbdf16342c,legacy,
slab_marble_pandora_beige_ef5f8f55-54eb-4336-997b-c9e8239dd53d,legacy,
slab_marble_pandora_white_cc537f4b-427f-4bc2-bffb-b09000906e28,legacy,
slab_marble_pandoros_56759ad0-f82f-4567-b9e5-ba67834eebb5,legacy,
slab_marble_pannonia_terracotta_16f98050-b5a1-4f0c-8d81-c2b0ae6cc70c,legacy,
slab_marble_pansy_3b011618-0cff-4c5a-ab49-eb7522ec0611,legacy,
slab_marble_pantheon_3ec92cd2-90fd-4986-816a-e1f298853167,legacy,
slab_marble_panther_skin_30f6180b-4cfa-4d5a-8a7d-903d79a941c2,legacy,
slab_marble_paonazetto_bianco_06924543-e274-42c3-8bf2-e1482db53854,legacy,
slab_marble_paonazzeto_ccd57544-6573-4e3a-b584-0325c50d82dc,legacy,
slab_marble_par_tavoosi_arsanjan_c1208a63-a02f-4039-950b-aa0e6b754eec,legacy,
slab_marble_par_tavoosi_ramshe_6e318485-2646-4265-9062-5ecc2a35aef2,legacy,
slab_marble_par_tavoosi_yazd_5613c0ea-cbd3-4620-94cb-51076a1ae001,legacy,
slab_marble_paradise_9dcb4f47-a862-44c2-b32c-1ea6b55fafd8,legacy,
slab_marble_paradise_cream_a773b706-c6d6-40e6-9a53-ba9f71c6ccd2,legacy,
slab_marble_parana_18213c76-abbb-4c91-8341-96e392db0c03,legacy,
slab_marble_parapanda_48a4393e-15bf-40d0-b7c2-02a541159dfb,legacy,
slab_marble_pardis_e76b834a-0715-4f8e-a8b9-952ad9d32d81,legacy,
slab_marble_parian_c3f6a63c-a9b3-4413-9428-957e09fb9417,legacy,
slab_marble_paris_grey_9b1882a4-c244-4b71-87c2-60fdd59b0dbc,legacy,
slab_marble_paris_rose_3d713cd9-096a-4f64-9d08-6535c62435c9,legacy,
slab_marble_parnonas_white_82e21540-9337-4ff2-890b-926b4fde579e,legacy,
slab_marble_partavosi_meshki_9b8629eb-9f26-4706-93ae-2403f25a5649,legacy,
slab_marble_partavousi_707291ed-fb0f-445f-8560-4bd8f411ba58,legacy,
slab_marble_pasha_16f1d965-05a6-4909-97d7-fb7c98521e31,legacy,
slab_marble_pasha_beige_e0852ee9-a210-45e2-8fc3-a24ff301efcb,legacy,
slab_marble_pasha_cream_7d0d0c09-5dc0-4470-be26-fea426d2052e,legacy,
slab_marble_pasha_gold_06fd4329-ee78-4d8b-8f15-f42416e7531e,legacy,
slab_marble_pasha_gray_f83da033-811d-4eeb-b1b8-bc987f0a775c,legacy,
slab_marble_pasha_white_87a4eed8-8967-4fbe-8317-1a2c7b3b7760,legacy,
slab_marble_passion_beige_1ece8b68-befa-4f58-95d8-94e1c49f3e60,legacy,
slab_marble_paston_grey_1e8018c1-a4fb-4d21-ab92-d70566ce7235,legacy,
slab_marble_patak_70ae2774-3e06-4e98-8187-3596bce6b17c,legacy,
slab_marble_patalvas_d15c2561-2f00-4fad-9dc9-b8de29a7600a,legacy,
slab_marble_patara_beige_0a6f9332-f6b6-4758-a9a0-87e1a158dffe,legacy,
slab_marble_patara_light_emperador_f05fbe98-2623-4939-85c4-1b55c45261cf,legacy,
slab_marble_patch_work_b68ce2b9-e8f5-4cfd-828e-a304fcb19908,legacy,
slab_marble_patek_phili_43bb674c-c7fd-4a22-9992-802a4b4c14b4,legacy,
slab_marble_patris_229976e7-0477-492c-83ea-8c1b1730e841,legacy,
slab_marble_paul_klee_20814383-c2a3-4bb0-8a07-13f490257097,legacy,
slab_marble_pavonazzetto_ef24c62d-6893-46d9-8937-ac31b752b78c,legacy,
slab_marble_peach_blossom_b55d57db-d654-49c0-a04b-a0328ff8a84b,legacy,
slab_marble_peach_parfait_05f3dfeb-1c4b-4b32-91f9-5ac35d88117a,legacy,
slab_marble_peacock_green_1a151f25-30fd-4848-a24b-8219cbbf661f,legacy,
slab_marble_pearl_4f2c46ac-935c-4434-995a-7a4d947a88e7,legacy,
slab_marble_pearl_of_kaptan_4a2ba217-b8c3-4161-be71-cb568d57557f,legacy,
slab_marble_pearly_beige_d82ec834-20cf-4f8c-95f3-66e92b9a3dfe,legacy,
slab_marble_pegasus_white_4379bb92-e2e2-4320-a643-eb5fdde65988,legacy,
slab_marble_pelagey_black_kuzbas_61455b6f-1003-4a17-82b0-47a8e84238da,legacy,
slab_marble_pelagonia_c7efed85-982e-40f8-9f20-55f9bd15d9de,legacy,
slab_marble_pena_dark_blue_d32d6bcc-2dbb-4b63-9065-c493e7d1538e,legacy,
slab_marble_penaros_b1200817-09b3-4744-85dc-3f596a9295fc,legacy,
slab_marble_pentelikon_white_88c56efe-8b8a-45e7-8063-97c2d030ed87,legacy,
slab_marble_perak_white_3914e5a6-cca5-4e6a-ae62-78af5eea4a1d,legacy,
slab_marble_perfetto_b17fff15-b61c-4e13-9de0-d2385a501a88,legacy,
slab_marble_perla_be962e2c-82ee-421c-bbbe-c6b3f546c18a,legacy,
slab_marble_perla_bello_824141bd-bfe3-4d00-ad80-bf65cc4edfb6,legacy,
slab_marble_perla_flower_a8d5fbb6-b21d-4126-a3a2-f6c092026790,legacy,
slab_marble_perla_marfil_ae0bc109-2e86-4863-9164-971068d00a5a,legacy,
slab_marble_perla_nera_d56d63d6-f14a-4eaf-9b82-2c069dee65f1,legacy,
slab_marble_perla_nouva_63fb274a-05f1-4c3b-94be-8676c44de23e,legacy,
slab_marble_perla_veins_3ed1198b-af65-4652-af38-02b10be6442d,legacy,
slab_marble_perlantica_0b0b6323-c9ea-4358-bc69-bc4e3bc4184a,legacy,
slab_marble_perlatino_di_oriente_8474e438-1cd0-4cef-a4ba-bff9fe7db377,legacy,
slab_marble_perlatino_royal_25a348fc-e4d4-48e4-a343-1231390c666b,legacy,
slab_marble_perlato_cofano_b9bd3a01-2d29-4a88-83a2-f062ef95f5d0,legacy,
slab_marble_perlato_fiorito_1afb3e5d-7018-48ac-bfd5-10fb97a5bad0,legacy,
slab_marble_perlato_nocciolato_acbe6cad-d697-42d5-a3ec-65242635714e,legacy,
slab_marble_perlato_nova_d8b1d6f9-6a3e-4841-b04b-3757aa155de5,legacy,
slab_marble_perlato_queen_40ae9e33-7358-4b92-bbea-62f5218078b7,legacy,
slab_marble_perlato_sand_057a5915-769e-4204-bd11-03512f2b3ab6,legacy,
slab_marble_perlato_svevo_476b5cb3-3fa2-43be-8018-e4bf038c83d6,legacy,
slab_marble_perlato_wave_d651b8f3-ce99-4b0a-a53a-ee74e34fbd65,legacy,
slab_marble_perlato_europe_28012c8f-7e59-425c-9379-bea677b678b2,legacy,
slab_marble_perlatus_c08d44e5-ebf2-4d0c-b131-ccb256de846d,legacy,
slab_marble_perlington_beige_67419845-f5ef-4b21-b1ce-b731648f6fec,legacy,
slab_marble_persian_arabescato_0dd51b60-a27a-402b-8765-1bf0ec84cff6,legacy,
slab_marble_persian_asgard_42455c8c-c261-430d-bf91-d5ce29eb6d58,legacy,
slab_marble_persian_blue_8aaa8e16-d101-413b-9883-ae03663125f1,legacy,
slab_marble_persian_emperador_bdf6b917-803b-4f5f-b588-8ea08fe04f63,legacy,
slab_marble_persian_golden_rose_b4513dd8-cb31-4d14-87c6-c5e49413d079,legacy,
slab_marble_persian_golden_spider_1977727a-67a9-481f-bed5-589915156d3b,legacy,
slab_marble_persian_perlatino_100711e1-a46e-49af-be59-b24d1bd4fd27,legacy,
slab_marble_persian_rosalia_ba53853a-ae5f-405c-890d-1269735887b4,legacy,
slab_marble_persian_silver_wave_7a39a610-5055-4344-a7ab-f6cc09e6c6ab,legacy,
slab_marble_persian_spring_d205b65e-c6bf-4dec-adf1-6e37dae852cd,legacy,
slab_marble_pertek_beige_ccbb71db-1abe-4030-ae6f-817db601240b,legacy,
slab_marble_peru_grey_9a4fdd07-4b54-41ec-b67d-18c87591919b,legacy,
slab_marble_peru_salmon_b23f3a43-f3b9-470b-a041-cd93e296d81c,legacy,
slab_marble_pesco_white_a8586027-fdcc-4a9f-afb1-53f671a00ca5,legacy,
slab_marble_petra_brown_light_219281fa-1c1e-4dee-ba21-3067e773169a,legacy,
slab_marble_petra_fossil_36a6886d-132f-43f1-b351-06d2999a5795,legacy,
slab_marble_petrus_grey_bd540764-7ab6-443d-b4da-04bf2b4bb52a,legacy,
slab_marble_pewter_rose_aa02e640-cd4b-4118-9551-14e926eb43b6,legacy,
slab_marble_pfunders_a14be586-cf9a-45c3-9662-cd895c506c67,legacy,
slab_marble_phantom_68a501fd-e964-4053-aa3a-da492c575da7,legacy,
slab_marble_phantom_green_1f84f3f7-c319-4120-bc4c-8967418e9556,legacy,
slab_marble_phelps_grey_fdb275c9-2d7a-4ce2-b144-baa949cf78dc,legacy,
slab_marble_philippines_perlato_78ff2746-2c30-44ca-8843-5359e57daa53,legacy,
slab_marble_piadin_beige_2e2f4d7b-1110-4165-b14d-10c0f789d668,legacy,
slab_marble_pianeta_blue_d6e90154-ef39-40a6-87e7-610a5dbec995,legacy,
slab_marble_piano_grey_b12fa85d-aaa0-4053-b627-ed6fa0eb0e96,legacy,
slab_marble_picasso_fantasy_bbf0a3e0-a141-4aa1-8986-fd7a01d0e83f,legacy,
slab_marble_picasso_grey_b09c79d2-e755-43f9-b14d-3214fb0302dd,legacy,
slab_marble_picasso_white_abbb7bec-f05f-485e-abdf-30b5291feca8,legacy,
slab_marble_pico_white_423d8156-0456-4748-93b0-2d640b429850,legacy,
slab_marble_piel_serpentina_08264f5c-1a47-4915-a2eb-fee49853ffc8,legacy,
slab_marble_pieta_blu_fe5f3c3c-5fe6-4df1-987e-de58189f11e1,legacy,
slab_marble_pieta_venatino_6d3d4df2-3fae-4239-8a00-6abece71f4d1,legacy,
slab_marble_pietra_cardosa_4f8d5aaf-1839-4d20-b8d3-c2f9960e1d47,legacy,
slab_marble_pietra_viva_73ad41e6-d63f-4f3d-9e0c-62ab88c9ce0a,legacy,
slab_marble_pietralba_aea6c03f-93f0-4af1-85d1-85be9588bb91,legacy,
slab_marble_piges_drama_white_4d17902e-271f-4f28-bbb4-fb4b0cf75eaa,legacy,
slab_marble_piges_fiorito_5d093735-b1ae-40ee-8c89-87e80dad042a,legacy,
slab_marble_pigon_white_c3d9d28c-9b34-49f4-bcad-f063aa19cdd3,legacy,
slab_marble_pilbara_cream_4f5bc244-aa07-487f-ac88-946c41eab7d7,legacy,
slab_marble_pink_agf_92a4001b-8e1c-472f-8c4f-b4ef19fae14a,legacy,
slab_marble_pink_angel_294494c1-62ab-4236-99ff-d4bce064ec45,legacy,
slab_marble_pink_caribbean_marfil_9bf2b9fb-4828-42fd-93e1-b4cc02a841a3,legacy,
slab_marble_pink_city_c0d81686-ae10-4d98-89a3-2a94dedd0e4b,legacy,
slab_marble_pink_color_jade_9a0f8832-de0e-4d63-9d0e-280ab27c2dfd,legacy,
slab_marble_pink_dove_91e64b10-a543-47d8-82bd-537769ac903e,legacy,
slab_marble_pink_khor_d268b117-8da2-4b09-b10e-0b5939495196,legacy,
slab_marble_pink_prankatai_7ccaddc2-7c14-4bc9-9bf7-253d8b0245f9,legacy,
slab_marble_pink_rhino_e0caea8b-3a5d-497d-932f-039e6ff9fd77,legacy,
slab_marble_pink_roses_37648f38-fa90-4014-933e-d15fbbb5603a,legacy,
slab_marble_pinkish_grey_663a8d3b-1aac-4078-8867-03f7f204dee4,legacy,
slab_marble_pino_verde_d4a62f09-4eec-4f94-9fcf-599f2a8ecfc0,legacy,
slab_marble_pinta_verde_3bb80a27-16b0-48ac-bdef-f9d6b1148f86,legacy,
slab_marble_pirges_medium_f9a0f886-5941-4a10-8ce6-7b9e41cf751b,legacy,
slab_marble_pirgon_alas_872f8534-eb6e-4761-8d14-a3505c973a11,legacy,
slab_marble_pirgon_ebru_arabesque_d959b598-8ac7-417f-b242-ddc0bdb60339,legacy,
slab_marble_pirgon_mist_89259889-9e18-41e9-880d-e0c95f95bb5e,legacy,
slab_marble_pirgon_nivatus_d7d1fb74-f077-42c4-bebb-d3596c794eba,legacy,
slab_marble_pirgos_white_a27e40b2-281b-4f28-8268-c57584afbde0,legacy,
slab_marble_pisa_grey_640de9fb-9ec0-43c5-832b-efb6c7020804,legacy,
slab_marble_plain_green_ab9538e6-ed90-45d3-8355-31ef6dd1ef33,legacy,
slab_marble_plasnica_acb72b10-16a4-4467-8a68-a3c56c706519,legacy,
slab_marble_platinum_cloud_wood_b8e7b2e8-a9db-4aa9-8816-31d2ea0ac001,legacy,
slab_marble_platinum_sands_8acf87e0-1955-4d45-9650-94248c14b0b2,legacy,
slab_marble_platinum_white_b48d6fb1-7637-4d09-9af9-2057559807ab,legacy,
slab_marble_plato_cream_5982e73c-0010-43cc-bebe-3bfa9837f25b,legacy,
slab_marble_plavi_tok_f149af7b-c580-4a89-bc25-2349a8591538,legacy,
slab_marble_pocahodas_4d7a10e9-0a03-496a-a680-9f9030b4224d,legacy,
slab_marble_pocahodas_cloudy_6934b647-79a4-4c1d-91f2-570d3baa9a6f,legacy,
slab_marble_pocahodas_dark_174fc693-5426-4ab8-99f0-aa8f4c8e4764,legacy,
slab_marble_poggiorsini_melange_6f1701da-fb56-470c-95aa-052058a1abbb,legacy,
slab_marble_pohodilovskoe_5f900629-64d1-45b4-9ce4-8e3104f9405a,legacy,
slab_marble_pokhodilova_grey_99d50c5f-bb02-43d1-aaf1-92e3478473a2,legacy,
slab_marble_polar_grey_a3d57dc6-51fc-4f9d-b807-9456885425e8,legacy,
slab_marble_polar_white_ef92df19-ef97-4d08-a79f-3a53ccd1b81c,legacy,
slab_marble_polaris_gold_f35531fb-f386-4e52-b3cb-1c0e577418a2,legacy,
slab_marble_polotsky_f9783ee7-ef21-4510-8fee-61f0a6b53967,legacy,
slab_marble_polyetta_beige_661cfd9f-fdae-43b2-900c-5c627a5bd7c9,legacy,
slab_marble_polyetta_rosalia_2edb5a8c-7ac2-4a88-91b9-0d37b547c5e8,legacy,
slab_marble_polygram_adda80d3-3873-49ef-901c-a7fa25d9cefd,legacy,
slab_marble_pomegranate_beige_7606a5c8-ef89-455e-8113-6ebd783229a3,legacy,
slab_marble_ponte_vecchio_9abf2d81-c73d-449b-b8db-c3d268cf33fa,legacy,
slab_marble_pool_jade_91c54106-559c-4ce3-921e-4b73435e1302,legacy,
slab_marble_porpishe_70dc17ca-97e1-4463-97d3-c5eb39caf73f,legacy,
slab_marble_port_black_d2a8013d-9653-42b0-9aa1-d5344590d717,legacy,
slab_marble_port_saint_laurent_47569009-81d5-43cc-a061-97e9717f5678,legacy,
slab_marble_portasanta_942e96d3-9492-4c43-858f-130df1e431e1,legacy,
slab_marble_portinari_8cce1378-e67e-4b6d-8c2d-f4c793688ac9,legacy,
slab_marble_porto_black_143fd918-d35d-4ce8-a98f-d63df56765a0,legacy,
slab_marble_porto_rosso_770fecbb-7270-42a8-84ec-00c3fd90bde2,legacy,
slab_marble_portofino_5edcbfe5-eecf-4b9b-a7fc-e74ea987817e,legacy,
slab_marble_portorino_290ff682-9fb9-451a-ad6b-7f8fc15f0fbd,legacy,
slab_marble_portoro_antalya_4c7c705f-e814-4d94-848b-44dbce1dc7ae,legacy,
slab_marble_portoro_peru_6262ef30-587d-4a82-a402-7dec374bb4a7,legacy,
slab_marble_portoro_red_472d44e4-ac9f-4fa6-a6ad-6ab6e21636ed,legacy,
slab_marble_potala_grey_f4cb4a9d-ca7c-4bb1-8b97-c8cee818a03c,legacy,
slab_marble_poymer_pink_061f9db8-912d-4ed4-a76e-3e9e8e4582e2,legacy,
slab_marble_poymer_spotted_14adf183-9478-4ed1-9e70-e632c4b78947,legacy,
slab_marble_poymer_white_68b45817-207d-4ee7-8fd0-c8e822ffbfdf,legacy,
slab_marble_prague_emperador_da64f834-7b1e-41ed-ba59-8bff7e9dea62,legacy,
slab_marble_prali_bardiglio_cb79179c-ca92-4196-9e7d-5e097938fd59,legacy,
slab_marble_prali_cipollino_c406448d-3301-4dfb-ba77-acf1f83a0b85,legacy,
slab_marble_prali_statuario_3b140f2f-8e3c-41a0-bccb-209d9846623b,legacy,
slab_marble_premium_gray_63246364-031e-40f2-b476-dfb216021760,legacy,
slab_marble_president_9347a0c7-e91f-4f55-b8ef-e230dbd8af13,legacy,
slab_marble_prestige_brown_249c1660-a904-4f17-a9d0-b51a92df7278,legacy,
slab_marble_prestige_noir_92e7198c-ead4-461d-a3c4-eacdd481d5a0,legacy,
slab_marble_pretty_pink_8c9d27d9-aad1-4321-89ea-d18db7d67289,legacy,
slab_marble_prilep_white_69383087-4d7d-4ff6-a53e-d9f4d8483572,legacy,
slab_marble_princess_brown_9a42ded9-8b5c-41e3-9363-ba3f25eac92e,legacy,
slab_marble_princess_gold_7aa657ba-c809-4d49-9e53-683505e59a89,legacy,
slab_marble_princeton_7aac8484-c213-475e-a36c-ac8b2b5deaeb,legacy,
slab_marble_prinos_a09b6913-8635-40d0-b4fb-7f86ba048467,legacy,
slab_marble_provence_grey_289649d7-d74d-4921-bf7b-fbbcfcf77e88,legacy,
slab_marble_pudaung_badu_90123df9-0cb1-4a94-a6a2-1c4029c4c902,legacy,
slab_marble_purple_ash_b8ba5d92-4f90-4507-8f20-30b78cd84219,legacy,
slab_marble_purple_beige_90039573-57aa-433a-8b2b-d6e062054304,legacy,
slab_marble_purple_breeze_ec84e0eb-fb9a-4fb3-966c-17ecd9d81e17,legacy,
slab_marble_purple_cream_3e44801a-17bd-4241-9705-ad8d0cdb82ff,legacy,
slab_marble_purple_desert_407e0f91-306a-418c-acfa-7f2e11ac6513,legacy,
slab_marble_purple_sea_8af4ef64-9d73-4d1a-a2a9-56d5dee3f690,legacy,
slab_marble_purple_wave_3dd91fd4-e4a5-4da7-bf5f-b5d3f8ca5204,legacy,
slab_marble_purple_wooden_ed046042-2763-4765-a990-b1e79645badb,legacy,
slab_marble_purplish_white_2071d56e-7c54-465c-af5b-661060a9c236,legacy,
slab_marble_pushtulimsky_b4b01138-a94d-43dc-8afe-f01ddb4cad39,legacy,
slab_marble_putin_wood_3481d3ba-435b-4329-9bbb-a7b19b175d4f,legacy,
slab_marble_pyramid_beige_b81d3e64-318a-4d75-934b-d5ce4e2f821d,legacy,
slab_marble_pyramids_a0e264c2-6c61-49eb-a892-656ad6f320d9,legacy,
slab_marble_python_grey_38444017-a223-45ae-a2bc-1f2d0f4fcda0,legacy,
slab_marble_pythoon_white_8c456d4c-c24c-4247-9835-37a0f490e297,legacy,
slab_marble_qalamkar_db1d98f1-1673-4e72-8ae7-a3463793b412,legacy,
slab_marble_qalatak_6612aaef-2d7d-4903-8b1f-bdca8f8a13f8,legacy,
slab_marble_qamar_pearl_b4cf8919-a307-41ff-943b-e34b4275079a,legacy,
slab_marble_qinling_gold_4a4b35a5-b6c2-44db-a8e5-11b96058b4bf,legacy,
slab_marble_qom_white_5116795f-d22f-4ce6-8811-2822dcd97807,legacy,
slab_marble_qorveh_b6617953-fd67-4585-9b0e-cac0ca5206ef,legacy,
slab_marble_queen_white_fb45c0c5-8549-407b-bf71-af45e651ae78,legacy,
slab_marble_queensland_fire_190ac85a-4806-4010-ba39-00ebabb52a73,legacy,
slab_marble_quercum_red_beige_558fb166-f9d2-4988-9142-2f99f31453f6,legacy,
slab_marble_queretaro_3a654d32-0dbc-4c33-8348-d0c2f966488b,legacy,
slab_marble_qussair_f9a46c21-a81f-40da-8390-73b59f961a05,legacy,
slab_marble_quy_hop_ae406de9-4368-45d8-977b-12b693b89174,legacy,
slab_marble_raddix_7bd8dd46-5c8e-41b5-a82e-49b52e2df093,legacy,
slab_marble_radiant_black_44be601d-d908-447b-be6a-04dd3e415d44,legacy,
slab_marble_raffaello_a83b0b87-7803-43c5-9a33-d298bcdc0629,legacy,
slab_marble_raggio_di_luna_1876d3ea-2472-4497-856a-c15d3c93b292,legacy,
slab_marble_ragno_rosa_edb2af3d-06a2-4483-a494-1de29d091502,legacy,
slab_marble_rain_clouds_b33cb45b-461d-4d25-af29-b2528e18a3fa,legacy,
slab_marble_rainbow_red_1020933d-375a-4d72-a2a2-2e577af3fdf2,legacy,
slab_marble_rainbow_white_30d86034-ba96-4b69-8ada-dce0844dfcc3,legacy,
slab_marble_rajado_f3765b0d-d515-4639-8d20-074c083dae53,legacy,
slab_marble_rajlaxmi_4447f769-5d0e-4d05-bb2c-cf3dcc6650bc,legacy,
slab_marble_rajnagar_white_b4f01acd-1c5f-43b6-9557-b94eacaf85c5,legacy,
slab_marble_ram_gray_7dc52044-ba13-4970-85e9-779499ebb40b,legacy,
slab_marble_ramshe_tosi_salsali_7f477134-3d06-4a12-85f7-20eaf8d6604b,legacy,
slab_marble_randy_silver_line_e3820184-2da1-4198-a0e1-14b967dfe8ab,legacy,
slab_marble_rankin_grey_be4de1e0-db7d-43bd-9288-146b28997eda,legacy,
slab_marble_rauchkristall_19466013-a252-4673-9604-9e285d0a04cf,legacy,
slab_marble_rauris_blau_641ab0ae-99ba-4a59-b20c-1e025d347bbf,legacy,
slab_marble_rauris_dunkel_1cd77ed1-0de9-4772-92f5-e25f761e652d,legacy,
slab_marble_rauris_hell_e9973fc5-b49a-4ff0-b1bd-84d144812b97,legacy,
slab_marble_raymond_blue_8296fba3-51fe-4912-acf9-b7e3ff89be38,legacy,
slab_marble_raymond_silver_acaeb751-a306-48e1-8804-944522a4909d,legacy,
slab_marble_rayna_rosa_bac4adbf-096e-4be4-84e3-0907afcb25bf,legacy,
slab_marble_real_silver_350f2c2d-09d1-425a-aa6b-fc5148845369,legacy,
slab_marble_red_a5c50461-51f6-4c5c-a5f7-fb04dd2305bf,legacy,
slab_marble_red_bavanat_b9028531-53dc-46be-945e-af4384c5e962,legacy,
slab_marble_red_canyon_8b70a75b-257c-48f0-ab58-8dc985dc37d6,legacy,
slab_marble_red_cherry_0899530a-6b08-4c50-ad31-9d4ed76b2488,legacy,
slab_marble_red_cream_5c676f3d-ed68-420c-8006-a26702af6984,legacy,
slab_marble_red_dragon_blue_d82c90d2-1146-4a15-9d70-ad567f9870e6,legacy,
slab_marble_red_dreams_7941d367-91c4-4f28-a316-59240c572487,legacy,
slab_marble_red_elekanta_7550aa13-facd-45ac-9eb2-bbd1231d50bf,legacy,
slab_marble_red_flamingo_purple_b724870f-99fb-46b7-ba77-d5badcfc8375,legacy,
slab_marble_red_fossil_924432a3-6084-4cee-bec3-c089cbc21ac6,legacy,
slab_marble_red_grey_a5fb58fb-ad3a-46e0-b7b6-5f1d45a77ba7,legacy,
slab_marble_red_ice_f5910f91-862b-46d7-bc6e-62b1e96a7a41,legacy,
slab_marble_red_impala_bb293f7e-a6c8-4faf-908d-c7673136b77e,legacy,
slab_marble_red_jade_efc29415-2e07-4b06-b704-6a3de841b0c0,legacy,
slab_marble_red_kuzbas_9de0d734-713e-44aa-aeb0-636e103d55ef,legacy,
slab_marble_red_line_santa_ana_f24e028a-4428-4420-9e8a-a22e05bf1da2,legacy,
slab_marble_red_line_shanna_48af10c0-2a6a-4170-9a7d-7c811d98a6e4,legacy,
slab_marble_red_louis_6d2c44b9-3dbf-4413-b7da-044a38e3991f,legacy,
slab_marble_red_moon_d4cb4e4b-6882-4d42-8833-bc4306592d14,legacy,
slab_marble_red_passion_44bfc6e8-ed32-4775-bfea-87c9834122d5,legacy,
slab_marble_red_phoenix_9ab3153c-57dc-42c3-98d5-6f380ed914bd,legacy,
slab_marble_red_river_fd528382-15da-4951-ab1c-1681f9ee9b9a,legacy,
slab_marble_red_rocks_c8519303-92f0-48e8-b567-422f504033ef,legacy,
slab_marble_red_root_vein_cccad17d-e196-44b0-8e74-81ff6c106909,legacy,
slab_marble_red_sangestan_ce9c1fa6-ba1b-4ed3-a02b-374fd9d65dd1,legacy,
slab_marble_red_shiraz_216daf0a-20cd-4d73-952b-f58f253839de,legacy,
slab_marble_red_sirogojno_5e6dd6f9-9e22-41fe-a595-365c865063f9,legacy,
slab_marble_red_sunset_b8377970-4203-428b-9fe0-e656e022a69f,legacy,
slab_marble_red_vein_beige_87e5440f-5563-4ef4-b941-bc26e523d5cf,legacy,
slab_marble_red_wood_grain_236ec0b5-0d09-4e6e-935f-16960c28d8ec,legacy,
slab_marble_red_zebra_d13e3372-fa4c-48d4-89d1-2866fe5ec9dc,legacy,
slab_marble_regal_3ed8d072-f68f-48e9-8fdb-ab831f4e25c9,legacy,
slab_marble_regal_fishskin_beige_0dfeded3-032a-4d70-b3f2-c7f78d85fe36,legacy,
slab_marble_regal_sapphire_9ae28fc6-7b7b-4855-a73b-ef0c1651842f,legacy,
slab_marble_regal_spotty_beige_e77510e0-0be3-4670-a716-23a082127921,legacy,
slab_marble_regent_multi_gray_a2247e52-0cfb-423d-a5c8-ef7d2dd22b3d,legacy,
slab_marble_regina_beige_22675b36-ce9c-418d-a806-1efdf534ada2,legacy,
slab_marble_regolit_beige_79eb730a-5c2c-493b-8340-a986ef098c9f,legacy,
slab_marble_reina_beige_87ba120e-d9ec-4c94-a12b-9a4722a664fe,legacy,
slab_marble_renoir_b888f98f-7ed5-45f8-ba62-fa80f97f775c,legacy,
slab_marble_rentina_green_8d3f3f59-a447-4d1c-8801-478c16d66703,legacy,
slab_marble_renur_0fe56300-9229-4956-9123-512a94baab18,legacy,
slab_marble_restonica_vert_1668a890-d8da-4182-9ae0-57f71ecbadd8,legacy,
slab_marble_retro_beige_d8491e34-2fd1-4d18-af12-9d43685eb06b,legacy,
slab_marble_retro_breccia_b175647b-909c-42a5-ba2b-8e98a4db4f25,legacy,
slab_marble_revolution_318ada74-e631-475d-ad6f-6886190ec467,legacy,
slab_marble_rhine_white_345a1bbb-0f3d-458a-b3d3-99a8c7760672,legacy,
slab_marble_rich_beige_b9671c08-eb0a-4cfb-a292-6a4e681500a6,legacy,
slab_marble_rigato_1d0e0b2d-72c6-4c19-a1fb-7bb14d1d9ec2,legacy,
slab_marble_rimini_grey_69be0ca9-a17a-44c9-81cc-868676a6f52c,legacy,
slab_marble_rios_beige_43c303ce-a848-426a-bcdb-d1bf42242758,legacy,
slab_marble_rising_star_f52a030c-942f-45e6-889d-cbf867c45d86,legacy,
slab_marble_ritsona_evia_446d0065-1d68-49e2-95f1-4e4e301d2d55,legacy,
slab_marble_ritsona_gold_784b8560-6997-4824-b04b-2a7c9f92e476,legacy,
slab_marble_ritz_gray_6c29713f-2b95-496d-9cc7-7b7e8ba30bc9,legacy,
slab_marble_river_grey_a15fb02a-c5ba-4623-bb5d-d5046bb4504e,legacy,
slab_marble_river_wave_236ded2b-12b8-4bf1-bfb1-05a0bc8b511e,legacy,
slab_marble_roaming_brown_c654cace-4e3c-4431-a8e3-1033e2a73f03,legacy,
slab_marble_rocky_beige_f9f5a98d-fa2e-49bd-9a20-b0b8176fcd4b,legacy,
slab_marble_rods_brown_ff9bb622-e90e-40b2-9727-073697176c24,legacy,
slab_marble_roi_soleil_41e9b996-10dd-49da-a6b1-2a6e9f58cd10,legacy,
slab_marble_rojo_antalya_0e37430d-fed8-405c-81e1-7149dd2ca15c,legacy,
slab_marble_rojo_caravaca_9e5b6928-34ba-45cd-8105-fd5276b92995,legacy,
slab_marble_rojo_cebuano_7982f7c2-15ac-4964-a0b3-2908e599ffa0,legacy,
slab_marble_rojo_coral_e98e8a5b-3cbf-4a50-822e-183ae921fb71,legacy,
slab_marble_rojo_coralo_45c2d3b9-7e2d-408d-b81d-ef9b811f15dc,legacy,
slab_marble_rojo_marroqui_a264d8b6-9192-40a1-a9f7-cd21a72deedd,legacy,
slab_marble_rojo_peach_fda4c101-123f-40b2-a9ae-cf269cb6def7,legacy,
slab_marble_roland_gray_3a5cbc2b-2e98-44e9-89e3-49af2f8421dc,legacy,
slab_marble_rolex_grey_71e591a9-5e61-470b-aebb-2cb329a8a367,legacy,
slab_marble_roma_blue_adbdbf79-f8ac-44d0-baa4-38c211482823,legacy,
slab_marble_roma_grey_fdb3ad5c-b9b6-4a23-9f7e-feef253e35d3,legacy,
slab_marble_roman_beige_03afc030-85bc-48a5-86ab-f3dcbf192061,legacy,
slab_marble_roman_impression_51aed06b-4074-4b1b-809b-8efe91b284a7,legacy,
slab_marble_roman_white_0d142558-f754-41f3-9bad-e14b34b88216,legacy,
slab_marble_romantic_grey_e0b9cf31-9ad7-42cd-8365-4737a75e0172,legacy,
slab_marble_romblon_9edd089f-aad7-4fd1-b91e-030e4978bd6f,legacy,
slab_marble_rosa_anark_5f0747d2-8c6e-460f-9af4-b60cebf487c3,legacy,
slab_marble_rosa_aphrodite_88961a04-8335-4edd-b1b2-cf6e16656288,legacy,
slab_marble_rosa_aridol_3c096583-2019-4112-9c85-a2f062830389,legacy,
slab_marble_rosa_atlantide_75491329-e398-4607-be6b-cec19b53ec0b,legacy,
slab_marble_rosa_aurora_claro_1a9c8135-88a9-42d2-a0dc-f1cb2d67fe18,legacy,
slab_marble_rosa_baccarat_1375b3f8-0f33-4afe-9c79-517ab5ce5065,legacy,
slab_marble_rosa_bahia_2006b832-ad61-41ed-89ae-2fe8e46236e8,legacy,
slab_marble_rosa_bella_44ce7eb2-1435-40f1-8294-65056f04a407,legacy,
slab_marble_rosa_bello_89064e10-0a52-4c14-aaed-8d8b080c0e69,legacy,
slab_marble_rosa_candoglia_02092b76-6a7f-4dbc-ab5b-e264a8b6237d,legacy,
slab_marble_rosa_corallo_da3be71b-b2b2-4ea9-97c2-72bd57249b66,legacy,
slab_marble_rosa_cordoba_c697ad92-5fd0-43bc-8f86-2a1cddbb8a2c,legacy,
slab_marble_rosa_cruise_d221f437-7f9b-4de2-8ac9-9ec0887e9cb1,legacy,
slab_marble_rosa_damascus_095d5d73-e477-401c-844f-80c7f0f8d1b9,legacy,
slab_marble_rosa_del_garda_e3aa1060-a462-447b-acea-0bb88f05294f,legacy,
slab_marble_rosa_do_norte_416dfa03-28b8-44b7-9ad1-c20e08ae9d97,legacy,
slab_marble_rosa_el_rei_67c65571-79d1-4b32-b4d6-3ec98af99a1b,legacy,
slab_marble_rosa_fantastic_e0211eed-d775-4a4c-8767-3eaada25c1d3,legacy,
slab_marble_rosa_imperiale_fa7406c4-3f41-4586-ace8-4ed13a9a45fa,legacy,
slab_marble_rosa_mavrovo_cd2dbc38-7bf7-46a2-8ae1-973cce0d6b2a,legacy,
slab_marble_rosa_mirage_3e85c2a3-0198-41d4-99ce-aa7ae95f3587,legacy,
slab_marble_rosa_monica_7184565b-bcff-4f5a-a1b3-679807ebe9fa,legacy,
slab_marble_rosa_pardais_66b49ded-038d-4ae4-b242-49b10d6fe707,legacy,
slab_marble_rosa_patara_4cf80265-25ca-48df-a9d8-f427d790a8c9,legacy,
slab_marble_rosa_peralba_be326088-507a-4a9b-95c1-ce27060ac1f1,legacy,
slab_marble_rosa_perlino_78ab5500-df75-414d-b4f5-09de82d4d007,legacy,
slab_marble_rosa_pistalo_910ac0d7-97a4-48d4-9aba-1a09016a7be8,legacy,
slab_marble_rosa_reale_042455e3-8eb7-4852-bbf4-7fe6452e7d13,legacy,
slab_marble_rosa_sabrina_896ecbc7-90e2-4b95-bf93-7c53fe984144,legacy,
slab_marble_rosa_san_marcos_cc0f7e07-e6ee-4ca8-8d38-039bad6b36b4,legacy,
slab_marble_rosa_sicilia_53658a44-d3c3-4f2c-bd22-b4d4bdd21689,legacy,
slab_marble_rosa_silver_1fb7294d-5483-4b34-88f0-ebb9e3f605db,legacy,
slab_marble_rosa_tea_9fbab359-92fb-4773-9647-301e911c6a68,legacy,
slab_marble_rosa_tongho_e7eee190-1bd4-4176-b03f-c680ae18bcdb,legacy,
slab_marble_rosa_valencia_471eaac2-08af-4eb9-8691-26f204a57457,legacy,
slab_marble_rosa_west_b8e4ae8a-1c8c-4605-bd0c-6a97756080f6,legacy,
slab_marble_rosalia_light_c3fa1e8c-8343-46cb-9fef-a1f353ae90af,legacy,
slab_marble_rosalia_red_9b3125ca-e075-438b-89c4-d16a62bca29a,legacy,
slab_marble_rosalin_pink_12f1d44c-fbb4-4415-b5e1-c08d096bd97e,legacy,
slab_marble_rosalina_dark_5bdb6688-bd1c-42ec-8c9e-9dce8528dd74,legacy,
slab_marble_rosaline_9e51b836-2abc-4134-a46f-d53c99c7c225,legacy,
slab_marble_rosato_beige_566e30ff-63e1-43e3-93ac-689fc1a4b2ca,legacy,
slab_marble_rose_fff003b7-e808-4f0b-bd80-47479626241b,legacy,
slab_marble_rose_beige_rosalia_8e4cb40b-740b-46c5-8c36-04fea2cc932b,legacy,
slab_marble_rose_crema_shaiana_d8fe70bf-d1f8-4b8e-8b9a-a509ef047834,legacy,
slab_marble_rose_de_brignoles_2e8ea530-2110-4403-823f-e6cea1315937,legacy,
slab_marble_rose_garden_20c56847-2c8b-4a4b-8fad-c912a7c44e8e,legacy,
slab_marble_rose_gold_de631074-d259-4f2b-9021-f22d53398c5a,legacy,
slab_marble_rose_ice_jade_4bdf0325-4378-471a-b689-7ff5a58c0e4b,legacy,
slab_marble_rose_mahallat_ff6c1d18-5a8e-4d6d-933d-a869874eac58,legacy,
slab_marble_rose_onterial_beige_69204736-e011-452c-894f-2fe505274dc5,legacy,
slab_marble_rose_pearl_9e71b1da-c0bb-4aff-a0f0-8a928d4957b4,legacy,
slab_marble_rose_persia_d7a17c95-1de1-49e3-beb5-ff2b5f83e3a1,legacy,
slab_marble_rose_rainbow_e0072b49-6984-4b20-b083-33f912cecb6e,legacy,
slab_marble_rose_rainbow_blue_402e51d5-b397-4e24-b7f7-b07614713af9,legacy,
slab_marble_rose_sidi_bouzid_484dec36-97f6-485c-a29e-0b8aa132f6b7,legacy,
slab_marble_rosetta_vena_aa177ec3-f231-417e-9044-f7b7b20a82dc,legacy,
slab_marble_rossa_pianificato_fa57be41-0b5f-4899-84ab-e7c99f53ac7c,legacy,
slab_marble_rossa_regina_ff7e6c4b-862a-49ae-b638-820a720d64ed,legacy,
slab_marble_rosso_alba_e8aaad05-e006-4539-a84c-af8a63a02165,legacy,
slab_marble_rosso_albania_778be172-77ee-4fdd-b2d8-59528fe7fb0b,legacy,
slab_marble_rosso_antico_654206b4-700f-4365-af94-151db56e6497,legacy,
slab_marble_rosso_antigua_31dc4fec-6a44-4d9f-8307-a724fd5f3086,legacy,
slab_marble_rosso_asiago_a59f21fb-317b-49e8-8eed-ef9870eafca7,legacy,
slab_marble_rosso_atlantide_fatima_06c615c5-7df3-47b8-b850-60dce260f5fc,legacy,
slab_marble_rosso_bello_d5e88c08-f4d6-4e1c-ae57-b4389268105a,legacy,
slab_marble_rosso_bizantina_c9c67255-a366-4be1-be5e-d0e7446c05ed,legacy,
slab_marble_rosso_bona_cafe897b-259b-4ad1-815d-baa49ff41aef,legacy,
slab_marble_rosso_breccia_9c94fc2c-4442-4f73-8326-e997a70f37b6,legacy,
slab_marble_rosso_cait_6255c859-2337-47e3-9a02-452c6afd6614,legacy,
slab_marble_rosso_cardinale_c390000c-5cc6-443b-becb-7888429c217d,legacy,
slab_marble_rosso_damasco_b475b667-680e-4217-a28f-d68717a7a4ec,legacy,
slab_marble_rosso_daniel_56912e78-cd34-4e47-bd5c-d7b05a287479,legacy,
slab_marble_rosso_di_trento_9e0be5cf-b085-4e78-9530-06bdcd2f9d86,legacy,
slab_marble_rosso_francia_83c934bf-0196-4e9a-80f7-54106f0917a6,legacy,
slab_marble_rosso_ginari_179e72cf-c93c-419f-8141-74aa016f6d61,legacy,
slab_marble_rosso_golzar_67338f99-5d38-4a88-a704-7af8a37016c3,legacy,
slab_marble_rosso_inferno_207c309a-0832-407e-996f-676c93a4e1ec,legacy,
slab_marble_rosso_iris_macedonia_021a03c5-d9b8-4496-8021-5687a80852d0,legacy,
slab_marble_rosso_karpato_38dd6a84-c979-4bc5-a2e9-ae9e78d2269f,legacy,
slab_marble_rosso_khust_4a1759a5-b27d-4edb-89be-10d84364749d,legacy,
slab_marble_rosso_laguna_4c527d8f-bddd-4c3f-93b0-92d6f0b7e4f0,legacy,
slab_marble_rosso_luana_1096bfe0-4cc6-49b1-b90c-47405dd25624,legacy,
slab_marble_rosso_magnaboschi_26a796b7-7d24-442a-ae9a-5064b77cf515,legacy,
slab_marble_rosso_mahan_64ed15fb-4d2e-4793-bd96-4ec82dc1068b,legacy,
slab_marble_rosso_pallido_ef82a14d-7eaf-4dfa-9d5a-d0a5954f9557,legacy,
slab_marble_rosso_rupas_648235e6-1fd0-4826-8669-c7e27dc1b083,legacy,
slab_marble_rosso_sahara_3ec7fe84-e0de-46be-956c-3a387dcb1ec4,legacy,
slab_marble_rosso_tem_b2d03bcc-fd8e-4e57-b03e-9cfa5de7e064,legacy,
slab_marble_rosso_venato_70c077f1-aa1c-4a3f-ac52-1344803e7f28,legacy,
slab_marble_rosso_venezia_2bb6b419-d315-41a5-a87c-e1635f50fb5f,legacy,
slab_marble_rouge_antique_scuro_09b87305-219c-4e60-8b3d-0cbeced3f52a,legacy,
slab_marble_rouge_belge_f9226061-c7c4-4064-9f42-36c3156785d4,legacy,
slab_marble_rouge_chemtou_43a36701-909e-41fc-83c5-b004b9b40449,legacy,
slab_marble_rouge_de_vitrolles_94bcc127-ee8e-49c8-b2a2-5e7e588daff8,legacy,
slab_marble_rouge_des_pyrenees_94318cec-a06a-4da9-a868-4408c5ba1fe6,legacy,
slab_marble_rouge_du_roi_39c45aae-ba55-4d13-95b1-3e8536399c28,legacy,
slab_marble_rouge_du_sud_4a9cb4dd-cc9a-427b-bf43-b1516b78c9fe,legacy,
slab_marble_rouge_griotte_belge_5e38b0e1-dd12-4e79-925b-4f5fb4e4cf1f,legacy,
slab_marble_rouge_incarnat_47759ed0-b04c-4b0b-91f6-f75954ed2ab8,legacy,
slab_marble_rouge_rue_23ff4a9d-08d6-4e2d-9b24-1abb445c6e85,legacy,
slab_marble_rowland_beige_6924ea6e-c094-4e55-b51c-671b5c0ac7be,legacy,
slab_marble_royal_amber_5a6dd546-31f8-4f29-85f4-aefc1a59ffef,legacy,
slab_marble_royal_amber_gold_eccefce9-db2c-41ba-b73d-a42610fc1666,legacy,
slab_marble_royal_beige_b2be39f6-2307-4604-9892-25ec94d40bdc,legacy,
slab_marble_royal_black_ae71277c-d0bc-4cb1-8dda-60379dfaa1ae,legacy,
slab_marble_royal_black_wooden_38b2e45b-7808-4674-99df-6041f88b6478,legacy,
slab_marble_royal_boutique_f4994d6d-affe-4fe9-bc3d-5108d22cdd9b,legacy,
slab_marble_royal_brown_752b3f54-9ca4-40ac-9dc9-a8842aeaae23,legacy,
slab_marble_royal_cream_57bf2671-a8bc-429d-8ef7-c96c9cee821c,legacy,
slab_marble_royal_danby_458e6e68-5d08-4434-aba2-363f53744774,legacy,
slab_marble_royal_eccellenza_d9612f5b-7ebe-4376-988f-05a9396c5648,legacy,
slab_marble_royal_jasper_fb5f3d7c-99aa-42d4-bbbb-0610a36badd9,legacy,
slab_marble_royal_oyster_6107c3ef-cf4a-4db8-ba98-76b2377f7822,legacy,
slab_marble_royal_quinlan_fae2a3c7-bd18-41d8-89cb-41d346fcfcb3,legacy,
slab_marble_royal_red_a414b713-3ef5-487c-8acd-6d0256f0b807,legacy,
slab_marble_royal_sky_a570959b-ee10-4dce-bafe-90c6f8a3eeb6,legacy,
slab_marble_royal_vein_black_37b1b2b8-b6fe-435f-a9b1-525ece46c4fc,legacy,
slab_marble_rozaline_2b72468b-d691-457f-8214-fa513bfa85cf,legacy,
slab_marble_rozalit_e10a5592-66a2-4c07-99ec-db37b53b0f36,legacy,
slab_marble_rozanka_9213a193-b7b1-4bd5-9387-00904cb0a1bb,legacy,
slab_marble_ruby_beige_be62e568-877f-4302-b1fd-a868f6588f2f,legacy,
slab_marble_ruby_red_66449321-1a42-4e92-88c7-ce5315fa3be1,legacy,
slab_marble_ruivina_dd23ae12-44bb-4bd6-9dba-686f8bac852f,legacy,
slab_marble_ruivina_antique_f59e18ab-609c-4bb2-be6a-e65b0d5ad059,legacy,
slab_marble_ruivina_arabescato_c543333f-5a59-4def-9a88-b51295878cb0,legacy,
slab_marble_ruivina_da_fonte_d559de3e-5172-42c1-a78c-1b5a58941a41,legacy,
slab_marble_ruivina_spider_black_83ea3003-a80a-4a6f-a802-c7f8ff1413fd,legacy,
slab_marble_ruivina_storm_64c1a637-9ae7-47fc-b99f-97c9a179f223,legacy,
slab_marble_rujan_f5846e9e-7877-4f5c-bb1a-94d4f3818aab,legacy,
slab_marble_ruschita_8090519e-a8e6-4820-8eb3-fb6c691bcff2,legacy,
slab_marble_ruschita_creme_rosa_ef29982c-b506-4aa1-a60e-d3e1625e4c1e,legacy,
slab_marble_ruschita_roz_da7340e4-94de-4049-97df-dd94028d11d2,legacy,
slab_marble_ruschita_white_fac5d3ee-89ef-4d73-8e06-fbc27db18703,legacy,
slab_marble_russian_white_42652d66-e335-435d-85c3-11320b0d2f94,legacy,
slab_marble_rustic_red_13a6c0db-46ef-47fa-a2b0-85b846592305,legacy,
slab_marble_saalburger_altrot_6dc68333-34fa-4c04-b519-aef94bc032c9,legacy,
slab_marble_sabian_black_c68ddb5b-44ff-48bc-a2ab-691e42ea256b,legacy,
slab_marble_sabz_8b9250db-b0a6-48a4-a044-8a511fde7ea0,legacy,
slab_marble_sabz_sartipy_a4bf87c6-37f9-4f49-b916-f68e6f307b90,legacy,
slab_marble_saco_gray_1233e4dc-4b96-4d55-9046-3841b35f7a4b,legacy,
slab_marble_sadakhlo_50fb5f05-8428-4498-98e6-96bc4bf54792,legacy,
slab_marble_sadora_grey_de64b43e-0ec1-4297-945d-adcff77af7dd,legacy,
slab_marble_safran_white_6ef10983-f2e9-4637-92e4-ae85e36517ac,legacy,
slab_marble_sagalassos_cream_a08c5abf-5dd7-4c3a-a75d-bbe683d4734f,legacy,
slab_marble_sago_5f62b74e-3f9b-4721-848c-1f9d04367272,legacy,
slab_marble_sagyin_white_e2f549f5-09b3-4c5f-894c-6b3ceb0591e6,legacy,
slab_marble_sahara_d6960ab7-39fb-4ba6-bddd-68086cb2c7c2,legacy,
slab_marble_sahara_blanc_87b2ddd6-ffb3-41d0-a3b7-efe1fce593bd,legacy,
slab_marble_sahara_dust_d8744741-1df9-49a3-aff4-3aafb8ad25d4,legacy,
slab_marble_sahara_rose_b9239eb0-af94-4329-9588-e65c5c44ee52,legacy,
slab_marble_sahara_waves_5d24e4d5-77f7-429d-9248-09feb4bf2750,legacy,
slab_marble_sahra_a45064b4-e78e-4eeb-b4e5-35e8ff926188,legacy,
slab_marble_saijo_green_3567edb8-bbc8-4816-9718-f5d4263d6f62,legacy,
slab_marble_saint_anne_40c19e24-24a3-416b-96e4-de7426734776,legacy,
slab_marble_saint_anne_des_pyrenees_4320ffad-4113-4265-97ce-727c372cb337,legacy,
slab_marble_saint_anne_francais_81dfa60e-1c20-4ada-bc4d-b05389cb476f,legacy,
slab_marble_saint_florian_6d469265-1072-4de7-ab4b-4c1ffe05d499,legacy,
slab_marble_saint_laurent_grey_bd25e642-8dfd-40c9-9b68-1d33a5c03489,legacy,
slab_marble_saint_paul_red_1d5d1e50-24fa-411d-b2bf-0aafaafa92ff,legacy,
slab_marble_saint_pelagia_7e54c194-8eca-43a0-826b-aa5f9e295241,legacy,
slab_marble_saint_tropez_855671d0-bf41-4a54-b1e1-4eabb619e447,legacy,
slab_marble_saka_beige_2cdbd72d-eec1-46fe-8c53-e57d60bb4d7f,legacy,
slab_marble_salalah_rose_66b8a3e0-02a4-4ae2-9475-183e59cd2ab1,legacy,
slab_marble_salamis_red_7b01b9f8-a3dd-4a21-9a28-e173e46050d0,legacy,
slab_marble_salang_7fdd3e7b-8be0-42bc-9f41-6cd803b86ad5,legacy,
slab_marble_salieti_df443bd0-f31f-4ee8-87ac-0954f0a6b42c,legacy,
slab_marble_salmone_bahia_c32438c9-e064-444e-9118-b5a34d4520db,legacy,
slab_marble_salmone_beige_a5d84704-ef13-45e6-a07f-367c0711eba4,legacy,
slab_marble_salome_aphrodite_b2c87d3b-afd4-4545-ba68-fed6dee694d1,legacy,
slab_marble_salome_brown_3803a173-6fcb-43aa-af33-6d02aeed2a62,legacy,
slab_marble_salome_grey_4fe806df-5670-4a63-828e-d39fbd0cb6a1,legacy,
slab_marble_salome_kozani_76f0392d-53bb-402b-a395-8b66215fd587,legacy,
slab_marble_salsali_royal_beige_cc0e7141-c38f-469e-8339-1a5f06cc6a2e,legacy,
slab_marble_salvadori_d2a119f3-be1f-4e14-8986-acc7a74d53c3,legacy,
slab_marble_sama_0b9bcc8b-56cb-423f-ba4f-6c702c2a7ce1,legacy,
slab_marble_samaha_light_95d5a14f-0311-48e0-af1c-099d5316bf09,legacy,
slab_marble_samangan_brown_7573353c-0d3c-4216-82a2-932a2ae70258,legacy,
slab_marble_samara_beige_54aad383-37b6-426f-8a9c-12fecfcfc790,legacy,
slab_marble_samina_beige_a8c12894-92fd-4acc-95d4-e38670764f6b,legacy,
slab_marble_sammakka_white_c0a66403-dd0e-4556-8c9f-1843a6e3de6a,legacy,
slab_marble_samoa_da4002b3-012b-44d6-ba2f-54abddf75cc5,legacy,
slab_marble_samri_golden_beige_8366a95d-1b7d-4ed0-bc95-0febfb691b78,legacy,
slab_marble_san_luis_f0b3ec1d-a5f6-44aa-889a-7c520227491c,legacy,
slab_marble_san_martin_3a594c02-65ab-4cfc-b0e5-cd13efe37a93,legacy,
slab_marble_san_moritz_903416da-5b3d-439e-b5c1-384ec1f5824a,legacy,
slab_marble_san_pellegrino_8d98ce9d-07d6-435f-80de-0f4ed4fec9bf,legacy,
slab_marble_san_sebastian_871437a2-bacc-438b-9b8e-59362fad9e93,legacy,
slab_marble_san_simone_f4a6fdac-2370-423c-b31b-bc4787aaf1d4,legacy,
slab_marble_sanandaj_7254831b-3de3-4da4-9ab4-9a00f8afdcde,legacy,
slab_marble_sanata_paris_2cd591ea-713a-42b1-ab5a-2388a26cdd91,legacy,
slab_marble_sanberun_beige_55936293-e513-42ae-87d9-486f77cfbb64,legacy,
slab_marble_sand_cream_3705537c-ba45-415d-8390-b340c3ab720b,legacy,
slab_marble_sand_dune_beige_3d1b66bf-104d-477f-a8a7-93a76be88d3f,legacy,
slab_marble_sand_wave_beige_a1aeb3b4-e2d3-464f-92b0-9987793ba2ad,legacy,
slab_marble_sandalwood_168650f9-0a54-4e11-8566-ef1fbee00ad4,legacy,
slab_marble_sandian_beige_e2bc15ae-ef3a-4243-b46a-c8aea1051743,legacy,
slab_marble_sandra_7c6daf10-81cf-475a-b4d4-75ba5acb3f56,legacy,
slab_marble_sandy_blue_3f6a7cb3-6f94-4c5c-b5ea-5ee1fab9db85,legacy,
slab_marble_sandy_royal_5d7c261a-2577-48b4-9d8d-826694a1bfc8,legacy,
slab_marble_sania_grey_f9d58177-075e-4362-b794-28ddbc03f41b,legacy,
slab_marble_santa_ana_black_395f30a2-f65a-4304-904e-a7402f029f1e,legacy,
slab_marble_santa_clara_0860fc93-46fb-44ad-b78f-bcfc298b2a76,legacy,
slab_marble_santa_clara_cream_019fde6d-6841-4fa0-9572-e427cad904b7,legacy,
slab_marble_santa_elena_d5c62b9b-7a6f-4ffa-bc5c-e115dd3929dc,legacy,
slab_marble_santa_marina_a88ee7de-0e81-45f4-870d-9d66e962695f,legacy,
slab_marble_santa_royal_2beeb8ea-040b-4a23-8a3c-0ca3a958a6bd,legacy,
slab_marble_santo_tomas_d4516149-e5fa-4b87-860e-40a48fdd1527,legacy,
slab_marble_santorini_white_83317ad5-26a9-4dac-8990-ecf34d10332a,legacy,
slab_marble_sao_cristovao_b91fbcb0-3bdf-4a91-ab99-b1310bb377e0,legacy,
slab_marble_sapanca_green_3f69bd7a-769d-45f5-808e-12d4d18f8244,legacy,
slab_marble_sapphire_green_fb67157e-cdd1-4867-90bb-3fc2574524fd,legacy,
slab_marble_sapphirus_dark_dd2c024a-f884-40d5-85fb-4097fc9004d7,legacy,
slab_marble_sapphirus_light_d25078da-a030-4ba9-92e5-f89a493e7113,legacy,
slab_marble_sara_cream_9d23dfd9-91d8-4d51-940f-a5df4b8d730e,legacy,
slab_marble_saraburi_white_grey_65b6e4af-beb8-4463-86a2-be731fa03d08,legacy,
slab_marble_saraburi_white_pink_df3e3ef7-b059-4e60-98dd-6d8964296e2c,legacy,
slab_marble_saranda_e8df2052-a859-4be4-9394-8e4cd756240e,legacy,
slab_marble_sardis_dolomiti_f08ad953-8834-413a-afea-aa213cb0b6be,legacy,
slab_marble_saricakaya_beige_275cf8b1-e3d2-4fd8-9f8e-6dbda523109a,legacy,
slab_marble_sarika_beige_557c2fba-434d-475b-a33c-c3cdacc345f8,legacy,
slab_marble_sarila_a2129014-846a-4762-8e71-736cff3d4f6f,legacy,
slab_marble_sarrancolin_ilhet_0e035f30-b286-4ac3-bd39-50687b9453ee,legacy,
slab_marble_sarrancolin_versailles_0156c4eb-0e2c-46dc-a327-91d3c805ed5d,legacy,
slab_marble_sarsi_4aa34ff5-6243-4684-9505-4f5bc9615302,legacy,
slab_marble_sasso_rosso_1239e68a-b51b-4fca-8872-a87137ec947d,legacy,
slab_marble_satin_extra_beige_a5610478-a0ed-4d79-b0b7-3170673af511,legacy,
slab_marble_saura_brown_1e6df262-7d03-4db0-b4a6-ee3180626311,legacy,
slab_marble_savana_grey_1777d88e-62f6-4c50-b62c-d545ceaaace8,legacy,
slab_marble_savana_pearl_095e4f80-bd0e-46a1-88b2-b57565e8f8c9,legacy,
slab_marble_sayanski_ad75e2be-ba8d-43d5-a047-d6a52f514f23,legacy,
slab_marble_sayansky_pink_259ae449-18ff-4c88-abf0-424919f7feca,legacy,
slab_marble_scandalous_ab918187-3418-4c7c-8b36-7fc8bbb5b78a,legacy,
slab_marble_schlossberg_kristall_a92e1aeb-005b-469d-8ff2-42a96b9a202e,legacy,
slab_marble_scorpio_90790b5a-1fd9-42ad-a837-f1166bc23bb7,legacy,
slab_marble_scorpion_brown_7ed59b54-5887-4c96-afc4-e44e22dc8771,legacy,
slab_marble_scottish_gray_2be1e599-5f2e-406b-b764-5f10a6f3ddcb,legacy,
slab_marble_screw_cream_7f6268d2-f5b5-44ef-a4f6-998486e71a5d,legacy,
slab_marble_sea_bell_799be521-a1c1-483e-94f3-d87401a65d05,legacy,
slab_marble_sea_grey_298ccb77-7bcb-4727-8fe9-2d91b54b6d10,legacy,
slab_marble_sea_pearl_68762ae0-21e8-4d08-997e-301dea770dcd,legacy,
slab_marble_sea_pearl_violet_4f0f4437-bff6-4624-a0a0-eb552c1d2484,legacy,
slab_marble_sea_reef_029f18cb-b7bc-486e-aa21-fd783a69cc1f,legacy,
slab_marble_sea_star_666a502f-cce6-4abb-bcd8-5fe18653a3b8,legacy,
slab_marble_sea_wave_67ac6f90-d782-4522-a328-cddf273652e2,legacy,
slab_marble_sea_wave_grey_f4b3fb67-2a4a-4979-bf14-1f3d858cffd9,legacy,
slab_marble_seacoast_grey_2470ac7d-cf06-4552-ab79-ce4747e857b6,legacy,
slab_marble_seashell_f650b51a-5575-4488-b841-a684f5f899f0,legacy,
slab_marble_seattle_beige_1f5d73b7-6e84-4eb6-b9e3-f69bd00c94d9,legacy,
slab_marble_seattle_gold_45a166ac-222d-4753-ae05-78c7c7a0badd,legacy,
slab_marble_seattle_gray_9da01cc8-4354-45b1-afcb-b9bf665dbb86,legacy,
slab_marble_seawater_green_2fe4d70b-1d78-479d-b1e0-355f9c5b56ff,legacy,
slab_marble_sebastian_beige_39c53d8f-f373-4ba1-9dcd-f6926d4f08fc,legacy,
slab_marble_sebastian_grey_a9a1ebf5-c897-4349-8d62-d1711f37ea13,legacy,
slab_marble_seben_emperador_459d761b-0ecd-46df-95b6-bef237e767d3,legacy,
slab_marble_sedef_white_fd0c9da6-2987-47a9-b61b-1dd213670fae,legacy,
slab_marble_sefid_sahara_f387bbd3-bac7-45bd-b6ec-1a6f0ca4fb48,legacy,
slab_marble_seiqali_gandomak_686f8d7d-d558-4d21-a596-f9c0847da487,legacy,
slab_marble_selas_ff173f94-0491-4631-b682-77b8bdfeeb61,legacy,
slab_marble_selen_beige_734bafba-c4d7-4f38-acc6-b538259dc272,legacy,
slab_marble_selim_a341b920-4428-421a-81ad-c9e68c2fd940,legacy,
slab_marble_semirom_1fba6cc7-964c-4892-bdfb-37b25dd25567,legacy,
slab_marble_semirom_kochaki_3094d813-3d8e-4099-8ed6-6d4e97934cf0,legacy,
slab_marble_sequoia_brown_679314c9-d11d-44d7-8389-da70f82966b5,legacy,
slab_marble_sequoia_grey_aceb36eb-252f-4d45-8323-e02a6b8a81e8,legacy,
slab_marble_sera_brown_c83f4f9e-db6a-4828-bd36-8df996706826,legacy,
slab_marble_serpagenty_e83ffd1c-8adb-4dbe-9e55-d38d97689e41,legacy,
slab_marble_serpeggiante_apricena_8d985fe1-1d1d-433a-85f4-817b399afe93,legacy,
slab_marble_serpeggiante_chiaro_7b10c9a7-2653-4be2-a2d4-74e0f61c0a39,legacy,
slab_marble_serpeggiante_classico_trani_28fd2f86-27a8-4d51-9e9a-b9e3bf933b62,legacy,
slab_marble_serpentino_verde_vittoria_698c7fd4-ef25-48b7-8681-1f9686adc6cd,legacy,
slab_marble_sesame_black_bc4b68e6-400a-4c24-ab2d-a174e89a7981,legacy,
slab_marble_sesame_light_beige_eb40ba82-3a48-44a1-88ce-db39213bec46,legacy,
slab_marble_sesame_white_9ce27251-2fe1-4ac4-bb18-90115f5b6692,legacy,
slab_marble_seven_colour_64d69019-2a6c-489b-9dc0-3d35271a0357,legacy,
slab_marble_seychelles_04897576-0ab8-431d-bb77-b8ac33256324,legacy,
slab_marble_shaanxi_rosa_salmon_ac1798ee-b05f-4431-a016-b2475e597ed6,legacy,
slab_marble_shaanxi_white_2bbeedb9-4bc9-4ba3-93c4-483e9c703a52,legacy,
slab_marble_shadow_grey_22d0d9d2-cc2d-48e5-88e8-9da44b6b496d,legacy,
slab_marble_shadow_storm_71da04bc-fc3a-496c-b73c-3270f9573ac7,legacy,
slab_marble_shadow_white_b0e6e59f-9f70-46aa-a711-ff9bdeb28be0,legacy,
slab_marble_shahyadi_0bb18367-eb34-4d79-b914-7da61b9ace20,legacy,
slab_marble_shaliz_cream_2dd36f0b-be21-4e43-9007-ec5b4e0886d1,legacy,
slab_marble_shampoo_beige_a152b7bf-7f95-4537-91c7-25ed78d33208,legacy,
slab_marble_shandian_beige_c11150af-a460-478e-a529-8d0492504c9e,legacy,
slab_marble_shandien_beige_6da1e028-e8d0-4bc1-8146-655c7923fa51,legacy,
slab_marble_shangrila_white_d194e262-f9e1-43ed-8010-cd283d960603,legacy,
slab_marble_shanna_b0588c98-fbf3-424e-b0df-75d9c0d89020,legacy,
slab_marble_shanxi_green_c81789ee-dfa5-4eae-a0dc-1c2aa202c67e,legacy,
slab_marble_shaoyang_black_287c4c84-0e2b-4b76-bc6a-62d3d2a1a2c0,legacy,
slab_marble_shayan_07e57751-ab11-450c-8b82-dc90baab0c9e,legacy,
slab_marble_sheida_cream_da079b25-f1a0-447c-a84e-5d85690a0324,legacy,
slab_marble_shell_beige_7a40e6ae-2c5e-4544-942b-fd350eda512e,legacy,
slab_marble_shell_white_ded9b6f0-4ce0-49c3-a16e-8f0bb0e4dd49,legacy,
slab_marble_sheraton_beige_dc9cba45-1675-4410-b493-78cc4768f427,legacy,
slab_marble_shilin_beige_9de5f66f-e6de-45e3-bd9f-292f3c944de0,legacy,
slab_marble_shimian_green_74c1130e-bc7b-4c5d-a16e-1e46538b7ea2,legacy,
slab_marble_shining_balls_d83f8522-29ab-43e7-a2aa-8f94fc6eef51,legacy,
slab_marble_shining_cloud_ea4b3071-1f71-40d6-88bd-ba96b9a133a0,legacy,
slab_marble_shining_pearl_0225903d-58b2-431b-8364-2dd864217769,legacy,
slab_marble_shirley_beige_c8850b93-ca1c-45ed-92d2-680948f0857c,legacy,
slab_marble_siatel_ffe27dc0-a8b7-4aee-ae8e-3651c5afdd20,legacy,
slab_marble_siberian_beige_657950b9-e249-4ebd-8c8e-ad3ddc3fbce8,legacy,
slab_marble_sichuan_beige_a94dba55-2406-4e33-8735-0b97c4eb31cb,legacy,
slab_marble_sichuan_black_cda25cc9-aa26-43e4-98af-e794829413e3,legacy,
slab_marble_sicilia_brown_2b1f9382-c4c1-4dad-b421-fac461c74071,legacy,
slab_marble_sicilia_perlatino_3d13f730-28ec-42ec-a858-67394037e538,legacy,
slab_marble_sicilia_white_7bc9c1d4-86b9-430a-a572-15af73b43295,legacy,
slab_marble_sicily_breccia_38a50975-69ab-4106-9576-ce7883ed7ea7,legacy,
slab_marble_sicily_grey_45a6cc11-5c55-4744-aa2b-12b755ce5a99,legacy,
slab_marble_sidi_kacem_905f7e52-c72e-4857-b597-4e5338380a1b,legacy,
slab_marble_siena_beige_b33e2819-4fd3-45a4-8561-3f27db4603ca,legacy,
slab_marble_siena_gold_classico_c6fcde76-8ade-4449-a323-eafb57fd82ce,legacy,
slab_marble_siena_grigio_64ad5ff8-b604-4574-b924-582ecfe0be86,legacy,
slab_marble_siena_white_69425390-34d2-48b3-ba71-104b41fa43e7,legacy,
slab_marble_sienna_brown_177f81b3-1054-43de-9282-28212fcd465f,legacy,
slab_marble_sierra_madre_2a1b06a9-3b4d-4c5b-8a8e-03812aab86be,legacy,
slab_marble_sierra_pearl_e11b3dfb-a619-44b2-8e9e-44270d632747,legacy,
slab_marble_sihamoni_ruby_2b57f594-767e-4843-8167-851a864c2652,legacy,
slab_marble_silence_grey_101d9ead-0d16-41b8-9762-65be4b1403e8,legacy,
slab_marble_silicka_brezova_878dfab5-b61d-4145-8b50-7c4297b10bec,legacy,
slab_marble_silifke_beige_7acddf60-5b02-4d27-9c79-a3f6e502cdac,legacy,
slab_marble_silit_aa13e752-18ff-4f70-b835-179ce1161b0c,legacy,
slab_marble_silk_bayat_29fe1661-7d93-4e44-b0f4-6c782fc022ef,legacy,
slab_marble_silk_beige_e68460c4-da68-41bd-877d-5df4d433d342,legacy,
slab_marble_silk_dehbid_6ceb18b5-2837-4b6d-8d21-1adec5ffb4f8,legacy,
slab_marble_silk_espiner_96845df4-e9f4-4c26-ba59-8b9ef702b9e3,legacy,
slab_marble_silk_hashemi_6752d9ec-ffd0-40b7-a000-62d929221235,legacy,
slab_marble_silk_jadid_ff743711-2066-4c36-88ea-f8eda13df01c,legacy,
slab_marble_silk_road_b12c678c-f63c-4166-94cf-865f1b61996e,legacy,
slab_marble_silk_white_2df2934f-580c-4ab3-bbf2-96e4285fd435,legacy,
slab_marble_silk_yellow_97443d5a-1f76-4a7a-a933-af6170fba3a5,legacy,
slab_marble_silkway_beige_eaf94d90-54e6-40bf-a6bd-412904f9c2aa,legacy,
slab_marble_silkway_intense_fossil_dc20936c-d93f-4393-835b-61c0b75cada0,legacy,
slab_marble_silky_wood_442b76fe-4bac-4f94-a0bd-c93a3dfc1d00,legacy,
slab_marble_sillion_99d45958-aac4-40af-bf46-762ee14cdb26,legacy,
slab_marble_silver_53958647-d048-404d-99d6-35c9da4d1d01,legacy,
slab_marble_silver_azul_0d3e882b-6322-49cd-8f9b-4030537b6297,legacy,
slab_marble_silver_belinda_b6071478-4f8d-473b-aea3-2a09f79c55a3,legacy,
slab_marble_silver_botticino_65ba7ddf-c614-4ad4-8eab-8bb7451dea2b,legacy,
slab_marble_silver_carrara_9bb9a132-50f0-48a2-8d5e-b1d999f5f873,legacy,
slab_marble_silver_cast_212b389d-5680-4f6c-b6dc-dba731328b55,legacy,
slab_marble_silver_cloud_91b1abf5-db2e-4cbd-8e34-f97130d8a47f,legacy,
slab_marble_silver_dark_658bec27-0b5e-4c33-8289-c7b62b40266c,legacy,
slab_marble_silver_diana_dfd41c08-4eec-4f98-96a2-ff21c9d796f0,legacy,
slab_marble_silver_dusk_c90a27ba-6573-45ad-ab17-8151d58b83d1,legacy,
slab_marble_silver_fantasy_81fb5c2f-038d-4a3c-b99d-eabd03129b49,legacy,
slab_marble_silver_fox_2cd05c4a-5188-4033-83cc-62bf55fe3ae4,legacy,
slab_marble_silver_galaxy_5c125f48-65a0-4a58-8957-73b7f62ee9d4,legacy,
slab_marble_silver_gray_dragon_243b7b16-0ac6-4a59-9c54-ce2c55e873c1,legacy,
slab_marble_silver_grey_a_f0daa63b-42b9-4735-98dc-46671fe2f97e,legacy,
slab_marble_silver_ice_0dfb7b50-33b3-4a73-afce-3efca60f54f2,legacy,
slab_marble_silver_karaman_241044b4-031d-4feb-81ca-00323993c660,legacy,
slab_marble_silver_lake_13395078-76b2-42aa-8ecf-3b5e4b99c6e8,legacy,
slab_marble_silver_light_4c5791d4-6f8d-41c5-b604-4a604be7a6a8,legacy,
slab_marble_silver_line_4be8d915-7e63-4a85-8d99-2308ce270bf1,legacy,
slab_marble_silver_marmara_aeadec4e-8a25-4fb6-aed2-82b684f80e8b,legacy,
slab_marble_silver_mist_ee860699-4baf-48c1-bc7a-198f414ab3ed,legacy,
slab_marble_silver_moon_b80bc8c2-610a-4fa4-9187-a0539c32f6f4,legacy,
slab_marble_silver_olympus_af23e52b-aea0-4bf9-93d0-b4b04b72ec63,legacy,
slab_marble_silver_pearl_grey_dc45890c-ea2a-421b-a194-307afa262c47,legacy,
slab_marble_silver_platinum_373b1003-36fb-48d2-9b42-991c65a6361f,legacy,
slab_marble_silver_spider_6f0c7366-b165-4265-a8fd-e2587adcadf3,legacy,
slab_marble_silver_star_2315fb25-81da-45aa-8391-412086767ef9,legacy,
slab_marble_silver_stream_fa3b6d84-4b64-4dbb-a052-5f6330271582,legacy,
slab_marble_silver_wave_brown_b1db2a61-47f9-4215-a46a-5abf4716c4eb,legacy,
slab_marble_silver_waves_ffa17891-3bc0-4d8f-9ae4-d4894015b864,legacy,
slab_marble_silver_west_9ab917b5-deaa-43da-a39c-e7705f781240,legacy,
slab_marble_silver_white_78a3aa28-3dee-4917-9af6-4c78768411a2,legacy,
slab_marble_silver_wood_a148bbb1-7c5f-4f71-9d6a-ec390f25b431,legacy,
slab_marble_silverow_29bb70e9-bdb3-455a-91be-f964f0aec5e8,legacy,
slab_marble_silvia_33870c74-0a9d-4d50-8ca5-ba902d225ae8,legacy,
slab_marble_simakan_brown_7c76e299-4d51-4ed9-bf17-e5b685f2fd49,legacy,
slab_marble_simakan_shandy_beige_677a93eb-0576-4ff7-a551-f77e506e642c,legacy,
slab_marble_simi_40ff5ac1-be51-4464-9006-284f5dd49373,legacy,
slab_marble_simon_9f6d1f8a-688c-4021-821d-98a2f025f658,legacy,
slab_marble_simone_c3ae2f2b-d0fc-463f-a840-44f58b5f548c,legacy,
slab_marble_sina_beige_83d1dba7-f25b-4fd5-a97b-5ff74d1ced32,legacy,
slab_marble_sinai_dark_grey_d4db3db6-4bc7-4c4e-83cf-1c4121209533,legacy,
slab_marble_sinai_pearl_687e3ecf-419b-4c53-9b3b-64535212fab3,legacy,
slab_marble_sinijana_2740ca35-287d-4df6-a6f5-7772fb736a43,legacy,
slab_marble_sirdjan_chini_b940ee76-bbfc-4fb6-b312-2f8c410b9bd3,legacy,
slab_marble_sirjan_03bb70d2-a837-4d87-b2b6-3afa520a422d,legacy,
slab_marble_sitovo_pink_c864846b-2d63-4f01-9341-ff458b631583,legacy,
slab_marble_sivas_cherry_9d642c10-8b70-46ea-9518-2fec0c7adc1a,legacy,
slab_marble_sivas_white_bddb2430-ae47-4384-83a4-1d659018cd78,legacy,
slab_marble_sivec_classico_53a054c7-d224-487b-a981-e53e83f02aa3,legacy,
slab_marble_sivrihisar_c432f6c1-c69e-41af-b27e-93125ae5552c,legacy,
slab_marble_sivrihisar_beige_52dac097-e4ef-432a-9c70-77b474f58747,legacy,
slab_marble_sivrihisar_crema_beige_c3b0cc5c-8e11-43ea-841b-ae7132cf6b0e,legacy,
slab_marble_sivrihisar_rosalia_904a088b-ccf4-4a3b-bc48-8c25a842df87,legacy,
slab_marble_skiathos_da790698-4a93-49b4-8153-56ec42fe5d03,legacy,
slab_marble_skiros_ae6a18fb-4d57-4869-9666-fbc65daafa4a,legacy,
slab_marble_skiros_antico_55d541a8-4695-4108-8395-4711e7d45c88,legacy,
slab_marble_skrzuti_345bb56a-d89b-45bc-9662-51d8a3ebd04c,legacy,
slab_marble_sky_blue_white_06786e84-a4dc-45a3-ae32-95f4a96c85e5,legacy,
slab_marble_sky_bolkhari_d963b97e-9e38-4fbf-a158-29db7091ea43,legacy,
slab_marble_sky_light_gray_f921c87d-e914-4a81-a5b8-382221c2e51f,legacy,
slab_marble_sky_line_3e420bac-ccd3-4e5f-9405-aa17fd1ee843,legacy,
slab_marble_sky_moire_1935dd87-39f0-4a17-99f0-d75a7bc1877f,legacy,
slab_marble_skyfall_255d54b2-468d-4756-8c1a-d1141bfc1b48,legacy,
slab_marble_skyros_aegean_blue_8adc248d-528b-49a8-b950-bc4eb45b4265,legacy,
slab_marble_skyros_clouds_9cc92cf8-0d51-4216-8ba3-2a8979977a0a,legacy,
slab_marble_skyros_flower_67f10fcc-d571-441b-933b-ac8add4bb5cd,legacy,
slab_marble_skyros_sea_shells_e55c4c40-37d0-4a5f-be95-0239a7e7d000,legacy,
slab_marble_skyros_silver_5ab93b3b-cee0-4ea0-857d-32ecb71e18ba,legacy,
slab_marble_skyros_silver_light_904ef3f1-31b9-45e9-9a7a-fba274dba5c2,legacy,
slab_marble_skyros_yellow_whitish_80a94f43-b673-4265-ad76-d7f9ddca93e1,legacy,
slab_marble_slivenec_affce1da-fc23-45fd-bd89-2dcf528146f6,legacy,
slab_marble_smoke_dark_888536b3-0723-4e0c-b313-d63431f85afa,legacy,
slab_marble_smoke_vein_a40ca93a-6cf9-4b28-b8b0-0d1973fdab72,legacy,
slab_marble_smoke_white_ae8c8887-5469-46ee-bc4f-0a207f15b9c2,legacy,
slab_marble_smoked_27309bd9-49b7-4da9-98fc-1e30e5dfb987,legacy,
slab_marble_smokey_985bf3b4-0ba8-4146-806c-802c527eca4f,legacy,
slab_marble_smoky_black_101e2287-f16f-49a2-9bc8-ecb47f47ba19,legacy,
slab_marble_sneznikov_603f3487-810a-40c3-b336-2449806e06d0,legacy,
slab_marble_snowflake_black_c9b3e81e-5106-4e4e-a5d2-29748dc7432a,legacy,
slab_marble_snowflake_gray_babc77b8-4f84-4093-9084-f8ce3e374268,legacy,
slab_marble_snowflake_green_f18ca387-965f-4217-aae9-fa10a25d71c5,legacy,
slab_marble_snowflake_white_2d6637d4-a9d6-44a3-b1fa-a568c2940588,legacy,
slab_marble_snowy_mountain_b2bb7385-9053-4bab-a503-fe8451cf1b40,legacy,
slab_marble_sodalite_4e05374a-b1da-46f6-9f23-d6d2d63b2585,legacy,
slab_marble_soelker_gruen_6b87a61c-a9ba-422f-8682-dc1f254453ad,legacy,
slab_marble_sofia_beige_0d0bef9f-8559-4e07-afeb-4d2463fa4333,legacy,
slab_marble_sofitel_gold_e12098c2-8171-4fe3-9fab-c7265b9f2b16,legacy,
slab_marble_sogut_gold_e3f4db6a-9a2e-4b97-add8-549b928468f6,legacy,
slab_marble_sohar_e05d8103-f57f-41be-a784-2d3c5d021430,legacy,
slab_marble_soho_grey_3e81ff46-ac5f-4efb-8e77-3e198ff09e82,legacy,
slab_marble_solamoon_f223d5b4-bffb-442a-b12b-df30b6562aa5,legacy,
slab_marble_solana_f037b172-8bd0-4040-8ca3-075307b411bd,legacy,
slab_marble_solar_grey_f14b7ea8-4515-42a2-93c2-14fe82dbf678,legacy,
slab_marble_solo_grey_80bfff8c-44a3-4c6f-ba48-ee36a115aaa1,legacy,
slab_marble_solto_white_bceea9f6-3a3c-4b50-9ded-4a151c88be1d,legacy,
slab_marble_sona_beige_ab7687bc-d3bd-4b78-8112-4e4af7d97cb2,legacy,
slab_marble_sonal_white_b7ff917d-1389-446e-9f8a-c53a7c3a6b24,legacy,
slab_marble_sorati_4f7c8c3d-0482-4034-980e-0ad4df95f0ec,legacy,
slab_marble_sorati_abade_dbaf899e-a445-4c83-a72a-0941bfa0d888,legacy,
slab_marble_soren_black_f329ac04-c09f-4b68-94f6-84514b875f81,legacy,
slab_marble_soul_beige_5b61abd1-9a98-4fb0-b18e-03bf6242d70a,legacy,
slab_marble_soul_grey_4aa03de6-375d-418d-a967-5c47e4de7424,legacy,
slab_marble_space_grey_b0fdba95-b210-4470-a03f-af6f7ede6d15,legacy,
slab_marble_spanish_gold_ef51398c-e8d0-4186-9dc6-dcb020565353,legacy,
slab_marble_spanish_grey_1a05d5d2-1a34-4158-a2f7-74e5c982ae40,legacy,
slab_marble_sparkling_calacatta_aa6ed07b-57ae-4767-8c64-3f0d5753fe6c,legacy,
slab_marble_sparkling_carrara_e3267449-8253-4a5a-bf25-d2b43f837002,legacy,
slab_marble_sparkling_galaxy_09f8bc38-22c4-41fc-8e08-3436517bfa57,legacy,
slab_marble_spartan_beige_98c43cc7-d1b0-4e21-9e87-fad34884f2f4,legacy,
slab_marble_spica_5e4364cf-3142-4cb1-9c8c-0879ef291fd5,legacy,
slab_marble_spider_golden_ad3640ce-7f92-4937-bc00-caa60940f59d,legacy,
slab_marble_spider_green_d1a401a4-e74f-490e-b7ab-f906485a729d,legacy,
slab_marble_spider_light_953c5b06-f848-42ee-8d55-38cd646d5faf,legacy,
slab_marble_spider_red_1bc2cb7b-d91a-466f-808a-034d46444d0a,legacy,
slab_marble_spinas_84b7876c-9c8a-402a-898b-001ec0127b24,legacy,
slab_marble_spirolina_rose_8e2838f3-6fc2-485a-b992-a673c2a86ad3,legacy,
slab_marble_spitz_gruen_32ae4aae-1568-4cdd-9521-64b6235fd8fd,legacy,
slab_marble_spring_wave_15e28eb8-552c-4e19-881c-50bb3cb0e61b,legacy,
slab_marble_spring_yellow_85fdedad-5cde-45ab-9844-3575ea5fa490,legacy,
slab_marble_spyder_38daf428-9a5c-4eea-940b-a649229b4dd6,legacy,
slab_marble_st_andrews_d364eb0f-6014-4e5b-91ed-d65ebf11c71b,legacy,
slab_marble_st_annne_arudy_64113300-a569-4414-964a-38c984f29f80,legacy,
slab_marble_st_benedikt_5c9b3bed-b0c7-4fa0-8c94-4d603386358d,legacy,
slab_marble_st_croix_brown_f109d1da-0e53-4b35-8d8b-2a9679af62e0,legacy,
slab_marble_st_julian_7f71e394-bee1-4c62-b462-e044d5c655d5,legacy,
slab_marble_star_beige_75430b3b-ce0f-4f0e-9d12-f67ee463c961,legacy,
slab_marble_star_bucks_beee2298-1f85-4b25-8a52-a5505d72689c,legacy,
slab_marble_star_gold_1bb0b0e0-a795-444c-9fdf-7329e79ae430,legacy,
slab_marble_star_white_d9c0c4b8-6094-497a-bcc3-f9608316b5c6,legacy,
slab_marble_starline_e07e65d9-e7a1-4a7a-adf8-648313309892,legacy,
slab_marble_staroladozhsky_19097a29-acfd-429d-9ae3-06e878fc56b7,legacy,
slab_marble_statuarietto_55a0eba6-cd02-4493-90fc-39e753ab3af1,legacy,
slab_marble_statuario_ango_791781f7-9e50-4373-90b6-0725f65c3b75,legacy,
slab_marble_statuario_belgia_dd930d32-9dd6-4dc8-9b73-d98d30003c78,legacy,
slab_marble_statuario_cervaiole_b6e870b4-7998-443a-a6b8-92bcf64ca508,legacy,
slab_marble_statuario_michelangelo_877b9e69-41fe-43ef-98ac-292c956022bb,legacy,
slab_marble_statuario_mina_reale_d6e5f858-6490-4de8-8893-76981eebc4cc,legacy,
slab_marble_statuary_8a976921-ea80-400f-926c-97e3354eff32,legacy,
slab_marble_stella_alpina_8619d70a-e7d7-4094-984a-6dd0546cd075,legacy,
slab_marble_stellar_wave_c357d3c0-c119-415a-a495-fa998ed3dc61,legacy,
slab_marble_stellar_white_32c1874d-a689-4ed0-81e8-d0e48a695dd6,legacy,
slab_marble_stenopos_a9fc9587-6528-4442-baf9-d86d0794eb1b,legacy,
slab_marble_steppe_grey_ba56b48a-682f-49f0-91eb-e273a07fb4d7,legacy,
slab_marble_sterling_grey_e38fd860-d27c-4f19-ae1f-a7aaedafa660,legacy,
slab_marble_stilvon_black_gold_31c7535a-6fd5-401a-afd5-ebe28b4b9b45,legacy,
slab_marble_stilvon_black_white_58d722cb-bcec-4df9-a641-de12dd18dcc8,legacy,
slab_marble_stin_gray_fab59d58-e306-4236-9222-947565cca28a,legacy,
slab_marble_stinger_grey_b81cbd4f-01e8-46cf-984a-3540ec63dfed,legacy,
slab_marble_storm_gray_a7f9d7bc-c41b-4355-b9dd-aa92aafd4af9,legacy,
slab_marble_stratus_ff460d1c-a229-4167-8a07-6b173d3c888f,legacy,
slab_marble_stratus_danby_ec92140b-549c-42da-b526-7f8d7db568d7,legacy,
slab_marble_striato_ducale_67d97770-411e-42c2-b353-83d0ab0ebbf4,legacy,
slab_marble_striato_grigio_ecb1fe8c-e03f-419a-b18f-25117d809e77,legacy,
slab_marble_striato_olimpico_e6a9e765-8fb6-4864-8e5f-c3202de65f27,legacy,
slab_marble_striatto_4037c2a1-35eb-4974-ba6e-91303d316a24,legacy,
slab_marble_striped_white_34b96eca-bc37-42fc-882a-fb66487e3451,legacy,
slab_marble_strissiato_a5cd2505-8ab5-4149-a9d6-95593d570d80,legacy,
slab_marble_styra_green_76d35e6d-f683-4f3c-862f-8855f3e985f2,legacy,
slab_marble_suchomasty_8d004982-3d94-464a-a215-6affd2be3afe,legacy,
slab_marble_sugar_beige_a7915841-1df3-495a-9130-8702b480ed77,legacy,
slab_marble_sugar_cream_ad59399a-34c4-4ec0-8182-c991f0b9a340,legacy,
slab_marble_sugar_pink_a250d647-0506-4251-86e6-0c9abf7ce7da,legacy,
slab_marble_suhogerll_77da891f-46b4-4aae-acaa-d51c04ebf543,legacy,
slab_marble_suli_blue_838d7ac1-be19-4afd-b99d-00479a1b5ff0,legacy,
slab_marble_sultan_gold_9d462609-e808-458c-8baa-bceb3c806813,legacy,
slab_marble_summer_brown_85cda2b7-2171-4ee7-ba6f-889a9718391f,legacy,
slab_marble_sun_white_769b9d29-3dc7-43fd-9299-8439d95a2bbe,legacy,
slab_marble_sunk_pinolith_97686b5a-55fc-41a7-9e4f-ff03bd967a18,legacy,
slab_marble_sunny_dark_7771ca79-1d27-4ae1-8855-abba2d664ffb,legacy,
slab_marble_sunny_grey_a40d441e-f722-4404-9924-08746a5dae84,legacy,
slab_marble_sunny_rose_d0e2e874-2ecf-4c17-9bb2-8734386b4d94,legacy,
slab_marble_sunset_39bbdd69-0a34-40a1-a41e-c371078d0d77,legacy,
slab_marble_sunset_glow_red_48729c09-7f1d-40d3-876d-5c10a7a19fd5,legacy,
slab_marble_sunset_grey_5e1bfa5d-ea16-4301-8c15-7ca91e1fb98d,legacy,
slab_marble_sunset_pink_e40dc2de-6475-466a-a194-0d3360b4e55b,legacy,
slab_marble_sunset_wood_1ad2f833-f024-4006-81a2-f7428d4262a7,legacy,
slab_marble_sunshine_2bf1de49-1215-456a-b87d-638ceec1182b,legacy,
slab_marble_super_lilac_4ec1604c-50d4-430b-ad6f-3911143f7b32,legacy,
slab_marble_superior_547f03ce-fb4d-4961-98ad-7c6eb30b79f1,legacy,
slab_marble_superior_altius_54b52f0e-b722-4eb1-b07a-39aafbb71225,legacy,
slab_marble_superior_dove_d6df870e-0f3b-4851-af31-f98f13c87739,legacy,
slab_marble_superlative_544788c4-e23d-4493-a411-46d1fe7c6904,legacy,
slab_marble_supikovice_c4dc83d2-ba4b-41b0-9721-060cc3a4df58,legacy,
slab_marble_supren_bordo_yellow_43102eeb-ae5d-43b5-9818-de5b3a0c35df,legacy,
slab_marble_sutluce_beige_9877f679-b3ca-407d-8455-970f6141f034,legacy,
slab_marble_swiss_white_b364bea0-3967-4ad7-aa0a-e060708cd988,legacy,
slab_marble_syan_red_cream_b88fc8c1-97e6-47af-b955-053d1a02a605,legacy,
slab_marble_sykis_a0426ca2-9306-473b-934e-5c3d8f12f4fe,legacy,
slab_marble_sylvester_beige_4b2ad826-d8c3-4dee-85f5-e15bcb6f858d,legacy,
slab_marble_sylvia_pearl_7db599e4-0d4e-4e6c-a7b3-600609fc74aa,legacy,
slab_marble_sylvia_yellow_7738cc85-6984-4bd4-9303-d7553b24f8f6,legacy,
slab_marble_symon_2ddaa0a3-b1eb-427f-84d1-d7b0434dc7c7,legacy,
slab_marble_symphony_cream_15e7f6cd-aa2b-4b2d-b438-058d3ed62fb2,legacy,
slab_marble_symphony_sands_9cc36319-4d99-49ec-813e-313dbded0c3b,legacy,
slab_marble_symphony_white_9a3e6403-adea-42dc-ab73-75536b15688c,legacy,
slab_marble_synada_antique_e49aab2a-00eb-470a-8d71-28b02e8c4a62,legacy,
slab_marble_synnada_brown_000507c2-b46c-4a5f-994e-e7f8ed9e3453,legacy,
slab_marble_syria_spider_beige_9b2b93b2-8177-4820-ba6e-15472661cd3f,legacy,
slab_marble_syrian_emperador_8ebe9e79-3d1f-4d87-8c3b-be02c509e004,legacy,
slab_marble_syrian_ruby_521158dd-0dce-4991-b658-8ec4f1d7e5ca,legacy,
slab_marble_tacoma_grey_9fb24ceb-3df9-4ba3-9e97-dc411462348a,legacy,
slab_marble_tahiti_blue_164173f1-cb15-47bf-9bfb-443a6b2a4f23,legacy,
slab_marble_tahiti_pearl_56da1b0e-0793-493a-bc01-24c935d3be80,legacy,
slab_marble_tahiti_white_2de8d85d-a59e-4850-8312-441bf733a7de,legacy,
slab_marble_ajmer_white_847fa767-db9b-4234-b8ee-79becdaecf92,legacy,
slab_marble_takhtak_997d23b0-a805-467a-98a5-1a102e634f11,legacy,
slab_marble_takun_pink_038b252d-91b3-43b6-94fc-d38ff19b821a,legacy,
slab_marble_tala_barone_02c2079d-366d-40a7-9be9-69fb6563dbda,legacy,
slab_marble_talathello_dimaond_038b05c2-98c7-45c3-abfb-87c99785bce4,legacy,
slab_marble_talli_blue_602375bb-5a68-4bbd-b463-8b92580db225,legacy,
slab_marble_talli_green_e5cbccee-a9e2-4036-ad17-31ef84d762f3,legacy,
slab_marble_tally_green_2bfd6133-3f0b-4f4c-ba0b-7ee23544a043,legacy,
slab_marble_tamara_grey_6b0212d9-268e-4e90-9bf1-be8622a33172,legacy,
slab_marble_tanley_beige_f5aa0fe9-29cd-43c5-a9ba-67c67a839f6a,legacy,
slab_marble_tanzania_sparkling_white_3e949409-1b3a-4822-88b5-a7b94f348ad2,legacy,
slab_marble_tapisa_bdccf85c-b67d-4946-9226-4214236327db,legacy,
slab_marble_tarahumara_e42e7ea3-b875-4789-bb5a-7fb56a94971a,legacy,
slab_marble_tardos_5ea72cd9-1616-4215-9573-f8a1480578c7,legacy,
slab_marble_tarn_1f3fe892-b157-41ab-bd71-2dc9eb57edd4,legacy,
slab_marble_tarnov_5de0314b-49e7-4a16-981a-8d79447e8a99,legacy,
slab_marble_tarsus_beige_c434ab6f-aa9f-4bae-85a7-1728faf18e5d,legacy,
slab_marble_tarsus_brown_5b7c456e-95b5-43a8-a67d-3810e53911fe,legacy,
slab_marble_tauergruen_serpentinit_aebb2ed0-bcd2-4050-9122-9e85db9cbdb0,legacy,
slab_marble_taurus_brown_9a304d6f-5680-4114-8b71-d0424de93daa,legacy,
slab_marble_taurus_rose_8d759d75-3ecd-4c5e-8eed-95b62ecd426e,legacy,
slab_marble_tavira_amarelo_7d29530f-b1a4-4f33-84c3-ca8ff2a494d4,legacy,
slab_marble_tawny_beige_fe2cde49-7ebc-459c-a719-3d76562cd5bc,legacy,
slab_marble_teak_wood_7c764bac-0761-48ae-b648-a70b80c7146e,legacy,
slab_marble_teflon_grey_fedf2f1a-a1a7-48dd-9e2f-1c9fcb452ee0,legacy,
slab_marble_temagami_pink_6f43cbb1-2547-4f31-8246-3e1a52afc959,legacy,
slab_marble_temiros_24852965-9699-4758-8dec-318908fcd2bb,legacy,
slab_marble_temmer_golden_brown_702b51d6-e800-4666-959c-35282d2ad82a,legacy,
slab_marble_tempisque_marfil_e65683a4-d611-4a8f-8b16-8bb23572d517,legacy,
slab_marble_temple_pink_1dbd2a1b-92e0-4a45-beed-726356685956,legacy,
slab_marble_tenesei_1dab8ada-6b3c-4591-955f-8d2e32b0d9e5,legacy,
slab_marble_tennessee_pink_078116b8-4a65-429e-a22c-eda76171c615,legacy,
slab_marble_teos_fire_9f5ae44b-bc1c-4ba7-acf5-e8a2f0bcd3c8,legacy,
slab_marble_teos_green_401f56a5-1f22-415a-a739-7d7bf6bbe692,legacy,
slab_marble_tepeaca_rose_3f2c643f-900f-427a-9e10-5b4178add102,legacy,
slab_marble_termeh_3eca1c26-81f5-4d3a-a978-f7542800fa2a,legacy,
slab_marble_terra_di_minorca_54e5865f-9fc3-46da-8a85-cc42908480bc,legacy,
slab_marble_terra_di_siena_04121590-e613-4886-8046-26ecd66da0aa,legacy,
slab_marble_terra_green_ec2323b6-f9a6-4c4c-a3ce-3e11d964db5d,legacy,
slab_marble_terra_marine_9f04c451-15b4-48e0-be91-c0c433b31950,legacy,
slab_marble_terra_mater_cec01570-db38-46c2-9320-60e4889b0d2a,legacy,
slab_marble_terra_nova_e7666680-913f-401c-a46a-7d928350c728,legacy,
slab_marble_terrasanta_bd66e8c1-9cd6-40b7-8307-c73aa4e1fc1b,legacy,
slab_marble_tersis_e137dfa5-2133-4e7c-9d9b-c054d61bdf96,legacy,
slab_marble_tesla_brown_68610d0a-9ebf-479e-8f7e-0f32b478c1e2,legacy,
slab_marble_tesla_grey_7bf8ed32-28ab-4c20-8eca-119cf1cc636f,legacy,
slab_marble_tesoro_bianco_6848db9a-9ada-4421-9fe8-f3d3e1edf611,legacy,
slab_marble_tesoro_blue_50118d67-a035-4e05-b449-5014556001d2,legacy,
slab_marble_tesoro_grigio_71124350-82e7-4b29-aead-4361da8918a6,legacy,
slab_marble_tesoro_scandalus_b8f5e7d4-f26e-40fa-a1de-986fee9bfadb,legacy,
slab_marble_tetra_beige_dark_8abf98b9-e42d-4169-9aab-c4533639a7fc,legacy,
slab_marble_texas_grey_234d5d5f-9371-4d8e-ae01-11687153c682,legacy,
slab_marble_tg_gray_88301f5e-3667-4796-81c7-e9f8945089e0,legacy,
slab_marble_thala_beige_d0b4906b-1e73-4cd8-af89-8d0d74d7f7c1,legacy,
slab_marble_thassos_crystallina_10229f50-4d2e-4669-b4a7-4467d57cc407,legacy,
slab_marble_thassos_fiorito_27c2189c-74e0-4eb5-91aa-da51f77a6e91,legacy,
slab_marble_thassos_imperial_69b86b71-2971-48e9-a8df-d383246a10a4,legacy,
slab_marble_thassos_spider_1ec50eb7-dd0a-4e98-b5ec-cb4608d4df30,legacy,
slab_marble_thassos_vein_e4fbc97c-d238-4467-be3a-0aa0fe186ff0,legacy,
slab_marble_thives_red_de0fbd32-b480-4d1c-a035-5fc6fdc9d9ae,legacy,
slab_marble_thomas_grey_bbed676f-afb3-4ed7-bfee-05a973b49ad3,legacy,
slab_marble_thora_beige_15727f6a-b2f9-4c4e-bb4c-5e9b372911d8,legacy,
slab_marble_three_gorges_rose_red_b64503fc-df5c-4691-ba8d-80060f212550,legacy,
slab_marble_thunder_debbcdbb-bf7e-4d34-97e1-6dc5a94cbe61,legacy,
slab_marble_thunder_cloud_0090f368-4b04-4522-ba99-a7e75c288685,legacy,
slab_marble_thunder_grey_4bf8f213-7c34-46cf-ae4c-838e6c7b8729,legacy,
slab_marble_tiana_bca5ab19-b4cd-4bd3-ae7b-a18f3c34e5d6,legacy,
slab_marble_tianshan_jade_7edc8665-35aa-457d-8712-1f5058d83bfd,legacy,
slab_marble_tianyun_beige_df481a12-ef33-4d94-8dda-e2e0107d2ca5,legacy,
slab_marble_tiffany_2984cafd-07fb-46a8-b55e-a259fc68f803,legacy,
slab_marble_tiger_d382c9fa-63e1-4b08-8c11-652db50702e5,legacy,
slab_marble_tiger_black_b1208fb0-c5af-4f67-8a4c-dc4a97b207e0,legacy,
slab_marble_tiger_emperador_b6d452e5-a8b0-49e2-bbf2-bcd76e2381b5,legacy,
slab_marble_tiger_grey_f572c818-d313-4b12-87ab-7b5ac9f6a462,legacy,
slab_marble_tiger_orchid_86b12f71-3cf8-4796-9476-3255023682b1,legacy,
slab_marble_tiger_parvin_34a79431-06f7-4e36-b8c9-186808fc9778,legacy,
slab_marble_tigris_2fad703e-cc0c-4d1b-975b-b9f3ab0fe586,legacy,
slab_marble_tilos_7e0154ef-e996-4e00-b2e9-bbe0f4809bca,legacy,
slab_marble_tinara_0dca9a59-c1b0-46b2-83ff-598de4581005,legacy,
slab_marble_tino_gray_6f41e23c-1221-47cb-8d6d-9aa9af1af5e6,legacy,
slab_marble_tinos_green_2d61cf13-d1c9-4c7a-96d4-995c7de55be7,legacy,
slab_marble_tippy_beige_bd6255cc-1f2e-41c9-aac5-abf67d951a8a,legacy,
slab_marble_tira_66396833-935b-4237-a095-0572672c83c7,legacy,
slab_marble_tiramisu_9c666e1a-32c7-4f97-9d96-fbf2d397b936,legacy,
slab_marble_titan_black_c4383fba-5fe6-4736-b249-edf83e6a10c8,legacy,
slab_marble_titan_imperial_51a8ed48-6545-458e-a650-ab8a885e1a9f,legacy,
slab_marble_titanic_storm_f3e657c3-e70d-428b-9bd5-d8ae3240a045,legacy,
slab_marble_titanium_grey_4b0d6a94-03ca-48f2-bd0b-c193d9e683dc,legacy,
slab_marble_titanium_silver_3f42b620-f4c1-4c4b-870f-e8dc1f637184,legacy,
slab_marble_tivona_rosa_44714ac0-f936-47dd-920d-d642dd931eca,legacy,
slab_marble_tizne_b706f759-ee4f-4f93-a0b2-f2d5f5523491,legacy,
slab_marble_tlupana_blue_grey_e2ebcacd-520e-4cda-b3dd-a3776ae6f580,legacy,
slab_marble_toffee_brown_ed598794-ab07-49f6-a223-086e500963fb,legacy,
slab_marble_toji_c0a9b15b-0768-481a-8461-bc1644e933bd,legacy,
slab_marble_tomorri_white_pearl_61bb9c0e-db04-4b82-b47b-308298be0693,legacy,
slab_marble_tongshan_cream_beige_ae5fcc88-bd82-41fa-9884-6e94cc2e7781,legacy,
slab_marble_tongshan_red_056cb2c9-3feb-4d6f-b0d2-a4ec537d11eb,legacy,
slab_marble_tonny_black_33dcd0a3-6652-410e-8a0f-38c4ffa9cfb2,legacy,
slab_marble_topaz_white_1e7662ca-2cda-436a-bbc9-49f83c6fedb0,legacy,
slab_marble_topkara_silver_246288b9-9f61-4d9f-a6aa-6e89c2d69a47,legacy,
slab_marble_topolov_46d48c47-cd8d-4b6b-9d98-a15c45143753,legacy,
slab_marble_toprak_cornato_3ce1f33c-a518-410c-8377-6412beb5cd5e,legacy,
slab_marble_torkie_289eb990-c37d-4f9e-92fc-c1a949bbf145,legacy,
slab_marble_toronto_gold_164d3e00-33e1-4385-b250-971de2297359,legacy,
slab_marble_toros_black_2abfd170-9e0a-40a8-b88b-4191cb34533c,legacy,
slab_marble_toros_gold_407aa43a-4a15-45d2-88bb-1514009d4e36,legacy,
slab_marble_toros_rose_a385c7f3-f826-4e95-a3af-69722004119b,legacy,
slab_marble_tortoise_shell_71cd657c-a808-4172-9f29-afbe64168d99,legacy,
slab_marble_tosi_dolfini_ramshe_46d3a790-b02f-4f7d-a98d-b385d0ab03a6,legacy,
slab_marble_trakya_kumulus_acabeda3-afb1-4510-a2d5-0e8de97ee7f8,legacy,
slab_marble_trani_apricena_4f0926a2-f933-4924-89d4-269a6df2607d,legacy,
slab_marble_trani_bianco_h_0b08915c-9bdd-4360-8d77-6deea5cf22cf,legacy,
slab_marble_trani_biancone_50a8ae52-dfe0-4cfc-bfe1-b7b99dc3e984,legacy,
slab_marble_trani_broccato_d0634487-5be5-46ac-b784-f4f7b7f586aa,legacy,
slab_marble_trani_commerciale_e69c9102-6c93-4900-a9ae-f6fea84788ca,legacy,
slab_marble_trani_fiorito_3cbe6a4a-cb79-429b-bac2-1010c981b604,legacy,
slab_marble_trani_nuvolato_1dc36dc0-0683-41f9-8c4e-074bdabfc337,legacy,
slab_marble_trani_perlatino_121d4334-a094-45d1-890d-27042e725a52,legacy,
slab_marble_trani_rosato_f6c5c576-856e-4dae-af7a-1789c78bb548,legacy,
slab_marble_travera_652e7354-acb2-4ff9-80aa-51d614396e4b,legacy,
slab_marble_travin_e68d52f2-795d-4cca-96c2-8a549120e6bb,legacy,
slab_marble_trigaxes_escuro_0c24ceb0-8d05-4ce6-91ef-0c9ddcafc45f,legacy,
slab_marble_troizina_red_1745a568-b783-4643-a617-cc63db6b837a,legacy,
slab_marble_tropical_blue_sky_22e4b66a-57fa-4439-9267-ea0dd2f481cf,legacy,
slab_marble_tropical_blue_star_9303a999-61b2-473b-85bb-11ed5d0b176f,legacy,
slab_marble_trotol_4956ede4-4131-4e00-b863-79ae3b3c7af3,legacy,
slab_marble_troya_3a13b3d9-d0c9-415f-a88d-076082d3d102,legacy,
slab_marble_troya_beige_0c8198a3-3c43-4bf6-bf8c-beae2dbe32a5,legacy,
slab_marble_troya_cream_34556864-4656-4883-98f4-2f9c17ac2329,legacy,
slab_marble_trump_beige_facc5acd-fc27-4bec-a899-d23fafbeb391,legacy,
slab_marble_truva_white_13783bfa-d6b7-4d87-ac1a-54f15467964f,legacy,
slab_marble_tucson_white_1e5bbf5a-b11b-44ae-9430-8cae9fccc68e,legacy,
slab_marble_tuhar_mramor_238f467b-2512-4fe6-abcc-bc97e7ab2b9b,legacy,
slab_marble_tuhar_rosa_48da96f5-ff68-4f5e-af6c-c72aa4ed7c15,legacy,
slab_marble_tulip_b1846f3d-4292-4acf-9ecd-1abc460a97e2,legacy,
slab_marble_tulip_brown_9c2b5813-47ec-4d66-ba2d-b063ff175aec,legacy,
slab_marble_tumer_beige_2294b241-dbfa-49ae-97b0-ab61e3f95f57,legacy,
slab_marble_tundra_dcdfdb0e-d66b-47a1-b74c-38917204abb7,legacy,
slab_marble_tundra_blue_medium_45e00799-2ef1-4cf1-ab03-27c3c810eb4c,legacy,
slab_marble_tundra_forest_af869038-b885-4169-a358-21a7eee12b78,legacy,
slab_marble_tundra_grey_3d_3165d8fd-982b-4456-a787-889e77b87c52,legacy,
slab_marble_tundra_light_b775e733-9e1c-4ab1-b00e-49b7fc74b27c,legacy,
slab_marble_tundra_oceans_d2941eb4-4064-4c98-8420-fde1b6a0d96a,legacy,
slab_marble_turdra_grey_c85ee667-9104-466d-b94a-672ef3bf0102,legacy,
slab_marble_turkey_beige_954350c8-5810-45ce-9f59-8ed3f0220383,legacy,
slab_marble_turkey_breccia_aurora_171e0eb8-3fd2-4a5c-b74b-a4c9076c2ec2,legacy,
slab_marble_turkey_calacatta_cielo_21237adc-4234-4ed7-8989-250fd8734f8d,legacy,
slab_marble_turkey_desert_cream_d7a6bbf1-463d-4447-92f1-4d232ceb6e96,legacy,
slab_marble_turkey_glacier_white_7a7b2a6d-d86b-43d2-b664-0bc36d08c72c,legacy,
slab_marble_turkey_golden_spider_bbb611f4-5086-43b1-a493-38af2cbd93fe,legacy,
slab_marble_turkey_gray_2f5494da-db12-43b5-9ed7-fb431c2e6c9b,legacy,
slab_marble_turkey_red_spider_a6d27a40-714b-457b-9023-77c71cedaad6,legacy,
slab_marble_turkish_calacatta_gold_91c3f450-c571-476a-acf2-8ddf59093b3c,legacy,
slab_marble_turkish_daino_reale_1dbe86b6-0947-4080-a816-2df900268d78,legacy,
slab_marble_turkish_palissandro_08b98cd5-80d5-4d8e-81d6-c53b9e9fe8e6,legacy,
slab_marble_turquesa_eb787570-a421-4b48-8ded-cea9c8603f37,legacy,
slab_marble_turquoise_mg_28796124-d119-419f-bab9-7c006cf4fbf9,legacy,
slab_marble_turtle_venato_3dee026d-42b2-4b2e-b4e6-cf5dce5c2c54,legacy,
slab_marble_tuscan_super_white_d151d426-0e84-430e-bc98-aae2d56a299c,legacy,
slab_marble_twilight_pink_1f46ada3-7153-4904-8cb9-e4409b496575,legacy,
slab_marble_tyana_ec68da3b-93b9-4f81-a2e1-330acbd65130,legacy,
slab_marble_tynada_galaxy_86b58a1e-1ccf-461e-82fa-5fc7e626fcdc,legacy,
slab_marble_tyrani_grey_6872449a-4505-4e88-8e2f-337e3765dfe1,legacy,
slab_marble_udaipur_pink_05e84552-1271-4707-ba3d-4340e58bb6f8,legacy,
slab_marble_ufaleyskaya_fac344af-e5e3-4472-8376-9086b289da27,legacy,
slab_marble_uige_grey_c9d2d606-f55b-4ea4-a2f9-4cbef720adf3,legacy,
slab_marble_ultimate_grey_c0bd4dc3-be85-45c7-bdda-3fd752ad5b27,legacy,
slab_marble_ultraman_beige_eb5cce2f-7a80-49ac-a4ee-a5e6d19c6556,legacy,
slab_marble_uludag_white_1582f8aa-7ab8-4dc8-95d2-b9fb5de0a81b,legacy,
slab_marble_umo_beige_67cddc9b-1eba-4416-b4c0-51a424b0c970,legacy,
slab_marble_umraya_white_c8354cf2-8b29-46bb-883c-90764bf5e9bb,legacy,
slab_marble_una_crven_65894052-4c6a-4267-93b5-17d774d77933,legacy,
slab_marble_urania_surf_0c7cd30f-7ca8-4685-bec2-27c5d2454356,legacy,
slab_marble_usak_grey_61ab1bbf-58f6-4ef8-ae63-082dfa7260a2,legacy,
slab_marble_usak_pink_0bd256bb-b1cc-435a-87ba-c1f2a9632606,legacy,
slab_marble_usak_white_pearl_c51c10b1-1f43-461d-8f0f-13a82b8b6c27,legacy,
slab_marble_utopia_2d6182d2-2985-42dd-bee7-80a549a7b715,legacy,
slab_marble_uygar_cream_beige_3a688285-2f1d-4e73-947c-f37f132c22b2,legacy,
slab_marble_uzunov_63bfe23a-dbde-4449-89bf-44c618490724,legacy,
slab_marble_val_venosta_b1079153-37ed-4781-93f8-e183dc8066f4,legacy,
slab_marble_valencia_yellow_f59a7f1f-7a43-467f-8841-613c24313903,legacy,
slab_marble_valensa_gray_9a36a5f0-a761-4292-8839-4d15ca16074c,legacy,
slab_marble_vallestrona_84b8e801-0dc9-4248-9f62-bff4e2c7480d,legacy,
slab_marble_valley_gray_aefff350-a94d-4839-bd98-d316b8e5cbfa,legacy,
slab_marble_valued_cream_5af83772-dbf1-4beb-921a-5e301d5f7c53,legacy,
slab_marble_van_gogh_grey_7fc2d281-2fa0-44b1-83be-37b464413e42,legacy,
slab_marble_van_gogh_white_d88e9c90-eb80-4f53-99eb-e529848a5b42,legacy,
slab_marble_vanilla_cream_85ba90ee-beae-46a4-8dc1-4fe006628947,legacy,
slab_marble_vanilla_ice_d8ebe7cf-8377-4241-b6ee-c4bdededb457,legacy,
slab_marble_vanilla_marfil_fbab7c33-fbc1-41b7-8aa9-cc5ed876adb9,legacy,
slab_marble_vanilla_silver_b66f8d12-79f5-4d1d-8f34-18ea48fa4a20,legacy,
slab_marble_vanilla_whitish_d366b7f0-9898-4733-a97f-243a31aeecf2,legacy,
slab_marble_vanmer_brown_5a17e6e8-cd69-44ee-bf04-0b1215916229,legacy,
slab_marble_vanta_black_1e031f37-c756-4a6f-8628-98c63f09d2bc,legacy,
slab_marble_variation_rv_554f4580-19de-4369-b535-9a009fe390cd,legacy,
slab_marble_vegas_gold_dc4898c0-2637-4a63-bd5a-eee3a2d97e71,legacy,
slab_marble_velingrad_1241dc81-9e74-4046-b363-987311ecf470,legacy,
slab_marble_vella_d8fb899c-8588-4f09-ac93-103816839bb3,legacy,
slab_marble_velvet_cream_f975a42d-7cae-4686-b354-00eeb79a6419,legacy,
slab_marble_velvet_red_d9290b84-d232-4c5c-a6fd-d1f7f0002ef0,legacy,
slab_marble_velvet_taupe_da4111d4-1359-4118-8db5-3074db5fe796,legacy,
slab_marble_venatino_54ef7ee3-c1ae-4149-b862-89ca4e0c8fa1,legacy,
slab_marble_venatino_c_24538dd8-4f1b-4cce-a057-da158a4e3e5e,legacy,
slab_marble_venato_fantastico_91b9e296-1206-44e2-950f-7a0e0f607c0c,legacy,
slab_marble_vencac_beli_29fa63e6-1a9a-4263-9b65-128ec23eefa4,legacy,
slab_marble_vencac_plavi_786a1980-50cc-4377-a1f5-f44b707fc493,legacy,
slab_marble_venetian_beige_01c1bdf9-447e-46d8-ba37-babdfd6b2182,legacy,
slab_marble_veneto_white_0a72784a-0424-4dce-8c96-6385c5eff56e,legacy,
slab_marble_veneza_9defc8a7-cddf-4348-a128-68441e5bed23,legacy,
slab_marble_venice_brown_2250523f-8766-40f8-9b4e-8409e3281fc8,legacy,
slab_marble_venice_gold_57144420-bf2d-4c40-b847-fbf7c61c4237,legacy,
slab_marble_venus_black_d3f12b05-a1f4-4cc5-a3b7-db5e0a5d6b33,legacy,
slab_marble_venus_vox_abe3130d-a9c0-464e-a44f-0e2c9b58aeee,legacy,
slab_marble_vera_cruz_4a2535c0-257b-45b3-8cf7-369a9b937e59,legacy,
slab_marble_vera_silk_90d0100d-a96e-4482-9d87-070c601f4d08,legacy,
slab_marble_verde_acceglio_90ececfa-2d70-4e36-b624-e0cc6cafefd7,legacy,
slab_marble_verde_acqua_f517b40e-1d97-4c5e-900a-77820d34f1d1,legacy,
slab_marble_verde_antico_802700a6-5e23-406b-8488-9778823625ae,legacy,
slab_marble_verde_arabescato_f679a861-129e-4897-ad78-53d0537bfeea,legacy,
slab_marble_verde_aver_88e4ac82-0301-4f25-9ad8-2dc2f26f63cc,legacy,
slab_marble_verde_barricato_2f9b2275-eb9a-4494-824e-d3be26b97a45,legacy,
slab_marble_verde_borgogna_90e3e40d-4e17-4e6a-9e40-40a02ae2e367,legacy,
slab_marble_verde_candia_77ef368f-f062-4012-83d8-d3c2fb2cdc80,legacy,
slab_marble_verde_cavendish_99946308-b3bc-4542-9e16-5edf6f7f2951,legacy,
slab_marble_verde_cesana_a323b103-a50c-4bcf-8c43-4be27bb025df,legacy,
slab_marble_verde_chaine_005b6bb1-11a2-4010-961e-7438edd2d0b4,legacy,
slab_marble_verde_chassagne_04fa3d83-1b5e-4498-8b88-32cbad399694,legacy,
slab_marble_verde_chatillon_355a489e-022a-431a-836b-102c72a53429,legacy,
slab_marble_verde_devi_09e93421-320b-44a8-a3b5-722e4078292b,legacy,
slab_marble_verde_donai_efa346fe-f991-45c7-82b7-2dd26490e47b,legacy,
slab_marble_verde_elazig_08a96730-5b11-4a75-a6c3-2a2b5a8133c3,legacy,
slab_marble_verde_fontainemore_a6ef3614-e3de-4b0b-8d49-6b25d29bcf8a,legacy,
slab_marble_verde_fusion_f7483939-c3c7-4697-a35f-60fee29452ce,legacy,
slab_marble_verde_gloria_12405eb9-4592-427d-8dd7-9d6a9564f864,legacy,
slab_marble_verde_gressoney_bf62360e-7334-4425-afbe-19206db3cb39,legacy,
slab_marble_verde_jaspe_dc696539-d419-4ca7-b381-1af5c2397942,legacy,
slab_marble_verde_laguna_147dfbc5-13f2-4be3-9964-112e289fc12f,legacy,
slab_marble_verde_lemon_6372859c-aa91-4a9c-8044-3f2ffab6d313,legacy,
slab_marble_verde_levanto_fdd2edc7-28e1-4b7b-997e-1afd5a15e55d,legacy,
slab_marble_verde_luchensa_0eaaebdd-c20c-4b21-b3dc-478a1572d526,legacy,
slab_marble_verde_malachite_b1f7e46c-3956-4b6b-8b8d-5de3e0738178,legacy,
slab_marble_verde_malenco_17708557-a117-492e-959b-0820e62cc89a,legacy,
slab_marble_verde_marine_dd11d1d0-ac4c-4e5f-9704-6783cb8b4123,legacy,
slab_marble_verde_orezza_c5a5db57-b86d-4281-8026-6730a943c2b5,legacy,
slab_marble_verde_oriente_3bfedfb0-653a-4cbc-b1bc-b0d8d5c6beee,legacy,
slab_marble_verde_panama_1e8b8dba-de30-4b7a-9407-07337c613d54,legacy,
slab_marble_verde_polcevere_61dc11bb-ca1f-4f7b-893a-81aeabee1cec,legacy,
slab_marble_verde_prali_e9202e26-3fc7-43f4-9018-97ca1dfc3b7f,legacy,
slab_marble_verde_rossa_22ff1509-3668-49fc-8316-12b74d8f3a03,legacy,
slab_marble_verde_saint_denis_cc62888e-ada9-406e-a8ad-69700957c75b,legacy,
slab_marble_verde_serpentino_890e30ef-8079-4e30-b60d-2a0a0a595930,legacy,
slab_marble_verde_serrano_5200fc36-eb6c-45b5-a4ab-9b7d4a4a93f7,legacy,
slab_marble_verde_smeralda_efbe16b2-7017-4d2a-86f3-934087459c78,legacy,
slab_marble_verde_speranza_1974711d-9a3b-49ce-9aa2-737a193d03e6,legacy,
slab_marble_verde_vecchia_381fbf30-2785-437b-8b84-5b426d7022e1,legacy,
slab_marble_verde_viana_7c75febb-e08c-4e43-9728-07823d4a95d6,legacy,
slab_marble_verde_virginia_46370bf1-e70f-4d2a-805e-839b1b64bf96,legacy,
slab_marble_verdello_di_trento_5fbb41b7-436c-468f-a86d-577c06648608,legacy,
slab_marble_vergina_red_9f4e3abc-e878-41de-9515-f8e23c22682a,legacy,
slab_marble_veria_white_af7e12ef-0459-4ee0-a95e-e73cf6c4efde,legacy,
slab_marble_vermion_beige_82ccfccf-68a1-428a-aab4-159e02d9bc0a,legacy,
slab_marble_vermion_green_6ebf0841-3c40-4aa6-acb3-e482602193b2,legacy,
slab_marble_vermont_grey_1a79b763-9a6a-4e4d-a1c6-8d7ab012ce8f,legacy,
slab_marble_vermont_verde_antique_87647c99-0b69-481b-bb29-f9f427eca477,legacy,
slab_marble_verona_hajiabad_black_6754d8bf-2a19-4397-8018-76cb92f9fdcc,legacy,
slab_marble_verona_verdello_013c775e-9469-4816-aae6-029a86e23a4c,legacy,
slab_marble_verona_white_d270e0b1-8ff6-422c-968a-6e6a90bd25c8,legacy,
slab_marble_veronio_cfdc2357-45fb-4a66-98c3-88e99fbb4f5b,legacy,
slab_marble_verrezat_4fef0b45-1018-451f-88d1-2f9761afc4b2,legacy,
slab_marble_versace_gold_6b01d480-04fe-4309-bea5-f8553142bc4a,legacy,
slab_marble_versace_grey_85ab08e6-490f-4e13-b970-9261f1c9662a,legacy,
slab_marble_versailles_green_271a182b-b9a0-4875-910d-35dd07867df2,legacy,
slab_marble_vert_de_estours_706c7d7b-1960-4a71-b25b-70bc14c29a52,legacy,
slab_marble_vert_explomar_5453a407-42ba-449c-b133-4cdabfb92302,legacy,
slab_marble_verzino_frabosa_23b5a963-8ef1-4efa-b20a-25b8dd92b51d,legacy,
slab_marble_vetrina_1bba1d13-cd13-4c7b-b268-8d121d813778,legacy,
slab_marble_vica_93e89ab1-05f2-4d78-ab19-0a1395c9ea3a,legacy,
slab_marble_vicentte_beige_8931ec92-bca7-445f-97a6-928301d83204,legacy,
slab_marble_victoria_beige_a8724b85-ff5b-415b-9e16-a5cf15628d5b,legacy,
slab_marble_victoria_blue_2583daeb-ef29-4687-8e1f-92ea37a2beab,legacy,
slab_marble_victoria_nuvola_1c3fd461-b83a-4d3b-b70e-9ccb9aad9308,legacy,
slab_marble_victory_beige_af08c5ee-bc6a-4619-87e6-83ab2c01dc14,legacy,
slab_marble_victory_grey_b9b42e0f-8488-4f0b-a582-4335e54f4ac7,legacy,
slab_marble_vienna_golden_fa48fb69-d8e6-488f-8c18-17da7499a214,legacy,
slab_marble_vienna_wood_grain_320cc761-f84e-4140-9167-3478f9c2c46b,legacy,
slab_marble_vietnam_adanga_7c08f9c5-b699-460f-aa5d-044c1eb93ca2,legacy,
slab_marble_vietnam_beige_d6d8b697-f28c-4b36-9058-c90f34e4027d,legacy,
slab_marble_vietnam_cream_7007381f-793c-435b-91ca-8d04c66529e5,legacy,
slab_marble_vietnam_grey_84f02beb-f4f1-49d7-8162-fc740805f334,legacy,
slab_marble_vietnam_palissandro_bluette_2556aa78-13aa-4d3d-b5d7-fe86c00ec517,legacy,
slab_marble_vigaria_peach_ca17d6f7-101f-426d-a627-22f178fc8896,legacy,
slab_marble_vigaria_vg_840c87a6-a8b4-435a-b40c-cc1d9fcb842e,legacy,
slab_marble_villagio_beige_d38f2dba-6b27-4d42-8439-1c618a2eda8e,legacy,
slab_marble_vintage_grey_bbef5bbf-8688-4a05-b041-58efce4c728d,legacy,
slab_marble_vintage_white_f3f4183a-1dde-4bad-a427-0ccee98b2b2b,legacy,
slab_marble_viola_brasile_1cd025cb-edc6-4efc-bdb8-1394d2cb2b2c,legacy,
slab_marble_viola_piemontese_0ffd95ee-cf09-4af1-a2db-71b0b52e889b,legacy,
slab_marble_violet_blaze_cb752ec6-eb7d-4fb5-ba1c-b66d7daab46e,legacy,
slab_marble_violet_brown_fc52c84b-42ff-4c53-9afe-8d6d12ecf2ca,legacy,
slab_marble_violet_gold_0988d528-8631-46b3-b95e-46b1c89ac982,legacy,
slab_marble_violett_leopard_72039172-4b25-4c47-af18-f0d347c3ea25,legacy,
slab_marble_virgin_beige_f35114e9-02ee-45a5-809a-daa20aa6da06,legacy,
slab_marble_vision_beige_09d322ba-7435-457e-b7a5-ab7099b5b508,legacy,
slab_marble_vitez_17b3da40-83d2-4b89-864e-28a5473625c1,legacy,
slab_marble_vittoria_386d00d0-367b-49f8-bee7-ec5315c9d9e7,legacy,
slab_marble_vize_pembe_73ba92e6-340d-412b-bb4a-9caf7ff9970e,legacy,
slab_marble_vizon_beige_577ce311-0fb8-4e04-b433-5def363472a3,legacy,
slab_marble_vizon_grey_96d54f0e-e084-4ac3-be19-1b0d7269b0a2,legacy,
slab_marble_vizone_49970463-1ddd-457e-9fd1-e0ba966675ae,legacy,
slab_marble_volakas_calacatta_1e4bcc4d-747c-4889-8fb1-894649d31b5e,legacy,
slab_marble_volakas_diagonal_29ee1099-8409-4264-b906-acd41e0269c3,legacy,
slab_marble_volakas_gold_e0b09c49-e6ab-499d-a76a-ba688587b19f,legacy,
slab_marble_volcano_3ffe98c7-33db-4e12-8507-8ee359ff84cf,legacy,
slab_marble_volcano_blue_fa96ff4e-7215-4d19-9490-14c82a43569b,legacy,
slab_marble_volcano_red_80854b7f-3640-4b1a-845c-a6ce518fd355,legacy,
slab_marble_volocas_73dc1717-fbf9-4ffb-959b-d79dcfc6a308,legacy,
slab_marble_volos_black_2b7f46c5-0f12-4b6b-9e81-26a8df508d41,legacy,
slab_marble_volos_brown_0401a47a-6f13-4b21-beec-4a90e674daf9,legacy,
slab_marble_voltorino_91319366-159a-4ecd-ba22-5a64702c6404,legacy,
slab_marble_vona_tabas_d69d8034-089b-4ac2-b243-52eddda839de,legacy,
slab_marble_vytina_black_3743bae4-e5e8-42ca-8509-7b84fbe86b67,legacy,
slab_marble_wachau_gestreift_92e2f68e-cafe-411e-bc19-7909fa4166d2,legacy,
slab_marble_wachau_gruen_fe44cc18-73c0-43c3-b5ea-684886fd8b1f,legacy,
slab_marble_wachau_hell_gewolkt_16976654-82d7-4037-9fec-ee31c48e8d30,legacy,
slab_marble_wachau_smaragd_70b6d303-1f47-4986-8e1c-1021b46c8cff,legacy,
slab_marble_wachauer_dunkel_uni_8d8856c7-7de2-4ba4-8cbc-14332b8e127c,legacy,
slab_marble_wagamama_039c6835-ce22-4a10-9d79-31363aeb15f7,legacy,
slab_marble_wardak_white_43081cb6-c0ad-43ca-bcf3-e7ab12f77b40,legacy,
slab_marble_water_cloudy_grey_934db217-b454-4c4d-a754-6a5965cb5a6a,legacy,
slab_marble_water_fern_roots_3105aa03-4a4b-4af6-b538-6feb2177df70,legacy,
slab_marble_water_lily_5113b057-b385-48bb-a1b8-53a518dfde6b,legacy,
slab_marble_water_line_145f8085-49fc-41e2-ba92-b399d955a9b7,legacy,
slab_marble_wave_3904c1fb-6f5a-4ae9-a1d4-eb332e6b39a9,legacy,
slab_marble_wave_white_d9315aaf-a13a-41af-a469-2fa8ef7fca26,legacy,
slab_marble_wavy_beige_acb5d2a2-37ed-4e8c-b6ae-58ebd53112b0,legacy,
slab_marble_wavy_black_f334d4fa-4cca-4dd3-8f11-79a6cfb13a50,legacy,
slab_marble_wealth_red_117094ec-ad35-4f38-8b9e-a7e33eca69e7,legacy,
slab_marble_web_green_b91ae185-431d-47b6-b75a-6ab54b2dda27,legacy,
slab_marble_western_beige_5d853c58-9e23-4dfe-8470-253be5e78a16,legacy,
slab_marble_white_arapkir_beige_962eb8f5-625e-4889-9cf5-8195b3490c10,legacy,
slab_marble_white_beauty_2776d964-18e7-412b-ae2f-1dd7de647ba5,legacy,
slab_marble_white_bursa_beige_6f918495-5cb3-49db-8774-ea6ada8c559d,legacy,
slab_marble_white_cintilante_f8346190-fd94-46e4-a897-7226d68ebd70,legacy,
slab_marble_white_coffee_81879446-2b8a-46e9-8c3a-742c85c0ce92,legacy,
slab_marble_white_crabapple_1cc61329-ea19-4996-b371-c4caf226b4b8,legacy,
slab_marble_white_cream_pagala_74b8882a-4d38-4e4f-80c6-9fc576c380d0,legacy,
slab_marble_white_dipper_0c4392ff-ee37-48bf-a4e9-6d69aa598ca9,legacy,
slab_marble_white_dragon_016946d3-ed91-4613-ac2c-4f806d9c947b,legacy,
slab_marble_white_dream_7a5d78e3-abbb-4f68-b9df-7899be34fcd6,legacy,
slab_marble_white_georgia_dfe6f496-9fc1-4228-a42e-a326b7df8e5f,legacy,
slab_marble_white_hearth_daddebf4-b23c-4fef-b573-e161c0a3bdca,legacy,
slab_marble_white_house_beige_c79f72fe-302b-4fbb-a611-8a2d0aed03dc,legacy,
slab_marble_white_karacasu_bf1aa676-f10f-4f11-9e0e-e52c834e47aa,legacy,
slab_marble_white_leopard_5e110d62-d42b-4cf9-934d-181a09540cb9,legacy,
slab_marble_white_lightning_84d2fd58-264d-4497-8b19-86e8b1165966,legacy,
slab_marble_white_melody_2627eb58-5868-4599-82c3-251cdc4f2177,legacy,
slab_marble_white_mentelle_dbf80638-48fd-4454-96cf-8457666ae910,legacy,
slab_marble_white_mosaic_a2f35d40-79be-403d-b33e-cefc419b3f2e,legacy,
slab_marble_white_mw_b4758f42-9518-43d4-8c3e-0fff2fa45d90,legacy,
slab_marble_white_namibe_7db9251f-815d-448d-b707-b1c468cd215d,legacy,
slab_marble_white_ocean_da1a5d7c-5adb-400b-ad5a-4a1c8c48e766,legacy,
slab_marble_white_opal_449ed305-53ff-43dc-9d32-72d3921ef222,legacy,
slab_marble_white_palace_beige_0a76fa02-40c5-48ef-a945-bd453a328d61,legacy,
slab_marble_white_paradise_f21abe79-38d6-4bb9-85e3-8ee315c2c170,legacy,
slab_marble_white_pearl_antique_38d6cd9f-1dda-4acc-97d6-ab36db902b3e,legacy,
slab_marble_white_royal_7755fce3-29d1-446d-8782-6724b2d60e6b,legacy,
slab_marble_white_salsali_a78c09e8-794a-45a2-a6a6-a2d52fbbf918,legacy,
slab_marble_white_sensation_6e206b1b-7b82-4d7a-87b3-255aa9f4f792,legacy,
slab_marble_white_sierra_6515e241-ae81-4f1e-8a00-9902d5d6d608,legacy,
slab_marble_white_star_beige_36b59a1c-80ce-44b1-9390-6d82d78dd2fa,legacy,
slab_marble_white_storm_f58c0cd8-1d4e-4774-9b24-137ad9248f60,legacy,
slab_marble_white_sunset_63efa841-cbbb-4bf5-aa00-b70321a1fd0b,legacy,
slab_marble_white_super_es_766b5d96-2853-4680-9f62-a28d65f7d319,legacy,
slab_marble_white_swan_9ebf057f-8ff6-4160-a764-9a95cf2aa043,legacy,
slab_marble_white_syberian_7665256e-696d-4b2b-b93b-0ed216741a5b,legacy,
slab_marble_white_tiger_28e118e0-21b6-4c3b-8984-44b2ea7510e9,legacy,
slab_marble_white_treasure_9d8b8b29-c43f-4cf3-b618-797fb17c56f2,legacy,
slab_marble_white_truffle_efe8daaa-043e-41ad-a309-fd0959c4baaf,legacy,
slab_marble_white_vein_b6d6ddf3-903a-428b-ac7d-c0b2533c2820,legacy,
slab_marble_white_water_f72757ac-156e-48b9-b8a5-bde703edbcf1,legacy,
slab_marble_white_waves_20bb3f0c-72bc-4459-a9a6-1a13b21a5520,legacy,
slab_marble_white_wood_jade_10b8bc14-0f41-42be-b9ed-60eed384f4ca,legacy,
slab_marble_willow_green_9849bf13-1b65-4734-933b-1d6c717d59bf,legacy,
slab_marble_windsor_grey_20ecf3c3-9f80-4d04-bef3-683d6348e162,legacy,
slab_marble_wine_red_c7213748-2246-463b-9b6d-62865a666bbe,legacy,
slab_marble_winter_mist_7ea26dd3-3ca0-4b08-b0d1-39811a877d10,legacy,
slab_marble_winter_river_snow_5f9eb557-6e2a-4192-8cfa-1266c6d85f90,legacy,
slab_marble_winter_sweet_3450b1e4-d9a8-4def-9a78-9f841186212e,legacy,
slab_marble_wolfville_gray_cdc5b20e-125d-4e37-ae8e-a29cb2bddf8c,legacy,
slab_marble_wombeyan_grey_00397dc3-fcde-425d-a98e-c8a9570e8dfd,legacy,
slab_marble_wonder_grey_93bff68b-0ef7-4fc7-a3d7-36dc2c2c7208,legacy,
slab_marble_wonderful_grey_c5664980-6509-4d98-810e-4371517e6ffe,legacy,
slab_marble_wonderland_5cbcbfd4-e71e-45b7-b84f-d80fd446a3cc,legacy,
slab_marble_wooden_gold_bafda3e0-e84e-4791-9dd7-6fc18596b550,legacy,
slab_marble_woodstone_c4ed48d6-f95a-44ee-b378-b2d0aee5cea5,legacy,
slab_marble_world_expo_gold_8c2b1abd-5b5e-459e-bbe4-001f2ef6bc2e,legacy,
slab_marble_wyndham_grey_faec7013-c8e6-4d05-b44f-47c664af2d86,legacy,
slab_marble_xiangfei_beige_ea3e0c96-3b71-4993-81c9-03fa7dd4337b,legacy,
slab_marble_xijier_396871e9-a72b-414f-9d83-d197d20d6e32,legacy,
slab_marble_xingeli_f41d7626-febe-42a9-b3c3-cb8720f7a31d,legacy,
slab_marble_xinyashi_white_81556478-c92d-4216-a940-77e41d9bca08,legacy,
slab_marble_xishi_red_46eeb792-60aa-4043-a438-89c91dda2148,legacy,
slab_marble_ya_beige_61f1d9a6-6aa4-449e-b43c-0514a646482e,legacy,
slab_marble_yabo_white_2e909b03-bb63-485d-88b1-c14b7f6e2bd6,legacy,
slab_marble_yadeen_beige_50455aa1-30d4-4b94-9d0c-6c02b18cf25c,legacy,
slab_marble_yaghoot_6d0077fc-541e-4c47-83ec-5343242d8424,legacy,
slab_marble_yalun_gold_81897503-2c5f-48f9-92b9-6dc7dd84c7eb,legacy,
slab_marble_yamantau_dae8ba8c-f81d-42be-89b3-83df9218ed11,legacy,
slab_marble_yekaterinburg_green_ca879ad8-e00d-43b6-aef2-9bf02e15bbcd,legacy,
slab_marble_yellow_c27dbb64-8a45-44ea-90b6-204d8158b35b,legacy,
slab_marble_yellow_breccia_bf21982a-3a2f-4a9f-b3f1-bb1059b0dd94,legacy,
slab_marble_yellow_cream_a45be12a-cb84-405a-9c7d-2e2c2d17a0ec,legacy,
slab_marble_yellow_damascus_1f3ab7ce-534e-4239-8971-378abcd7e220,legacy,
slab_marble_yellow_louise_48031c67-d244-4c8c-a5eb-486839c91464,legacy,
slab_marble_yellow_mellal_328ce294-3242-41bb-8eee-283a784ebb56,legacy,
slab_marble_yellow_nghe_an_e917770e-7406-4e79-93a8-91df9f354371,legacy,
slab_marble_yellow_pearl_545d6d8a-02b3-4399-8fa3-96be20e84f4b,legacy,
slab_marble_yellow_rose_deade8a4-b52a-47ea-8f41-50001ef4ad10,legacy,
slab_marble_yellow_shanxi_3c4dcf4a-29bc-49f3-acc8-f271ec0bdbfa,legacy,
slab_marble_yellow_sunset_fe9dd76f-5b88-4829-9979-a2cae19c2d47,legacy,
slab_marble_yellow_wooden_5c38c3e5-5ad1-4db9-8276-94ce1b2d60fb,legacy,
slab_marble_yesilova_beige_b6cd2c66-4530-453b-a9e2-170f73823cea,legacy,
slab_marble_yetra_red_79241ec3-cb96-4dde-bd53-4ac2539d7102,legacy,
slab_marble_yinxun_palissandro_027ce185-56c1-4fd5-9db2-ca6aadb0b137,legacy,
slab_marble_yixing_red_cream_6a7b6c1a-3873-43c0-8470-be360e8cd6ff,legacy,
slab_marble_ylang_7300e7be-339e-4fcc-8bd0-aeb4e0a0a411,legacy,
slab_marble_yugong_cream_7ac9d51c-4281-40ce-96a6-0c3a9bf5239a,legacy,
slab_marble_yunnan_blue_d2a6884d-cfc9-4a36-8f00-e2c8cf4edbc7,legacy,
slab_marble_yushu_forest_wind_03b2a7c9-7294-457e-b4b3-895f9413d26d,legacy,
slab_marble_zacapa_nublado_855e30ec-4f8b-41aa-9f09-411678d84605,legacy,
slab_marble_zafarana_10f67f24-9e17-44d5-8842-356b08d4cd7e,legacy,
slab_marble_zafir_gold_0aaf2bcb-3827-4783-aa18-7ee9dd091141,legacy,
slab_marble_zalzala_3032fc04-2ad3-4ac9-b727-897380306d6e,legacy,
slab_marble_zamzam_058289a3-a7c1-4d2f-8fdb-aa44262a74e3,legacy,
slab_marble_zandobbio_e5e544a5-a43a-4d55-ae92-683201f7e654,legacy,
slab_marble_zar_waryaz_40b45812-da58-4536-8d65-4d8e80e01dbe,legacy,
slab_marble_zara_beige_bc50f5af-460f-4853-a4f0-d9a06f0d4931,legacy,
slab_marble_zara_gris_b9601943-fe0e-4f17-8727-0318fe65b6a3,legacy,
slab_marble_zarband_ba6feeaa-6422-410a-bdf3-f4580caa4b21,legacy,
slab_marble_zare_5f1f908e-3fcb-47c5-a36b-6260e094dd11,legacy,
slab_marble_zbuzany_d6abb4c9-858d-4dcc-8483-9a011bf69da1,legacy,
slab_marble_zebra_8ccfb2c1-c5b5-42e6-89b2-c686fc876ab4,legacy,
slab_marble_zebra_gray_ae86875f-8d2f-441f-8fe2-ec7300f25692,legacy,
slab_marble_zebra_green_4607b0f0-fcde-4a11-b95a-58be520a17aa,legacy,
slab_marble_zebra_white_484d84d7-145c-495a-b428-df8ed291090c,legacy,
slab_marble_zebrina_3511e06e-62f4-4f62-ad15-1ac5f155b8c3,legacy,
slab_marble_zebrino_bluette_224c7873-f44f-4783-b5cd-b85b1997fd54,legacy,
slab_marble_zebrino_gold_a4d1048d-fb1c-407a-aa81-5bb53d712a72,legacy,
slab_marble_zedernhaus_79c71b54-9476-4242-b457-9294ad868740,legacy,
slab_marble_zenana_b820479d-94fa-4d46-92df-2d5c17c85b60,legacy,
slab_marble_zepia_ca36d294-3efa-45f6-a357-aed7918febe4,legacy,
slab_marble_zeytoni_khoy_c4e30d33-fe87-4dc7-b189-4df264fdee75,legacy,
slab_marble_zhaxi_grey_878012f4-c86c-4913-90d1-5a577b23a2b2,legacy,
slab_marble_zhuoma_grey_950056b1-ec81-43fc-a348-1c181498b001,legacy,
slab_marble_ziarat_grey_98d5677c-2a53-4ab8-9924-6e85974c3a13,legacy,
slab_marble_zijing_red_3b724ea6-aa82-4ef7-b620-1ec7083a546a,legacy,
slab_marble_zion_beige_19295af1-9dd5-4d3f-b60d-7eba2f82cccd,legacy,
slab_marble_ziyu_beige_7c82830a-0724-47d3-a5bd-a784b16c911b,legacy,
slab_marble_zola_beige_ab185f82-4909-44b4-a406-23e1617e2f6e,legacy,
slab_marble_zurmat_5b3ce16a-9693-4891-8857-63d6ef6082a2,legacy,
slab_onyx_honey_onyx_1b623bee-4d79-4c04-a0b2-7073681878af,legacy,
slab_onyx_white_onyx_c83160aa-4436-4182-ab09-755f35e464b1,legacy,
slab_onyx_green_onyx_afc1d97a-1ad0-48de-8ec2-39140352bf10,legacy,
slab_onyx_green_onyx_dark_3ab5fa67-5714-4d6a-9dec-12a8f4e024ca,legacy,
slab_onyx_pink_onyx_ad2582f7-6cc9-4b58-aa36-18942cb63d5c,legacy,
slab_onyx_red_onyx_f5ff2371-f8d8-46a1-ad7e-9c42192eaddb,legacy,
slab_onyx_blue_onyx_3b70ea38-568e-48e7-8152-aacdf7b99add,legacy,
slab_onyx_black_onyx_3e993d3c-deb8-44a5-9d65-4aaef79d41ec,legacy,
slab_onyx_rainbow_onyx_a4edc7fc-fddd-4862-a536-f17a0937397b,legacy,
slab_onyx_fantastico_onyx_a8e0c84f-89b8-49ff-a245-000647d852ec,legacy,
slab_onyx_tiger_onyx_7c882f50-4aae-444a-9637-bf9d0108b794,legacy,
slab_onyx_onice_orobico_755bd8b7-faad-4243-9c90-b6b1d91bbf20,legacy,
slab_onyx_lemon_onyx_4aedee37-402f-462b-99a3-9a60a768f83c,legacy,
slab_onyx_orange_onyx_2305d059-b81f-4d04-9521-d60f2be53dda,legacy,
slab_onyx_miele_onyx_deae7fdc-65b5-47e2-9b3b-4d84b0a8d673,legacy,
slab_onyx_nuvolato_onyx_86b7f662-ba76-4b35-b939-7d566bd26bfa,legacy,
slab_onyx_3d_09101fff-02c8-4c3c-8660-3ea32b141ca4,legacy,
slab_onyx_abi_rang_shedi_35608b25-6732-42ce-b8dc-a846cff47fa0,legacy,
slab_onyx_abri_371a8cee-f933-4514-a013-566ae73625f4,legacy,
slab_onyx_absolut_fc5a0fb0-4a1b-4831-8b9e-cc9233840129,legacy,
slab_onyx_acquamarina_bf44d3e3-1a20-44f3-a6ff-77559fa0a672,legacy,
slab_onyx_aegean_3b0cfb05-93ae-4d86-8014-c9b3b1e050ad,legacy,
slab_onyx_afghan_pink_86ec2a9d-a313-4c5b-8222-7115013cfdbb,legacy,
slab_onyx_afghanistan_white_4e052b59-2ed0-4850-938f-ef76312eb768,legacy,
slab_onyx_african_sunrise_5110cbe4-1b75-460b-9f27-78509dc2ed87,legacy,
slab_onyx_agri_honey_6e98f691-e0a4-4f96-aa0b-edbe32cf4695,legacy,
slab_onyx_agri_white_c6dd1809-acc6-4314-977f-5a677656874b,legacy,
slab_onyx_akhisar_0d819581-031a-4b84-af99-7ce5d2bdfe9f,legacy,
slab_onyx_alabaster_68ffa65e-279b-4493-84de-7d776af1636d,legacy,
slab_onyx_alabastro_a_pecorella_e4c17f59-2ba7-4763-a385-386d35d72de2,legacy,
slab_onyx_alabastro_do_vimioso_e00440b1-3e9c-4b39-90aa-7183d70e2135,legacy,
slab_onyx_alabastro_volterra_marrone_2358fa92-4d7b-409f-99c4-d0b0d9c5c188,legacy,
slab_onyx_alabastro_wenge_75542a4e-6e7c-4a3f-83d3-8cdd0a260ed2,legacy,
slab_onyx_alasehir_traonyx_24f1cbe6-90bf-46da-bf7b-8ae0a8a94265,legacy,
slab_onyx_almar_green_9a903c0f-0bb3-4e5a-904c-cff21f2894e5,legacy,
slab_onyx_almar_white_8f643eea-4faf-405d-9b84-1a9ca31b6b48,legacy,
slab_onyx_alp_white_82657126-50c6-4b95-859f-3c5cec975b42,legacy,
slab_onyx_amazon_85f91b05-a293-41a1-867a-ad289ec7aa91,legacy,
slab_onyx_amethyst_1217a413-be3b-4605-b691-b18a4eb52d25,legacy,
slab_onyx_ametista_84e06c75-2cf5-43f5-81e5-9ddeb83fb50a,legacy,
slab_onyx_ananas_aec95784-69ed-4031-8a2c-a5270fe88940,legacy,
slab_onyx_antique_brown_1b18f693-5659-478c-9480-8e20498594c5,legacy,
slab_onyx_antofagasta_azul_c423daaf-5995-48cf-bc31-0caf2fc58f52,legacy,
slab_onyx_aqua_blue_3d26fc0f-f50c-43fe-94ea-9a15ca582b3d,legacy,
slab_onyx_arco_iris_f6c5f40f-bb1b-416a-8259-8ccdb9dd916f,legacy,
slab_onyx_arcobaleno_f76f2b13-ab90-4d4a-9181-93c3b02bb3a3,legacy,
slab_onyx_argento_0b448400-a81d-4a14-9fce-c99153af13cd,legacy,
slab_onyx_asali_fdbf1e3c-a5d1-4bf1-be42-60af37bc2192,legacy,
slab_onyx_asena_23be39a1-ea8a-44ec-9537-e17218f8dfbb,legacy,
slab_onyx_autumn_7f4a2d58-9342-4c96-b4e4-22fbee384984,legacy,
slab_onyx_autumn_green_26589452-188b-4bd6-a87f-f79cdf606863,legacy,
slab_onyx_autumn_white_7a8d9ef3-1e10-4355-b3c0-3a2295c8d780,legacy,
slab_onyx_avatar_412e2f94-8400-44e4-9ae3-3a67cad44c98,legacy,
slab_onyx_avion_blue_33fa809f-5f7d-4fbc-9655-27bb8c2a2a15,legacy,
slab_onyx_azteca_4fa9d36d-5968-4e19-9e85-140f972f14d3,legacy,
slab_onyx_azul_white_2560e867-b109-41bc-8881-a3f7f4f6499f,legacy,
slab_onyx_azur_d6acc987-5c0e-48bd-aa3b-e74c85a8dc08,legacy,
slab_onyx_bafa_60f00a73-f152-4957-9011-d36dd2124f75,legacy,
slab_onyx_baja_3362e6f1-6388-4dab-9b94-b5cac1e061a6,legacy,
slab_onyx_bale_stalaktit_2d7833b2-2e77-4a58-8eb3-691c6cab8fc6,legacy,
slab_onyx_balikesir_efab8e14-404f-41f9-8b14-3ea40413bd6a,legacy,
slab_onyx_balochistan_brown_ddb9cdf2-3470-46dd-ada2-a94cd5791f6e,legacy,
slab_onyx_bamboo_cd64e1af-ae5d-4d58-a4c2-a0f13338ee6b,legacy,
slab_onyx_banja_e_pejes_f5156026-d1a7-4205-bccb-53e92572c28f,legacy,
slab_onyx_bayburt_ccea2b92-0798-4f16-a13b-69ac1138bb06,legacy,
slab_onyx_bella_70de8c1e-dcc8-4d4e-81e1-998b6236d4b7,legacy,
slab_onyx_bianco_giorno_e472f8f9-404c-4140-884b-15df7c52d00a,legacy,
slab_onyx_bianco_venato_3c8b7173-4c23-49d7-b8ca-0456e69f1256,legacy,
slab_onyx_black_cloud_36e0c13b-6025-4426-a6ed-eea9bb720688,legacy,
slab_onyx_black_dragon_c9d8a8e2-6b87-4f4a-8a36-89121181ebef,legacy,
slab_onyx_black_emotion_0604fc0e-b399-4ddf-92bc-14828916df90,legacy,
slab_onyx_black_traonyx_2edaa155-0ca4-4e4b-9a2f-0ad6b4a7861c,legacy,
slab_onyx_blanco_perla_c2efa72d-430c-4666-bf71-f71e516cfc2e,legacy,
slab_onyx_blaze_2f9f6db1-3953-47e8-9eb7-acd925ca9d54,legacy,
slab_onyx_blue_ice_2ebc0fc5-9609-411b-92cc-04638b4f18f8,legacy,
slab_onyx_blue_river_6361fd9f-46fb-47a0-a2c9-134b737d7c85,legacy,
slab_onyx_blue_traonyx_3f261193-537f-42c6-b018-1958ee3fb684,legacy,
slab_onyx_bolagh_green_110f287a-92f2-4e96-bfd6-38843af6d612,legacy,
slab_onyx_bolourin_2f7485b7-afa3-4e5e-80ba-a4a20b3cc66a,legacy,
slab_onyx_brazilian_white_fecf8ec4-53bf-4f1b-97a5-b5514ac16237,legacy,
slab_onyx_brown_06b750a6-8ed1-4f32-a16e-ea602da5ddb8,legacy,
slab_onyx_brown_bubble_77e7a3cd-6ee5-4a80-853a-ccb67cce11db,legacy,
slab_onyx_brown_fantasy_traonyx_1c6422f6-a878-4fd1-82e1-6cca8658cad5,legacy,
slab_onyx_bubble_1b582773-4a22-4d12-a01b-bfe20776bc9a,legacy,
slab_onyx_burgundy_5f46784a-1aa9-4d50-973b-e72facc14a58,legacy,
slab_onyx_bursa_green_1434a581-35c4-49dd-af47-919efe563f18,legacy,
slab_onyx_butter_scotch_70e46271-3dfc-4f82-8982-96be37cd5e4c,legacy,
slab_onyx_cafe_emperador_01e3d525-b38b-4c5d-b0b0-5c417cd344d1,legacy,
slab_onyx_candle_03041517-62ad-425f-9cb1-09194fa8f592,legacy,
slab_onyx_canyon_211c8200-fe67-4ded-8eb7-2d73eabfa480,legacy,
slab_onyx_caramel_d225c392-f9a6-44f1-b702-c0ebe82ed9f0,legacy,
slab_onyx_caramello_ce1e7041-79ec-4341-bc43-c45dc3acb6e5,legacy,
slab_onyx_carmel_9171e392-b6cc-4a55-83ac-6f06aabffa37,legacy,
slab_onyx_carped_87613ec5-7d6b-42d9-8485-f73fe65155d6,legacy,
slab_onyx_carpet_d9c303a7-eb53-4a5c-a8db-f1ffd0b4ac85,legacy,
slab_onyx_catrame_423d0abf-81ea-4de2-929a-0b5b14061b47,legacy,
slab_onyx_cedro_6e9861bf-d296-44c6-88ae-11583151daba,legacy,
slab_onyx_champagne_4b14405b-9ca5-423a-a07e-a03e5c7c10af,legacy,
slab_onyx_china_beige_c767409b-27ed-4fa6-817e-75bb57cf55c8,legacy,
slab_onyx_china_gold_5b3b6ed1-0ec6-4092-96e7-387cc2e32a74,legacy,
slab_onyx_china_honey_d7247009-f020-4f50-a832-5a1287554334,legacy,
slab_onyx_china_rainbow_0b982de0-4b55-42ad-a1f1-9e2e71ee49bb,legacy,
slab_onyx_china_white_ec6bb00b-6868-4b26-b20a-9709142e2976,legacy,
slab_onyx_china_yellow_f5da10a9-d8ea-40b2-8c2f-03707f01e511,legacy,
slab_onyx_chocolate_21b0a64c-8ea4-4ca9-8769-2c3f29931a71,legacy,
slab_onyx_cielo_del_sahara_blue_844db7b0-9209-4aa7-8e64-b7623d9ae716,legacy,
slab_onyx_cielo_del_sahara_giallo_ebb8a15e-da73-4d71-ba00-50a05eaaa394,legacy,
slab_onyx_cloudy_9165e393-0a89-4127-82f5-5710ef42efb3,legacy,
slab_onyx_coffee_68c9a790-7a52-4d21-8c3f-d8849924da61,legacy,
slab_onyx_coffee_line_44cbe57e-be18-463a-b6e6-b081b237c27c,legacy,
slab_onyx_cola_ade7dd47-cfa0-4273-86b3-efb3a5a30dcc,legacy,
slab_onyx_colored_green_e8e516b0-3a5e-413c-9b8b-da09ef73cf64,legacy,
slab_onyx_colored_pink_a400024d-d9a7-40cf-8333-517dc0c61e1a,legacy,
slab_onyx_colorful_89cab11e-56d5-43f5-8fbc-f8fbe05af465,legacy,
slab_onyx_cream_traonyx_7220c102-381d-492f-97c8-36b6a0c78748,legacy,
slab_onyx_cristallo_di_rocca_b57aee99-e525-44df-bf6f-6f1f05a3eff7,legacy,
slab_onyx_crocodile_green_a01873a7-c53f-4f51-9967-11065afed0a5,legacy,
slab_onyx_cubuk_brown_86859921-0960-4d28-b7c3-90b71be0d926,legacy,
slab_onyx_da_siberia_98948e91-adc3-4beb-83ff-29aa1d6c9f48,legacy,
slab_onyx_daheim_e4e94b6e-1dd9-4137-ba32-3543f5719ff2,legacy,
slab_onyx_dazzle_803d015c-5d74-4e2d-a2eb-30ebcf788887,legacy,
slab_onyx_dehgolan_2b769cbd-171f-4946-9dfa-55fc5d389026,legacy,
slab_onyx_demirci_gray_ebba2375-6218-45a2-a809-da397a703b6c,legacy,
slab_onyx_demirci_honey_23f20102-d70e-42b6-97b1-e5cbeefacc32,legacy,
slab_onyx_desert_oasis_ee8eb543-4eb9-4f96-99e1-038f797d8217,legacy,
slab_onyx_diamond_white_17219b72-8525-400a-9ae8-ec723dbba458,legacy,
slab_onyx_diana_smoky_1d0edde4-3312-4f7f-a4ea-e567b03655b8,legacy,
slab_onyx_diany_2cba1658-4783-4625-88c6-a93de3e7527f,legacy,
slab_onyx_dilegno_badf6cd9-eceb-4e92-9953-a97ca9e9369a,legacy,
slab_onyx_dolphin_c8bbc8e8-3ad8-41ee-8058-13d4266efe1b,legacy,
slab_onyx_dorak_a3714abe-c128-42a4-b85b-11c8499df818,legacy,
slab_onyx_dorato_71a604e3-086a-4e89-ada4-579b3aabd5bc,legacy,
slab_onyx_dream_ocean_921de5ae-54aa-402e-9088-c1ce910c77c3,legacy,
slab_onyx_durango_orange_406657d3-29ba-492c-a13e-fcc97e9f1ddc,legacy,
slab_onyx_durango_rainbow_8a1e63a0-4b01-4276-8689-0c6b288258f1,legacy,
slab_onyx_elazig_white_1ac0b164-531b-402f-a730-e65d9186e679,legacy,
slab_onyx_emerald_89f506b7-9e8b-4664-95d5-ff2f06d35294,legacy,
slab_onyx_emerald_metis_amare_231c2571-0464-4a47-8384-03704b8e1136,legacy,
slab_onyx_eros_ab1ca58c-5fe1-40cc-a2cb-079b294cb78c,legacy,
slab_onyx_erzurum_blue_65896b11-23e2-4078-ba19-1c7683b1156f,legacy,
slab_onyx_eskisehir_rainbow_cec551b8-a2c2-4383-af55-ce5598808e90,legacy,
slab_onyx_evia_4f4664e4-ba64-4c4c-8fb7-7de6485e3318,legacy,
slab_onyx_falsa_agata_4a414b44-4781-40be-adf6-2bf94f26d306,legacy,
slab_onyx_fantasia_rosso_84cf5a23-bf36-436a-bbfb-6a1b6b07c1da,legacy,
slab_onyx_fantasy_6521b92e-a708-44e2-b45b-0b5473917cf1,legacy,
slab_onyx_faraon_cdff2a69-6a78-4a43-8828-ae3ac4506287,legacy,
slab_onyx_fire_c22a4493-a26f-4b3d-b511-c15fcc003503,legacy,
slab_onyx_flame_6edaeb37-8823-4b80-a578-11a81d914d47,legacy,
slab_onyx_floreado_b6342e34-e836-4a5b-a925-189a853dd413,legacy,
slab_onyx_frappuccino_991c86db-107b-4ec2-b8ab-7b687bbce4dd,legacy,
slab_onyx_galaxy_b2811d39-db20-44ea-bb4b-184bd73147ef,legacy,
slab_onyx_geo_e898fdea-4cab-4d49-814f-3e251ff83634,legacy,
slab_onyx_ghorve_45698752-eb45-48bf-89a7-3872c13aba2d,legacy,
slab_onyx_ghorveh_white_44e86eea-28a0-485b-be1a-6213009b41f6,legacy,
slab_onyx_ghost_f6dcee65-9cc6-4434-ad82-900272733dc1,legacy,
slab_onyx_glittery_575cf84e-4d90-42d7-9408-b0196a5b5bcd,legacy,
slab_onyx_gold_653d8d87-d802-476a-b021-eb99aee49cc9,legacy,
slab_onyx_gold_blue_jade_42111ab7-fa2d-4f70-9d0f-90efc1920bac,legacy,
slab_onyx_gold_wood_grain_67e04120-3bc0-4f77-9d90-da69f7b467d1,legacy,
slab_onyx_golden_blue_a5e7be00-b952-4bc1-a8e6-0007d941f688,legacy,
slab_onyx_golden_brown_95538f4c-f9a8-46a5-8e9c-3d459d5ba829,legacy,
slab_onyx_golden_desert_grey_05d30461-cbbc-464f-b0e1-d235ac1bde71,legacy,
slab_onyx_golden_dragon_c1c6596b-6433-47b8-9e4b-4c136b42b828,legacy,
slab_onyx_golden_gray_3e426516-2241-4218-b7fa-184865ef0eac,legacy,
slab_onyx_golden_turquoise_223318cb-6e50-4636-b806-500ab48d0e3c,legacy,
slab_onyx_golden_years_dfd14170-c475-47ab-b2d6-663b4217a3a6,legacy,
slab_onyx_gorjan_stalaktit_fcf518b9-871e-4a11-9e9a-d0c0c2dbd0f9,legacy,
slab_onyx_gray_bubble_33b39ebc-35a3-48b7-b347-12ff9ff08520,legacy,
slab_onyx_greek_lava_5d385348-099d-4622-8ddb-9db3306c4e43,legacy,
slab_onyx_grey_pearl_fddeb964-d6b2-4b9a-aad5-d9d77ac27e00,legacy,
slab_onyx_gunsmoke_0a619256-4e66-4cc6-9159-84a91baceebe,legacy,
slab_onyx_hadise_33fdb6c6-63c4-4fdf-a15f-7f76c0b8e088,legacy,
slab_onyx_helmand_brown_82e8316b-164e-4d5e-bca7-b109dc21d729,legacy,
slab_onyx_himalayan_c0d9e420-7dce-4275-b932-5c3191bb233e,legacy,
slab_onyx_honey_amber_e5b5dbb4-7b81-4e80-9206-eae782b3ee04,legacy,
slab_onyx_honey_crema_46885d50-05d0-4d16-9983-63965cac2b1c,legacy,
slab_onyx_honey_tiger_4ba60d15-a006-4a69-80db-6d50f92ba179,legacy,
slab_onyx_honey_traonyx_ba0c7ba3-2c5c-40ce-9695-c6bfc58b2dbc,legacy,
slab_onyx_hunza_93715c3f-7bb8-4ab5-bb79-68ee6924eafb,legacy,
slab_onyx_ice_930e6c54-6cc4-41c8-bfda-262189fe1329,legacy,
slab_onyx_ice_flake_jade_f22abe65-27b0-45e8-a1f5-ec1d9c45d1dd,legacy,
slab_onyx_ice_white_66f3fe6b-5aed-47dc-9a91-346ee4caa3f1,legacy,
slab_onyx_imperial_934d996f-eb6f-403b-b3ce-b3a95dc57548,legacy,
slab_onyx_india_green_5bbbf67e-aeab-4d22-97bb-582d84c8c53b,legacy,
slab_onyx_india_pink_8639625c-081c-483f-a131-38d14f2362f5,legacy,
slab_onyx_india_white_ce785c71-61e5-4d0a-8690-f72e95d47280,legacy,
slab_onyx_inferno_1005ceae-ac8b-44ac-9fcd-1a6ff7e9541c,legacy,
slab_onyx_inka_77ab534d-7bda-4aca-aea7-4a94013c67d3,legacy,
slab_onyx_iran_light_green_7389e442-233f-48cf-8730-568a5f7c52c9,legacy,
slab_onyx_iran_white_b6c12061-bfb9-4922-96e2-49ca9671d036,legacy,
slab_onyx_iran_yellow_281ee4d9-ba2b-413b-bdad-63f76ca29718,legacy,
slab_onyx_iris_pink_265ec42b-5e20-43a6-852b-09673f45bf73,legacy,
slab_onyx_ivme_cappuccino_b893dbdd-c11f-4894-952e-39a493ecf88b,legacy,
slab_onyx_ivory_e121d830-4617-40d1-8bf8-2289d53d4179,legacy,
slab_onyx_ivory_jade_b4503ab1-a319-46fe-b12e-36bccfe332a1,legacy,
slab_onyx_jade_flower_2b4f6af6-db5c-4cce-8942-e37ec613236a,legacy,
slab_onyx_jalisco_black_febcfd4d-0b39-4c81-b37d-1e10fb9310b0,legacy,
slab_onyx_jalisco_orange_9a04bd13-553f-4051-89f7-e20589cd772a,legacy,
slab_onyx_jalisco_white_8fb4090c-4629-4eec-9043-3edbf47a2399,legacy,
slab_onyx_jaune_35a6bc5e-37f0-4bd0-a12b-41abdc93ef18,legacy,
slab_onyx_jhiri_47ea0dd5-a2ee-485d-b269-e102f71f166b,legacy,
slab_onyx_jordan_brown_b66f0a9d-6d86-47fb-9ce3-8e8030eabc1a,legacy,
slab_onyx_kari_ice_a0ed3eee-da95-47d5-be18-3a563df6bf92,legacy,
slab_onyx_karma_traonyx_56712fe4-09de-4f16-b661-f429ff46909d,legacy,
slab_onyx_kashmir_74ff65d3-e74d-41f4-8d31-c218ada3286a,legacy,
slab_onyx_keramati_5190615d-cd69-484a-a2a3-6a6f4bc85515,legacy,
slab_onyx_kerman_turquoise_1930111e-4084-4fc9-94d4-1f790497a0f2,legacy,
slab_onyx_kerman_veined_green_d225879b-1132-46cd-b883-11c3438b202d,legacy,
slab_onyx_kerman_white_6bc7e678-ba85-49fa-b5d8-c51c54b3bae5,legacy,
slab_onyx_kizilca_9ece0dad-2ffd-4231-bb3c-7d348bd4cc7a,legacy,
slab_onyx_klb_peach_f446b483-0a59-43cd-88a9-d0be6a3b7a6f,legacy,
slab_onyx_koka_21a83187-abae-4e48-a79a-45d0dfbd206b,legacy,
slab_onyx_kowloon_play_bead_b2b24d24-8607-4a72-8090-5f1a965be4f5,legacy,
slab_onyx_lady_06d648ac-75ba-44c2-9210-62c1f172e0b9,legacy,
slab_onyx_lava_d4bf061b-44e1-467e-b50d-20c10d7728d1,legacy,
slab_onyx_lazang_traonyx_fc94a9ba-3e08-402a-973e-ea2310ddd2b1,legacy,
slab_onyx_lazang_white_c9b21f77-d384-4199-b26f-6eae7d5ab563,legacy,
slab_onyx_lb_perfect_peach_6871ea15-21e9-47dd-8e59-268c42fe53ba,legacy,
slab_onyx_lettuce_green_306432da-990a-49e8-a820-16fc50edd71b,legacy,
slab_onyx_lg_5c8d8e0b-ddfa-4778-b166-d3379d91b322,legacy,
slab_onyx_lg_extra_orange_e807b921-f3df-4311-b623-7e46629a174a,legacy,
slab_onyx_lida_cappuccino_b5241819-4ba8-4316-8610-1bc8a769912e,legacy,
slab_onyx_lifora_1be99aaa-0fc3-4689-a78c-68475449af69,legacy,
slab_onyx_light_2085ad00-9cc4-4fb4-887d-5b8ac6a01c64,legacy,
slab_onyx_light_green_e24c33d7-44c0-49c4-8abe-97c44a622f25,legacy,
slab_onyx_lotus_9101b75a-ebe4-4453-83e4-e8b32ab3dec1,legacy,
slab_onyx_lucky_zlata_c55a2cd3-6485-4af9-af0f-31ff0fcc3b9f,legacy,
slab_onyx_lumen_e1df999f-a153-4885-ac93-0886d76023b5,legacy,
slab_onyx_lushnija_eff52def-77a4-4d77-a8fa-9e012aa4d2a1,legacy,
slab_onyx_lushnje_honey_3284003b-56fb-4233-bd15-f36a8f8f0796,legacy,
slab_onyx_luxuria_1dc00529-5720-4548-9535-f61206df322d,legacy,
slab_onyx_macadame_fb01ba4c-afe2-49ac-acce-6234670b5ca9,legacy,
slab_onyx_macedonia_honey_a716d8be-4c44-4294-8830-c2b98a79ac12,legacy,
slab_onyx_macedonian_cappuccino_21199e08-2fcb-4f9a-9d0a-e07ad47fdf94,legacy,
slab_onyx_malaga_b5a9a277-8c13-448f-ad60-983c54970a6c,legacy,
slab_onyx_manaseer_df178c89-aa48-4914-a87a-7bad7656b4f5,legacy,
slab_onyx_mandarina_6cb820e8-3d36-43c5-bc72-ac36d559d5a7,legacy,
slab_onyx_mandarino_715a5ef0-2576-4f98-832b-edbc569e9270,legacy,
slab_onyx_maragheh_green_0274fe3d-6566-407e-a174-1373fd12b47a,legacy,
slab_onyx_marmar_sabz_4cff49e0-9f04-4c0c-a0a7-b3e3a2de73ac,legacy,
slab_onyx_marmar_sefid_6b40e600-094d-439b-8304-ecd95eeb18b0,legacy,
slab_onyx_marmaran_amber_c0cdc18a-e231-4eee-97cf-299045ec4f8b,legacy,
slab_onyx_matrix_e1bec9df-a872-4b9c-ba00-693239719ba0,legacy,
slab_onyx_medium_green_a0e16c58-d235-4923-ba90-263efe992b2f,legacy,
slab_onyx_meshed_honey_448cd0ac-eede-4f9d-98eb-8382df9c4d1b,legacy,
slab_onyx_mesquite_475a6023-6340-4640-b088-5ccbe6e2d979,legacy,
slab_onyx_mexico_jade_green_9682e998-38ff-4251-98fa-a890b300481d,legacy,
slab_onyx_meymeh_pearl_d79253e3-9b95-4571-9f7b-83117da4796d,legacy,
slab_onyx_mgt_ab7b3a8a-1ccf-4b6b-83b9-2f6f90d98b31,legacy,
slab_onyx_mgt_grey_62a4295c-04ed-480a-9d52-c25020d6d148,legacy,
slab_onyx_miel_0f9cbdc6-ee9d-4889-b167-b8a78630dd35,legacy,
slab_onyx_mixed_93164369-c318-4cdd-8c4d-35e39fd1311f,legacy,
slab_onyx_mono_green_1c24bec3-017b-480e-b7e7-15fc6da2ee5f,legacy,
slab_onyx_monte_juan_64055dd1-5365-4bc5-a7d1-c3262c861710,legacy,
slab_onyx_morning_star_d4955a73-e8fe-4328-aca8-cf5454a8f77d,legacy,
slab_onyx_mukarram_gold_7f923e43-ffa5-4998-82b2-c02f2fb92eed,legacy,
slab_onyx_multicolor_gold_0cb7141f-f62a-4f11-919d-0f3a7dd7e94a,legacy,
slab_onyx_multicolor_jade_b210afc5-ee41-4735-9382-019454e9963d,legacy,
slab_onyx_multicolor_traonyx_efcb4fe4-8fb1-4f34-9e0c-211952798ab6,legacy,
slab_onyx_myanmar_colorful_8c434f93-a44e-4bbd-87a7-6089632321f5,legacy,
slab_onyx_nacarado_de2c9a03-30c5-4a54-9bc0-4abb624cf217,legacy,
slab_onyx_naghadeh_pink_eac5e36e-2efd-4c0a-9390-9b914549a69d,legacy,
slab_onyx_namibia_9005d1d2-129b-4dfd-b389-17eaeffecd74,legacy,
slab_onyx_naranja_3587fe24-a08d-4a4a-8b2a-467bb4b85d71,legacy,
slab_onyx_new_03c05f6a-b912-42f0-9cb2-bc320e762c6f,legacy,
slab_onyx_new_amber_b9d449a0-6e33-4090-bfba-09680b7f29cb,legacy,
slab_onyx_nuga_b216ca6d-7a89-40b9-8340-44df7720f552,legacy,
slab_onyx_oaxaca_74631364-ac7d-4813-83d1-40a34804f131,legacy,
slab_onyx_ocean_black_5efac1f3-11b4-41dc-b331-be40d4bd0e07,legacy,
slab_onyx_olive_e80b9bf2-b408-4e38-bf67-80baf280e8d5,legacy,
slab_onyx_onice_smoke_6ef6c744-e98c-4333-b961-defa2a80bf2f,legacy,
slab_onyx_oran_f146b243-a69d-48c3-8adb-95a74571a382,legacy,
slab_onyx_orange_bubble_3aa65126-a1fc-4428-ae7a-77788dcb388a,legacy,
slab_onyx_orange_tiger_ff6c65aa-e69c-4478-9fb8-c0fad1cffdda,legacy,
slab_onyx_organic_dd499c35-6039-4169-9fb5-0087f97a0e22,legacy,
slab_onyx_orion_e449d959-f3fb-4508-bfb1-152eb869dc82,legacy,
slab_onyx_pakistan_blue_e41502dc-54f1-432a-b001-5362aeeaa874,legacy,
slab_onyx_pakistan_gold_066da3d8-0e64-4f3d-806a-a794f22e94f0,legacy,
slab_onyx_pakistan_green_cc081441-4340-41b9-9b55-80fd1ef6ccdd,legacy,
slab_onyx_paradise_red_a6397049-8653-4467-b4b3-87002ce9deff,legacy,
slab_onyx_peachy_1b71ecde-9b67-4fd6-bdd1-786d99a2b8f6,legacy,
slab_onyx_peacock_ink_7289d2fc-b992-4bce-9e9a-62092b94b9b5,legacy,
slab_onyx_persian_brown_7df83615-4ec4-452f-908c-6eafc48f8e56,legacy,
slab_onyx_persian_green_aceb0806-2774-4620-af58-28fb48d200ed,legacy,
slab_onyx_persian_pink_ade89c87-fafd-4db5-b304-295f98221be6,legacy,
slab_onyx_persian_tiger_a40220f8-6f6c-41f6-931e-783b627bc850,legacy,
slab_onyx_peruvian_fantastico_2d80aba8-f5d2-42cd-9e15-77d5a2e885b8,legacy,
slab_onyx_pesca_5b4c5db4-63e0-49cc-8666-91fe769b76a6,legacy,
slab_onyx_pharaoh_9c2553d3-266c-4c0a-9da6-63a5351447d3,legacy,
slab_onyx_picasso_red_32f3f0a0-8420-4677-9f33-11ab7b773304,legacy,
slab_onyx_pina_2eb2b45a-4f77-4c20-bd5e-4157862b6eed,legacy,
slab_onyx_pineapple_9540aa1d-9767-4aa7-95d1-6144121728e0,legacy,
slab_onyx_plywood_f1348779-5cfa-4630-895e-68d3d7cd31c9,legacy,
slab_onyx_porteghali_121f41e3-5b15-4d16-8204-3e3f7bd51e8d,legacy,
slab_onyx_porteghali_mojdar_977451ec-4720-4de4-9ce2-a70414f0460c,legacy,
slab_onyx_pure_white_d48ca3b8-8b58-469d-a76c-f2e1adc87479,legacy,
slab_onyx_qorve_white_11f999da-a71f-4752-aa57-d267d1396e8c,legacy,
slab_onyx_red_dragon_4565f108-6a98-4104-a418-f167c62c2f1a,legacy,
slab_onyx_red_wood_grain_676b02b2-df12-418f-b181-2a207d5c04be,legacy,
slab_onyx_resin_yellow_457931ca-07c8-4cfa-beee-eb864af09069,legacy,
slab_onyx_rich_tianmen_58480d9b-3ccd-45e2-9916-635697e226b5,legacy,
slab_onyx_river_ddf16a60-01d3-4732-bd04-f0904ebf9d4e,legacy,
slab_onyx_river_gold_6a988210-521c-4577-97d4-322a857a0870,legacy,
slab_onyx_rojo_passion_064a26d9-0e5d-41de-8aba-afa76c387f76,legacy,
slab_onyx_rojo_vulkano_94a54579-1395-4bc4-9219-4ba7c93873b8,legacy,
slab_onyx_rosa_grande_7bb74308-08e1-4ce0-8699-955c1ed0c9a9,legacy,
slab_onyx_rosin_jade_c534c1e2-8cb7-4e57-a29b-b2aaf8e5c95a,legacy,
slab_onyx_rosso_meraviglia_9d8936f1-269f-4fbc-b768-7dc7f4cf669b,legacy,
slab_onyx_ruby_e11b61f2-9f08-40ef-aec0-a226146c7ab5,legacy,
slab_onyx_sahara_c2fceafe-947a-41cf-9941-271307f5eb6e,legacy,
slab_onyx_salmi_0661a7ce-65a1-4711-ba20-202c36166bf8,legacy,
slab_onyx_salumber_30e5e58c-6de3-4026-a49b-8f351449f43c,legacy,
slab_onyx_samba_0773e75a-4faa-4996-a2c9-f5d9f90afe7f,legacy,
slab_onyx_sapphire_f1116943-46ea-4a52-87af-697827af71d1,legacy,
slab_onyx_saraystone_traonyx_9f812fa1-3431-4afb-909a-503de7b804a8,legacy,
slab_onyx_scarlet_red_d482862f-4f50-40ba-8777-b666da677667,legacy,
slab_onyx_seben_honey_15f06fab-62c6-4636-8927-ad95ffd3d4f8,legacy,
slab_onyx_seben_rainbow_669da933-c27e-46a2-803c-02a92519ff0e,legacy,
slab_onyx_sef_b79b6cff-b261-4f6f-96ee-a6d47a5e34f5,legacy,
slab_onyx_sefid_asali_48539957-41e9-4087-87a6-c4110a4f4af0,legacy,
slab_onyx_sefid_babashorab_5a3a486b-ec7a-46c4-961c-4582b87d99f9,legacy,
slab_onyx_sefid_bloor_8cbe53be-12af-49c9-a91c-1925aa53fbff,legacy,
slab_onyx_seyitgazi_brown_e2fbe51d-794d-428d-b5ec-858c0314125e,legacy,
slab_onyx_sharon_e7268995-6551-4a0c-84ad-ddf2a9760edc,legacy,
slab_onyx_silifke_18f880a3-5086-4cd7-b4f1-ef74934ef759,legacy,
slab_onyx_silvana_32e4f171-08f5-4100-a631-61fef0614a2a,legacy,
slab_onyx_sirjan_8da338ba-73a0-4862-815c-4c290c966707,legacy,
slab_onyx_sistan_white_da6fd085-632c-4754-a207-671f0fe2fc54,legacy,
slab_onyx_sky_blue_6cd1d7fd-fd23-4123-955e-c883df01f37f,legacy,
slab_onyx_sky_cream_484025b5-705f-4372-ac77-a0c6caa5de37,legacy,
slab_onyx_smeralda_d634e3be-3852-4af4-bb75-8ea3a9e0dca7,legacy,
slab_onyx_smoke_jade_2dc9859d-519a-414e-8d78-ab1e4ae92fe8,legacy,
slab_onyx_smoked_46c3a62d-d9d7-452c-a5ab-73ecfd6d5ac2,legacy,
slab_onyx_smoky_grey_1c923e5c-b5d6-4aa7-b003-0b2d5bcde6b2,legacy,
slab_onyx_snake_skin_traonyx_3fd7ea3b-2faf-47dd-97bb-ded432001bd3,legacy,
slab_onyx_sorati_rang_shode_a16ca6b4-b9ce-4a9c-aa0d-8cc9e5d09c51,legacy,
slab_onyx_spider_jade_c43617f5-3e58-49d0-8e47-4da268963b67,legacy,
slab_onyx_spider_white_535a9fe2-f5f2-4412-bece-a61eb1f925aa,legacy,
slab_onyx_spisske_9fd7dcdc-b41c-4605-963b-fa6e57eab3cd,legacy,
slab_onyx_stalattite_ffe16d26-abc1-47c9-abd0-d9d1d577ee9a,legacy,
slab_onyx_starlica_665dd7d0-0249-4d12-94ea-f69f596bbcb0,legacy,
slab_onyx_starlicia_3bd77cc5-6178-4bdb-9f6e-ad5235fe76d8,legacy,
slab_onyx_storm_d90d9b88-5765-4770-b78e-69f26582a00d,legacy,
slab_onyx_sultan_15724053-984f-46b9-8698-a39d1087f62e,legacy,
slab_onyx_sunset_96d08501-ae21-450a-a32e-b7f304347bae,legacy,
slab_onyx_sunset_cloud_edce0ed0-231b-4c2c-8ede-800b72b99a4f,legacy,
slab_onyx_sunshine_0c05d1a7-9326-4edb-a0ef-6a13ebf43984,legacy,
slab_onyx_surreal_7436cfc3-cf01-40de-9e8c-12c6b12c9284,legacy,
slab_onyx_tanzania_3072a433-b98a-46a8-8304-45baf155f8d3,legacy,
slab_onyx_teana_buddha_64740969-777a-4029-933d-bb9369563e24,legacy,
slab_onyx_terra_56c22281-e36b-4951-8acb-d0e2252135ca,legacy,
slab_onyx_terracotta_b22dd3d7-3626-47b6-b094-2617c7914082,legacy,
slab_onyx_terrazzo_985e9ba3-1204-471e-875a-9e2fdd880813,legacy,
slab_onyx_tiffany_white_5636e20e-973a-4023-968c-aaa834ee4d04,legacy,
slab_onyx_tiger_skin_bdeecc6d-825b-496f-81fe-ed2c88f22bfa,legacy,
slab_onyx_tirat_karmel_261f37a1-5a44-44e6-afa9-cd5706821bc8,legacy,
slab_onyx_titanium_white_79a530c2-f8eb-45f7-a987-5d90466ed37e,legacy,
slab_onyx_topaz_d80cbe0f-c0ee-4311-abd8-f82694139ac9,legacy,
slab_onyx_touran_posht_green_54001ecf-ed6e-408a-80a0-1b4652029087,legacy,
slab_onyx_translucent_greige_d4de8536-2f15-4926-aa7b-9edb1ff7c327,legacy,
slab_onyx_traver_9317226b-92fd-45c4-a315-9b7cc907473c,legacy,
slab_onyx_tripolis_6754011f-cd4e-4168-a6bd-a6a43ec37b79,legacy,
slab_onyx_tropical_269175ec-e215-411f-9f31-f4f30a128373,legacy,
slab_onyx_tropicale_932c2dc3-6509-482e-9d47-d87eb4354953,legacy,
slab_onyx_turhal_lemon_43fd6630-b281-491e-894f-3266885a3d4a,legacy,
slab_onyx_turkey_brown_190dff8c-0fd7-42fb-a460-6c39db72f8f0,legacy,
slab_onyx_turkey_golden_d5d302ac-444d-48c1-9a7b-96bab19e304d,legacy,
slab_onyx_turkey_grey_dc99d0e2-820a-4f8c-acc0-cc75626556f8,legacy,
slab_onyx_turkey_light_green_800f8ef0-f861-4725-89b2-c31b2bf5472c,legacy,
slab_onyx_turkey_smoked_570e4125-8416-41b1-810b-2b317a5c63c2,legacy,
slab_onyx_turkey_tiger_b92c5b67-63c4-4ad3-8e0a-5346c626e361,legacy,
slab_onyx_turkey_white_48d14065-6575-48da-99af-382f4ffd7d94,legacy,
slab_onyx_tut_cb8492b7-2331-4f33-8807-bea1f8cecd81,legacy,
slab_onyx_usak_white_969562f4-b66e-4a22-8eca-b3f1b2bd9d12,legacy,
slab_onyx_valley_d5fa5126-648c-474a-91e3-ec28d78892c5,legacy,
slab_onyx_van_gogh_dfb07db0-ee77-41c1-8fc5-e5773b8c01e9,legacy,
slab_onyx_van_light_green_3c7facd6-b150-422f-97e4-57445db243b1,legacy,
slab_onyx_vanilla_e84c01b0-463b-4eb1-96b9-e870584f060f,legacy,
slab_onyx_vanilla_sky_a4d93f4a-8a6f-4109-b791-e89804e032df,legacy,
slab_onyx_vedi_e03e0004-d859-4f0d-83ea-380fdf839013,legacy,
slab_onyx_velluto_420e2524-4a76-436a-8dec-f3bb87a2ce06,legacy,
slab_onyx_verde_afghanistan_3d41425e-1fa6-4b4d-b22f-9950951002a7,legacy,
slab_onyx_vetro_02722ed1-0965-4283-bed2-af65fd3bb064,legacy,
slab_onyx_violet_d392683c-255a-4ea1-827e-38643921207d,legacy,
slab_onyx_vista_grande_66b1122e-3e11-414f-845e-61c47fea6f7b,legacy,
slab_onyx_volcano_a1a445e5-10fb-49ff-b515-6098eb0cb185,legacy,
slab_onyx_volos_f92d26d0-fcde-4e52-b972-631a47324af1,legacy,
slab_onyx_vulcan_4f1a4359-95d5-4383-a201-a1ae8e4b8506,legacy,
slab_onyx_vulcano_04709505-ca91-48d0-acef-e9e5a5368a8b,legacy,
slab_onyx_walnut_163494c0-1582-4ef9-b4fd-f9217e0d73a1,legacy,
slab_onyx_water_wave_133b4d72-cbc9-430f-a462-bdcfb17f6092,legacy,
slab_onyx_wave_87164538-e337-41d0-8e7e-ae7c32057b7e,legacy,
slab_onyx_wawes_567b3d4b-ec9f-406b-8b44-40a72f77cd16,legacy,
slab_onyx_white_jade_6b5566f7-4202-46f9-8617-e0cc76c9a39a,legacy,
slab_onyx_white_traonyx_a48722cb-3437-4175-834d-8d8928fbecfd,legacy,
slab_onyx_willow_b6be644f-aa5f-4605-b791-9d4083aa1dbe,legacy,
slab_onyx_yakawlang_668e2314-b443-4651-9ee9-fd7c70378415,legacy,
slab_onyx_yellow_cloud_71add766-0785-4cf5-ac1b-0958d78a5caa,legacy,
slab_onyx_yellow_traonyx_41ac485c-8086-4b6f-860b-13a0e09630d3,legacy,
slab_onyx_yellow_web_1f2f670e-ebab-42b6-bbbe-9d2585a52cc9,legacy,
slab_onyx_zebra_655ed46a-45c8-4e92-a359-0acdff490320,legacy,
slab_onyx_zebrino_b51b555f-c082-4f1f-8daf-a0a50d0dd45d,legacy,
slab_onyx_zlata_oniks_44c7c606-44b7-40f2-b61b-86cdaaa81d77,legacy,
slab_onyx_zucchero_7d8d8968-3829-49f7-b13b-0e40ae06a714,legacy,
slab_onyx_zula_27aaeefd-e0eb-457a-9316-e5fbafaa50d5,legacy,
slab_porphyry_trentino_red_porphyry_e2a83c93-618b-41c4-8e2b-6989c394cf31,legacy,
slab_porphyry_trentino_grey_porphyry_bf3e4d0b-9303-4127-8ba0-b65f95b85163,legacy,
slab_porphyry_trentino_purple_porphyry_a2f797e6-b42e-40c0-8ab6-25279ec54624,legacy,
slab_porphyry_mexican_porphyry_e97288f9-c599-46eb-a598-ba5d160b7633,legacy,
slab_porphyry_argentine_porphyry_bde15fee-a4e8-4882-8551-ef5810fa09ac,legacy,
slab_porphyry_adoquin_morado_de4b4948-28e6-4052-a0e7-74a12fca0737,legacy,
slab_porphyry_arbatash_ed6cead4-03cd-454a-bb8a-b8257d4d19ed,legacy,
slab_porphyry_azizbekov_red_e618e0f0-f958-4a3b-b3ef-ce99459b2c2f,legacy,
slab_porphyry_balikesir_faddd639-a981-449e-bd28-4a36a3df7466,legacy,
slab_porphyry_beucha_grau_31a66e9f-5847-4ba6-8966-b7233b2b69db,legacy,
slab_porphyry_branzoller_a0c1fff4-a78b-4cad-8f29-c580554dc61c,legacy,
slab_porphyry_bredvad_670b3002-890e-492f-bc89-c3f46ed4ec13,legacy,
slab_porphyry_bulgaria_9ad3c5f1-0879-4007-9d3a-b31d8190fc3f,legacy,
slab_porphyry_cembra_7ede14b6-cd4a-4e0c-8e45-58ea1754da97,legacy,
slab_porphyry_china_grey_791722e1-1873-44a0-92b9-d151c4bbd84d,legacy,
slab_porphyry_china_purple_a62c9936-fe22-4e6a-be27-82008a46b222,legacy,
slab_porphyry_china_red_75104f96-5a47-4844-b96a-79512e9908d9,legacy,
slab_porphyry_donau_098ea0fb-8104-4ce9-8346-e04439d6aa72,legacy,
slab_porphyry_eggentaler_df6e0167-3c98-4ce9-819d-7246a5b9406d,legacy,
slab_porphyry_egypt_black_f7fc2e91-485c-43d7-88d9-7e71a2b7358c,legacy,
slab_porphyry_egypt_red_7ad9f36d-6b23-463c-bdf3-bc168b53eb75,legacy,
slab_porphyry_fujian_green_93e03ec5-d5c4-4a7e-b59e-e6fd94bc4ca7,legacy,
slab_porphyry_gardena_dd3952f0-a019-488d-8756-74310bdea04e,legacy,
slab_porphyry_giallogiotto_02b01a54-952e-4de8-9e8e-4b1c2f1b5079,legacy,
slab_porphyry_green_a2ae5628-dcab-482d-b545-c973559b92c9,legacy,
slab_porphyry_green_grey_51a950c5-99d9-4530-bdff-a273f9058167,legacy,
slab_porphyry_green_pearl_12d76ec8-ff30-4b50-9740-9a3d64ae648c,legacy,
slab_porphyry_groden_094b95b8-34a3-40fc-9a5a-a7ac1d73ba2d,legacy,
slab_porphyry_grodner_c1781612-ae17-419f-94fd-d0d2605724f5,legacy,
slab_porphyry_jarrah_red_6ea20b54-47e9-4623-824e-9bc939006b43,legacy,
slab_porphyry_marrone_72835ef6-20d1-405b-b956-dc758be12d4d,legacy,
slab_porphyry_mexico_red_bbb6c354-33ea-4ab1-92ab-bdef5da9c25b,legacy,
slab_porphyry_molten_grey_724b84b2-33c0-46d6-987c-92291fb47ba6,legacy,
slab_porphyry_molten_red_b725489c-f173-49eb-b424-dad78d6dec7e,legacy,
slab_porphyry_montiggler_c76cfafa-4700-4306-8943-93701f935967,legacy,
slab_porphyry_porfido_diaz_f64afd4e-1d4d-4259-9c1c-9dc68d85c74f,legacy,
slab_porphyry_porfido_rojo_7d4f1c87-1162-4218-b3d5-20349006633e,legacy,
slab_porphyry_rainbow_64181a11-e81d-4535-b7f4-926aca55de53,legacy,
slab_porphyry_red_shouning_c004e5ad-7d35-45ae-bbd0-cb53437a1065,legacy,
slab_porphyry_red_yazd_8438d307-3a5b-4238-ab5d-8d8a2fab36e8,legacy,
slab_porphyry_rhomben_5742ddf8-6025-43c6-a01d-96897c625733,legacy,
slab_porphyry_rittner_002aa1d9-cc1a-4d6c-840f-3505504f8f18,legacy,
slab_porphyry_rosa_mexicano_3abd974b-00eb-4b81-8243-fd20f07993e9,legacy,
slab_porphyry_rotwand_892f243c-852d-44c9-8b78-cdb5811a6f60,legacy,
slab_porphyry_sahara_gold_ce495d4c-a3de-43fa-b134-5a7f618f42d7,legacy,
slab_porphyry_sarner_grau_b5e39fbd-7d82-48aa-a81e-96e9363decc0,legacy,
slab_porphyry_sarner_rosso_d9f06709-b082-4ffe-b8fb-80da3e2431b6,legacy,
slab_porphyry_shokufeh_esfahan_83783ec0-8aa0-4401-898a-3acc0e7ac41f,legacy,
slab_porphyry_slovakia_red_66eb8048-7095-4438-bbda-ee69586f7a0f,legacy,
slab_porphyry_starry_purple_430cd31a-436d-4360-99cd-02890186ef60,legacy,
slab_porphyry_steger_4605c253-4f03-45b9-8e9e-43d1b5a31866,legacy,
slab_porphyry_terlaner_4eb1a0d2-4633-4bdf-8afe-b11070b3b2f5,legacy,
slab_porphyry_thunder_brown_023a846e-d2a0-4c15-865d-8b0dfe7a62b5,legacy,
slab_porphyry_trentino_grey_57357152-5239-49ce-88f4-0ee750305ecb,legacy,
slab_porphyry_verde_peru_5bd29b0c-43f8-4610-8ac9-3b69de1e60f1,legacy,
slab_porphyry_yazd_brown_98c544e5-4b77-4219-a1a3-0a746e4542d8,legacy,
slab_porphyry_yazd_green_afe43d99-eb4e-4e3d-8a85-34c1f8bd19bd,legacy,
slab_porphyry_yazd_rainbow_72cb7a64-6781-4a79-95f3-fc04ef98f5d9,legacy,
slab_quartz_amethyst_49991cd2-dd27-4f8a-b276-d1e51175a7a5,legacy,
slab_quartz_blue_504a30d0-46ec-4a39-b938-0dc674181b62,legacy,
slab_quartz_emerald_green_4f4d5333-6e00-4eed-81bb-2a6f5b1d315a,legacy,
slab_quartz_rose_abc8c68a-4c77-4958-b9d8-8e837ab6bc1c,legacy,
slab_quartz_sodalita_e6f46130-a147-4cb9-a4e1-7c9e20cac202,legacy,
slab_quartzite_sea_pearl_quartzite_e9c5fa01-6e3a-4da2-ac89-8850aa9c9e39,legacy,
slab_quartzite_white_macaubas_bc68c8e0-1a34-43dc-9ecc-e87d57b22997,legacy,
slab_quartzite_azul_imperial_b6a57f1f-f3fb-468a-a457-6c73b1713762,legacy,
slab_quartzite_fusion_quartzite_47477485-100b-4189-ad74-fabcd288bf77,legacy,
slab_quartzite_mont_blanc_quartzite_1a1a8f4f-890f-4406-a592-cbb26cde2329,legacy,
slab_quartzite_super_white_quartzite_8646f9be-d917-41c7-aa90-6ca1d3e3d486,legacy,
slab_quartzite_cristallo_quartzite_941c8be5-5534-4d6a-ab56-fdf70342eda4,legacy,
slab_quartzite_nacarado_quartzite_44d91cdc-8293-4ee2-805d-c96eea7d071c,legacy,
slab_quartzite_emerald_quartzite_122b3ef3-f816-42ef-b87b-4eef5fc438d8,legacy,
slab_quartzite_alexandrita_quartzite_54bf003b-82b6-44c8-8c99-35d78f2d0b9c,legacy,
slab_quartzite_madre_perla_quartzite_85143d1d-5537-413a-bf37-8dd88983535c,legacy,
slab_quartzite_fantasy_brown_quartzite_3e9da17a-f5b4-4ac0-b589-c1277a839e06,legacy,
slab_quartzite_calacatta_quartzite_d7102907-8109-4d6e-9757-e9a816e54720,legacy,
slab_quartzite_golden_storm_quartzite_f1730a54-940f-42dd-81a3-c15f0d538235,legacy,
slab_quartzite_fleur_de_lis_quartzite_8c2d8bef-dbc3-4bea-9d10-a1e15da8342f,legacy,
slab_quartzite_arctic_quartzite_40c43755-9fd6-49b6-b2f5-041ff13479b7,legacy,
slab_quartzite_iron_red_quartzite_387424fb-26f8-42fd-88f5-a9bfd5101244,legacy,
slab_quartzite_silver_quartzite_321bc047-58b8-4931-b423-e608c4ea773a,legacy,
slab_quartzite_perla_venata_f8c85b9a-87db-45a1-9c45-8d711d504074,legacy,
slab_quartzite_acquamare_0c12efc9-0da6-41d8-82a6-d2d68cb7a4d3,legacy,
slab_quartzite_african_fusion_belvedere_9d200584-a74a-42b2-b10b-28f779415ecd,legacy,
slab_quartzite_aligator_d8ec3990-c194-43cb-b161-3d36318170b7,legacy,
slab_quartzite_allure_0100932d-e49c-45cf-8fd4-fe5ee7e56b27,legacy,
slab_quartzite_andes_9c7fb1ee-c2d0-40d3-b4d7-660c9f09a2af,legacy,
slab_quartzite_anthra_black_97c3060a-ac12-4727-81ae-25d4eb68bd2e,legacy,
slab_quartzite_anubis_40536de0-7f76-4ddb-be85-15957be76fca,legacy,
slab_quartzite_appaloosa_6ccd0532-bbc1-4563-b5e6-f70595059c74,legacy,
slab_quartzite_arturo_112cbc83-e368-4c0d-9cd5-f33d2d1c3880,legacy,
slab_quartzite_arturo_blu_4d5f474d-0a6e-4f5c-9678-9bf3964cf1e8,legacy,
slab_quartzite_arturo_green_4b295abc-ccd0-4a55-90d7-e04e6d1111ea,legacy,
slab_quartzite_asgard_b20875ba-c3d2-4c9f-8900-44e746f22153,legacy,
slab_quartzite_aurora_green_e0aa4493-4bc7-4d8c-8e2f-89700d626399,legacy,
slab_quartzite_avalon_3369a617-decb-4320-b137-37ff08de94c5,legacy,
slab_quartzite_avocatus_86969c82-3c25-4465-8b96-b12b9c3a289f,legacy,
slab_quartzite_azul_macaubas_0e981075-52ed-441a-90e9-1a911782600d,legacy,
slab_quartzite_azul_macaubus_e339a808-1e2e-44bd-9004-709bff1bb841,legacy,
slab_quartzite_azzurra_bay_3c223170-4424-4cd4-a942-e4b255673e61,legacy,
slab_quartzite_bacarat_788de390-3a75-44b3-b32c-85fa1e18973b,legacy,
slab_quartzite_bamboo_5dd784b8-4817-4a96-afa1-e17048c94707,legacy,
slab_quartzite_bellagio_25dbb052-de12-45a9-801b-40256c1c8d0a,legacy,
slab_quartzite_bianco_superiore_951fc0cc-6910-4d34-ae52-6dab85143126,legacy,
slab_quartzite_black_java_8c7d0ae7-03b2-4e0c-abf1-0d6e2abfa141,legacy,
slab_quartzite_black_panther_5ca2c784-8631-4991-adb9-39cc188d4429,legacy,
slab_quartzite_black_phantus_4e41df19-235c-4c97-a00f-9030bb02c268,legacy,
slab_quartzite_blue_alpine_89d0a5af-7545-4702-bfbc-6a8e620e0b90,legacy,
slab_quartzite_blue_mare_c6cbd995-2b3b-4872-87f6-11a052e5c97e,legacy,
slab_quartzite_blue_roma_921cc8f5-bb0a-48e9-abec-d4324cc21fb2,legacy,
slab_quartzite_blue_tempest_05dd548e-3ac2-4dda-9bdb-3b8bacd29d7d,legacy,
slab_quartzite_blue_treasure_9371bf8b-1b33-4601-8b7c-69eb68282087,legacy,
slab_quartzite_bordeaux_2b979c2e-c7cb-4a02-9ecc-b8dfe02dc1c4,legacy,
slab_quartzite_botanic_green_c424fc5e-e641-440d-b811-9ba4ef091681,legacy,
slab_quartzite_bramante_d12f02da-b6b0-441b-9af9-2c71d197df5a,legacy,
slab_quartzite_brilliant_black_5b29782b-6f9a-4f07-aecc-b36b94ca3fce,legacy,
slab_quartzite_brilliant_grey_5ac40171-db07-481f-b356-60f17d0a8811,legacy,
slab_quartzite_brilliant_white_64c51e7b-cf7b-42a1-984d-e0cf677d7bfa,legacy,
slab_quartzite_brownie_54428731-0a5a-458e-9966-a49418705b3f,legacy,
slab_quartzite_calacatta_black_8e0cfa80-3d42-4134-a9c5-afcc49638d3e,legacy,
slab_quartzite_calacatta_lux_952785e1-135e-4da6-8e8e-967484feac77,legacy,
slab_quartzite_calypso_gold_3bf4249e-ebe4-4bb3-989b-99179c3546c6,legacy,
slab_quartzite_capolavoro_e86581b4-d225-437f-b9d2-e07e95b679e8,legacy,
slab_quartzite_capri_76b9bb40-053d-4572-ae94-f39643a3bb59,legacy,
slab_quartzite_casablanca_892d76b8-a121-4590-8e78-d067cad32051,legacy,
slab_quartzite_chandon_black_df1732b5-d343-4b16-b8b2-a47d1a458b61,legacy,
slab_quartzite_chantilly_d6fc5a73-aba5-42c4-9ac1-bddf113000de,legacy,
slab_quartzite_chateau_blanc_a382c743-ced4-423f-a1d0-3fd2c9bcd83a,legacy,
slab_quartzite_cielo_504f4268-a14a-4d05-b1d6-a28b89e96d05,legacy,
slab_quartzite_cippo_fantasy_b6bac21d-01fe-4b81-a1d8-5e7d2da63c5d,legacy,
slab_quartzite_colorado_b77805a3-8280-4dc1-a336-e4bd7ce0fef8,legacy,
slab_quartzite_cristallo_rosa_27f377f6-de13-4816-a925-bdbac34d9024,legacy,
slab_quartzite_crystallo_bianco_f92948f3-b5db-43c1-905e-08549287e09b,legacy,
slab_quartzite_crystallo_roso_d122379e-6e18-4ada-b219-d21499d5618d,legacy,
slab_quartzite_crystallo_spazio_65134a4d-4c57-48b0-8c85-0e841aae126e,legacy,
slab_quartzite_crystallo_traslux_8ed842e5-74c6-4895-a619-18e583a08fdb,legacy,
slab_quartzite_da_vince_84a669f3-e597-4006-bcd1-07dfb92c1e63,legacy,
slab_quartzite_dakar_fdb6012a-ef94-46dd-8deb-14b4e6ad6be0,legacy,
slab_quartzite_delle_alpi_745df9eb-aa0d-4158-b57f-33ef8fe42bf3,legacy,
slab_quartzite_denali_bdc9c320-f208-4507-9dba-e644292e95f5,legacy,
slab_quartzite_desert_blue_abd83cb8-d66a-4716-9c96-8c3084438faf,legacy,
slab_quartzite_diamond_black_41e69951-385c-44a5-9543-7f5f18404d22,legacy,
slab_quartzite_diamond_emerald_green_76fe57d7-0d81-4e98-8bab-ef85a64562ba,legacy,
slab_quartzite_diamond_white_bd9a77d9-cf42-415d-a41d-936b67ecf288,legacy,
slab_quartzite_emerald_green_59cb6215-5208-4e91-9d4b-291b003403f4,legacy,
slab_quartzite_explosion_blue_debf247d-5a91-43af-8b58-095c4ed695f5,legacy,
slab_quartzite_fantasy_366bc8b0-4d99-4f24-be71-1a605fcc3272,legacy,
slab_quartzite_fantasy_lux_7396169d-f950-4d93-9b68-c268144a2360,legacy,
slab_quartzite_flamboyant_2ea34654-f7cd-4d40-a3b3-729d1eeb1176,legacy,
slab_quartzite_fuschite_5ba05cbc-d91c-4e27-86a2-62452d5bd81e,legacy,
slab_quartzite_fusion_dark_fd8d3413-0ac0-4c4f-8915-39915fc5de96,legacy,
slab_quartzite_fusion_multicolor_1b8fade0-f031-4de6-a415-8f9f2f89a0f0,legacy,
slab_quartzite_green_patagonia_9d3c7665-3495-4aae-b4f6-ce11043a83c3,legacy,
slab_quartzite_green_star_caea8ba9-1362-4aac-b45b-1d1f0f132c8a,legacy,
slab_quartzite_grey_macaubus_bbf3562c-1d55-4c9c-b59f-841a3f5d8bf5,legacy,
slab_quartzite_gucci_bbc3c546-a286-48ed-9941-20d882c1b36d,legacy,
slab_quartzite_havana_e6f27125-8f99-4695-b668-006971322007,legacy,
slab_quartzite_iceberg_6a533ee4-808c-41e4-a075-38a452bd9851,legacy,
slab_quartzite_ijen_blue_3373d595-add0-4316-9b2a-c94111e51fbe,legacy,
slab_quartzite_illusion_a48cd751-2865-4a5c-bd9a-6956a48fdfed,legacy,
slab_quartzite_infinity_blue_af72003c-5771-4dca-9753-718ff7a4847a,legacy,
slab_quartzite_infinity_grey_8adb943b-488d-4c4b-89a9-44a69a846388,legacy,
slab_quartzite_infinity_white_a36d23e3-0d9a-4b50-884b-3fbeda997bcb,legacy,
slab_quartzite_j_adore_visuvio_21bf143d-e864-4d98-ab7f-9e6d1cc6113c,legacy,
slab_quartzite_jade_3a76fa11-7bfb-452f-8561-fcadd9c691d8,legacy,
slab_quartzite_jade_blue_e3470bde-cfd6-49a6-bd2b-1da61d3ad228,legacy,
slab_quartzite_jade_pearl_99b822d0-b6f8-4fb3-a1b7-49f95b4dd910,legacy,
slab_quartzite_jadore_77f72bea-927a-4e4d-be39-eee192e196ff,legacy,
slab_quartzite_jasper_green_c8d9bc53-5656-4f6a-9e82-c63ad45c26c3,legacy,
slab_quartzite_kalahari_39881736-0ebe-4695-8700-12626c14c7f5,legacy,
slab_quartzite_kimberly_pink_37c15b15-7dff-4d7c-9102-e3e394eff282,legacy,
slab_quartzite_kouros_51b73cb7-8a80-49e6-8e84-42338f6748fe,legacy,
slab_quartzite_kristallo_superiore_3347657e-089c-4e56-abd8-a8be945602b4,legacy,
slab_quartzite_lake_tahoe_5a983940-8e08-4a9e-a1f8-0799133f04a1,legacy,
slab_quartzite_le_blanc_d875878c-a7ae-4440-b860-64dc6669490e,legacy,
slab_quartzite_london_grey_0ff0f47f-aa5a-440d-9988-af5d66c583cb,legacy,
slab_quartzite_lunar_gray_cdefd499-64e2-4354-b82d-740057051391,legacy,
slab_quartzite_lux_white_c668b32c-0800-4cc4-b9b8-123dcee8a289,legacy,
slab_quartzite_macallan_4963cf59-906f-4ba2-81e0-a7349c24cf3f,legacy,
slab_quartzite_macaubas_fantasy_011269bb-26f0-491f-85e7-9ca82c42b24e,legacy,
slab_quartzite_macobus_blue_7071f3ae-fa44-458d-8ed7-40ba8d5eeea2,legacy,
slab_quartzite_maderius_6f148810-b83a-4109-b305-68243b8fc5ff,legacy,
slab_quartzite_maharajah_993d9e3a-cc01-4431-8ca5-0f1279123861,legacy,
slab_quartzite_mamba_black_e27c03cf-04fd-4cf0-87c0-2b0f2f5b75fa,legacy,
slab_quartzite_marbella_43edb110-5ab2-4812-ad06-554f334bc4e9,legacy,
slab_quartzite_massimo_931cf3de-0cab-43a6-9c92-09d4c5396bee,legacy,
slab_quartzite_maximus_white_4d9366ca-e49b-4edd-a72e-ebddc2f5e36a,legacy,
slab_quartzite_michelangelo_d73f6eb3-acc5-42cb-8067-a5c43e1dbb42,legacy,
slab_quartzite_mocamblu_674b69ef-cad6-43b0-a39b-32abe56b63b3,legacy,
slab_quartzite_mykonos_c7b8bfc0-c486-42fb-a48b-ac1c11bc8ca9,legacy,
slab_quartzite_naika_42bca724-f534-4e0f-8dce-ffb37c3b4efb,legacy,
slab_quartzite_nebula_2b4cb395-907c-4c2d-8f84-45a8d8726623,legacy,
slab_quartzite_noronha_212dda2d-0755-496d-b805-b3fdae426581,legacy,
slab_quartzite_nuage_55a0bfdf-58b8-4952-93a1-c2d915a732c2,legacy,
slab_quartzite_nuvole_38a9e83d-e900-4dba-a7bd-cf5e5c3ac020,legacy,
slab_quartzite_ocean_fantasy_fdfd92c8-b6fd-487d-a9c6-4df0278d1ce3,legacy,
slab_quartzite_ocean_waves_6e9c4a1c-da81-4379-a25e-16b1396b2bbb,legacy,
slab_quartzite_oxford_blue_8b8efcbf-655f-4f39-9f1a-1c5997924fe4,legacy,
slab_quartzite_palomino_a45984fd-bf0b-4b94-a8ba-34c7c7924972,legacy,
slab_quartzite_panetone_258bf9db-1d9f-47f2-ad7d-f1e7a38bc916,legacy,
slab_quartzite_paramount_a6a25b6b-2db2-4e12-847e-599480e3caad,legacy,
slab_quartzite_patagonia_ab3749d3-d522-441b-874a-609ba6203cde,legacy,
slab_quartzite_patagonia_luna_2ad999ae-ae9b-4dc3-bbdb-e80e0bfd6789,legacy,
slab_quartzite_patagonia_pink_ba2f1793-9edb-4a9c-bfaf-b2476568f643,legacy,
slab_quartzite_perla_fc17e0d2-5a97-4aad-8a48-048d23059b1e,legacy,
slab_quartzite_perla_elegance_7d83a819-b131-4a63-b3bd-871c8e6febff,legacy,
slab_quartzite_perla_lume_e4cadfca-0583-4c2d-89b2-31958b427d23,legacy,
slab_quartzite_perla_murano_d213fc18-0f9a-48dc-86bb-3e7bca0760cd,legacy,
slab_quartzite_perla_santana_2750e140-419b-495d-bd99-29e79a64c3a7,legacy,
slab_quartzite_petroclus_afb12d39-ee93-4477-96f6-1d38597c94b7,legacy,
slab_quartzite_pietra_grigia_0f4a4ae4-96e8-4d8a-bf40-1a9e9727d1a1,legacy,
slab_quartzite_quantum_51e28153-dbf0-40c7-9bc3-11143101724b,legacy,
slab_quartzite_riviera_23b47c15-dc32-42fa-838f-d8cfec74b02a,legacy,
slab_quartzite_roma_imperiale_ef0813ca-0d10-4d31-a25d-bbf14662770a,legacy,
slab_quartzite_santiago_b5cc71a7-6db4-451c-b98a-b42890f45f75,legacy,
slab_quartzite_sauipe_f8f387d6-5f97-4770-87e3-f60530f733e5,legacy,
slab_quartzite_sierra_green_06a8eaef-2629-4568-b342-01d19cbd6f93,legacy,
slab_quartzite_silverstone_94dd0090-ce29-4291-8b6e-62527ec6fbc0,legacy,
slab_quartzite_spider_black_37bf0f89-9a43-4f85-b623-70f1aca57438,legacy,
slab_quartzite_splendido_brown_f19a9c4d-1ca3-4e11-899d-c29692bf04bd,legacy,
slab_quartzite_super_black_27b8ad8b-1201-4b42-af4b-5bcf4c330f76,legacy,
slab_quartzite_supreme_f01b2c8a-8875-41d8-88d4-c6b92acf1e9d,legacy,
slab_quartzite_symphony_b4456c26-92d9-4f38-9895-bb9e03e75ca5,legacy,
slab_quartzite_taj_mahal_d1336325-93c8-494a-b5a8-147f03c5ba72,legacy,
slab_quartzite_tanzanita_97f62d99-8ca1-47a1-a655-9c1b1f685418,legacy,
slab_quartzite_thera_c3504328-345e-4669-b52d-e8ab621d2e61,legacy,
slab_quartzite_thesauros_63b73d4c-be6b-4024-9532-33a517bd9527,legacy,
slab_quartzite_tiffany_86d5f548-dab9-49f2-af81-01ef6538565b,legacy,
slab_quartzite_tiffany_nassau_f305bca1-1a05-4c5d-a25a-7c8835890621,legacy,
slab_quartzite_toblerone_c666c2da-f204-42e6-be8c-9b2a2c0e3332,legacy,
slab_quartzite_tycoon_white_c4cf41a7-71b5-4f26-99a8-7143abe9940b,legacy,
slab_quartzite_vanilla_sky_f9ff47f5-5ae4-411e-92b7-4d112312780c,legacy,
slab_quartzite_vega_blue_a9e17d24-d9d2-459b-b8ee-e85c92b83991,legacy,
slab_quartzite_veneza_395d3ee1-ca83-4524-83c9-2aa36f34182b,legacy,
slab_quartzite_venom_c2f136fa-0b2b-4e23-9ad0-0bbaad2fc710,legacy,
slab_quartzite_verde_esmeralda_9e961346-6016-4764-a53b-5ccfbe20e7f3,legacy,
slab_quartzite_verona_green_3149bb19-25a6-471a-971c-d641763831d5,legacy,
slab_quartzite_vision_89feee46-d9d0-449a-86cc-d77d334765cc,legacy,
slab_quartzite_vitra_01574273-2365-482c-b240-9ca688fc2f4b,legacy,
slab_quartzite_vittra_97c7f4c0-807a-496d-a8d6-512b2b037ea8,legacy,
slab_quartzite_white_eve_29fd47ef-371e-4f92-a715-61c99876fe0b,legacy,
slab_quartzite_white_tiger_671d1d6f-342b-499c-b9ea-64f0dce57030,legacy,
slab_quartzite_wild_acqua_81c84784-1b91-45c2-8595-79f5ea18095d,legacy,
slab_quartzite_woodstone_ac52a7f7-788c-4dd8-8678-c22a53f0838a,legacy,
slab_quartzite_yosemite_3cd366b3-2c9f-4ae8-a5c6-f49b9b0e9887,legacy,
slab_quartzite_zanari_fe2b1d52-d5a8-49a1-b4be-89bb92a22af2,legacy,
slab_quartzite_zenith_lux_dbbc5853-f776-4036-836b-d22d77bb30f2,legacy,
slab_quartzite_monte_bello_5626e923-1802-455c-9f7c-39a321bf5679,legacy,
slab_quartzite_white_taj_da6de3e0-4ae8-4e77-9af8-6fabad6eb0c1,legacy,
slab_quartzitic_sandstone_pietra_serena_5f11268e-21d0-498c-a89b-7860f1977d6b,legacy,
slab_quartzitic_sandstone_pietra_dorata_f3f76908-3337-4f8c-99f7-0339a97dcef7,legacy,
slab_quartzitic_sandstone_pietra_forte_72f06642-187a-4972-b65b-ccc971ea57fc,legacy,
slab_quartzitic_sandstone_kandla_quartzitic_a6e4ca8a-c758-4f96-a639-13adf3b06202,legacy,
slab_rhyolite_bulgaria_beige_4adcb7b8-aff7-4916-a2d2-6eae4441efbd,legacy,
slab_rhyolite_bulgaria_pink_8b8d03a6-1be3-431b-9d04-e5f7ae382630,legacy,
slab_rhyolite_china_brown_e948440c-54c5-4075-996e-8945119cea06,legacy,
slab_rhyolite_china_grey_d9468e32-2a9f-4e7e-b256-03d5886a96b1,legacy,
slab_rhyolite_mezodomb_ec675ce4-0c81-4210-b82b-3bb16e4f12ab,legacy,
slab_rhyolite_monok_e8678fef-6efb-4dbb-b27b-1664098bc78a,legacy,
slab_rhyolite_nova_bana_c2de09a3-8ac1-4ff2-9115-aaae304534cf,legacy,
slab_rhyolite_ratka_ef8470bb-6382-4340-9941-735aa22d9a97,legacy,
slab_rhyolite_skyline_c38a3d6d-14c9-4b61-b3a6-26dac8f33d3d,legacy,
slab_sandstone_rainbow_sandstone_1a358292-a10b-4ec7-803c-46930b046528,legacy,
slab_sandstone_mint_sandstone_5245f582-6607-4b4c-93d0-924b1f7e754a,legacy,
slab_sandstone_dholpur_sandstone_7c96e5ea-07f4-4f10-81d1-0a5cf5b88cf1,legacy,
slab_sandstone_jodhpur_pink_sandstone_a82caaa6-23af-4087-bb72-d86288c5b106,legacy,
slab_sandstone_buff_sandstone_153f4150-75f1-4167-b738-5692921c1b31,legacy,
slab_sandstone_autumn_brown_sandstone_1d4865ef-a618-456f-9a64-8850e9e54af7,legacy,
slab_sandstone_kandla_grey_sandstone_15db2e4f-f502-4239-ab34-eeffc5d398b4,legacy,
slab_sandstone_desert_sand_sandstone_274fc219-738b-4b6b-a8af-29b8a52217fe,legacy,
slab_sandstone_brownstone_f13f0d1e-1a3c-443b-9666-899daed171c4,legacy,
slab_sandstone_bansi_paharpur_pink_69f48a58-edbf-49e0-9f0e-30eb907722a3,legacy,
slab_sandstone_gwalior_mint_bd0bdfff-0202-45e3-9f96-3bea268143f9,legacy,
slab_sandstone_lalitpur_yellow_036709cb-7a9e-41a7-9ea4-9c3820761540,legacy,
slab_sandstone_white_sandstone_dhrangadhra_5b78061b-1d00-47fb-a6e7-dfa2c7130dee,legacy,
slab_sandstone_absolute_grey_pearl_b8e81ecc-5f09-44c9-a884-1ecf2d7e7f77,legacy,
slab_sandstone_absolute_red_7e95a5d7-88f7-4ce4-91d0-4ae33c1d8f80,legacy,
slab_sandstone_agra_red_d3153377-a236-445e-98a8-5e4cbcc0bb8d,legacy,
slab_sandstone_agra_white_55553baf-10b5-4879-a994-18324e430739,legacy,
slab_sandstone_agrinio_grey_389d123c-967c-4203-af61-32a91d938a3b,legacy,
slab_sandstone_aguilar_16ceea41-bf4b-471f-81de-f512b1f7d001,legacy,
slab_sandstone_akkaya_0ac220a4-6bf1-4689-aba8-f7e3348a60d2,legacy,
slab_sandstone_albamiel_297775ea-96a5-4aa8-89f4-bfa6f0c85704,legacy,
slab_sandstone_albero_marrone_7ad78718-1e32-4e06-9b22-aa0c6dce106f,legacy,
slab_sandstone_alberta_0063b220-b4a6-4bbb-8784-b490fbb1996b,legacy,
slab_sandstone_alhambra_96f323ad-6d47-4a59-803b-88c86b00d955,legacy,
slab_sandstone_amherst_gray_aee588be-4f1a-4cb4-a82b-ffae00844ce0,legacy,
slab_sandstone_ann_twyford_ffbf168a-2917-4541-80c6-2ed7f3348c27,legacy,
slab_sandstone_antiq_rosal_80908aab-51b6-4cf8-847e-63e269a86f95,legacy,
slab_sandstone_apple_grey_773b785f-78fd-4b6d-af72-d80b3fa8869a,legacy,
slab_sandstone_aquia_creek_8fd209fd-0dd5-4d88-9776-2933319f2e03,legacy,
slab_sandstone_arenaria_grigio_perla_9563718f-3af3-4fe6-bbbf-744369813433,legacy,
slab_sandstone_australian_wood_7d17875a-8104-4661-8260-adaa376d989f,legacy,
slab_sandstone_autumn_blend_47540a5c-963f-4127-ad80-39e12f03c66a,legacy,
slab_sandstone_avessac_67ae9adf-e4c2-4c99-8e38-51c7f0f05b7b,legacy,
slab_sandstone_azul_pirineo_f7db456f-d917-40e4-965f-9658be421fb6,legacy,
slab_sandstone_baja_drift_59cf7d57-ba1f-4333-9473-0cf32fe0d734,legacy,
slab_sandstone_balaton_724cfeca-5d4c-4c94-b756-1886c8a75b17,legacy,
slab_sandstone_bansi_pink_c8f69869-8980-425c-b85c-23c347269a42,legacy,
slab_sandstone_barcice_11c14ef3-f95e-40c3-a8a4-8ae026f9acdd,legacy,
slab_sandstone_barwald_9f7f2e1e-d5d5-4373-b2c9-1165eecf5d3a,legacy,
slab_sandstone_bassa_beige_19089eb8-3652-4ac7-a060-09a21d3409b3,legacy,
slab_sandstone_bayirkoy_4d41c430-c845-49aa-9882-c1537e776454,legacy,
slab_sandstone_bearl_e429f1f7-a004-4d66-92bf-d46edc168843,legacy,
slab_sandstone_beau_grey_ef27bbc1-4f82-4d5e-bd39-1b5be70ddd71,legacy,
slab_sandstone_bebertal_105f3b11-51a2-4cce-9b83-60036bd25505,legacy,
slab_sandstone_bedonia_94cf3a79-fbdf-4c4f-88cb-db389bdbb201,legacy,
slab_sandstone_beig_champagne_80d28c39-cefb-4b4b-9de7-0220e4a5e1c2,legacy,
slab_sandstone_beige_almorqui_1f4d130b-a93d-4804-9aba-b43caccac1ae,legacy,
slab_sandstone_beige_desert_e02386ae-f890-4674-90f0-62ae2b8bc380,legacy,
slab_sandstone_beige_sand_fbee72c2-f6f7-4110-9151-715a57417685,legacy,
slab_sandstone_bentheimer_gold_66e8005a-cdbf-4b6c-9b40-6b50d9543d36,legacy,
slab_sandstone_berea_55861513-242d-41a8-8bde-2442b819a16f,legacy,
slab_sandstone_bermuda_dunes_3ed3cfa1-4ee9-4a99-ba10-4979f742790f,legacy,
slab_sandstone_bharatpur_pink_4c4adc1c-ce1d-47bd-b259-16540c2c65b4,legacy,
slab_sandstone_bhuj_pink_e0ec543f-ddb5-4f41-8829-2da01bad643c,legacy,
slab_sandstone_big_sky_e36567c9-f887-4478-bf34-185d75bc4949,legacy,
slab_sandstone_bijolia_a3e2231e-b9ea-4c3e-a566-9dbe03f2aac0,legacy,
slab_sandstone_birmingham_buff_e8fc0670-ebbf-492f-ab1f-fda060d239ef,legacy,
slab_sandstone_bister_range_9f953ca5-8f2d-4102-862c-a2589c5ae161,legacy,
slab_sandstone_black_cherry_81414614-66ef-49eb-83d6-e9a9ca941313,legacy,
slab_sandstone_blagdon_7c5f7ca9-9256-447c-9f7e-8e71c2f86f79,legacy,
slab_sandstone_blanca_castilla_52e31a46-cb40-43c4-bbf5-91a4b77fc9ee,legacy,
slab_sandstone_blanco_select_ab0c98bb-1777-4ccf-b9df-3ce950d8ecfc,legacy,
slab_sandstone_blaxter_d4ae0e60-acf4-4f24-8abe-edc210a993e3,legacy,
slab_sandstone_bloom_run_3629e31f-bc33-4e4d-81ab-706f453c7a4c,legacy,
slab_sandstone_blue_wooden_f2096730-3a53-4f5e-b4b1-d55a96aebf18,legacy,
slab_sandstone_bobos_d3002f71-53ea-4956-b3ac-c94698732be9,legacy,
slab_sandstone_bollingen_a2c51fb9-9a75-4620-834a-cad79f66815e,legacy,
slab_sandstone_bozanov_cc16767e-23aa-4df2-bcaf-403a98eb70eb,legacy,
slab_sandstone_brenna_5d70ec0f-588b-4d42-83e2-ca18bd752540,legacy,
slab_sandstone_bretagna_brown_c5779526-e63d-4a6b-8d3d-a75921ab0678,legacy,
slab_sandstone_bretagna_green_c7c0ddd7-d55a-4546-b3cd-a732a20fc0ea,legacy,
slab_sandstone_brisbane_e233f8ed-7446-4fd3-825d-bc25ae89e02c,legacy,
slab_sandstone_broniow_c143db4c-3dcb-4d04-845d-107d25113485,legacy,
slab_sandstone_brown_wave_0a8db87e-ab22-467a-aa4f-3f903131d490,legacy,
slab_sandstone_brown_wooden_dce438fd-2c2b-41db-8f09-40cc17c9d6fe,legacy,
slab_sandstone_bruna_rosal_0be94458-0f47-4cd8-ab20-af2b64073315,legacy,
slab_sandstone_buchberg_d1d16e6e-399c-4ae7-b7e9-f6c39e6d78d7,legacy,
slab_sandstone_buckland_5357bfa4-60c5-4211-87ed-dcb120ba8ca6,legacy,
slab_sandstone_buckskin_light_6b68d110-e7ad-4bf0-8001-3a95f096edb0,legacy,
slab_sandstone_budhpura_grey_d9734a65-6ea7-44ef-ae02-66aea342c5f5,legacy,
slab_sandstone_buff_australian_d9f5b40f-104c-4d86-b85c-b2f457679a30,legacy,
slab_sandstone_buff_brown_efd5f30a-6bb3-46cd-8e71-14e3d473ffdc,legacy,
slab_sandstone_buff_gray_9c2e70ad-0fe6-4566-9e50-8329ba5566f5,legacy,
slab_sandstone_buffelspoort_b8e7a352-8d15-4bad-ba5e-b3629f2dc3b8,legacy,
slab_sandstone_bundi_buff_af88aa25-52fa-4df7-bfc2-0804dd8c12d0,legacy,
slab_sandstone_burgpreppach_b55b441a-f3a5-452e-8bd5-fd70707ff933,legacy,
slab_sandstone_burgundy_32ade859-f057-4bf1-845a-278238808cff,legacy,
slab_sandstone_burlwood_050fd2cf-63a0-4db5-987e-174aedfb01ea,legacy,
slab_sandstone_cambrian_cream_4cb2276c-849c-4607-8d2d-3161c49f2c12,legacy,
slab_sandstone_camel_brown_39e28f5d-1e4c-4003-9f82-92d4a68ae5f7,legacy,
slab_sandstone_camel_dust_8fe9ffe0-a6f8-4ab5-bdf8-9c4f04f4c12b,legacy,
slab_sandstone_canela_5d0c5c18-d509-4efb-8223-61dfaacb13bc,legacy,
slab_sandstone_canyon_654dfd7c-f266-47d3-af89-3e8c6da7da36,legacy,
slab_sandstone_carbery_7f4fcde6-15ee-4ed3-a6a9-5fd6a13836f0,legacy,
slab_sandstone_carmel_cream_df797106-a5bc-4b01-b13f-0ed18e0798de,legacy,
slab_sandstone_carniglia_40c98900-8681-41de-a21c-a5fcd4e6e792,legacy,
slab_sandstone_carolina_b489eaad-1f43-4dbd-9d5b-bbd1ef205c40,legacy,
slab_sandstone_catcastle_buff_fa854173-a46f-42f1-83d8-cf9d1059da5f,legacy,
slab_sandstone_cemento_e4eff78a-1ddf-48ac-8567-432605f4124c,legacy,
slab_sandstone_champenay_6e90afbf-7a95-4e09-b7c9-f431cd075c3e,legacy,
slab_sandstone_charme_beige_3fe398f9-9b3b-4e3a-ba04-4bd9c5d594ca,legacy,
slab_sandstone_chestnut_58369808-2f1e-4f9b-b454-1dd305800497,legacy,
slab_sandstone_chief_cliff_111e1e25-b260-4142-9332-eedb9bfcc194,legacy,
slab_sandstone_china_green_d85c5b71-9c4d-48ca-8ddd-09e2de67c705,legacy,
slab_sandstone_china_grey_6185aec8-198c-4f4e-8e50-9529b4863fcd,legacy,
slab_sandstone_china_pink_e3302986-2218-45db-92fe-a0295726f43c,legacy,
slab_sandstone_china_purple_b054a8ec-33cf-4f7e-bc8f-fee9eddcd904,legacy,
slab_sandstone_china_white_b5bb5a34-547f-447e-9002-6987a3c05ef0,legacy,
slab_sandstone_china_wooden_8bb1df2a-4d41-43b0-b494-3601e9c94c3a,legacy,
slab_sandstone_china_yellow_4119dbea-a6a5-4a7a-b641-e869d1facc97,legacy,
slab_sandstone_choctaw_tan_717f2b04-4958-4f8e-b36d-50f47a9952ad,legacy,
slab_sandstone_clay_53427478-2c16-45d8-b9b5-115f3785d308,legacy,
slab_sandstone_coalbank_c6dfcaa8-df70-474e-ad1c-30ef5283db69,legacy,
slab_sandstone_coastal_brown_3bd74a13-ae6e-4463-8d40-4f90fee9317c,legacy,
slab_sandstone_coffee_e91dee6c-845e-4483-8bb2-706784aead16,legacy,
slab_sandstone_colebrook_6940f8ac-3bb5-40f7-99fa-c1e2e0c65a91,legacy,
slab_sandstone_colorado_buff_5736c61b-cf14-4547-b5b1-8dd73de8fd5e,legacy,
slab_sandstone_colorado_red_b0f18dea-be38-4cc8-ae40-691c9497a9c6,legacy,
slab_sandstone_coogee_712b0d03-08e9-4d00-bb48-a04343111296,legacy,
slab_sandstone_copp_cragg_0efebeea-964b-4fc3-ac0c-f9eec81b99e8,legacy,
slab_sandstone_copper_e68fec6e-e283-4325-b5bb-b60589025031,legacy,
slab_sandstone_copper_canyon_274223a3-37a7-4e29-81e3-a7f1409e5495,legacy,
slab_sandstone_coral_grey_85143a0d-509a-4e96-9940-6fc091db2265,legacy,
slab_sandstone_corncockle_2b98e5f2-5aee-48c4-a9ec-ed985440162f,legacy,
slab_sandstone_correze_5744fc59-c718-48c7-a5b4-6cae6c1b9fd1,legacy,
slab_sandstone_corsehill_red_0e34648f-f3c9-41b7-801d-9d736e20b7f8,legacy,
slab_sandstone_cortices_vein_49a9cabd-e800-4d41-b336-c06d06d0557f,legacy,
slab_sandstone_coteron_9904ba16-fad4-4ed3-a134-2462abbfb949,legacy,
slab_sandstone_cotswold_578b4746-6632-4581-8989-3a92bacb79ad,legacy,
slab_sandstone_cotta_b37ddfe5-b352-4566-9f84-e45c09b02f24,legacy,
slab_sandstone_cove_red_4ab98c41-07c7-4350-a02a-df2b670e9cd2,legacy,
slab_sandstone_credit_valley_red_4a576d0e-b30f-4d28-a2bf-109559a78dfe,legacy,
slab_sandstone_creggaun_744905fc-fbf9-4a67-99fa-bef854a4703b,legacy,
slab_sandstone_crema_dorada_a537c94e-cd4c-49d8-9e61-a074d7179c94,legacy,
slab_sandstone_czaple_1d9fcc7a-60ec-4c8e-9356-94bc9491ceea,legacy,
slab_sandstone_dark_tan_a7dac854-e3d4-4172-8ca0-7e3a642f66a6,legacy,
slab_sandstone_darney_49f8b563-1083-462d-9b32-2ecf6e05ed10,legacy,
slab_sandstone_debden_d82daff0-065f-46b1-822e-30d2402808d4,legacy,
slab_sandstone_deerfield_fdb9fe8a-204e-47a4-a923-e47ea2892d51,legacy,
slab_sandstone_delhi_beige_3c3659ba-5cf7-4d5c-92df-f610d610cc47,legacy,
slab_sandstone_delhi_brown_00d95b36-efa6-4e85-9bc9-e9ff9696b59c,legacy,
slab_sandstone_delhi_gold_74de8231-0838-4d0d-9af8-620c48b1f0e8,legacy,
slab_sandstone_delhi_grey_40c5de0d-ae11-4bff-9a42-57a6604f0654,legacy,
slab_sandstone_demati_grey_5931cf00-a03a-41a4-8cb9-bf9d4ef25036,legacy,
slab_sandstone_desert_brown_57d47a8d-db7f-44df-ba34-703aa038e71f,legacy,
slab_sandstone_desert_light_7d42bd57-2ecd-47c2-828a-d3f1ac05a0ac,legacy,
slab_sandstone_desert_multicolor_bd9a5664-d39e-412b-b8e3-851147249bcd,legacy,
slab_sandstone_desert_queen_c2d846e6-fc6f-4bd9-84fb-fbdfbefa1521,legacy,
slab_sandstone_desert_rose_d4fc7a46-6c1a-44ba-873c-eeb775a5ffd6,legacy,
slab_sandstone_dhari_0fc1e039-1e29-4c2e-9ed1-40de2004941d,legacy,
slab_sandstone_dholpur_beige_21af7439-02ad-4f52-ad58-f62e40c66b9c,legacy,
slab_sandstone_dholpur_pink_4f41ddfa-783b-4bbf-98a8-1b9956649833,legacy,
slab_sandstone_dholpur_white_972d0262-4cab-4a9d-aea9-7b1f79499eb3,legacy,
slab_sandstone_dhrangadhra_8fa51ef0-cdb1-4195-a0d3-1a5c8c30564f,legacy,
slab_sandstone_diamant_a8e62262-7c19-464c-b9ca-f92449a993c3,legacy,
slab_sandstone_dlugopole_8e5ce673-38a0-4a22-b9f9-d7bd152b1ca6,legacy,
slab_sandstone_dlugosz_1f4d8c32-55ce-4db8-bb56-db73b2711033,legacy,
slab_sandstone_doddington_f1a11472-ceac-4220-8815-b69c60cc46a0,legacy,
slab_sandstone_donegal_584771f1-4502-4744-857f-a41a7ee3470c,legacy,
slab_sandstone_dukes_5edf619e-d11f-474c-a592-75d70c362d1e,legacy,
slab_sandstone_dune_rosal_9eb87e1f-62e9-49c1-93b8-162da69f3a61,legacy,
slab_sandstone_dunhouse_buff_e9490dc4-3da4-4ac2-b046-f08892583837,legacy,
slab_sandstone_dunnville_7aaf772a-b6c5-409e-9978-5ed181e60e60,legacy,
slab_sandstone_earth_e7b3c228-e43c-453d-9fc7-e28a0b99c670,legacy,
slab_sandstone_elswick_grey_21de3459-2f6f-43d8-ba00-56509172b9ce,legacy,
slab_sandstone_fantasy_grey_5dfde739-5724-4461-ad09-0cd3e3f3e4c0,legacy,
slab_sandstone_fine_buff_d206c0a8-372f-40c2-b9b3-4d11d9a102fc,legacy,
slab_sandstone_fine_yellow_1c0ab0b3-af5b-4b0f-bf7e-f722e943518a,legacy,
slab_sandstone_finkenbach_85d3f8d7-9e8d-49df-af12-5d01ef9a3457,legacy,
slab_sandstone_flatwillow_b6e8d803-e854-4ba6-810b-ca1b41e7b36b,legacy,
slab_sandstone_floresta_82943ded-926b-4829-b50b-d2e47c0e46ae,legacy,
slab_sandstone_forest_bc9ef1fd-adee-443e-9ddd-7db171f06709,legacy,
slab_sandstone_forest_of_dean_e2eb4510-5af5-4bf8-af60-dab4074cad89,legacy,
slab_sandstone_fossil_mint_4d1ae5ac-7bc9-4b1c-9fcc-bcca53c68740,legacy,
slab_sandstone_fraser_5bb5d27e-28f0-443b-b0ec-7d17b4c04f90,legacy,
slab_sandstone_friedewald_hell_d35a4d6b-d4ae-4788-9b07-0a519303dfbc,legacy,
slab_sandstone_friedrichsanfang_a6b87209-7e45-457a-84bb-d41660a5101c,legacy,
slab_sandstone_frontier_2761ba6a-62e0-4da0-980d-217caa6a1bbc,legacy,
slab_sandstone_gaja_modak_d922b3f8-f17f-49fe-9483-055fcd4b56d4,legacy,
slab_sandstone_garda_yellow_329dfc34-ed20-497a-8c65-dd9f43915f31,legacy,
slab_sandstone_gemuenda_9c7add08-b607-4986-a1a0-7aac8b1fd803,legacy,
slab_sandstone_gildehaus_b2d5915e-aa51-49ef-9d0b-85b017d47392,legacy,
slab_sandstone_ginger_301947a3-5550-4832-a79a-3231303b6492,legacy,
slab_sandstone_gnodstadt_551182a4-0034-4a54-a24a-0a490e68516e,legacy,
slab_sandstone_gold_buckskin_948ca4ef-0449-426e-b8df-73b03b56701e,legacy,
slab_sandstone_golden_63a169c6-20a1-4859-9729-599899b1fb78,legacy,
slab_sandstone_golden_cloud_68956d45-0c35-4274-9bc8-3fc1fd53bfa4,legacy,
slab_sandstone_golden_dawn_a439924d-514c-4868-9601-ae9e8041472a,legacy,
slab_sandstone_golden_gobi_3c20eb4d-6455-41cc-929f-d75fdb4f383b,legacy,
slab_sandstone_golden_palimo_e4ff4cb7-4388-45d2-9d1a-f1aea6040328,legacy,
slab_sandstone_golden_sand_d38dfc09-ef0b-4034-b080-fc18c1412abf,legacy,
slab_sandstone_golden_sharani_0d5156e4-3c86-495f-bf8f-002da60d366c,legacy,
slab_sandstone_golden_sunrise_4821ad88-4373-46e7-924d-b1f23a659f7c,legacy,
slab_sandstone_golden_sunset_05f25b9a-4d49-4c8b-8af2-302bb5204d0f,legacy,
slab_sandstone_gora_c4e13ecb-a3f2-409e-88b4-48993d99a41e,legacy,
slab_sandstone_gotland_b6bea003-3d50-4932-a58c-93e0f0f5648e,legacy,
slab_sandstone_gottor_black_1a91d2ab-2433-4792-a877-36740a3cfaf8,legacy,
slab_sandstone_grain_78a0b77f-df87-4d4b-860e-f8c028c61261,legacy,
slab_sandstone_grampians_1aae1bdb-1d90-40f3-a958-02422eedf1ff,legacy,
slab_sandstone_grand_canyon_4b2ad6ec-34a1-4cf3-9463-d89eade81a37,legacy,
slab_sandstone_gres_basque_6f3e5129-1221-4032-b6f2-d778bc85031a,legacy,
slab_sandstone_gres_erquy_90954cbe-8e93-4908-84db-809b547306ce,legacy,
slab_sandstone_gres_fontainebleau_ef8f2f7e-eed6-4f3e-bc3f-937ac8348105,legacy,
slab_sandstone_gres_royal_9fa2fbed-c286-4775-9b07-8a36fc3d6f6f,legacy,
slab_sandstone_gres_st_mathieu_0fc65b50-88ea-460e-80fc-d634113893e3,legacy,
slab_sandstone_greti_1e2a707d-ff08-4948-8d0a-b5fa18cd4305,legacy,
slab_sandstone_grey_flower_e8f69a57-4174-4907-9139-c8c26df069ac,legacy,
slab_sandstone_grey_pietra_3fffb901-f2fa-48db-b29b-c153944d4d98,legacy,
slab_sandstone_grigio_aitos_f404c2c3-9cac-4022-86b1-0c5d1a5601dd,legacy,
slab_sandstone_grigio_di_istria_734fb7b0-fa96-4050-93a7-0d89025dcc95,legacy,
slab_sandstone_grigio_valentino_c2e65735-f66f-4586-9ffe-ab1e7e76fd1e,legacy,
slab_sandstone_grigio_valverde_43610db6-c22c-4ccb-a3c1-da3425b14d87,legacy,
slab_sandstone_gris_moncayo_b3bfac8c-b728-4256-889b-f5234f1f372b,legacy,
slab_sandstone_gris_tapiz_fe58d38a-1b31-4630-8770-2560c6d39f3f,legacy,
slab_sandstone_guinea_gold_8776a112-8f49-4a38-a178-0c97d1cbd0c1,legacy,
slab_sandstone_guntliweid_d18752ab-7991-436b-bcd2-eb5c377b5aae,legacy,
slab_sandstone_gwalior_mint_green_deaca60f-02c2-45cf-8be0-020542e76d36,legacy,
slab_sandstone_hahnbruch_92984117-fd71-48b8-af09-0bba4be214cc,legacy,
slab_sandstone_hashma_80a176c0-3d2d-4108-af89-5733e077bba3,legacy,
slab_sandstone_heilgersdorfer_3ea539cd-b559-40db-bc44-336c002180c9,legacy,
slab_sandstone_heuchelberg_b1f2fff0-f3e1-41de-9a65-8adca52a44ed,legacy,
slab_sandstone_hin_sai_daeng_1da1ad0b-9b90-4906-a2e4-f22372b46f5b,legacy,
slab_sandstone_hockenau_d65c6d58-3e7a-471f-88b1-be2d8c2d0244,legacy,
slab_sandstone_hohenzollernpark_3d9893c3-540e-4ae3-9f1e-039caf32101d,legacy,
slab_sandstone_homestead_range_1eb31360-4b1f-4258-91d0-1165ee1fa9ac,legacy,
slab_sandstone_horicky_936fbe1f-2a16-43f2-aedd-3bb1fe7f604b,legacy,
slab_sandstone_howley_park_106a929b-3d5a-404e-ac75-ec3b2c2cfe50,legacy,
slab_sandstone_hualapai_chocolate_37d80cb8-7825-4229-b821-2acd5ee722ca,legacy,
slab_sandstone_humboldt_b8be0a4a-35c4-4cce-af52-ba5215fd9ad6,legacy,
slab_sandstone_ibbenbueren_908fb9d3-eafd-4718-9b86-64ef1b4928b4,legacy,
slab_sandstone_imperial_3ab2be1b-ab5f-4db6-ade8-28a2756fec42,legacy,
slab_sandstone_imperial_gold_265c9760-b329-4bc8-89d4-820d21fe7276,legacy,
slab_sandstone_imperial_red_80334919-0247-4675-8b23-91806fbd13de,legacy,
slab_sandstone_imperial_sun_14bb1ca8-d9f5-440a-90ee-fd96f63ac79d,legacy,
slab_sandstone_india_beige_123ff4dc-6f0c-4c90-958c-a2aa4d2a8e24,legacy,
slab_sandstone_indonesia_green_d65aa285-525b-4364-91e1-915cff5fbab4,legacy,
slab_sandstone_iran_white_c48d9264-5a1b-4f43-9322-ceb4a031eb54,legacy,
slab_sandstone_ita_gold_7074f993-489d-43d7-a122-83bdd0d79b65,legacy,
slab_sandstone_ivory_white_bbd11d2f-dab8-46f6-9101-d2237a38a664,legacy,
slab_sandstone_jacobsville_7a491409-54ac-41c6-9e32-238fc68ac5ee,legacy,
slab_sandstone_jaipur_rainbow_cf83eb3b-aa59-4bbd-a9f0-284db77064b4,legacy,
slab_sandstone_janina_4323024a-99be-4be4-8c5a-c30340b4bbb5,legacy,
slab_sandstone_javorka_08eadcae-0089-42fa-aede-de8f49da75bd,legacy,
slab_sandstone_jodhpur_brown_ed395dab-b2f7-401f-aa8a-69008717287c,legacy,
slab_sandstone_jodhpur_red_a0a366fb-cf32-443e-bf89-ca59262b2082,legacy,
slab_sandstone_john_brown_699ce6d3-4560-4920-a666-36cdf94799ff,legacy,
slab_sandstone_katni_brown_eb7e2cee-fa3a-4dff-84ac-d7f373486f38,legacy,
slab_sandstone_katni_grey_e4fa6ee5-a241-4ceb-9373-8ba85b8f1a8e,legacy,
slab_sandstone_katni_yellow_c8200439-87f0-46ef-a954-b465abab43ff,legacy,
slab_sandstone_khaki_plum_70a0b3a9-0241-4e18-bd3c-54f8d20b6331,legacy,
slab_sandstone_kheemuch_7d14edd3-6cc7-4c2d-8672-eca2b75ab99c,legacy,
slab_sandstone_kielce_79ef5316-ff36-4736-a78e-3352b26c36ae,legacy,
slab_sandstone_kili_green_7215e347-7cd1-4895-80bd-be9c99a04827,legacy,
slab_sandstone_kilkenny_bc162e0e-4e03-4d02-9a7a-f368e5c34fc4,legacy,
slab_sandstone_kilzinger_ba14b08f-955b-4ca5-ab69-0552b8234ebc,legacy,
slab_sandstone_kimberley_ac783329-fb01-41ad-b637-f65ce98c45e3,legacy,
slab_sandstone_kingston_orange_57a4f4f8-d3ba-4919-982a-542a9d8806e7,legacy,
slab_sandstone_kirchevo_7667159e-37d0-4323-8592-f4d1e771dbba,legacy,
slab_sandstone_kirschfurter_73ae8cf1-8bec-4d47-80db-39c61cdca629,legacy,
slab_sandstone_kocber_0de7a8f6-0342-43a7-857a-21ee2d9da6aa,legacy,
slab_sandstone_konigsgratzer_15e88a6b-0347-4b32-95a0-f5a3633de966,legacy,
slab_sandstone_kopulak_518bdc9b-5e79-4840-a530-eed053aea2d6,legacy,
slab_sandstone_kota_desert_f91ccf00-b294-4414-874c-a77cb5202b6a,legacy,
slab_sandstone_kotah_yellow_a2ff9419-edb8-4eb7-87e6-76a70ca308d0,legacy,
slab_sandstone_kybides_4dc936ca-efd1-439f-b921-6f5c34d4760d,legacy,
slab_sandstone_kyllburg_87ffe860-45bd-4cee-9c5f-d5d5c716ce73,legacy,
slab_sandstone_lacken_6d60e867-dd37-4b87-9c4c-da4250c4f117,legacy,
slab_sandstone_lalitpur_grey_d5967e51-39ee-48a7-931e-b3eb858a14a0,legacy,
slab_sandstone_lambhill_c941db44-0af9-43de-a54a-d6d392f02916,legacy,
slab_sandstone_larochette_48258f7a-2ef5-46f8-8082-d208ad2daa62,legacy,
slab_sandstone_lazenby_red_d939817e-fb38-4ca8-910d-9849ab234e33,legacy,
slab_sandstone_leitrim_6109590b-4731-4145-8450-e2b20d688127,legacy,
slab_sandstone_lemunda_8ee97a83-a0aa-4c44-a1f7-df22dd13f6ff,legacy,
slab_sandstone_lesotho_ed9b22ba-b65c-4eff-9cbf-29e0a8353775,legacy,
slab_sandstone_luhansk_23474b55-e81c-42e3-bd04-a708cd250006,legacy,
slab_sandstone_luhansk_brown_cedef3bc-2ca3-4f07-85e4-c6caa7566081,legacy,
slab_sandstone_luhansk_grey_dfca8c6f-41c1-46eb-be97-533d1cae9a6d,legacy,
slab_sandstone_luhansk_rainbow_1c0c141a-3c16-4796-a9e7-a9fc9995036d,legacy,
slab_sandstone_lumaquela_rosa_4828fe12-6d4d-444e-9d6e-9c5797208cf0,legacy,
slab_sandstone_mandana_red_d2296301-1d59-4b76-b55e-eb15d13e3654,legacy,
slab_sandstone_mandras_3dfdcc49-6c19-47be-94da-ce39b45ce73d,legacy,
slab_sandstone_mango_47b8c580-8293-4642-b4dd-38510d176a3e,legacy,
slab_sandstone_mangrove_buff_64e20774-4ad7-4d00-bfc1-316079810535,legacy,
slab_sandstone_manoora_a6aa7872-d91c-4cd8-bbc4-ac199592bafb,legacy,
slab_sandstone_maple_red_e69a59d6-e25f-42c0-bfea-49af943b1336,legacy,
slab_sandstone_maribor_df42d6ff-2736-4155-ae0e-6cf14e2b22a3,legacy,
slab_sandstone_marina_rosal_f3561e85-41f2-4525-bdfc-b421636f2916,legacy,
slab_sandstone_maroota_gold_42586349-24bd-4940-b47a-530f09e5538d,legacy,
slab_sandstone_marron_pirineus_026162b3-7b18-440c-92ba-9d98b65de62b,legacy,
slab_sandstone_masegno_di_istria_0a8fa16e-d32e-4d31-b006-89d90bf8ae61,legacy,
slab_sandstone_matanela_9e56f435-ad84-405d-865d-259460462f37,legacy,
slab_sandstone_mazu_72331f67-375c-4940-a78f-e10a3de06255,legacy,
slab_sandstone_mcgregor_lake_870ef638-619d-44e1-8745-ea8e6c5cae11,legacy,
slab_sandstone_mecina_ab003c96-c73e-4c11-99cb-7ac0253576aa,legacy,
slab_sandstone_mg_gold_aea5690a-ae28-49c9-84f6-623e8c322ba6,legacy,
slab_sandstone_michigan_86f217cb-9c10-4cc9-a9c9-d598c6435eff,legacy,
slab_sandstone_miltenberg_85e47687-c957-4daa-99b8-c9832e22ac7f,legacy,
slab_sandstone_mission_springs_cbb72cb0-65b1-4cf9-a511-876abaafeff7,legacy,
slab_sandstone_misty_rose_85898383-9c91-4822-b899-ff0e65e2c6af,legacy,
slab_sandstone_moccasin_a88f61a9-97c2-4163-9a23-470e9a85ff3e,legacy,
slab_sandstone_modak_db11e71d-d0fc-4988-8dbd-f05b23543456,legacy,
slab_sandstone_modak_pink_b50fb0f2-0534-4780-910c-040ab34dbc51,legacy,
slab_sandstone_modak_yellow_f791e2fd-9109-4394-9289-103801b45520,legacy,
slab_sandstone_molten_58b2a651-73f3-448f-bd53-de587e14ed37,legacy,
slab_sandstone_monet_6a2ef039-0a0c-4ad1-a4cc-79e2c4e83ed0,legacy,
slab_sandstone_monmouth_red_d403b97a-e8a6-4770-97bd-1b510d6c10cd,legacy,
slab_sandstone_morayma_8e9feed7-a0f1-4c08-a4dc-93cae5ca028c,legacy,
slab_sandstone_morocco_green_4a17c4be-e564-4c8d-a0fe-31508144044a,legacy,
slab_sandstone_moss_e67d2dc9-721e-407c-b463-04f481a896cd,legacy,
slab_sandstone_mount_white_cc9d0054-1d81-4547-b252-cfaad8f6ff6a,legacy,
slab_sandstone_mountain_gold_4b3a6878-a58c-4531-97cb-73bdaeb805e8,legacy,
slab_sandstone_mountain_water_vein_e1792a17-40c5-4fbf-84ee-5e7786948a37,legacy,
slab_sandstone_mountcharles_20c2e280-a54a-418e-873c-d4688a606773,legacy,
slab_sandstone_mucharz_4cf51832-4c72-497c-8430-6b4d10fba5fe,legacy,
slab_sandstone_muhlbach_29e06798-233d-491d-8e8d-244373ce2f4f,legacy,
slab_sandstone_naboomspruit_3bbdf1a1-ae43-494e-b2a4-aff7673fab0f,legacy,
slab_sandstone_neckartenzlingen_f277f0f5-f192-4e5b-8915-fa095988577a,legacy,
slab_sandstone_neidenbach_ae3adc1a-7253-4955-9c82-acfa0314a5b3,legacy,
slab_sandstone_nero_4c15958f-b224-4a13-9532-19923f40c113,legacy,
slab_sandstone_neubrunn_3463c440-2ce0-47e5-9e14-79b8d892d568,legacy,
slab_sandstone_new_ao_027f9fe6-3c0b-4f3b-b2fd-b35b7494babc,legacy,
slab_sandstone_niederalfingen_9b75c932-4e55-4643-8389-664495cb3573,legacy,
slab_sandstone_niederhofen_e1e6e294-04c1-416b-9d6c-e12c2a1b79dc,legacy,
slab_sandstone_niederschona_50a7a810-b777-466b-80c4-8003ffdf7e2f,legacy,
slab_sandstone_niwala_peach_d45b291a-96f6-4442-a03d-3f20afe8766c,legacy,
slab_sandstone_northern_red_a8a43d29-8a3c-4b4a-92c2-ed302fa387be,legacy,
slab_sandstone_northumberland_buff_d88619a4-f0de-441c-b46b-c9b3193e4d35,legacy,
slab_sandstone_oak_347ff583-37f3-4cf0-a07d-075f63c4bf1b,legacy,
slab_sandstone_oatlands_brown_4b8b2b00-c3e6-4e79-9448-e47c71d67f84,legacy,
slab_sandstone_ocean_rosal_d72f40c5-0447-4f57-9a9d-730ff656a800,legacy,
slab_sandstone_ohio_a0582318-cef1-42f7-832d-abc939db1bf9,legacy,
slab_sandstone_oker_c0d8cd8d-ed8d-40cb-b7c2-60ce7d3667aa,legacy,
slab_sandstone_oklahoma_4296427b-1312-4b73-bfd2-c0e15ed9e32a,legacy,
slab_sandstone_old_english_town_9a723d1c-f703-40c6-a171-eb0b2a21c8ca,legacy,
slab_sandstone_olive_green_04caa3a5-6073-43a7-a46e-68cfbf1a84d7,legacy,
slab_sandstone_olivia_fantastic_535da9f1-f166-44ba-b01c-3a418ad90637,legacy,
slab_sandstone_olivia_perla_9be740b3-42d1-4e3b-a8d0-4c7a81249084,legacy,
slab_sandstone_olsbruecken_roetlich_16876620-bbfb-45df-943c-4a1f9925ef0f,legacy,
slab_sandstone_oman_grey_c2deddc5-f737-45af-a1a4-c838f89d5e02,legacy,
slab_sandstone_oslo_gray_87778be5-1f68-41f6-9fec-dc6a2e879eb1,legacy,
slab_sandstone_otley_9efbaf9b-2040-4128-9e60-2f9144385a5a,legacy,
slab_sandstone_outback_red_d3955af4-28b6-416b-9bc3-6d70842d5fd9,legacy,
slab_sandstone_pacific_blue_eac93bb9-063c-4427-95a1-8df41ac08573,legacy,
slab_sandstone_pak_chong_f61c7375-fc44-4e5d-b0c4-8de97265bbc9,legacy,
slab_sandstone_palau_0da0e495-64b5-4e90-8516-b0e2c11b4a0c,legacy,
slab_sandstone_palimanan_6f9b646b-0ef5-4f9c-b354-f010599eaae3,legacy,
slab_sandstone_palimanan_light_0ddb8c46-4176-43e6-b78f-dad7e1626935,legacy,
slab_sandstone_panther_f4da10b2-0c89-4d18-bdc5-7cb5ae881fe1,legacy,
slab_sandstone_paras_bali_silakarang_789dd922-8b5d-45d7-8d44-6b73ec3488b9,legacy,
slab_sandstone_parkoszowice_fe2e93ff-13ae-4758-ab5f-f876a0b5c712,legacy,
slab_sandstone_peach_bb4e4f3c-fc3b-4fd8-9f97-4eca95ce95d2,legacy,
slab_sandstone_peachwood_3a81cf5c-f61c-4699-96e9-417bde4431cf,legacy,
slab_sandstone_peak_moor_087f186e-cb8f-4400-a773-739fd0e279b3,legacy,
slab_sandstone_pennsylvania_rosa_7b83e9d5-b8a3-4826-aff6-85835535787a,legacy,
slab_sandstone_pennsylvania_rust_3bc5e466-f4e2-44e9-bee0-99b02c3088d4,legacy,
slab_sandstone_peru_beige_3af79ea9-3245-473e-b60b-7d6c2f2dee71,legacy,
slab_sandstone_pescenjaki_6c9a181b-0fe7-434f-a39f-7b8b989d9f95,legacy,
slab_sandstone_pfrondorf_aa826f08-1a40-4d90-86cc-3a3a384a7e69,legacy,
slab_sandstone_picture_3592a579-14db-403c-a5d8-0fce21a18bf3,legacy,
slab_sandstone_piedra_muneca_a16658ee-bb8d-4a89-b7b6-a0f74fe7787b,legacy,
slab_sandstone_pietra_arenaria_sicilia_7079b8fd-f33e-4215-bd57-cf2de7c1b1fa,legacy,
slab_sandstone_pietra_del_cardoso_b903e20a-9ef0-40c1-96b1-87f546ae31c0,legacy,
slab_sandstone_pietra_del_cilento_d8b3b3db-c325-4e20-8e46-ce7527ce305a,legacy,
slab_sandstone_pietra_di_cielo_41fd940f-66b5-475a-8924-b19a33321944,legacy,
slab_sandstone_pietra_di_gorgoglione_grigio_ab8c0165-8943-4b81-b4aa-94a14244e631,legacy,
slab_sandstone_pietra_di_matraia_74b2d2b3-1e68-4485-b5c1-1a1d69bfc7f5,legacy,
slab_sandstone_pietra_di_peglio_d2a88d04-c02c-46ab-8b9a-1db46d0f98bb,legacy,
slab_sandstone_pietra_di_sarnico_27e43d0d-1cc9-4fd9-a48a-8dd85b52a80b,legacy,
slab_sandstone_pietra_di_vico_39198605-bf0d-4a3e-8abb-1d704e3e18fa,legacy,
slab_sandstone_pietra_extradura_c903badc-6275-4a77-b6fe-e3cac83bf14e,legacy,
slab_sandstone_pietra_forte_colombino_9ef1f877-739e-4c82-a67d-09a156a6a6ef,legacy,
slab_sandstone_pietra_forte_fiorentina_4a29e5aa-7750-4231-b28e-3c8a05aa3008,legacy,
slab_sandstone_pietra_serena_del_trasimeno_3140bbc1-b9e9-4166-aa3c-c4fb353adac8,legacy,
slab_sandstone_pietra_serena_di_ascoli_d1b2b46a-eea3-4d88-9869-9cd9e4d638eb,legacy,
slab_sandstone_pietra_serena_extraforte_d2839f5c-0e9c-4cfc-a1da-5caedce4aea5,legacy,
slab_sandstone_piles_creek_9e1a37af-4c0b-4d38-baef-646c1acf17db,legacy,
slab_sandstone_pindos_grey_f5429fba-7aef-47ed-87e9-2a4e322735c3,legacy,
slab_sandstone_pista_green_b556b7d0-fec1-4117-b19d-0fbd5c01cdd7,legacy,
slab_sandstone_pistash_rock_beige_1a2598e5-f76f-482e-bdba-ca14fe2881be,legacy,
slab_sandstone_plumpton_red_de752fde-7d0f-43e8-a3c6-c895004a7905,legacy,
slab_sandstone_podhorni_9ac7a6e9-d1c0-4bfa-bd67-88fd8183c0aa,legacy,
slab_sandstone_prospect_3de385ce-6a34-4109-83dd-c0c2a54883bc,legacy,
slab_sandstone_pueblo_195ae00d-64bc-448c-a4d5-d0fbc6823f4d,legacy,
slab_sandstone_purple_wooden_3bfb3a28-f36a-464e-9277-baa8ffd6b4c4,legacy,
slab_sandstone_pyrmont_pink_eaabf4d0-f40b-41fd-9394-8f60a3337699,legacy,
slab_sandstone_quintanar_772d092f-8ac8-43a0-a602-53f348426922,legacy,
slab_sandstone_quorn_brown_b6af4bc1-69fe-4f77-b93b-66c7ea6f359a,legacy,
slab_sandstone_rachael_beige_fcb60ae9-1d12-454d-be97-de3d90c6d654,legacy,
slab_sandstone_radkow_8dd90e70-0c4a-4587-a1ef-d245969bb4b7,legacy,
slab_sandstone_radkow_fein_fb689fb4-f008-4171-ad86-f21d7702f2ed,legacy,
slab_sandstone_radkow_grob_5a27366d-a3c4-47e6-b2be-506154bbfb23,legacy,
slab_sandstone_radkow_mittel_e9c9b724-bda8-4ae3-9d06-51b212cdba99,legacy,
slab_sandstone_raj_green_9dddf2c9-729d-46a9-a632-45c4c01d708a,legacy,
slab_sandstone_raj_red_8be6e8e1-3a84-47ce-8646-987b52f18ebe,legacy,
slab_sandstone_rajpura_pink_f824cac0-3844-4bd8-83f0-4c2f06f5f5aa,legacy,
slab_sandstone_rakowice_73ae311d-306d-4b95-8b4d-f4497ec8d6ca,legacy,
slab_sandstone_raveena_dd360ba6-7408-4fb1-8f09-c596c3094a3c,legacy,
slab_sandstone_ravina_ce73f0c4-f0fb-4ff1-b03e-0d81627acdb2,legacy,
slab_sandstone_real_madrid_white_07881985-79d7-4228-bc35-da0c397cec5e,legacy,
slab_sandstone_rebel_grey_21c1c27d-aeb4-4df2-8d9a-01998520f2f3,legacy,
slab_sandstone_red_chocolate_b15b9d96-b8cf-4501-b0a3-e1678e189af8,legacy,
slab_sandstone_red_sunset_7f1eb0be-6bc9-4615-a020-8ae47b0a79f7,legacy,
slab_sandstone_red_wooden_971eb2cb-a54d-40f2-bcd6-c793b7f0cecc,legacy,
slab_sandstone_reka_aa6864e7-8945-4f4b-a018-738b800da922,legacy,
slab_sandstone_rice_white_0dc9f3da-bfbe-4dd3-a60d-305fef68d837,legacy,
slab_sandstone_rippon_buff_212d98f8-7f33-4be8-9884-469a4f85641c,legacy,
slab_sandstone_river_black_6f91ba1e-22e7-4ecc-9f64-efd93147f6a5,legacy,
slab_sandstone_river_wood_2bad5880-69af-46d3-8086-5fc7806e4fbf,legacy,
slab_sandstone_roarin_run_33cea962-7943-481f-b2ff-e011831cd7b0,legacy,
slab_sandstone_rocafort_2a0f76b1-63c1-4e16-bd9e-2c922f3b79e2,legacy,
slab_sandstone_roenne_4cfdc9db-c374-44e9-a419-984dd9af4c9e,legacy,
slab_sandstone_roettbacher_f984a022-18ad-4df4-86c8-c979fbed1bd7,legacy,
slab_sandstone_rojo_neila_c176c4cb-7915-49d6-9232-c881bec56d3d,legacy,
slab_sandstone_romanit_c144cabf-48af-4699-a502-0a27587ebebe,legacy,
slab_sandstone_rosa_vidal_34a58fc4-1251-42fe-80ac-28594f076745,legacy,
slab_sandstone_roscrea_6613560c-bbe2-4a06-bcaa-d08c9882ad96,legacy,
slab_sandstone_rosewood_7fbb9312-dd7c-4b79-8b67-a1a1e280d5a9,legacy,
slab_sandstone_ruckers_477aab4e-ea0c-4f87-82a2-bf608d6b2bf3,legacy,
slab_sandstone_rust_eac51c4a-4368-4900-8d1c-8b430a7e5340,legacy,
slab_sandstone_rytlow_2f3c7890-bb34-445c-8e41-6da17bfb1510,legacy,
slab_sandstone_sagar_black_d13a15ab-49bf-4867-a807-e4efc4277c41,legacy,
slab_sandstone_sagebrush_c34e9f5a-632b-43b3-b8df-a7d2110a8666,legacy,
slab_sandstone_santafiora_7ff34b02-49aa-4e6f-9cf3-e7f4d3c8b58e,legacy,
slab_sandstone_savanna_paver_390f7ce9-5d1e-413c-a505-9c4c8a98db47,legacy,
slab_sandstone_schleerieth_f220862e-9b05-4fa0-b4c3-f51a17d4b592,legacy,
slab_sandstone_schoenbacher_10c9dc28-8ef1-4f9e-b092-50ac6324633c,legacy,
slab_sandstone_scotch_buff_5c615f20-a086-4117-993d-9375d0baa10b,legacy,
slab_sandstone_sebastian_bd8c262f-ce56-4b3b-890b-8e27a1421476,legacy,
slab_sandstone_sedona_red_e419233e-33d8-43a0-8c19-fb8681570684,legacy,
slab_sandstone_seminole_f7010058-41de-4a25-a84f-e617b0c2ea80,legacy,
slab_sandstone_serai_bali_7f3aa2d4-7ed7-4f81-afcf-7983677fe177,legacy,
slab_sandstone_shandong_red_74b547df-5ad1-4e9c-a71a-9a7a43f15ae3,legacy,
slab_sandstone_shiraz_8e7b7c99-b7bf-4067-a4e9-1fb8a0810ba0,legacy,
slab_sandstone_shirehill_8d6a8293-6954-4787-ace8-0ed9eb6fc088,legacy,
slab_sandstone_shivpuri_fc723f7c-e0a2-47f5-9fdd-3b39e263fe6a,legacy,
slab_sandstone_sichuan_beige_7bdf8262-312d-4804-9a75-0770bcf75533,legacy,
slab_sandstone_sichuan_black_f2955f57-c2de-4522-8379-5ba407aa2726,legacy,
slab_sandstone_sichuan_brown_bda743fa-414f-4150-a18e-255bddf8ad17,legacy,
slab_sandstone_sichuan_dark_red_c6ae12bd-edf3-47cf-a7d9-5ebad3e6545c,legacy,
slab_sandstone_sichuan_yellow_ed4ef24d-d311-49b3-b12c-4c2c1f491da2,legacy,
slab_sandstone_sielec_a7a17c2c-e5ad-4d5a-b43e-2621c37dd56f,legacy,
slab_sandstone_sienna_range_4049b436-145a-4945-82df-5056ce6fdf05,legacy,
slab_sandstone_sierra_6da2eaad-4ed6-439e-a633-dad090e22c61,legacy,
slab_sandstone_sierra_beige_b2b279f2-37e1-4ce1-bd6b-d0a07613fc9f,legacy,
slab_sandstone_sierra_blue_94313038-d5a0-4186-a119-203ef64a1332,legacy,
slab_sandstone_sikhiu_98135397-bc8e-4f4e-b7de-6b06d7ae27f5,legacy,
slab_sandstone_silk_road_f5a11f5c-cff8-4b1a-a3b3-dd6e41e5dc70,legacy,
slab_sandstone_silver_ash_d56be4c4-8d07-4bf8-a085-a1d5b906f2ab,legacy,
slab_sandstone_silver_mist_bcdcf22f-6e89-4b77-ab2c-16ef93c488fb,legacy,
slab_sandstone_silver_retro_169493ce-5c1f-483b-9c11-d14989e49930,legacy,
slab_sandstone_sirgwitz_b863d037-8dd0-45ea-a786-0a01a4e6be91,legacy,
slab_sandstone_skala_fdbd16f5-fff5-4b4e-b38a-94f9dd81ad9c,legacy,
slab_sandstone_sliven_128ccf6b-9bcd-4881-8fcb-c9e1ba9772b3,legacy,
slab_sandstone_smilow_898419db-0346-44c5-b83a-3717d5201b0b,legacy,
slab_sandstone_smoked_1a359811-e96e-4ac5-9b5b-4e2c5b1044ea,legacy,
slab_sandstone_smokeyblue_e365d36e-d5fa-4d97-bf52-1fa509947cda,legacy,
slab_sandstone_sobolow_9e7b1281-b7e9-46bb-b083-29033b4ba0e6,legacy,
slab_sandstone_sosnowica_beige_52a00541-3c44-4dbc-a24c-6b265bfa5609,legacy,
slab_sandstone_sosnowica_red_67b5873d-e673-45d3-adfa-e40ac3393c7a,legacy,
slab_sandstone_spain_yellow_ab4f0799-3f9e-4c62-b4d4-482c66735412,legacy,
slab_sandstone_speckled_brown_3fe074a5-b765-4913-a1d4-65987a328479,legacy,
slab_sandstone_spisske_4e8ab9d6-bdd5-406a-825c-51599c0e10b4,legacy,
slab_sandstone_st_bees_526cfcdd-16db-4011-9a02-4d72c9e852ba,legacy,
slab_sandstone_st_margrethen_1ed7c003-f220-4c20-b668-d39f4209b2e1,legacy,
slab_sandstone_stanton_moor_26d99c0d-c9f8-4f3b-bdc0-7d855e7440c9,legacy,
slab_sandstone_stawell_5e57ff99-f9d8-4c16-a9a5-d682090c6b72,legacy,
slab_sandstone_steigerwald_a2495a78-2fd8-4968-8d60-ab847a05b2d6,legacy,
slab_sandstone_stoneraise_red_999e3b0d-c81b-4313-9246-988b15100d6a,legacy,
slab_sandstone_stringybark_38c6126c-c900-4a4e-9ab8-a79eb10c5290,legacy,
slab_sandstone_sugari_41979ff7-3c2e-42ac-990b-b871236d25fe,legacy,
slab_sandstone_sun_rise_deed575f-c060-493e-9e5c-21d10f93caff,legacy,
slab_sandstone_sunset_bronze_acc1d75a-287b-4a1a-9b56-3b5a9ffc7499,legacy,
slab_sandstone_sunset_sung_310fef5e-16ea-4229-8589-215a6d1c37c4,legacy,
slab_sandstone_swan_beige_03820485-8832-4cce-8a9e-0d549850b838,legacy,
slab_sandstone_swirl_6c238d80-8a36-45e8-b230-215eb54f4d7b,legacy,
slab_sandstone_sydney_range_aa7eb9e7-64cb-430c-9e0c-37e938d3369c,legacy,
slab_sandstone_syrian_0672ea1e-0a7c-491a-962b-abcd2bdcb8c7,legacy,
slab_sandstone_szczytina_99b8c215-eae5-4b7d-aa2f-50eeb3a6f3a7,legacy,
slab_sandstone_szydlowek_6384d247-8544-4471-93f0-1258fde564ce,legacy,
slab_sandstone_szydlowiecki_kremowy_513116b6-9179-44a3-9b8a-ba79213d5722,legacy,
slab_sandstone_szydlowiecki_yellow_357f35e1-86ad-4ba3-99af-303885d1c8f1,legacy,
slab_sandstone_tablerock_675ca086-9874-46a6-8d83-e2589348ba04,legacy,
slab_sandstone_tafalla_6290ff5d-9474-4da9-b314-9392fec376f4,legacy,
slab_sandstone_taj_red_3d4f4cad-31b8-49ee-9a21-0158080fd89d,legacy,
slab_sandstone_taj_rose_dddc6525-7e02-4328-a4e1-8df2175b4e40,legacy,
slab_sandstone_tan_d04c6f6a-f058-4ed5-8cc3-d8eb68e42628,legacy,
slab_sandstone_tarhe_chob_29e549da-072a-471b-bc73-541ae8371194,legacy,
slab_sandstone_teak_wood_542c94f4-3ae1-4e1b-926d-d9136f90dc36,legacy,
slab_sandstone_teka_rosal_e0dea821-4de8-48a0-a1e3-eba4429dff0a,legacy,
slab_sandstone_telluride_gold_61b9a8c7-3283-4d15-859a-1eb11a0efeac,legacy,
slab_sandstone_tequila_sunrise_da7e6e44-cc55-47f8-990c-0131d9df4cd0,legacy,
slab_sandstone_teracotta_fb2f4e98-9ef2-43f5-88e7-9792f43dcee5,legacy,
slab_sandstone_terra_di_siena_d879cf66-a736-4b48-bd98-d18927ddf235,legacy,
slab_sandstone_tesin_05aae231-699f-4762-a6b4-55571ecbc606,legacy,
slab_sandstone_tethys_beige_b4410f1b-1d78-4e8d-a89d-3065ed95d576,legacy,
slab_sandstone_texas_8ed17d75-b595-4d04-b924-2ddf57c6247f,legacy,
slab_sandstone_tiger_pink_88ee9c6b-2430-4977-87d7-9c53eeaebe90,legacy,
slab_sandstone_timber_creek_43224e38-4aed-4761-b986-48297a43aabf,legacy,
slab_sandstone_tint_mint_green_8c8cbe40-304f-40ae-8ce9-b2eb6473a8d2,legacy,
slab_sandstone_tipperary_cream_e4e53965-ef1a-47e5-9133-d1d72e2c4321,legacy,
slab_sandstone_tobacco_rainbow_c1173a10-2193-4bb6-af81-14845a9a68c6,legacy,
slab_sandstone_tribeca_fa96afb9-c350-4970-99b9-66dbf5f3faf7,legacy,
slab_sandstone_tumlin_4b08a47a-858e-4bda-a38d-0f48243d1e42,legacy,
slab_sandstone_tweed_54f9ae7b-01c3-4c5c-b956-5490cb149afe,legacy,
slab_sandstone_uncastillo_4f06f66d-3480-49d9-bf15-fa0c9ad23a89,legacy,
slab_sandstone_utah_red_121e664f-4686-4b63-b0d3-7caa12a1fbd2,legacy,
slab_sandstone_valdeporres_02f1ec44-a987-4514-9650-9a1deb3c02e0,legacy,
slab_sandstone_verde_ginari_e825b010-5a54-4da4-bd08-6056f9e0e1ff,legacy,
slab_sandstone_vietnam_beige_9f015965-b2c5-49c2-9835-27f81d532823,legacy,
slab_sandstone_vietnam_brown_2814a056-feb7-4128-9efa-8419f835c3b3,legacy,
slab_sandstone_vietnam_green_cf5d12b9-0c97-459c-85f4-353df686221f,legacy,
slab_sandstone_villamayor_4ab431ec-8563-427e-b6d6-90904ffc57e9,legacy,
slab_sandstone_vinh_phuc_4104c33b-8a65-4dd4-9fb3-50cae7bfb8fd,legacy,
slab_sandstone_wabi_sabi_bcaaecc3-1482-41f0-963f-d5eff829617e,legacy,
slab_sandstone_warthau_bcb796eb-a5f8-4a96-be0d-82f397db44d4,legacy,
slab_sandstone_wartowice_3f5501e8-6351-48d6-8f3c-f2e2f17973c6,legacy,
slab_sandstone_wattscliffe_71e33d18-518e-4ca9-963d-308e9925db7d,legacy,
slab_sandstone_weiler_d8a1e654-0728-4779-a93c-62b79cb846b3,legacy,
slab_sandstone_wenge_rustic_30f57791-49f0-49f5-a6d7-c8ee0b6d3356,legacy,
slab_sandstone_wenge_sab_d7e5a815-67d1-4f66-b827-ae838e4e7e24,legacy,
slab_sandstone_western_gold_b108cff2-1585-44bf-92bd-763f521c7f45,legacy,
slab_sandstone_western_sunset_b44c6dbf-2cf0-492e-8897-7b4f5adda2e2,legacy,
slab_sandstone_white_lavender_d7420e3a-ebad-47b3-8bca-eb345d6b92c4,legacy,
slab_sandstone_white_palimo_9dc2d52c-8231-4ffe-8bcd-9e267657d21f,legacy,
slab_sandstone_white_paras_yogya_65094bce-b655-4192-8fca-35ca3d935263,legacy,
slab_sandstone_wicklow_f1801cef-4972-46ae-87bd-4b71acbabfd3,legacy,
slab_sandstone_wildhorse_swirl_fa3f7bf9-a4e5-4079-a078-82f4e2e48660,legacy,
slab_sandstone_wilkeson_69c6e60f-d706-4d48-a56b-d668ca2c068d,legacy,
slab_sandstone_winchester_ba610a3c-5939-4f64-9976-71c1d74e8cca,legacy,
slab_sandstone_windsor_gray_cb1d7d0c-f9fe-4832-912b-a8910b294ec3,legacy,
slab_sandstone_windy_city_c2987aa0-3048-4d7c-a4c1-94378edd1482,legacy,
slab_sandstone_witton_fell_8c0bd720-6daa-4935-85df-ae82e0298220,legacy,
slab_sandstone_wloch_e5d2e1b3-ac7b-4ad9-ae4f-d884c38b9363,legacy,
slab_sandstone_wlochy_d5bcd20b-1fde-48d1-9c45-8cb27fc06ae4,legacy,
slab_sandstone_wondabyne_49d985f5-e606-4b05-9201-7831c27d36f9,legacy,
slab_sandstone_wooden_de636f78-63b8-4d67-9521-01ced7bc3c9d,legacy,
slab_sandstone_wooden_grey_3408e05a-33d3-4e44-b725-687356662f60,legacy,
slab_sandstone_woodkirk_bac61f0c-3b05-4b26-a805-3efcf52dba84,legacy,
slab_sandstone_woodland_6f253c80-03aa-4919-91d6-48b8370f2fcf,legacy,
slab_sandstone_worzeldorf_5e4d76f3-b08e-4753-a091-92d8a5003808,legacy,
slab_sandstone_wustenzell_3feb2dcd-9097-40ac-b35f-2c03c800320d,legacy,
slab_sandstone_yellow_lymjar_3d7f2738-5557-426f-8fbc-4329a93aaf03,legacy,
slab_sandstone_yetman_03288a47-a8f3-4a6e-8c95-0cfd55c30ddb,legacy,
slab_sandstone_yunan_white_1e2b22fc-9953-4f81-971a-e2a67b51b642,legacy,
slab_sandstone_yunnan_beige_13ddb728-715b-43ff-bc8f-29e625ba3706,legacy,
slab_sandstone_yunnan_red_57154e16-41a6-4a8b-bcf6-68aa23d04778,legacy,
slab_sandstone_zarnow_7c6de766-68d3-4f0d-90b5-95693c39e3be,legacy,
slab_sandstone_zbylutow_d00ce7de-2455-4135-bf21-ca9f1f5f3e8d,legacy,
slab_sandstone_zeliszow_8625c41f-81db-4cd9-81dd-88130ad0195a,legacy,
slab_sandstone_zerkowice_d703de1a-d6d0-45b9-9007-ac26176170a8,legacy,
slab_sandstone_zuschen_f413f7be-9a45-4304-ba76-3b33bf69dc40,legacy,
slab_schist_silver_grey_schist_3d1fe11f-34bc-427f-afd7-906be143b180,legacy,
slab_schist_golden_schist_75d99212-5d27-4d9a-9152-55a86b8128be,legacy,
slab_schist_green_schist_f6d56551-6742-4e73-8946-dfbd58610ab2,legacy,
slab_schist_rustic_schist_b88ea223-acdd-4caa-85c8-4805b4228203,legacy,
slab_schist_ostrich_grey_schist_96d98321-f868-4c68-ac08-3067bed5369f,legacy,
slab_schist_black_vulcan_7c60327f-143b-45f6-aecd-a483bdb62987,legacy,
slab_semi_precious_stone_agata_blue_spiral_f5748e14-820f-4f0f-a9b1-f62dfcf551b1,legacy,
slab_semi_precious_stone_agata_brown_1e3d5381-6a9c-4fd2-bd4a-0f0f8c86a1e0,legacy,
slab_semi_precious_stone_agata_colors_73d9b64f-0fe5-4f00-af96-233eb548cb97,legacy,
slab_semi_precious_stone_agata_natural_fa15e553-4e45-4a8c-8e3d-7f60ec64dbc0,legacy,
slab_semi_precious_stone_agata_tropicalia_e9f74efb-514b-4bae-8b19-066e75b0527d,legacy,
slab_semi_precious_stone_agata_white_852991c5-58ff-4d18-868e-31f30abbca5d,legacy,
slab_semi_precious_stone_arctic_4495142f-5bb4-4251-9845-6be4525ca4a0,legacy,
slab_semi_precious_stone_crystallo_2047e8c6-d998-49e7-8c9a-426b8efa310d,legacy,
slab_semi_precious_stone_crystallo_bianco_23436524-7f61-4758-8225-25d52f33cc2e,legacy,
slab_semi_precious_stone_crystallo_traslux_a63d0c96-4c85-4ee0-9548-7d1164c4d39a,legacy,
slab_semi_precious_stone_golden_aura_4cfe075e-e4a6-49b5-9c48-d4b0bf1b02f1,legacy,
slab_semi_precious_stone_iluminato_vitro_104e93a3-eb05-4052-a825-2a66455bd8fb,legacy,
slab_semi_precious_stone_jasper_green_537cbf9b-6422-4e9e-a8e8-62cfd0b83f77,legacy,
slab_semi_precious_stone_jasper_red_c1832078-0db1-42c9-bd69-c87802f39f2b,legacy,
slab_semi_precious_stone_quartzo_vitro_dc5d26e8-10d6-4b9a-9bfd-a783a38a0777,legacy,
slab_semi_precious_stone_smoky_9e427ec7-874d-44e1-9432-5e4b2f9d913e,legacy,
slab_semi_precious_stone_storm_15114edf-8acd-4fbc-8da6-6b0e9e2aeb2f,legacy,
slab_semi_precious_stone_verde_crystallo_ce34795c-0967-4cbd-b592-d573c7415b7f,legacy,
slab_serpentine_verde_antique_3eb2df3e-558a-447c-b0dc-c8d67b895c70,legacy,
slab_serpentine_verde_serpentino_80e785ad-2b4e-4d22-adf2-8f74ca5720e4,legacy,
slab_serpentine_afghan_green_4ae544f6-d23b-41df-9497-85634f93740f,legacy,
slab_serpentine_rajasthan_green_79229b72-1ea3-488e-9d76-efd161c697fc,legacy,
slab_serpentine_ming_green_d92c0863-2695-46b8-9ac8-07a3adee9135,legacy,
slab_slate_black_slate_3f8be0d5-e99b-4a99-92df-c688ac87a720,legacy,
slab_slate_grey_slate_d0020a42-b0f0-48a5-8514-a66261dc477f,legacy,
slab_slate_green_slate_737030f6-26ff-439a-8f24-dc1ea127a4f6,legacy,
slab_slate_rustic_slate_autumn_dba34001-f6cc-4513-9602-e756e0c516a2,legacy,
slab_slate_multicolor_slate_94bebe30-f2d9-4036-b25d-bff714c38d43,legacy,
slab_slate_purple_slate_7d75f628-b32a-4cad-9dab-42f47affcaae,legacy,
slab_slate_peacock_slate_indian_f40d4a97-66b3-40c3-b017-17426816a313,legacy,
slab_slate_silver_grey_slate_eb104fe3-d9fa-4c73-a3c4-cc61fdf91b46,legacy,
slab_slate_welsh_slate_penrhyn_415ffa73-5158-481e-94dd-17457c657e8a,legacy,
slab_slate_vermont_slate_5f129222-6d01-4959-a4ed-2288948ac17b,legacy,
slab_slate_brazilian_slate_309bf633-cf4a-49c3-be8d-ab03a5658b0f,legacy,
slab_slate_china_multicolor_slate_c6165417-a1af-4209-825c-ed0b3666ad1d,legacy,
slab_slate_copper_slate_8d7e7cac-77e1-491c-84f8-8469f8beffe9,legacy,
slab_slate_gold_slate_6eef83da-9ec0-4656-89af-a6b954f75aa6,legacy,
slab_slate_african_blue_7cd412ab-8cd4-4347-8288-cfa81cd28f45,legacy,
slab_slate_african_multicolor_ec4f3ecb-988b-4642-b42e-f3a40bc99aa8,legacy,
slab_slate_african_sun_0171312b-786f-4e71-8a33-3e118d8785cf,legacy,
slab_slate_amazonia_graphite_2fc064dc-6e03-46ec-a5cc-1065a031e100,legacy,
slab_slate_angers_9b765aa0-4613-4663-b75a-767299823560,legacy,
slab_slate_aqua_rose_05f9038c-72db-4138-8c2f-a1d880795a46,legacy,
slab_slate_argentina_black_a3624762-f8da-4cc7-8138-41bb3ef0f217,legacy,
slab_slate_ashok_gold_ad869599-90a2-4f9d-9789-d4cf72015b3b,legacy,
slab_slate_assulo_fff79c25-24fb-48bf-bf1c-5fbf93410dc3,legacy,
slab_slate_autumn_lilac_ad6f91cc-3b87-4b9c-9762-fd9f27acd3a8,legacy,
slab_slate_autumn_mist_d8fff77f-a93b-4199-a9f3-6367c39088f3,legacy,
slab_slate_bashan_green_9661b965-b17e-4dec-8d7f-cf7b108a3878,legacy,
slab_slate_basket_range_2b1438c8-fd86-4e1d-ac85-0d57ab3b0fcb,legacy,
slab_slate_bean_green_438a52f7-ed5c-44e5-bcbd-ea37702c1145,legacy,
slab_slate_beasain_939d68db-f4ad-476f-b6e8-a2de38dd529e,legacy,
slab_slate_benuza_2244131d-af59-4f9c-b280-165e7f0bd70b,legacy,
slab_slate_black_diamond_dc97daa0-81fe-4932-9373-d685ac53320b,legacy,
slab_slate_black_mica_9848c68c-643d-487f-adbe-53342450df66,legacy,
slab_slate_black_velvet_9da258ec-9dc5-414e-90fb-5f23048e4660,legacy,
slab_slate_blackberry_5b648318-4c30-421f-888a-31f974579a14,legacy,
slab_slate_blaubok_1218a03c-164e-4a9c-9752-05363e6158fe,legacy,
slab_slate_bokkraal_9535bb19-14d5-4fb2-9563-c96fc6fc2f85,legacy,
slab_slate_brazil_gold_5b320609-4eee-4a8b-a602-028cef4071a9,legacy,
slab_slate_brazil_grey_9ac77fef-c34f-45c9-b074-29fe0d56158d,legacy,
slab_slate_brazilian_black_b9905526-2101-4f47-a56f-a0763622a07b,legacy,
slab_slate_brazilian_rust_f0fbdd5a-77ac-4052-9a45-04c2b1f7793e,legacy,
slab_slate_brown_java_106922fa-2026-4f3d-91b0-0e200b8ec5f3,legacy,
slab_slate_brown_rose_62337597-3539-480a-b541-abec04361945,legacy,
slab_slate_buckingham_4c03b220-d1b3-4ecb-9f4a-0855ce532519,legacy,
slab_slate_bundi_6a48c086-acbf-4b7a-b7c5-df228676c443,legacy,
slab_slate_burlington_a16606fe-fc3a-41da-b78b-c760d306e00a,legacy,
slab_slate_burlington_river_f158c000-53fb-40c2-a0de-ca139a20a6e5,legacy,
slab_slate_cabinet_gorge_9ed9adbd-3bc1-452b-ac42-01c5498561f3,legacy,
slab_slate_california_gold_0a82befb-51ba-437a-bcdb-4a25e8f0e795,legacy,
slab_slate_canteverde_grey_1497fd3d-fea4-4313-9218-13cb84c927ef,legacy,
slab_slate_casatorra_e8fa3362-80d1-4339-89bc-40ae7c2896ef,legacy,
slab_slate_castaneiro_f45612dc-4a9f-4c52-8603-4c1420927b41,legacy,
slab_slate_castlemaine_f29701d4-53da-42ee-9670-2a277ad45a4e,legacy,
slab_slate_celeste_21743746-9ff1-46a9-bf49-80d3a86faa9c,legacy,
slab_slate_charcoal_blue_324c9b2a-8107-4aa6-9046-27cd01095dd0,legacy,
slab_slate_china_apricot_52e294db-46dd-4e4e-a411-a391bd960d41,legacy,
slab_slate_china_autumn_7dbc9889-3b5d-4d65-a4b5-c75e371a8db2,legacy,
slab_slate_china_blue_b18035f6-f569-4b36-9b38-b5dd1d2b866c,legacy,
slab_slate_china_gold_15d6a635-1a05-4e93-9b9a-166424bc231c,legacy,
slab_slate_china_jade_068ada80-089f-4fe2-8dea-5ab16785f3df,legacy,
slab_slate_china_lilac_9e9afab8-5f51-4c40-8a1c-f3bb3bd2a5a1,legacy,
slab_slate_china_red_51ac77ed-09b9-4158-a11a-c4e3669c2810,legacy,
slab_slate_china_strata_grey_13116986-e845-451a-b7ea-584b9ac04baf,legacy,
slab_slate_china_yellow_0eb72b4c-a455-42f8-9c79-89661c683e99,legacy,
slab_slate_chocolate_b0f39df7-59b5-4f51-8ed6-c621df183b9f,legacy,
slab_slate_colombia_multicolor_96a55e5d-e03f-4a62-8c8c-5622c6727ab7,legacy,
slab_slate_cyan_da8e8d59-cfac-4e7b-8bb0-4e7826554b35,legacy,
slab_slate_cyanosis_19ba7a2b-b29f-4bae-a8d9-efc3a99cba53,legacy,
slab_slate_dark_blue_grey_30a69c62-bcf7-4264-a5bb-386cac44f34a,legacy,
slab_slate_dark_gray_80c640fb-f067-43da-8574-19685b62d51c,legacy,
slab_slate_del_carmen_black_4940840c-7e40-4ee2-816e-dd0a72e30517,legacy,
slab_slate_delabole_48f7d4bb-3c9d-4a96-b8c8-01e0218d9827,legacy,
slab_slate_denizli_yellow_bea9401c-9224-4e8e-9939-7a023cf09ac3,legacy,
slab_slate_desert_raja_e7b4c938-9ef8-43ca-9aa7-05df9ccb2e64,legacy,
slab_slate_devli_green_ecc7cd82-104b-4386-a464-74f7bfdce8ce,legacy,
slab_slate_earth_69356232-a950-4eba-b2f6-77da35a24d09,legacy,
slab_slate_egypt_black_337eb6d8-2344-48a1-84d0-d6289af705ef,legacy,
slab_slate_elephant_hide_9fe2ada4-7234-4a76-a2b9-c07d3c235fae,legacy,
slab_slate_finna_4118e743-22d3-432a-b354-bac6ebce23b8,legacy,
slab_slate_flamingo_509bb1a2-b20f-4ed2-9fed-81b9144ff888,legacy,
slab_slate_french_vanilla_f1b067c4-4d6d-4774-9e25-58b495787e0a,legacy,
slab_slate_galaxy_green_ccbaa699-9655-4dac-bda6-a87ecb756abc,legacy,
slab_slate_golden_multicolor_1f28c1d6-d06c-419a-9cf2-f358283ac39e,legacy,
slab_slate_golden_sand_64393991-c1f2-4edc-adea-b1bf168144e4,legacy,
slab_slate_green_egypt_de4a962f-fe79-4a2a-b5c9-0fb888e03518,legacy,
slab_slate_green_grit_cb04dfae-c3e1-41c0-8283-90cd5ddccfce,legacy,
slab_slate_green_moss_ac83c9d2-1ca4-450d-ba08-3abced325eb9,legacy,
slab_slate_green_witch_eaa1a0c7-efb5-419d-92c8-ec788cc3e4e7,legacy,
slab_slate_guishun_green_6702593e-50af-4ea9-b2db-76434cdcc758,legacy,
slab_slate_heather_blue_32e6c968-0cba-46ef-872d-70d69601385f,legacy,
slab_slate_heather_grey_d96d06b8-e565-406c-8c7e-76177206db1d,legacy,
slab_slate_heather_red_02e2ef7e-b545-4a64-a563-5d8ad3cb1a13,legacy,
slab_slate_hebei_black_d61f5aec-1630-4a6e-b6a8-ed50882f5c9e,legacy,
slab_slate_hebei_green_c666406f-2723-4ce9-b7b5-4b6823e2b0f2,legacy,
slab_slate_hebei_rust_5c330f54-550a-471e-8589-1ed277d697ec,legacy,
slab_slate_highland_005803ed-c224-4bb0-9564-2f511e769207,legacy,
slab_slate_himachal_green_ff3a15e0-c15d-4b6d-b54b-bd9783a78337,legacy,
slab_slate_hubei_black_41d1e282-51a6-4d6c-82fa-b1b2435e40bc,legacy,
slab_slate_imperial_black_02515e89-7550-43fd-a01a-05400465f84b,legacy,
slab_slate_imperial_blend_73605a0b-9f3a-41e7-a276-6eecb67ccf5e,legacy,
slab_slate_india_black_511ea5fa-f600-49d6-8a91-94abe5637059,legacy,
slab_slate_india_gold_34ba1fd2-aa13-43ba-bbc7-363e6d30df67,legacy,
slab_slate_indian_autumn_2e5b98d8-2a1d-4d57-83e8-71d4e7d59e1e,legacy,
slab_slate_indian_creek_1117959c-f6fc-4fc8-9de0-0edcef9180d7,legacy,
slab_slate_indian_green_d3867c7b-ce72-4c84-b0d0-71c98b4ab3d2,legacy,
slab_slate_infercoa_14c095e0-faf0-4d1e-a8ff-b738ad25e3f0,legacy,
slab_slate_jade_green_a7fac246-8144-4171-8255-80f83614af0b,legacy,
slab_slate_jak_be6bbbba-23e5-43a0-b199-27119512379f,legacy,
slab_slate_jak_multicolor_35ce875b-a913-4b87-8c72-b15906b0de97,legacy,
slab_slate_jbernardos_grey_dde2dabc-b25c-4f66-97f8-4ec3f0480451,legacy,
slab_slate_jenkow_442ece6c-de0d-40ce-a707-d9dcd2317418,legacy,
slab_slate_jiangxi_black_65977042-50eb-45ad-85ea-4d66fbef7261,legacy,
slab_slate_jiangxi_multicolor_03ad924d-140f-4183-aac9-3060f32b64e2,legacy,
slab_slate_jinxiu_6577d2c9-708c-44b6-8faf-ad230c1609dc,legacy,
slab_slate_jungle_green_907f07d2-1995-4c46-bdb5-01d9ecd1342e,legacy,
slab_slate_kalimantan_green_a41fa3d6-94c9-4d00-9703-4273f08c6497,legacy,
slab_slate_karabash_green_119134c8-b836-4790-8ddc-94037245e817,legacy,
slab_slate_karthali_12b51322-180f-456f-b3ab-86272165ac16,legacy,
slab_slate_karystos_black_2f6f8777-7fff-4d29-85ba-533f02b397bf,legacy,
slab_slate_karystos_brown_7a5c3348-6b6e-4410-9ca0-0f9c894aca73,legacy,
slab_slate_kavala_b5323186-4785-4ce3-9e2d-ece5c7dd8361,legacy,
slab_slate_kota_blue_6dac5baf-2462-4696-8953-7f82e749124d,legacy,
slab_slate_kudu_4e03cf17-0f6f-4c9b-935c-ffbdf0180d79,legacy,
slab_slate_kund_black_8dc1fad2-cc66-4262-913b-d46cabb38c96,legacy,
slab_slate_kund_multicolor_5304fed5-8d54-4a68-ac4c-7ef1e8df9ef9,legacy,
slab_slate_kund_peacock_b70fffaa-8bf3-4f64-9bd7-1a920571fe11,legacy,
slab_slate_kutahya_black_00d5ac9b-2006-44ea-a200-07c9ef6596bf,legacy,
slab_slate_la_bana_8d1e9643-2697-4e33-b472-88b75168e798,legacy,
slab_slate_labrador_verde_e5f219aa-371e-4dd4-a235-3adaa88b6374,legacy,
slab_slate_lai_chau_bc0dd2b1-4142-45b8-8a6f-c21305b2a6a7,legacy,
slab_slate_lilac_gold_9d7f1996-c7ef-4d5b-b7fa-380946ff64ff,legacy,
slab_slate_lime_peacock_ace9c00a-ea04-45a0-9aa3-dcd104f36ae8,legacy,
slab_slate_linzhou_silver_8e3f534e-cb95-43ef-b4b3-08076c52d60e,legacy,
slab_slate_llechwedd_a3220459-3ad5-4305-ad65-2c943a7067f3,legacy,
slab_slate_los_molinos_e81a3f65-70c2-4454-9b75-6db79579ea0d,legacy,
slab_slate_los_oscos_b4b942d2-10ae-4eda-bb25-a49561926cdb,legacy,
slab_slate_lotus_ef758305-979a-4856-a017-754095c864f4,legacy,
slab_slate_m_green_f685727e-d08b-492b-a35c-a3d6e31b16eb,legacy,
slab_slate_mahu_bf577066-abf2-443f-959e-94403a06f110,legacy,
slab_slate_makali_e2de181e-a049-40ed-a35d-2720e4d43992,legacy,
slab_slate_mansara_grey_bbda2f44-16ca-48c6-a91e-66cfcb0d315e,legacy,
slab_slate_matacon_wave_7c5180e6-3d86-43fb-a854-8fb33125e639,legacy,
slab_slate_matacouta_blue_black_fd833ab4-6c07-4b32-8b77-75d6d104126b,legacy,
slab_slate_mayur_f26b5a7d-4f6b-4171-853c-6c489122cc7a,legacy,
slab_slate_mazista_black_5d27a00b-9bf4-4cc6-a76f-708f3cf2f43e,legacy,
slab_slate_mazista_brown_ad47420b-8bd1-4427-a393-d1b3968f72cf,legacy,
slab_slate_mazista_grey_c771367c-0fe0-47d1-90e8-1e15a2b2ded5,legacy,
slab_slate_mintaro_f7c28d86-c4c8-4f28-b10e-124dfb7e4b2a,legacy,
slab_slate_monson_f4f8dcf3-5bdf-4136-a717-fe9ce8ae569c,legacy,
slab_slate_montana_grey_8084bc15-6d12-4dee-b427-5a2be9fdb91c,legacy,
slab_slate_montana_red_0a90e2c4-8126-4a5f-8e59-bc587d63fbac,legacy,
slab_slate_montauk_blue_44578588-84c9-455f-a9c6-859ec00f89c4,legacy,
slab_slate_morisca_negra_61ce47b5-4492-4f19-ae32-f72ccedabb04,legacy,
slab_slate_morisca_oro_276baf4d-fe92-463e-92bf-ab11bae4eb49,legacy,
slab_slate_mourisca_ouro_771ce7f2-3b67-4bbe-a528-6e62878a1175,legacy,
slab_slate_multi_green_942cb196-874f-46bb-b694-5bad5c7fd4b2,legacy,
slab_slate_multi_pink_a061fb76-ffee-47e4-86bf-244510d272d4,legacy,
slab_slate_multicolor_green_5a6da59c-bbde-4b5d-a3f5-f830bbf0ca9b,legacy,
slab_slate_multicolour_0164a0e7-424e-4cc0-a720-83700bee3732,legacy,
slab_slate_mustang_b1af602f-df97-4fb7-8055-8240b2f5a795,legacy,
slab_slate_nag_green_cf8197d7-eda0-4179-90f0-bd366a42f538,legacy,
slab_slate_nayong_black_5c7893c3-068a-40b5-850a-12405be83714,legacy,
slab_slate_newcastle_dark_grey_696f9c2a-0651-414d-accf-1ca37b11957a,legacy,
slab_slate_nilsiae_1fd001ec-4690-4ad2-a21d-28c10c013f06,legacy,
slab_slate_odollo_32e85638-ea51-4b2b-b1f1-3fb544f8cc06,legacy,
slab_slate_olifant_dcc9a794-a9b4-4a1c-baa6-79c08b0bc840,legacy,
slab_slate_orense_1ca273c0-59b4-4d6b-9eb5-ea3ec8ab0fb3,legacy,
slab_slate_oriflam_59684e46-a5db-4ed7-a520-7f084c8a995b,legacy,
slab_slate_orivesi_168c1c6f-1241-49bb-9a80-fed72d73da3a,legacy,
slab_slate_ostrich_grey_c9401985-3d5b-431a-92c3-5e1d06ce17f3,legacy,
slab_slate_oyster_f492b2eb-6558-4ad6-b2f4-61ee6f86e543,legacy,
slab_slate_pacific_brown_bf9ec5db-0c1d-4ac9-a291-fc55beed96c8,legacy,
slab_slate_pacific_grey_6b81bd06-f995-4eb7-a790-dd5b14b49322,legacy,
slab_slate_pakistan_black_87912dd3-39ff-4337-9121-a1d1c1c02976,legacy,
slab_slate_paljakka_cloudberry_41164482-ad5d-45b6-9c08-034e05ebac40,legacy,
slab_slate_peacock_50e1d604-976b-4eba-9ef7-add214cf9a31,legacy,
slab_slate_pearl_e574ce82-36ed-4d22-8303-49cec53c4ce7,legacy,
slab_slate_pennsylvania_black_9c0ca093-89a1-4a66-a85e-4cffd16b4295,legacy,
slab_slate_phoenix_black_0755d49c-4c5d-4a82-a194-0a912cc397ba,legacy,
slab_slate_piedra_laja_negra_98544947-33ed-443e-ba86-c6ab5ab7caf8,legacy,
slab_slate_pink_sand_2c42f0e7-79f5-4536-bb2d-f8fb350f50d4,legacy,
slab_slate_pitangui_black_320d886f-1867-4492-b2bd-4af3e45d6ff2,legacy,
slab_slate_pizarra_de_leon_b0304da1-e698-4cc9-b4b4-d2b8a8b7937c,legacy,
slab_slate_plevin_5158edeb-8654-4679-bc30-60fb570b9081,legacy,
slab_slate_porto_6772c918-3aa6-4c0c-ad46-ce952e8dac9d,legacy,
slab_slate_portofino_green_d2365ef2-a255-416e-9b8f-154bd321f938,legacy,
slab_slate_radibush_golden_50cb35fe-7654-4aca-8542-c50780375880,legacy,
slab_slate_raj_black_6692912f-7e39-4b8d-9051-d9fee43c0040,legacy,
slab_slate_raja_red_f0c72bca-52f1-4c79-838f-acea2c4ce20c,legacy,
slab_slate_rich_autumn_dd8079ac-fc70-45fd-aee8-e5b9e5b2d1d1,legacy,
slab_slate_rietvlei_bd3bf816-db1e-49b0-8454-fca7afec98ca,legacy,
slab_slate_rioja_kenia_05b5e7b1-da49-457c-a2bb-25fbc81f6477,legacy,
slab_slate_riven_black_52aaf881-4bea-4c46-8fae-a31b8c6ccc56,legacy,
slab_slate_riverstone_grey_46bf72f4-9a5b-4a86-bbd3-336733693cd5,legacy,
slab_slate_rocaber_blue_grey_dd4c2c0c-ce94-4b81-a58a-3cb03ab9f7cc,legacy,
slab_slate_rosa_9e778c81-8ac0-4587-bc29-1ace90b1c242,legacy,
slab_slate_rosa_brasile_93e6d7a1-d3b0-4977-9f43-ebff2a941cb4,legacy,
slab_slate_ruby_d8309634-79c1-4621-b7f8-ae0b411a3d42,legacy,
slab_slate_rustic_c930a5b6-41a3-423a-91f4-47461d75e364,legacy,
slab_slate_san_luis_d5ccfbb4-0113-46de-abfa-cfee3c9ae336,legacy,
slab_slate_san_pedro_de_trones_d9918bbf-1b09-45b9-8015-0de6f41b2982,legacy,
slab_slate_sanjani_autumn_c3321209-a91a-4636-9990-ca7b9678b9a5,legacy,
slab_slate_santa_cruz_9ae2de47-3e96-409e-8177-e7febad1fcc2,legacy,
slab_slate_sarria_blue_455ff510-720a-4e39-bfdf-030a536c59d9,legacy,
slab_slate_savgaon_466a6a9f-bd25-466a-856b-cccd999ce6a8,legacy,
slab_slate_sea_green_f4f13d8c-69f5-4378-be37-4ba911be245e,legacy,
slab_slate_senty_green_b4535d9a-9f1a-4412-b7be-a3997e0ea81a,legacy,
slab_slate_sesame_yellow_8ecc1c52-0f0e-4a88-b3ec-63ad1accb223,legacy,
slab_slate_sikis_e0e35ec6-d5a1-4d06-872c-fcf6484e86ff,legacy,
slab_slate_silica_539d1915-2188-4224-9c66-e3b509f8e745,legacy,
slab_slate_silver_77792245-2e51-4157-87db-3b384d031e34,legacy,
slab_slate_silver_blue_f6d5ea6e-3563-4102-8ab7-368ecddd398b,legacy,
slab_slate_silver_green_fc648eb5-a69a-403a-822a-9331e233bbf8,legacy,
slab_slate_silver_nickel_ad9f474a-4540-4853-a1b4-b1d8fa9cef9e,legacy,
slab_slate_silver_shine_15be79fd-74ac-4a55-a20e-cb556cafc617,legacy,
slab_slate_south_multi_pink_784f849b-dc8d-4094-a531-21238e2e969b,legacy,
slab_slate_southland_green_992347e7-6f68-4db2-94c7-4a0eb9ac85e3,legacy,
slab_slate_spain_black_e24cbce0-aaff-4833-8764-8c0c63f6994a,legacy,
slab_slate_spalding_809fe147-be80-49de-840f-ecb59d14ebe4,legacy,
slab_slate_steel_grey_bf9a43f2-766c-4332-85c8-62e1d628b616,legacy,
slab_slate_strata_grey_f59d3d0d-7cf8-43cf-97a5-6d22af69113b,legacy,
slab_slate_taojiang_grey_8b515eec-e0fa-4d51-907b-80fd8ecf6f90,legacy,
slab_slate_terra_red_75c12cd4-fb9f-446f-bbe1-cf4145eb25f1,legacy,
slab_slate_thailand_black_4b320cd4-ab31-4877-b879-f86ce28e41fc,legacy,
slab_slate_tiger_skin_5eff6abf-f4b4-4456-ab23-24525fcbb4d7,legacy,
slab_slate_tony_brown_78aab893-42b4-4745-8871-d1eb6d60c02f,legacy,
slab_slate_turkey_green_750d3ec7-9306-4294-9d7b-b92940b8558d,legacy,
slab_slate_unfading_green_198d6f4b-935a-4b0c-a5ae-14e3e8dfc0e3,legacy,
slab_slate_unfading_mottled_green_ced4bc2d-90fe-452a-aedc-5589e43f73df,legacy,
slab_slate_unfading_purple_a4d33c1c-840d-4e3a-9ad3-c01140ec47a0,legacy,
slab_slate_unfading_red_a0945fa5-6fbe-4325-b428-d49d05daee74,legacy,
slab_slate_valdeorras_casayo_d2a4ea2e-108d-42a2-b18c-e9b61a9da916,legacy,
slab_slate_valdeorras_domiz_ebb3382b-36ee-436a-8a4a-eb4cf0aaefe2,legacy,
slab_slate_valdeorras_mormeau_b99da078-b7d1-42d6-be23-0391c91b6d83,legacy,
slab_slate_valdeorras_rozadais_a26ca903-14ce-4733-82f3-c2e6800d1667,legacy,
slab_slate_valdeorras_san_vicente_9052a05d-2c4d-4a75-981b-11f6b736e75e,legacy,
slab_slate_verde_lugo_0cc4975b-2cb2-458f-b012-5c03107775c9,legacy,
slab_slate_verdigris_f249aad1-7f0a-4738-8afc-cf9954730621,legacy,
slab_slate_vermont_black_b497ff32-ddeb-4e84-87b4-ca385c65bb05,legacy,
slab_slate_vermont_gray_2907b597-87f8-4abd-8b2b-3818745781a6,legacy,
slab_slate_vermont_purple_bd4bf2f3-e12c-404a-8087-349446904fcf,legacy,
slab_slate_vijay_gold_f77bd7b2-0bf1-4b71-a3d1-69adf06c15ef,legacy,
slab_slate_welsh_cea3072a-ffcd-4426-a0c1-51541afc4a92,legacy,
slab_slate_welsh_purple_931cc662-7d49-42fa-8299-fccffe5a55be,legacy,
slab_slate_west_country_31eec5f5-c297-40d5-ad23-37d6ad4117cb,legacy,
slab_slate_white_red_83607527-3531-4ba7-bc40-b1413a95cb20,legacy,
slab_slate_white_sand_4fe213ed-fb38-49c0-83ae-e6a3d0c482d0,legacy,
slab_slate_winchester_black_0349ab3b-39e6-419b-bb30-a31d8bdcbdd8,legacy,
slab_slate_wine_2352f7f2-2528-420e-9a9d-909b54862467,legacy,
slab_slate_xemil_b0983eb6-a593-4645-be0b-c8474a7dd2f7,legacy,
slab_slate_xiayunling_green_8a42b616-f3aa-425e-be8b-dd7f285e2b75,legacy,
slab_slate_xiayunling_rust_3fa9efd6-1f85-4e20-b83c-5bcf09798024,legacy,
slab_slate_xingzi_black_a8e5b01c-32de-4206-a4e3-ae66b31d8a87,legacy,
slab_slate_yekaterinburg_f848ea46-e83c-47ac-a950-2e170daae169,legacy,
slab_slate_yellow_rust_3f34b575-c63b-4785-a5f1-57e52daac801,legacy,
slab_slate_yixian_multicolor_899c6ee6-6d57-4e81-846e-732af37568aa,legacy,
slab_soapstone_alberene_29b27080-4bf7-42be-b8f1-4006d26908f6,legacy,
slab_soapstone_amazon_070d0664-0f69-4e76-a268-4826c46ec5a7,legacy,
slab_soapstone_anastacia_86e9e270-95a1-4d68-8439-f62c98bbc265,legacy,
slab_soapstone_barroca_6bfce9a1-e08f-43d8-a049-8ef45a621bb9,legacy,
slab_soapstone_beleza_6fb2958c-17fd-4fd5-8aec-844ad9e96621,legacy,
slab_soapstone_belvedere_a91da8e3-f20c-46ca-bc6a-892b2f232347,legacy,
slab_soapstone_black_galaxy_f5a51787-b09f-44fa-a964-934289ce6561,legacy,
slab_soapstone_black_minas_1ce51f3f-df3f-47fd-b4f8-8d47f7bc7421,legacy,
slab_soapstone_black_nolasco_38c527dc-7dd5-4a41-bb66-43a48b00ce0b,legacy,
slab_soapstone_black_sea_52c0f738-6d51-4a6a-947d-a9d0df7fda12,legacy,
slab_soapstone_blue_78221de8-dc9d-4e6d-a005-ea8adf15caa7,legacy,
slab_soapstone_brazil_duro_af7cf50f-3cdd-4d38-a2f9-74bc0085af80,legacy,
slab_soapstone_buzio_be09b7e9-0c48-4c90-bfe4-f8be040caca2,legacy,
slab_soapstone_cinza_verde_57146d26-96d5-4de2-a8fa-a99ca5d178b0,legacy,
slab_soapstone_cobra_b34210b1-786c-4136-bb06-676b2ff46532,legacy,
slab_soapstone_emperador_black_836a1455-0d4c-4456-b7ed-d4025dad8df9,legacy,
slab_soapstone_evergreen_4ee19f8e-b117-4555-bced-c02277d05f9a,legacy,
slab_soapstone_fantasy_288af245-5432-4ba1-8dfd-807e222c36f4,legacy,
slab_soapstone_floresta_7e0cfdd1-742b-472a-9eca-ea3ab8f135ea,legacy,
slab_soapstone_fresco_c2edf0fa-e8b7-4efd-b571-1dcf06fb5ba1,legacy,
slab_soapstone_fumaca_8cc15e2e-21fe-4237-a48c-f119f2315215,legacy,
slab_soapstone_green_dry_579be228-a91f-4bc4-aa23-f972c7570bc2,legacy,
slab_soapstone_green_iron_b0dce72a-23a5-4326-884f-3a114cac09b2,legacy,
slab_soapstone_green_mountain_d51805cb-9c8a-4102-b19b-aa0fdfca04aa,legacy,
slab_soapstone_grigio_florenca_d17455cb-43a8-4da5-9c6b-d51e44a24542,legacy,
slab_soapstone_gullfjell_f3a005a0-826c-4ee5-8768-9825cb0ddf51,legacy,
slab_soapstone_hazel_eyes_67865456-91b4-4cfe-93a3-cca4e43e60e8,legacy,
slab_soapstone_hudson_ash_90e84811-4688-429c-828a-9c8f4212f7c7,legacy,
slab_soapstone_ice_flower_695b9b8a-4897-4e78-bf66-e2656457c07c,legacy,
slab_soapstone_inani_66752953-b1f8-4ec4-b2e5-7aba01995336,legacy,
slab_soapstone_india_green_4719036c-cc66-4781-b6f1-630c9aa723e2,legacy,
slab_soapstone_india_grey_33312553-3f2f-4aad-8245-5141a8090501,legacy,
slab_soapstone_indigo_0091de58-4c3c-436f-843d-ff17f2e2b3b9,legacy,
slab_soapstone_ipanema_09d8fa39-6d19-4cad-a2bc-fdba39ab1474,legacy,
slab_soapstone_java_black_3cd9b8d5-82a1-485b-8d92-f4460c513483,legacy,
slab_soapstone_julia_ecb25577-3aea-4ed7-adce-9a214d13dbaa,legacy,
slab_soapstone_kannada_95e636b2-c4a2-49fb-b1b3-3c66987dfca4,legacy,
slab_soapstone_kianta_sky_0a021c5a-4df6-44f6-8a81-7d214c18ab3b,legacy,
slab_soapstone_kivia_blue_18b0a8b4-7f92-4103-9599-b6b5aa0dd957,legacy,
slab_soapstone_majestic_138c7768-30f5-4a48-a4ee-eb151efb5888,legacy,
slab_soapstone_marmolina_1d50eeae-0174-4630-b3cf-a8626414d442,legacy,
slab_soapstone_matata_black_c327da83-748c-4f5b-9b0b-7e1114de9e36,legacy,
slab_soapstone_mineral_black_9652c241-bbae-49be-a349-533a7bc71612,legacy,
slab_soapstone_mirasol_8be7c0a1-9ed8-4314-b241-76f72c17159c,legacy,
slab_soapstone_mirasol_forest_44e394b5-8ded-437a-9cb7-0411cf93d1e3,legacy,
slab_soapstone_monterrey_2bdacf5e-8902-4211-93b0-d8d8a123474f,legacy,
slab_soapstone_mumbai_gray_20361c29-9d74-4ab8-a9a8-3fd7af712560,legacy,
slab_soapstone_noire_88df0504-5dcc-4b72-a7c7-66cb50406286,legacy,
slab_soapstone_nunna_vuolukivi_aac4bf86-a75c-4bc3-aa7c-0b02ee0869ed,legacy,
slab_soapstone_nunnanlahti_8624e275-ff69-4076-b3d9-738e03366572,legacy,
slab_soapstone_oreo_black_7a85d0be-5db3-4e12-b139-16a2d100f8e7,legacy,
slab_soapstone_pietra_grigia_b2973260-8775-402a-a255-74c02eb3810e,legacy,
slab_soapstone_pine_4ff67837-5b7f-4cad-88a2-6f958e203b6a,legacy,
slab_soapstone_piracema_8ee9fd5d-bad1-498b-be30-17c846400d38,legacy,
slab_soapstone_portin_vuolukivi_6ccfb4f5-8de1-4916-9b13-582f2ba1d4ac,legacy,
slab_soapstone_porto_alegre_dfefb724-873d-4609-86f9-f1e869389cb1,legacy,
slab_soapstone_pratima_2c3edc82-ad89-4059-8e59-2f70635c0f89,legacy,
slab_soapstone_python_d644ef6d-6dc4-4979-a375-cb1b9f6caa9b,legacy,
slab_soapstone_rio_blue_9ce31da2-4458-4b8d-b59e-a17369574ab5,legacy,
slab_soapstone_rio_grande_4a45c52e-9436-4f6f-939e-fcabfc01b6ea,legacy,
slab_soapstone_sabon_54fabf65-d8f7-48dd-ae88-efbb3cc04ea0,legacy,
slab_soapstone_santa_barbara_ced1d72a-61db-482d-a298-377788767a02,legacy,
slab_soapstone_santa_rita_eb6676b7-1397-44ac-aef4-792cc85209fd,legacy,
slab_soapstone_santa_rita_venata_a03d0999-dd2c-4f8f-b79f-5a38da63379f,legacy,
slab_soapstone_sao_luis_5f4e2221-12bb-4e59-b025-116b289e4ce1,legacy,
slab_soapstone_saratoga_3e2f6184-cb88-43e7-8734-df481e3de928,legacy,
slab_soapstone_savon_pierre_1949b323-5211-4653-91e2-f3cec03c386d,legacy,
slab_soapstone_sel_kleber_39b95ea4-22c6-46d6-885b-249355f47d3c,legacy,
slab_soapstone_somaca_6f501135-af1d-4240-b1f3-c49a38a34f53,legacy,
slab_soapstone_space_black_cff107f9-086d-4590-bfc0-c26548e42945,legacy,
slab_soapstone_spyder_c3f0bd9d-8b84-487b-b41b-1af55b70b3fb,legacy,
slab_soapstone_tulikivi_15857b7d-f865-4a53-9793-7dcd6018b226,legacy,
slab_soapstone_tulikivi_blue_537e70b7-45e8-496d-af44-8eaefc978783,legacy,
slab_soapstone_tulikivi_grey_34a91398-b5de-499c-8ce3-a2d626b21ec9,legacy,
slab_soapstone_tulikivi_sky_fc5a535c-ab1d-499f-bd64-cb0172e5c71d,legacy,
slab_soapstone_utapau_forest_93366148-8983-450d-919c-07ed4557bb2e,legacy,
slab_soapstone_vermont_53554336-bed4-4609-9d9d-f096f4d729b2,legacy,
slab_soapstone_green_soapstone_6947844f-7d60-4ec8-8de8-f270b47389c7,legacy,
slab_soapstone_grey_soapstone_d0a2baab-932b-4f70-9d39-68742096c387,legacy,
slab_soapstone_black_soapstone_b50c54fc-1b21-4787-8975-f5170af67b72,legacy,
slab_soapstone_brazilian_soapstone_79025635-cdf9-4cbf-a3a8-8d126076da34,legacy,
slab_sodalite_syenite_blue_sodalite_25b2778d-73cc-4367-b727-176a34365d29,legacy,
slab_travertine_classic_travertine_romano_1a3b7688-a2ab-4825-81e0-d458752b1ddd,legacy,
slab_travertine_navona_travertine_120e5183-c1ba-4ce3-97a6-4fa43eb80cd4,legacy,
slab_travertine_ivory_travertine_light_bd654b50-d72f-4051-a1ec-90256d67fa84,legacy,
slab_travertine_beige_travertine_24e69ee0-0643-48ff-9a72-a51d3ed29b4e,legacy,
slab_travertine_noce_travertine_7224f634-a042-457d-a3c8-8a5c7961d165,legacy,
slab_travertine_walnut_travertine_cc3534e6-a6cb-45a7-afa1-485d232cade1,legacy,
slab_travertine_gold_travertine_06775ae3-0280-40e0-b75e-2bffadff4322,legacy,
slab_travertine_yellow_travertine_27b2c455-dba3-4a5d-8a12-327b4cfdb8f6,legacy,
slab_travertine_silver_travertine_8740476c-ab60-4fe9-acdc-903f66717c69,legacy,
slab_travertine_grey_travertine_e5316d01-09b6-45e9-8677-5f66d345196a,legacy,
slab_travertine_chocolate_travertine_c6602159-3579-4c03-bb74-8b80b8768dc6,legacy,
slab_travertine_onyx_travertine_a993828d-4d1c-4011-8c55-030b5f8fce33,legacy,
slab_travertine_durango_travertine_78b97b9d-be6d-47dc-8c34-08daeaa6fa6a,legacy,
slab_travertine_coral_travertine_6acad418-b022-450c-ab4c-1793565eaded,legacy,
slab_travertine_white_travertine_60ef5806-5782-40ec-be01-280178991150,legacy,
slab_travertine_perlato_travertine_b965dfc2-3059-4118-9eaf-7507de6f28aa,legacy,
slab_travertine_abgarm_cream_af3928ab-ca69-4ad7-bf7f-21e524ef5f75,legacy,
slab_travertine_abyaneh_d68da58b-8c7f-4b51-93e1-90c4899227c9,legacy,
slab_travertine_acquasanta_grigio_24959730-fd80-49c5-b912-018c297f4da3,legacy,
slab_travertine_adalya_noce_a07ffbcb-7ae3-4a02-9f7e-911a60e0e06b,legacy,
slab_travertine_afghanistan_yellow_99c750a7-932d-4542-a624-5a8ba755d633,legacy,
slab_travertine_afyon_98dfc583-c141-4534-90f6-512ab2414e78,legacy,
slab_travertine_afyon_grey_ae408572-a08b-45b1-a594-595029ecbde0,legacy,
slab_travertine_afyon_yellow_ff8bd17b-1a7c-43be-816d-76d91610305f,legacy,
slab_travertine_aghbolagh_c75b13fc-59b4-4fa8-860f-0195f95baec7,legacy,
slab_travertine_airon_3529170e-d228-4c9e-a538-140509439d17,legacy,
slab_travertine_aizona_cream_3fc4bdb5-78aa-4153-a98b-d9cea3a5de11,legacy,
slab_travertine_aizona_pink_0537e839-75ea-4a8f-88c1-2059d982ca2e,legacy,
slab_travertine_aizona_red_4c54976a-54bc-41ba-aed7-8bc84added37,legacy,
slab_travertine_aizona_red_coffee_2d429574-9f29-40e1-91f3-40b9101a6300,legacy,
slab_travertine_akdag_red_362dfb6e-cbfa-45d8-8106-a19ddbe3439b,legacy,
slab_travertine_alabastrino_de1215e2-68bb-4966-9ad0-829abf38e3d7,legacy,
slab_travertine_alaska_silver_1d5c19e7-8558-49aa-91e0-290bf60172f1,legacy,
slab_travertine_alexandria_dc820ee3-08f0-4c64-a0eb-cd585ed71469,legacy,
slab_travertine_alfa_efd959fa-555f-48fe-a745-4da757d7aeca,legacy,
slab_travertine_alimoglu_beige_0b431543-677f-402f-aa86-6c64129fd8cf,legacy,
slab_travertine_alm_plateado_0884c3df-f61f-4cfc-a514-5d962f04747e,legacy,
slab_travertine_almond_7cdd2ebb-e41e-49b2-906b-457c3429a8ff,legacy,
slab_travertine_alpaca_96037285-da63-4280-9cb6-a1a9052dc1ba,legacy,
slab_travertine_alpina_96b73f66-b1c8-4c90-91f5-c4670a08b913,legacy,
slab_travertine_amaranto_9e3ebfd0-2484-4eb0-8e9b-d05687666dcb,legacy,
slab_travertine_anaconda_ff4a9f60-5103-46ad-9b18-5d4c06537d6d,legacy,
slab_travertine_anatolian_gold_0ecfc70d-2165-4767-b4ab-3851914d2d90,legacy,
slab_travertine_andino_bruno_a835cd6a-07cc-47a8-bbf5-6e705fd8f222,legacy,
slab_travertine_andino_dark_671fbe0e-d03d-4b62-bdba-3611f5fda560,legacy,
slab_travertine_anemone_white_4ea765d9-0935-492c-86fd-489f8cefabdc,legacy,
slab_travertine_angelica_badb3fce-350a-44a8-8898-29ad5121039e,legacy,
slab_travertine_angora_09bdc107-59a9-43fa-98c0-040906841756,legacy,
slab_travertine_angoran_beige_3bd4740c-fbca-438b-98d8-6c7b36b60f6e,legacy,
slab_travertine_anthill_99b2209c-fcd5-49b4-a0c4-03f6e48465c3,legacy,
slab_travertine_antico_traonyx_7be664a9-cf55-4f76-8b18-eb2704eccbbc,legacy,
slab_travertine_antiguo_5e90df73-86c6-4dfa-92d4-31410443e287,legacy,
slab_travertine_antique_dd7128bc-e9d8-4394-a04d-ab4a531c93f5,legacy,
slab_travertine_antique_bronze_0353be2f-d18e-4dc5-839c-3a75c5bfeae7,legacy,
slab_travertine_apokoronas_540e2b48-761e-42d1-9466-784d8f39d273,legacy,
slab_travertine_apollonia_beige_c841054f-c28f-45a1-91f7-0b9178f9b0d1,legacy,
slab_travertine_apricot_932cddbc-2987-465b-bc0f-bc5ac70f7abe,legacy,
slab_travertine_aqualina_cfcbbdc0-243b-4f7c-a2a1-0d75479f8217,legacy,
slab_travertine_araks_5c1a5f9e-f64f-41ae-b091-1bc327397e87,legacy,
slab_travertine_ararat_gold_fd4d948f-c1f5-43dd-90ce-bc032898c7d2,legacy,
slab_travertine_ararat_noce_d9158347-03a6-4c87-a60f-ac6c8d7d67a3,legacy,
slab_travertine_argent_f868fa60-8342-4af9-a2cf-97dd4c53401a,legacy,
slab_travertine_argiroupoli_94df1b4b-7e91-491b-ac21-e4afaee18707,legacy,
slab_travertine_aridea_2a4846f6-f512-4d09-ab38-e9aa4a80a73c,legacy,
slab_travertine_arinea_9a2696cd-3e86-45c2-9a8b-602c08b1a22d,legacy,
slab_travertine_arini_cream_045519ac-c205-40f7-ba3d-52cbba5c4b3e,legacy,
slab_travertine_arini_noce_fa7fcda9-b8db-49ac-936b-42675427b196,legacy,
slab_travertine_arizona_fantasy_e269f562-20c3-4346-bc24-63d3a0fef18f,legacy,
slab_travertine_armenia_beige_bd450f8f-abcc-4233-854b-57598cba6cf3,legacy,
slab_travertine_armenia_gold_7302054e-fa7c-4a68-871d-6daa607699b7,legacy,
slab_travertine_armenia_grey_a082e984-7ef5-4ebc-addc-66a3e66f9762,legacy,
slab_travertine_armenia_ivory_6286a5e7-c352-4d0c-9ec6-498be5302a39,legacy,
slab_travertine_artavazdski_4e2c577d-b544-451d-b051-f00e0952d372,legacy,
slab_travertine_ash_01a1a7d8-5f24-4030-9bcb-87756c641ae1,legacy,
slab_travertine_aspendos_creme_35c0f6f0-d196-4955-95d8-4ff816fe968b,legacy,
slab_travertine_aspendos_grigio_b887aa39-37cd-49c2-8873-f3adee1d34d4,legacy,
slab_travertine_atashkooh_210d7877-488d-4910-854e-bdfc487ea69d,legacy,
slab_travertine_atilla_adf567df-3f5d-4a85-9a1b-c542531c14e2,legacy,
slab_travertine_aurelius_silver_af9808fe-c337-42b3-a8ed-fa15e0607a60,legacy,
slab_travertine_aymaran_cream_5dffe086-220d-4f45-bcf7-f8586a82ab68,legacy,
slab_travertine_azarshahr_noce_e2b7bb69-99c2-4212-8243-8c8cbc848917,legacy,
slab_travertine_azarshar_yellow_dcce6281-3c07-4cb3-aada-5b72577e3b56,legacy,
slab_travertine_aztec_3b187096-9b23-4dab-a0c2-39e04bc0414a,legacy,
slab_travertine_bahia_10f00955-595e-46bb-8fd8-a9759133f9d9,legacy,
slab_travertine_bahman_088cadd5-3a00-4b35-9f2c-052e6bb35dd4,legacy,
slab_travertine_baja_cream_e4a07f44-9d73-4970-86ca-61168b9fc6c5,legacy,
slab_travertine_balikesir_noce_acde69c3-533e-4eca-b2c5-709b563e9882,legacy,
slab_travertine_bauhaus_6dedbf17-8e29-4175-a043-32fd0b366a1b,legacy,
slab_travertine_bayburt_light_6ab2e755-1e39-4327-9b78-d3c109459548,legacy,
slab_travertine_bayburt_medium_86f0158e-2114-496d-8ba0-e5acee7e7f94,legacy,
slab_travertine_beige_tra_7dc5bd22-2dc6-4612-a149-60b2487b497a,legacy,
slab_travertine_bella_corilus_9d6aa71b-98e7-4f0b-8581-a723b95493e5,legacy,
slab_travertine_bella_margo_5a15f315-74af-4b3e-8b2e-7828166de9ca,legacy,
slab_travertine_bella_synada_b70d3a88-6958-4aac-9e5d-887c090108fc,legacy,
slab_travertine_beykisla_light_da04d1e6-0ebc-46a4-9e35-c189c9c2c2ec,legacy,
slab_travertine_bianco_dei_e34e5d39-4266-42c7-a486-1ae040ac9172,legacy,
slab_travertine_bianco_michelangelo_b91af931-2f3f-4547-bb7b-b97af6e5e88c,legacy,
slab_travertine_bianco_sibillino_0242741e-691d-4bfb-ae66-d15e4d1f0796,legacy,
slab_travertine_bipolar_012784d5-5f5e-40de-92e0-190711a52277,legacy,
slab_travertine_bir_jdid_d04f00c6-0873-4195-81e0-8fc95dd452b1,legacy,
slab_travertine_bitlis_golden_1a49645e-384a-4d67-89b0-4138725ee07b,legacy,
slab_travertine_black_magic_07b9b5fd-6f80-4a8c-9eb2-e1de9e5835a8,legacy,
slab_travertine_blackish_314998ba-b5ea-4030-ad90-68c5e0f0e07d,legacy,
slab_travertine_blanco_fossil_5539a843-80c6-4e6a-8929-303af04c4cdd,legacy,
slab_travertine_blanco_platinum_66e0aaeb-7761-4999-8923-1dc366e6bee0,legacy,
slab_travertine_blue_vein_dd33a82c-5719-4737-8b3e-5e98526c0bb0,legacy,
slab_travertine_bonampak_c7450f21-fe16-4831-9065-c3ad597e8fe3,legacy,
slab_travertine_booneh_panir_66764ef8-d788-432f-b887-78ecaa8cf20d,legacy,
slab_travertine_borsec_c1e0184a-adce-439d-9f8f-c74904982e43,legacy,
slab_travertine_brava_e8137f1e-49cc-4b8c-9a0f-8d4d2291177b,legacy,
slab_travertine_brown_river_ccfa474a-c0d4-4a2a-9cfd-22ed799298ea,legacy,
slab_travertine_bst_d7bb1e8b-f95e-4dd4-93df-bd5b85e566c9,legacy,
slab_travertine_bucak_noce_cd21a528-941b-444b-b2b6-9d9ab8530ab2,legacy,
slab_travertine_bucak_silver_bf4056c7-af03-40e6-bd35-a0b3d31a9d64,legacy,
slab_travertine_buckskin_1625bd34-3809-44fa-bc77-3dabf096362c,legacy,
slab_travertine_budakalasz_86fab7e5-6e0c-4374-88c0-fba653bd6c57,legacy,
slab_travertine_bulutlu_3e95ac26-8ae8-427a-855f-25ee6c414b2b,legacy,
slab_travertine_burdur_medium_204eb95a-c774-49dc-987b-bc98cf3b3a18,legacy,
slab_travertine_caesar_b4255290-6a38-42c0-b8b6-003169b96718,legacy,
slab_travertine_camila_e58c76c6-fe17-43b6-a05b-5e3c65398c83,legacy,
slab_travertine_camoluk_f6c72bc8-5901-4a65-bd97-1034ef4dd947,legacy,
slab_travertine_canyon_2c63e7d9-0827-4276-a203-96805d4cc7fa,legacy,
slab_travertine_capella_707caaab-c4a0-4de2-a1fd-4385775ff566,legacy,
slab_travertine_cappadocia_c6c62f6c-15bf-4110-9766-a397f2363940,legacy,
slab_travertine_capricho_f8d478f6-8daf-46b8-ba88-cba7a0ce1870,legacy,
slab_travertine_caramel_f96c61b0-278f-409d-98d2-a9e15ed50fbc,legacy,
slab_travertine_caribbean_eb72e1c5-fb7c-4bc1-8aca-c34c622503a8,legacy,
slab_travertine_carnival_77b4a861-58ec-45e0-a84b-0ac2c3ac9f44,legacy,
slab_travertine_carpinis_1e89505c-cf4f-4ad1-8ed5-c80bc336839b,legacy,
slab_travertine_cascade_white_89b0c0a4-0605-4a4a-a545-47b3cd504474,legacy,
slab_travertine_cashmere_silver_be8523f8-d43e-41c0-a449-afbf4fae8610,legacy,
slab_travertine_cassata_ba96ac1d-5ae1-437a-b69c-09ab6a7ddf8e,legacy,
slab_travertine_centurion_89abd398-192b-48c1-ab70-3e2cf9779585,legacy,
slab_travertine_chaldoran_b3ecf5a2-486f-4308-958b-c3a00b3e6621,legacy,
slab_travertine_chaperra_cream_427e899b-ef9a-4505-897c-26b37a6d1500,legacy,
slab_travertine_chestnut_ab5529cc-8be5-4c18-8894-387e44c46b0f,legacy,
slab_travertine_chihuahua_001ec29a-ccdf-427a-8e1d-30265a49592b,legacy,
slab_travertine_china_brown_480595a3-9653-449e-86f5-dd9084a20282,legacy,
slab_travertine_china_white_15dcc26b-4064-49f2-99b9-d3addedaaa51,legacy,
slab_travertine_china_yellow_6934ed0c-1e84-4314-9baf-aebd7cecb4eb,legacy,
slab_travertine_chocolate_bi_moj_3c68728e-25cb-4acb-8dbc-2bcf9d48dfdc,legacy,
slab_travertine_chocolate_mojdar_6afbd51e-052b-4d11-b81b-b88d38a68709,legacy,
slab_travertine_chocolate_momtaz_3056da80-7f86-4aeb-99bd-8173fe2bc189,legacy,
slab_travertine_chocolate_yazd_6e8967cc-1661-4628-8d08-4b7948f70ff5,legacy,
slab_travertine_cinler_scabas_18664c94-c11a-486e-8dff-3e0c01e4e34b,legacy,
slab_travertine_cinler_walnut_a2a458d5-99f0-4205-9a74-5a574fd14168,legacy,
slab_travertine_classic_f8a26bdc-93af-421e-9db5-0bd494113833,legacy,
slab_travertine_classic_beige_9da89d9d-fc89-4250-b66f-7bd9d296f146,legacy,
slab_travertine_cloud_f52825ad-4d88-4a31-bd1b-9c06fc95ee7a,legacy,
slab_travertine_cloudy_angelica_eb767763-ae56-4ea6-93f7-f3000f224d75,legacy,
slab_travertine_cocoa_f50e61df-e0c4-4177-a6c4-25723950cfdb,legacy,
slab_travertine_coffee_brown_6ba8dfc2-4af9-4e71-8c5e-4afb188e3de8,legacy,
slab_travertine_coffee_milk_570b563f-8a56-47ee-8a38-9317459ea864,legacy,
slab_travertine_coliseo_1a7304df-4e53-4741-9d5a-dfc66a29a399,legacy,
slab_travertine_coliseum_3f75bfb7-9a03-4ea5-ab98-1c4f3f7385f0,legacy,
slab_travertine_colorful_2c1ebb7c-f3ae-4957-a039-3839c7bc764d,legacy,
slab_travertine_colossae_antique_78842205-1ee9-4cc7-a45c-cdee686ec74a,legacy,
slab_travertine_com_light_ff1d7ac8-b7bc-456c-bb54-77cf76344f78,legacy,
slab_travertine_com_medium_4d38c430-f5b5-46ea-a95a-6096217ed9ea,legacy,
slab_travertine_conimbriga_53593921-cfc8-4b07-9f45-6761015c21ff,legacy,
slab_travertine_consta_0da85d83-f1f5-43af-80ab-cb6473b877f5,legacy,
slab_travertine_copper_gold_761435ea-72b8-4cfe-b647-cffc8cfbff8d,legacy,
slab_travertine_country_6d0262a8-1af6-491d-b5ab-f7a9402d0610,legacy,
slab_travertine_country_fantasy_1a1565fc-c546-4bef-b034-7f078964cffb,legacy,
slab_travertine_country_tuscany_690603a4-fb50-4f83-8c5c-6f46863b42b9,legacy,
slab_travertine_cream_3d61a89d-0f2e-4efb-9d08-2d9a47d909d4,legacy,
slab_travertine_crema_andino_a756d75e-7849-49a9-8848-d402c263d876,legacy,
slab_travertine_crema_antares_826553be-34d2-466b-a2fe-345061cec766,legacy,
slab_travertine_crema_gerbera_829fce29-4e4a-4918-8a24-c5a5d5f7c1d5,legacy,
slab_travertine_crema_viejo_7412e7db-26ef-431a-b269-af62ccee108d,legacy,
slab_travertine_cuervo_4abac2ec-6e52-485f-94c7-ef9f0b8734d1,legacy,
slab_travertine_curiaca_blanco_b7168931-bc75-4825-8044-e09e10173877,legacy,
slab_travertine_curiaca_dorado_9eac11a1-2106-42f3-ab15-7c6139896041,legacy,
slab_travertine_curiaca_romano_4c703147-1d97-46ae-9603-ea5039be4dcf,legacy,
slab_travertine_da_vinci_4aecb941-25f2-43df-a5d0-e28e5d7d49cb,legacy,
slab_travertine_daisy_a98bbcce-f997-4691-ad97-ec9d31ba0d99,legacy,
slab_travertine_dalmatina_gold_e8e3c40a-ebb7-4772-8a1c-ff43317217cf,legacy,
slab_travertine_dareh_bokhari_5ce11e20-992a-46fe-aca4-f2623b441582,legacy,
slab_travertine_dark_brown_13e21ab6-6ba8-4ee8-be9b-af4c7aa24fd7,legacy,
slab_travertine_dark_hajiabad_3810708e-6d75-4781-ae18-01ae796f359e,legacy,
slab_travertine_dark_noce_e7b94424-766a-44f5-b133-c74b94bb3980,legacy,
slab_travertine_dark_walnut_077ee793-0e22-4853-8805-3f49bb9afff3,legacy,
slab_travertine_dashtakhar_1a3bfda2-4ec0-4f39-af79-42b25211d284,legacy,
slab_travertine_dazano_29ac3bbe-7035-4b56-9f4c-086e388fba91,legacy,
slab_travertine_dehbid_cream_bd48ac64-220d-4b7f-a2cb-f5b967eb3b00,legacy,
slab_travertine_denizli_265fa790-0614-46b3-8613-2c87f6f7d1f3,legacy,
slab_travertine_denizli_yesil_49861917-e0dc-410b-bb94-5e6b20a41086,legacy,
slab_travertine_desert_creme_c05e2f68-aa83-44ef-89a7-aaa48d4a84d1,legacy,
slab_travertine_desert_sand_3cde9a54-9cad-4f1e-92c7-306d0e2cb4e0,legacy,
slab_travertine_deva_2cd1f3e7-802b-4bda-ba37-b86b7efa6666,legacy,
slab_travertine_develi_silver_be75c4e7-a532-407c-a4d2-37b193b4a35f,legacy,
slab_travertine_dietfurt_029020a4-8bdd-44a7-816a-e892c3d0165b,legacy,
slab_travertine_doodi_78206ef7-0066-4b32-b789-a16a06bcfb12,legacy,
slab_travertine_duna_62f021e8-ab8a-4cdf-adbf-6027415cb57d,legacy,
slab_travertine_durango_blonde_5cff389b-3468-470f-9d5a-a117c1895330,legacy,
slab_travertine_durango_chocolate_584cd4f0-5529-41cf-9de8-9dffda3c41b5,legacy,
slab_travertine_durango_dorado_032ab5ce-336a-4a3c-ae06-38ae9e49f8fe,legacy,
slab_travertine_durango_paredon_8407417a-655c-4eaa-bf8d-79d3142bef7e,legacy,
slab_travertine_durango_zacatecas_e2757019-3575-4ad2-813a-9cda6a7faa8f,legacy,
slab_travertine_ebano_b66a3389-cf8d-4805-ada4-67f76dcecc5c,legacy,
slab_travertine_eco_medium_3b0453b8-e5cb-4db0-9fde-6bf853381a6c,legacy,
slab_travertine_efes_15c091a7-e54a-4698-8f1b-053845cf1318,legacy,
slab_travertine_egeus_a6b0d471-2721-42c0-8c87-c79623e0ae64,legacy,
slab_travertine_egnatia_29d29f77-e6ff-4f62-a10d-79ae2a5b76f5,legacy,
slab_travertine_ekachai_beige_68e01e77-12c2-4e59-874b-b80689db3c84,legacy,
slab_travertine_elazig_gold_fa29e5a1-05ab-4ddf-8282-4954d91de20e,legacy,
slab_travertine_elazig_noche_4dbe3981-b84e-4f49-b976-0f8408632d24,legacy,
slab_travertine_emotion_light_629cdaff-3a6a-4977-ae09-c3d64b6675d7,legacy,
slab_travertine_emperor_ada2ced8-fa65-41df-bdc7-8d30bea78b8a,legacy,
slab_travertine_enigma_9ba3e792-a6f9-479b-bf86-024f9f7f81a0,legacy,
slab_travertine_epidauros_7bb8bfbc-19a9-48ed-8085-b2347d99de3e,legacy,
slab_travertine_erdem_noble_404ee641-d90c-4b03-915f-cc37e20a2e10,legacy,
slab_travertine_erzurum_beige_da389341-2ade-4868-a71d-cbfcdff05927,legacy,
slab_travertine_eskisehir_light_9cb20ff0-d51c-4a6c-9321-52342f478010,legacy,
slab_travertine_eskisehir_noche_223802c0-f0c8-466e-98fe-11bd2b7349a0,legacy,
slab_travertine_europa_c0451aec-c588-4d1b-98d5-da285660b714,legacy,
slab_travertine_exclusive_beige_4c07a866-4459-4642-9da7-e9b0214320bf,legacy,
slab_travertine_exotic_lucce_04008d41-f288-4a74-8069-4870a5078641,legacy,
slab_travertine_export_light_ea8de846-2fa4-484d-acac-f0a99be29767,legacy,
slab_travertine_export_medium_4abedead-1441-4257-abf2-6d3a2ff2acf7,legacy,
slab_travertine_fantastic_silver_bfc9498d-27d5-4dc3-a33e-27892ed8d8f7,legacy,
slab_travertine_fiorito_548df3ac-3bc2-4776-aa5b-9b1504052468,legacy,
slab_travertine_fiorito_puebla_dd9d0343-6d60-4093-a128-68f019b63c3d,legacy,
slab_travertine_fire_red_5741d142-2b88-4957-8a85-d5c79e2663eb,legacy,
slab_travertine_firoz_kooh_03cb6d24-4d6b-496c-83a9-e203b8cff893,legacy,
slab_travertine_flamingo_b2a8181c-99ae-4dea-9bbd-5f8899fb70db,legacy,
slab_travertine_flava_3342eded-80de-4800-91f6-7e0d612d1590,legacy,
slab_travertine_flavia_e37c5e9e-d35f-40b0-9b97-5c74fa6df322,legacy,
slab_travertine_flax_walnut_73b1df3e-5506-4808-99ea-4c2b2090234e,legacy,
slab_travertine_flora_a732c993-edbc-4383-8c1f-4d4a143603a8,legacy,
slab_travertine_florence_b7a8b131-c655-4fe2-aea6-6cfb7f53add3,legacy,
slab_travertine_forest_b2061a32-cb89-45bd-9e15-2c57259c9f33,legacy,
slab_travertine_gala_gold_1e2cda75-1365-44bc-9207-154ed71d8407,legacy,
slab_travertine_gauingen_7e956aec-0af7-4ff7-afd0-d03d0af88e26,legacy,
slab_travertine_gazanbar_747efcd6-8892-4eca-a8a5-92e07bbd7dda,legacy,
slab_travertine_gazanbar_beige_66658190-ab3c-4cbb-93da-d3a2893fa788,legacy,
slab_travertine_gazanbar_silver_ebedff7b-8375-445a-b415-942cd45324fa,legacy,
slab_travertine_geoagiu_68113988-90be-4d9a-85f4-e79ce1a24cc9,legacy,
slab_travertine_gerdooyi_040e4a87-28c1-4018-8c42-85e59a102fbb,legacy,
slab_travertine_giallo_antico_b0eb01cd-d970-48ca-9bb8-72c66135fe8e,legacy,
slab_travertine_giallo_levanto_78aa4dc2-4cad-4dba-aed2-e4d613db5250,legacy,
slab_travertine_gokkaya_light_289fa1df-2280-4e53-a0e3-8e7e877d2277,legacy,
slab_travertine_goksu_580cffbb-9971-46bb-ad6f-eb292bed34b8,legacy,
slab_travertine_gold_river_622e31f5-4757-49a9-b3d6-9906b9c9544f,legacy,
slab_travertine_golden_black_a3bfad12-70fe-460f-a7e8-5f7741dedfa9,legacy,
slab_travertine_golden_brown_3bd34674-04c9-4c92-90ce-d340e3272de2,legacy,
slab_travertine_golden_gray_fa6ed482-e14b-4656-97b4-20c6534cdb22,legacy,
slab_travertine_golden_sienna_8e38f8d4-7447-4e32-b35f-2ad279bf0235,legacy,
slab_travertine_golden_walnut_8a6fa943-0b44-4092-af90-9336c5d322e7,legacy,
slab_travertine_grasred_5f218fb4-81ab-4f31-a776-efd196ddff0f,legacy,
slab_travertine_grasrose_1b0be317-9d0c-4dbf-a856-2dae35239f8e,legacy,
slab_travertine_grindio_dd3b50d6-1eea-4b93-9e20-535f7e0bb004,legacy,
slab_travertine_gs_f6265252-2b05-40c6-9c94-e8a8bdfc5222,legacy,
slab_travertine_guangxi_cream_9fc92e7e-d787-4fab-872a-8c87d19e564a,legacy,
slab_travertine_gumushane_medium_bdbb40f3-1667-48ec-a6b8-5fa76d14c19d,legacy,
slab_travertine_hades_f1002756-88b6-4626-9597-e8bfac0454c1,legacy,
slab_travertine_hashma_ccbf0b5e-4136-45d8-8730-593967d970f6,legacy,
slab_travertine_haz_62165471-d116-4ce0-a7e5-4a880d98c6d9,legacy,
slab_travertine_haz_yellow_21400464-afe3-46f1-9530-7efd0eb1e7fc,legacy,
slab_travertine_hazar_0ada0127-0e39-41af-baa2-f618a1c7e537,legacy,
slab_travertine_hazelnut_12c5fe1a-6016-43f3-8799-2542ad7fd09c,legacy,
slab_travertine_hesar_silver_6f11ae0d-9d24-487c-ae36-2a1b29dd8fee,legacy,
slab_travertine_heser_black_5c413552-6f19-42dc-9e11-dc109b97a1ee,legacy,
slab_travertine_hevmagyarad_81751842-1b08-4b7a-8bdf-4d3f2fb1a721,legacy,
slab_travertine_hidalgo_7ce8fe01-7a40-4d37-8f92-2d53574b53e4,legacy,
slab_travertine_hilal_b6ccd5a6-a508-4626-83bf-d3bcc00a2151,legacy,
slab_travertine_horizont_331af650-dea0-4079-a26f-4530181e5599,legacy,
slab_travertine_hubei_beige_2057460e-e6b4-49e8-81ed-c772ed89f8d2,legacy,
slab_travertine_hye_ad35ffff-d551-4882-a25b-ddecd9006ff1,legacy,
slab_travertine_ice_wood_2f4ca238-2494-476f-be75-2014443c1e99,legacy,
slab_travertine_idaho_c1342b7e-ea45-44df-b49a-d4705542ce84,legacy,
slab_travertine_ilica_1dd84a7c-4d9b-443c-8208-b342b20115e9,legacy,
slab_travertine_imperial_b0c446eb-80aa-4029-8308-7582c8b737c3,legacy,
slab_travertine_inka_gold_66705765-ee15-4ac6-a9ee-b7749335b751,legacy,
slab_travertine_inti_afc61bdf-227b-4635-bb38-f54cc6bda727,legacy,
slab_travertine_iran_noce_d0c20f2b-fe4d-43b1-9316-5527590e5363,legacy,
slab_travertine_iran_red_c8131a2e-8233-4a5e-9227-2a5b49ec0ce0,legacy,
slab_travertine_iran_white_d1179c3a-7b17-4a1b-a6a2-2449cf1d9024,legacy,
slab_travertine_italy_gold_f08146ce-c5a8-4b0b-9389-2646cb9c8efe,legacy,
slab_travertine_ivory_1d26f638-fdf9-4036-a7b0-7ccb595016a7,legacy,
slab_travertine_ivory_cream_9d798f82-0d47-47a1-a12a-9d7159c06b1a,legacy,
slab_travertine_ivory_medium_c9ca8b5e-9dff-4255-9804-887fb5ed6ec4,legacy,
slab_travertine_ivory_pearl_2e34a29e-7334-4f2c-a2c8-5ba408def142,legacy,
slab_travertine_jade_1b547b43-06ce-44c8-bc71-09258c3c4551,legacy,
slab_travertine_jordan_gold_ebc3a159-2e6d-4698-80c1-d4f6da36cbd4,legacy,
slab_travertine_kalzard_red_11f907f2-c4da-406d-ad70-9e9e7b67e32b,legacy,
slab_travertine_kapandriti_bf7b4afe-d844-43ce-83db-10ec2b063f89,legacy,
slab_travertine_kapiol_3b429bea-d6f5-4f0b-bee4-8bb3d4da3075,legacy,
slab_travertine_karabuk_yellow_78ff1758-5986-4581-8237-51bbe2db2710,legacy,
slab_travertine_karaman_noce_95569554-70c3-4fb1-8ee5-e501bb1d16fc,legacy,
slab_travertine_karmel_white_6019a30a-e7b4-4b03-87a7-9818c9ff1d74,legacy,
slab_travertine_kashan_coffee_cc19c897-c81d-4f81-92e6-0672c50c54f0,legacy,
slab_travertine_kashan_silver_72337197-b6ee-43e3-8b30-28c0d6acd168,legacy,
slab_travertine_katmer_9bc45fcb-135a-4216-85af-e1566ba3d4f2,legacy,
slab_travertine_kayseri_light_dc435da6-d5f8-4e6f-925a-b0f38086cb72,legacy,
slab_travertine_kayseri_noce_c71a364e-24d1-478c-bec7-325b7429168c,legacy,
slab_travertine_kello_fbbfce8a-fab8-4f1a-a5dd-cd7ed1fa66e4,legacy,
slab_travertine_kemer_white_d575317d-91cf-477d-9d2b-40ecc7c30938,legacy,
slab_travertine_kepez_silver_2cfa2e43-f0eb-4966-9bb2-9515fead10b0,legacy,
slab_travertine_kerem_mojdar_09597692-8f83-431f-8d61-493337c3253f,legacy,
slab_travertine_khalvangah_67412373-ea56-46e0-9a37-59b39bf3d312,legacy,
slab_travertine_khormayi_arian_7ea089b7-2674-45d5-adb9-2aa6cca56409,legacy,
slab_travertine_khormayi_mojdar_57213ef8-1d1a-4692-92cc-8e1b7c1014d1,legacy,
slab_travertine_kirsehir_noce_ea9fedb8-5ed9-4ddf-8702-77b111a7773c,legacy,
slab_travertine_kissamos_bc12bff6-b2c7-4e48-ba2d-af87146546cf,legacy,
slab_travertine_kleos_a4badb79-4322-4286-b458-e3749abffe61,legacy,
slab_travertine_konya_noce_71567977-7fb6-4a3e-adea-11b3b99c6c0a,legacy,
slab_travertine_konya_scabas_7a188264-620f-44d0-ade9-1e29701b4ba9,legacy,
slab_travertine_konya_silver_e6b99de7-274d-413f-8618-fa06b5835d9e,legacy,
slab_travertine_kozlu_noche_ee2e6454-20d5-419d-955e-d198f455b03d,legacy,
slab_travertine_krasnopetschersk_10f81576-8f8a-42f2-abfd-a745d6f7999e,legacy,
slab_travertine_kremna_99682adf-5e72-496a-a500-a27b9efc6cdf,legacy,
slab_travertine_kuckovo_555f9aee-45c2-495e-b932-5aae92e0f058,legacy,
slab_travertine_kula_light_80eee10b-1e8f-472c-882d-531acb8756a4,legacy,
slab_travertine_kula_noce_e24f6e98-dba1-4569-9983-3d6593d642ac,legacy,
slab_travertine_kumanovo_c15ccc08-71ff-4804-9fce-bdb53d491d69,legacy,
slab_travertine_kutahya_beige_9ba36cb3-3481-4c0f-86ec-d228a01340a4,legacy,
slab_travertine_kutahya_noce_86109a1f-e819-4f74-bb91-064acfbd5ef9,legacy,
slab_travertine_kutahya_red_f2f27bb2-a32a-4be1-b68d-39413dc3fe9d,legacy,
slab_travertine_kyrgyzstan_beige_e5d2e918-aa08-478b-ad6e-d7cdbb5f2d35,legacy,
slab_travertine_kyrgyzstan_silver_408cf159-b927-4c6b-9ae9-f71f179e94db,legacy,
slab_travertine_la_rubia_bcc149f5-8f46-4241-b6e0-dd07e4e7d30e,legacy,
slab_travertine_lait_c529bc2e-77db-45c1-b887-a43719086a28,legacy,
slab_travertine_lebanon_silver_33eac337-6256-445d-a799-b1ab54b7b90b,legacy,
slab_travertine_leonardo_e8bc1e9e-5cfa-4a55-bb3f-8aa161b62355,legacy,
slab_travertine_levice_zlato_d3faf2dd-8f3b-4cc0-850e-ca29a0747648,legacy,
slab_travertine_libyan_16da9a0a-a4b8-4786-a866-3b9dcfd82f2a,legacy,
slab_travertine_light_3920ae0d-2709-456f-aa7e-22edb8a6edfd,legacy,
slab_travertine_light_beige_4be121e8-9133-4c34-b7bc-58b4db4d715e,legacy,
slab_travertine_light_cream_192a261b-23d5-420a-94ae-04569435b73d,legacy,
slab_travertine_light_sunset_8713e725-1b77-4b7d-b5a0-bc1eea36bfc2,legacy,
slab_travertine_lok_dbc510e4-351f-45ba-bde0-1e39002813aa,legacy,
slab_travertine_lome_dasht_e2fb5155-4ae2-4aa6-8a7d-89501e65cca3,legacy,
slab_travertine_lucce_ba76ff75-ccf1-4e6d-8e4b-52c483bbea26,legacy,
slab_travertine_ludrova_5a0f5985-f505-4985-8f4b-0a33247bb5c0,legacy,
slab_travertine_macael_beige_c3e3c093-8711-4ef3-adf5-c9072208c2b1,legacy,
slab_travertine_maco_beige_5129106d-e945-4ab8-bbd4-748b75217469,legacy,
slab_travertine_maco_light_silver_0f135ae5-a478-42ac-9371-395a77baaa69,legacy,
slab_travertine_madiera_4a37d91b-3fd5-4faa-a71c-6a0858274b13,legacy,
slab_travertine_mahalat_bacee75b-8bce-481a-8424-bef8c0b34355,legacy,
slab_travertine_mahallat_beige_09adfe7d-f6a1-4a0f-a8d0-52d355967ceb,legacy,
slab_travertine_mahallat_pink_9935b6ec-7687-432e-8afc-449795f052dd,legacy,
slab_travertine_mahogany_7e7f64fb-392f-4672-b6c1-124d735cfedd,legacy,
slab_travertine_maidan_wardak_fd408aed-70d8-4dd3-800e-c662a293ea4b,legacy,
slab_travertine_maiz_d23e5f0f-27e4-4463-be15-fb8c03111c89,legacy,
slab_travertine_majnoon_d1e79b54-2dc5-4bc2-833a-eccfe5e2255f,legacy,
slab_travertine_manisa_light_fb5d33dc-e937-4fe4-af8b-c49e0159bb11,legacy,
slab_travertine_manisa_noche_936221f5-63a3-42a8-b8a0-5b705ca6ec23,legacy,
slab_travertine_marfil_128000a6-c9bd-4ec2-b9ae-84981d7f46a4,legacy,
slab_travertine_marina_39671c3f-4e3b-40bb-b8af-567fd7ed5214,legacy,
slab_travertine_marjan_silver_3216beb3-b2ec-46df-ad8b-07f6d3241293,legacy,
slab_travertine_maroon_5435599f-c71c-4c5f-b688-ad0185442d7d,legacy,
slab_travertine_marrakesh_4d104dac-745e-4e43-bdda-64482f9382b9,legacy,
slab_travertine_marron_alhambra_fee8615d-8aa6-48ed-9196-c138387e55e8,legacy,
slab_travertine_masis_2a71ac03-a296-43c0-b244-f948b790b4ae,legacy,
slab_travertine_matka_73c16469-fb7c-40e5-8e6b-dc8f20f4c330,legacy,
slab_travertine_matka_noche_949eef8f-cf3b-4a63-84c4-929ebbe02139,legacy,
slab_travertine_mediterranean_19aa6aff-2c7b-448c-ab76-7b1193d2f5fa,legacy,
slab_travertine_medium_7d384785-891b-4f9c-b3fb-a2143bea86a2,legacy,
slab_travertine_medium_bordeaux_3a871dca-0f50-4ec6-803c-438ea4de6bb2,legacy,
slab_travertine_medium_colorful_54512924-a660-42d6-8fa1-bf853e8da05e,legacy,
slab_travertine_medium_hajiabad_927d0dff-74d2-4b10-b675-7530a8a4e35a,legacy,
slab_travertine_mersin_medium_084ce13d-9604-4c8f-9d75-7b1a58a3f3a6,legacy,
slab_travertine_mesta_green_75fa5b82-a0b2-4427-bf19-1dbcd4a9016d,legacy,
slab_travertine_metallica_f4cf415b-67ee-43c8-9816-1f1debb6e692,legacy,
slab_travertine_mexican_light_064f572b-8901-4a9a-87fa-fd26e85a92d8,legacy,
slab_travertine_mexico_ad6f91ff-9ab0-4afa-a03d-0ef4a564a7bd,legacy,
slab_travertine_mezzo_0ccc6367-0b73-4138-be42-96f22122ddc1,legacy,
slab_travertine_miami_light_6b95952f-326e-477f-b7a0-15665aaf273d,legacy,
slab_travertine_midas_brown_a4b338f5-2727-44d9-a271-ea9b3ac03b0f,legacy,
slab_travertine_milan_e5df6c17-1a7b-4c2b-8dbe-25ba01fe0e6e,legacy,
slab_travertine_miletus_93ed78b3-3340-449c-a914-961ad6705e87,legacy,
slab_travertine_minerva_white_03b86877-8aaa-4193-9930-d2cfb236b6f8,legacy,
slab_travertine_mocha_cd360524-2648-4ef7-b0bd-0f6e93e04027,legacy,
slab_travertine_modena_grey_634a5823-5813-4eb4-ba31-880c49e0dc89,legacy,
slab_travertine_mojdar_momtaz_0038c8c6-326b-4872-aaba-ca527f06e18b,legacy,
slab_travertine_moka_1d3ca733-e0a7-4b4c-93de-24637ded0a4a,legacy,
slab_travertine_monreal_red_c9ce3438-f03e-4a4e-acdf-97dfc8cd2a36,legacy,
slab_travertine_montagna_walnut_53abde6e-7d3b-4767-9b9d-52b4fda36363,legacy,
slab_travertine_moretti_75bfe6dc-e371-4f92-80ae-ceac9c8b58fa,legacy,
slab_travertine_mudurnu_565bcac0-5ccb-4008-a965-d0b1f9d12aba,legacy,
slab_travertine_mugla_karacasu_166e41ca-96ba-416b-8092-c1824fb45aa9,legacy,
slab_travertine_mugla_noce_10a7852f-2b66-46e9-b7ea-de631888af88,legacy,
slab_travertine_multi_color_003c3a82-a05c-4983-adec-b15a2917c128,legacy,
slab_travertine_mussel_c4310d27-274f-4ab6-94af-b95275181859,legacy,
slab_travertine_mut_48132e1a-525e-43cc-88f2-d6aaa626e9b5,legacy,
slab_travertine_myanmar_yellow_7fb33130-9eb7-4453-9038-b2d07cad0757,legacy,
slab_travertine_mystic_1fb6a0b9-ad99-4107-9df3-73b6f087169a,legacy,
slab_travertine_namadi_8ff335d5-3252-43d3-8d20-c296436a8fa3,legacy,
slab_travertine_narcisse_44f26d39-fcc2-418e-91bb-0c75147b9e32,legacy,
slab_travertine_natanz_c2f6f10f-c5e3-4ae8-b20d-d79a5e451710,legacy,
slab_travertine_noah_ff7394a3-96ee-4009-8772-143196755e5b,legacy,
slab_travertine_noce_bonita_96430f36-2073-4c88-a946-1e3b52491aaa,legacy,
slab_travertine_noce_light_e195e8ae-6f64-4158-92dd-f9d3e2f57c6b,legacy,
slab_travertine_novi_pazar_beli_e578a4f5-9e20-4e2f-87ec-51a61eb47070,legacy,
slab_travertine_oak_9c83c31e-7640-4e2a-a61f-971423877c9c,legacy,
slab_travertine_oaxaca_fiorito_549882ec-e42c-4356-8dfb-2925ecb1c73b,legacy,
slab_travertine_ocean_blue_f8b31bba-60d5-4d3e-93a6-d51f126e9eca,legacy,
slab_travertine_ocean_silver_2e5860c0-5262-4e8b-9271-94a803bf1e9f,legacy,
slab_travertine_ochre_83b428b1-564a-480d-bff8-6a1ce86570b9,legacy,
slab_travertine_old_mission_90be6f21-80f4-4293-955e-0ec7d192e592,legacy,
slab_travertine_olivillo_d91dca9e-2cbf-4316-a2a8-9b9b0b080c80,legacy,
slab_travertine_olivium_fd20ebbc-e8f9-4cef-b4bb-f9eb74c142ff,legacy,
slab_travertine_olympos_55b60b0b-7f43-4b42-b3d5-d366c4c90fe9,legacy,
slab_travertine_oniciato_bianco_ef12c1b8-2df4-45d7-92e3-4374254a178f,legacy,
slab_travertine_oniciato_venato_68b48ba3-26aa-4e83-ab04-6818e320f793,legacy,
slab_travertine_orange_6b3c695d-980d-4fb2-9686-2b0bac3d02a3,legacy,
slab_travertine_oro_azteca_046ef3ab-5c8e-44f3-89c5-b33a5cc2386b,legacy,
slab_travertine_osor_4aa7ad78-89b4-4eae-a9e4-0ef95de47a22,legacy,
slab_travertine_oxido_ac0eb35d-fff8-4ff7-9922-5dd43fe57c34,legacy,
slab_travertine_patara_ef5fafb8-ddae-4296-93cc-3563ec69f1e9,legacy,
slab_travertine_peach_a6209200-455a-4799-b4e1-f670cfc66fd1,legacy,
slab_travertine_peach_blend_16aa62d5-2e41-4e7d-b541-05972e602efc,legacy,
slab_travertine_pedre_dark_81dc50be-d7f1-4d44-8a7f-830623fe7498,legacy,
slab_travertine_pedre_light_e51efdf9-d903-488c-aff1-1d2eca08cfe6,legacy,
slab_travertine_persian_ivory_ba357532-143b-4009-ad03-4ac738113e90,legacy,
slab_travertine_persian_pink_29c3ece4-2e0a-44ae-852c-89c4e8041998,legacy,
slab_travertine_peruvian_tobacco_dedaaa39-ecb3-415b-9bfd-c913de096947,legacy,
slab_travertine_petro_beige_757a45e6-1579-4bff-a65d-49d56664e0fc,legacy,
slab_travertine_pewter_silver_663b2066-7b69-4ec7-94a1-98d390470786,legacy,
slab_travertine_philadelphia_scabos_2ce11004-c848-4cca-bb48-8a528d20da5f,legacy,
slab_travertine_piano_7684ec1f-7740-4f4c-bf25-13058b4fac48,legacy,
slab_travertine_pichi_76635929-dbf3-4e2c-ac3f-1dc7265dc401,legacy,
slab_travertine_pink_60d15683-c820-43b2-97a8-f718b5b89a33,legacy,
slab_travertine_poliche_krin_d14991ae-a1fb-4284-baea-8a0bf6203a9c,legacy,
slab_travertine_poros_2738a534-14dc-4a91-9a1f-4b7d469fa8fb,legacy,
slab_travertine_prado_9642add9-a0fe-4f35-b45f-c4a8a13a1e77,legacy,
slab_travertine_provence_648560c4-913e-4592-a2fc-0519e95eeb98,legacy,
slab_travertine_puebla_1bf3f908-e911-4822-b4ef-dfa1b34fe448,legacy,
slab_travertine_rainbow_5a151136-f56e-4b5d-a272-3ffaf7a14560,legacy,
slab_travertine_ramshe_35db708f-4fc7-4db4-ab17-4625e70083fe,legacy,
slab_travertine_ramshe_mojdar_5f694e91-a3fa-4c8e-8f75-08d5a2e0bf44,legacy,
slab_travertine_rapolano_biscotti_5c760599-9985-41dd-953e-682cb2e1c4c8,legacy,
slab_travertine_rattle_skin_0204df63-5af7-4907-9f8b-61f010fdd16e,legacy,
slab_travertine_rattle_skin_dark_98d389a8-02af-45de-ab7e-394e453df84e,legacy,
slab_travertine_reale_63113ee4-a6eb-4cc3-8d2d-6cc0243fe082,legacy,
slab_travertine_red_arizona_16c6e574-bb01-4174-9eeb-908d70122dfa,legacy,
slab_travertine_red_soraya_3b30b0dd-703a-4e63-8072-9672db7e4e9f,legacy,
slab_travertine_reddish_b765ac94-b2c6-4643-966f-723a046b454b,legacy,
slab_travertine_riviera_maya_8d0ac0e5-eaed-48db-80ce-5c6eb1f7e3c7,legacy,
slab_travertine_roccia_7ed7a513-fe4d-4aa3-b342-43c5f7f6ad5c,legacy,
slab_travertine_rocky_mountain_mocha_bf4a7841-7bb0-4114-85b3-0d9c56f9ff57,legacy,
slab_travertine_rojo_alhambra_16df3227-80a7-4c24-8f9e-7e1b4cf08023,legacy,
slab_travertine_roman_silver_49f9658f-be85-447d-8714-284345273e97,legacy,
slab_travertine_rose_gray_6e3ad436-4e28-43fa-ae0a-dbd0a24dccf3,legacy,
slab_travertine_rose_river_83f6f071-a6de-453f-a581-88f4354a52e3,legacy,
slab_travertine_rosewood_1c76973b-e78a-45ab-acd3-dc59e9150fe0,legacy,
slab_travertine_rumi_2cfbee12-6515-4c97-bba0-987241249f07,legacy,
slab_travertine_rumiconda_30d0178c-c530-47ff-9ced-7e7841c60b01,legacy,
slab_travertine_rust_gold_62dc170b-93ee-43f4-945b-e57fa448eacb,legacy,
slab_travertine_rustic_golden_silver_b53ec751-c21e-40a4-8055-5d1568b2f894,legacy,
slab_travertine_ruzbachy_6404ce56-cc17-460e-a8c8-4f207613cadd,legacy,
slab_travertine_saba_peach_3cbc1a23-f11a-449b-ad75-a06b652e4c61,legacy,
slab_travertine_saffron_63b46412-9022-451c-9f92-2ca4bb2c149e,legacy,
slab_travertine_sahara_bronze_3372bf3b-e809-4131-93ca-2259327f802f,legacy,
slab_travertine_sahara_sand_ca05bfc9-6f17-4b5a-b162-822de0ba3ccb,legacy,
slab_travertine_salem_gold_6759bb8a-da1b-48d0-81ec-513f6106e466,legacy,
slab_travertine_salmas_a57e7268-c4f9-4f41-b407-238be76e1ee8,legacy,
slab_travertine_san_juan_01995b9b-dc9e-4dcb-a944-9e5b5a2f9525,legacy,
slab_travertine_san_pablo_6853ed08-f609-420f-b0ae-d387c2131e0f,legacy,
slab_travertine_santiago_2af276e5-bd74-4719-b195-6d9dfb586276,legacy,
slab_travertine_saraburi_b8492ee6-9fbc-4544-ac0a-0b1204f6c5d7,legacy,
slab_travertine_savana_0e7703aa-260f-4aa7-962d-4fa7e07b6768,legacy,
slab_travertine_scabas_5bf5d6fd-cae3-4f90-893c-9077b4604097,legacy,
slab_travertine_scabas_brown_b4e01645-e2c8-4990-9bb4-0a60575561d8,legacy,
slab_travertine_scabas_cream_3977fd9d-7bd1-4b99-a629-7f114e6f2b0d,legacy,
slab_travertine_scabas_gold_c5d96be3-81ff-4644-a8ae-0caf2440270a,legacy,
slab_travertine_scabas_green_c1bae9a7-c8b0-4c21-880a-9da327d3022d,legacy,
slab_travertine_scabella_a191fcaf-70ee-49af-8b21-e69b4b32da09,legacy,
slab_travertine_scabos_f7a13727-c7c8-4422-8b00-0784e95b5d4c,legacy,
slab_travertine_scheherazade_bc33d615-5888-4e66-a945-0c328507ba70,legacy,
slab_travertine_serpentino_b3433339-8a51-4834-8fdf-99ad497bf441,legacy,
slab_travertine_sharon_66ab2ece-6072-4aff-ac4b-0a8beae7f85f,legacy,
slab_travertine_shokolati_bi_moj_kashan_f34214e9-63bb-410f-aa34-b82b22b5b718,legacy,
slab_travertine_siena_silver_b068436c-21e5-4c1c-a15b-dfc373b076d4,legacy,
slab_travertine_sierra_ad26b3d1-9259-4ce6-ab0a-50bf2eb81273,legacy,
slab_travertine_silver_avanos_63e2010d-f102-452f-b7b9-a4c4e1c2162f,legacy,
slab_travertine_silver_blue_4e5453d5-9167-4fd5-a913-97015dd4c8cc,legacy,
slab_travertine_silver_gold_f6ea5123-f42d-4f7e-811d-1b0681b7ae3e,legacy,
slab_travertine_silver_grey_66f07931-9c79-4cc6-ad05-2187446060f6,legacy,
slab_travertine_silverado_fe91a621-f256-452f-9add-adbeea899616,legacy,
slab_travertine_siteia_db2025a4-cde4-42bb-ba50-0606aac31072,legacy,
slab_travertine_sitra_39183f82-6382-4feb-85e0-8e481294baed,legacy,
slab_travertine_sivas_medium_ffa244ad-6fee-4a57-a308-aea31ec3505f,legacy,
slab_travertine_sivas_noce_69491f08-3f05-4a8a-b2b3-5e1e919c5144,legacy,
slab_travertine_skra_5045abc1-b113-44b7-8d3d-41119e95a5eb,legacy,
slab_travertine_slm_beige_4a237c36-c9a2-4598-bad3-de74c871000f,legacy,
slab_travertine_smoked_6e3c913e-e53c-4f19-99d6-f867401e7390,legacy,
slab_travertine_smoky_brown_02f44e27-678e-451e-bc44-f8046833deb3,legacy,
slab_travertine_snake_skin_571ed8b0-dd3e-44a1-9fed-66dd4ba68452,legacy,
slab_travertine_sojat_d46fd0f4-d4dc-469b-b5b6-e5692fab34d0,legacy,
slab_travertine_sparta_51248734-9b52-49b6-bfce-75f976146888,legacy,
slab_travertine_spissky_b81fe009-5a3a-4306-b456-47dc5cb0b970,legacy,
slab_travertine_st_caterina_c1637c38-ef8f-4c1f-a436-5341282ec765,legacy,
slab_travertine_st_caterina_avorio_60ee4bac-781a-4498-acdf-d0a09b93042c,legacy,
slab_travertine_storm_2d6e56fd-6e6b-4e9e-84a7-83e6165fb095,legacy,
slab_travertine_storm_sky_e728cf9d-9819-4065-a3f6-8a87c99f9e93,legacy,
slab_travertine_suede_7e5d4688-ef28-4d5c-b51f-0cb1bdc235cb,legacy,
slab_travertine_sugar_c8debc6a-6263-4323-b422-ad693db7eb92,legacy,
slab_travertine_sun_869f46df-4135-44ea-b391-83e06f73aeec,legacy,
slab_travertine_sunrise_e4037aa1-baa3-4243-a594-49bdd3ae3e0b,legacy,
slab_travertine_sunset_2f3b332f-bce4-463a-934d-ca436610e173,legacy,
slab_travertine_supremo_9b18ea8a-3ff2-48d7-a81c-9dce7c939206,legacy,
slab_travertine_sureyya_red_37c1ed9f-ac30-4fe1-8c0d-292840e3ed0c,legacy,
slab_travertine_susurluk_red_1402878c-1844-4ca9-8e28-e15becbbda41,legacy,
slab_travertine_syrian_grey_55bcd0a7-8fa1-4a85-9294-042a62b681b6,legacy,
slab_travertine_syrian_pink_df81c4bc-8a91-41bb-8002-0647b77a1a01,legacy,
slab_travertine_tabasco_926377e8-e329-479c-a2ac-0266ebfa1820,legacy,
slab_travertine_tajareh_d14e4d1e-04ea-4e68-96df-26088e1f2848,legacy,
slab_travertine_targh_mohammadi_a858c3a8-6cf9-44fc-8936-baaa690ccf35,legacy,
slab_travertine_targh_yellow_1013bddb-38c5-4ff9-80da-dc3fa8a11590,legacy,
slab_travertine_tch_3d543807-c45b-44cb-95f9-72832b4c5943,legacy,
slab_travertine_tempesta_4c30dc8f-a509-4870-a34d-6f3184553706,legacy,
slab_travertine_tenistete_5a620eb9-0515-4398-8357-cbb7770b9811,legacy,
slab_travertine_tepexi_1e200fba-9b49-4738-9146-e05ce087c7a3,legacy,
slab_travertine_terra_c7a1a13f-0416-4c33-93e1-16946fb8e586,legacy,
slab_travertine_thai_a1280bd4-5494-496b-8244-8aa5d3599ea7,legacy,
slab_travertine_tlb_noche_93d30006-70c1-4d18-98a0-6518044203d3,legacy,
slab_travertine_tmt_beige_04db9105-8598-4574-8c07-5ce88aea6456,legacy,
slab_travertine_tobacco_a5e880b1-3ffc-4b48-9cb4-3bd97640bd32,legacy,
slab_travertine_torreon_6bf9ff53-a9d6-4ead-98d5-195dda6c995b,legacy,
slab_travertine_toscano_blend_536a9384-2ed1-4df7-9f78-0adc25744f98,legacy,
slab_travertine_toscano_noce_3f7c1467-8174-44f9-92b3-9542b68c4327,legacy,
slab_travertine_tostado_cd8974f7-244c-4c65-afcc-d5c3e82b2020,legacy,
slab_travertine_trabej_ab4f453b-eb5f-40dc-9899-2ad3f1f37853,legacy,
slab_travertine_traonyx_28082c35-6e0e-432a-ad29-e537bd398e2a,legacy,
slab_travertine_traonyx_vedi_1325f689-f251-4361-bc38-1f9d7a059b11,legacy,
slab_travertine_turkey_alabastrino_e3b782b9-9e21-4b04-8c50-34fd15c26056,legacy,
slab_travertine_turkey_cream_688238bd-15b3-4b9a-9e7c-360f6d21da5f,legacy,
slab_travertine_turkey_white_a3376ea7-86e6-4bb5-861d-e09870502ef9,legacy,
slab_travertine_turquoise_2c24ad08-c00a-42c8-8f8f-25536ad483c3,legacy,
slab_travertine_tuscany_beige_3dadb4c8-be9b-4541-8e05-d6a5b02b15e7,legacy,
slab_travertine_tuscany_chocolate_3ad9aaec-7464-4da7-a752-69bc0366a144,legacy,
slab_travertine_tuscany_gold_c9921b15-4f4c-4b52-a79f-74deded7bc1d,legacy,
slab_travertine_tuscany_peru_c9f0fd44-e7fb-4bac-8fc4-767a9345b85d,legacy,
slab_travertine_tuscany_platinum_f8217da9-a771-4a48-a731-ecd1f1e9aa51,legacy,
slab_travertine_umbria_pendio_11635b84-bbd4-4599-89cc-dcd85bd26c14,legacy,
slab_travertine_valencia_6c837a32-f52e-4c2c-a039-73db61ddb0fd,legacy,
slab_travertine_vamvakofito_7a5e7681-361f-417b-8774-78e60aaffc37,legacy,
slab_travertine_vanilla_50171083-a252-49a7-9397-6f884cea03f0,legacy,
slab_travertine_variegation_10221551-9b11-4c11-8bda-a15e8e6c69fa,legacy,
slab_travertine_varieta_bf6c394e-1393-4b65-ae4e-a4b67da125c7,legacy,
slab_travertine_velky_kliz_d35d5569-6b8b-4d35-a44f-8e90bbe996ef,legacy,
slab_travertine_velluto_75a2a4f0-7231-4e4b-bc76-79c2e241c4ac,legacy,
slab_travertine_venato_1dcbb4d1-e4ad-4750-b281-c75b781da9a9,legacy,
slab_travertine_venetian_cb0966e9-0eca-4341-b4f0-01123e283642,legacy,
slab_travertine_vezir_aizanoi_pink_17bd6f26-93e2-43e7-9dbf-046e7c6981e7,legacy,
slab_travertine_victoria_traonyx_d057c5a7-7dc5-4c79-ac8d-586547599d49,legacy,
slab_travertine_vicuna_56e6dd2d-435d-4e9a-aa85-fbb374636930,legacy,
slab_travertine_violet_jeiran_eb16be20-9c17-480c-a832-85a0c7471743,legacy,
slab_travertine_volterra_679f082f-c1ec-42cc-9c4e-d6a1ee703416,legacy,
slab_travertine_volubilis_dad31a9c-3498-4f32-a5a1-6c87fe4b7a0f,legacy,
slab_travertine_walnut_mahallat_9d7260eb-6664-4cd1-ab23-dd0572bfaece,legacy,
slab_travertine_waltz_cab30c8b-f4e3-462c-95c2-74ea6da2186f,legacy,
slab_travertine_white_wave_61a8a086-72e8-4bde-a6d2-b8baff79d5c1,legacy,
slab_travertine_wild_9f9b3c43-e5f4-438a-a901-dbc100bb208d,legacy,
slab_travertine_wood_grain_196ef49d-f08c-46d6-8658-00e02f2a3fd7,legacy,
slab_travertine_wooden_060c63da-d2c2-45df-a993-334071d44524,legacy,
slab_travertine_yatagan_117b1885-c1bc-4914-bc83-f01d2681919f,legacy,
slab_travertine_yazd_grey_b1cfe0c6-3146-434d-bcb9-d656b5607a18,legacy,
slab_travertine_yazd_pink_bc4f5f24-9efe-42ff-833b-cb417f39fcf9,legacy,
slab_travertine_yellow_brown_1984e7f4-d8f5-41ef-b20f-c4eb3353af06,legacy,
slab_travertine_yellow_gerberia_3fdf8f54-d1a6-4f0c-967d-b6f894b606f1,legacy,
slab_travertine_yellow_makoo_04ab3111-4a55-491f-a4ea-18e8f374ec62,legacy,
slab_travertine_yellow_soraya_98f4c77b-ef41-4c23-ac23-e6e2c824e49e,legacy,
slab_travertine_yozgat_2ce993ed-925e-49c5-a9d7-3f9e0c827827,legacy,
slab_travertine_yozgat_walnut_e0e23652-a685-4b0e-9880-7b912762c248,legacy,
slab_travertine_yurac_oscuro_0f0883d0-d554-4b17-b3cb-22ed89936f41,legacy,
slab_travertine_zanjan_beige_4cffc2eb-736c-47d5-a74e-554fdd836fab,legacy,
slab_travertine_zebra_8b9d8f00-98ff-40ce-ae9b-0a12fd282963,legacy,
slab_travertine_zefran_5fbc7f17-07a6-454d-9c21-9ee43da3195a,legacy,
slab_tuff_armenian_tufa_31f4a64d-5761-49fb-bbeb-bf55a35b2542,legacy,
slab_tuff_yellow_tufa_4d3fc099-8114-403d-8c06-297738c8d294,legacy,
slab_tuff_grey_tufa_24c7800c-2faf-40b3-905f-5f7117cec916,legacy,
slab_tuff_pink_tufa_c9b42ac3-87e6-4e72-96b2-e3011949f2aa,legacy,
slab_tuff_lecce_stone_pietra_leccese_6a4b2d74-de57-4bb3-bc09-8ac12f4fd5d5,legacy,
slab_tuff_afyon_b6cae1fd-9f7f-4fb9-9c3b-1d4fa02c8454,legacy,
slab_tuff_aksalur_gulkurusu_72d8c2e9-99fb-4285-ad52-304ba606b433,legacy,
slab_tuff_amarilla_de_ayagaures_4b6bddb3-70a2-4317-a973-440adaac585d,legacy,
slab_tuff_anadolu_limra_515a5697-6025-4146-84f3-67584a28f98d,legacy,
slab_tuff_ani_03395759-2d06-4670-b641-68671cc2dbca,legacy,
slab_tuff_antique_crimson_38c9f772-390b-4c26-9ce7-96e4619c46d4,legacy,
slab_tuff_antique_white_bf4e331a-06a6-4a8d-a91a-bb9e25648f13,legacy,
slab_tuff_antique_yellow_c6d42903-67c2-4b9f-aeba-58aaafa9e29c,legacy,
slab_tuff_antique_yellow_white_9efa4855-2ce8-4783-9d8e-a4d2ae91dda0,legacy,
slab_tuff_armenia_l_5f9aaa0e-ca7f-4af8-89c8-821a69a9ae0e,legacy,
slab_tuff_ash_grey_afddf811-62db-4ff2-9a2e-53abc62729d8,legacy,
slab_tuff_basdere_cherry_red_384e19b0-6baf-4caa-bc11-0c95ee54d8f1,legacy,
slab_tuff_basdere_sky_blue_20fbf101-1dac-4ab7-b543-71425e9d6c14,legacy,
slab_tuff_bayburt_fe00ee72-0190-48be-b5dc-e30af94b117a,legacy,
slab_tuff_brandy_crag_f7f58d18-1a36-4a62-a242-b4d89eb25f08,legacy,
slab_tuff_bursting_862395fa-6eed-4763-9801-6512549b4242,legacy,
slab_tuff_byurakan_cf8cf4b0-4d55-4b2c-80fd-901a8940c3c5,legacy,
slab_tuff_cappadocia_aaa47b6a-a67f-4205-aa34-c1a36d6907fd,legacy,
slab_tuff_coffee_foam_a2cf4390-c3e0-4540-ac38-038985b3e23a,legacy,
slab_tuff_cumbria_green_7e94a579-6502-4d37-a7b3-99bf2a3db6fe,legacy,
slab_tuff_demirtas_black_4b5132e9-2336-430b-852a-e3c9ee2308d2,legacy,
slab_tuff_develi_6a03024f-df50-44b5-bba7-1afdac5077ab,legacy,
slab_tuff_dscherwesch_brown_b5359695-1686-46d7-a9a4-d7a9ff7ab0fa,legacy,
slab_tuff_dscherwesch_red_be22032b-fd38-454e-853e-371af4b2db5f,legacy,
slab_tuff_elterwater_bda3bc1a-5a35-4b59-8447-fc2df27bd979,legacy,
slab_tuff_esbelli_white_5fed4c81-b6ab-4b7c-8f69-089c58d521be,legacy,
slab_tuff_ettringen_09b21277-b38f-4f0a-b0b6-be811306734f,legacy,
slab_tuff_felsit_b62ab524-395d-4509-88a8-970af8010671,legacy,
slab_tuff_gorenja_vas_574cdf90-51c2-4c2f-bf08-ad273a9ef31a,legacy,
slab_tuff_gris_arucas_ca0ede3b-7277-4305-b787-dd0cde4c6450,legacy,
slab_tuff_haemus_ba03152a-a82f-494e-aa78-622214f32683,legacy,
slab_tuff_haikan_suk_c4599299-cd2c-4ca3-ac83-9610e370230b,legacy,
slab_tuff_hoktemberyan_1b1c3160-2bfa-4d54-b5e6-d2ef33a80cae,legacy,
slab_tuff_iber_9359d7ac-66f9-489f-bf41-7320a1b0cc09,legacy,
slab_tuff_ignimvritis_lesbos_40c4f87c-8b10-47ba-af13-c580a7feab65,legacy,
slab_tuff_jadjur_b6ff1273-e04c-4c94-b359-2791f949595c,legacy,
slab_tuff_jezersko_47cf6699-45e7-472a-bea5-ca139e758d35,legacy,
slab_tuff_kayseri_beige_aa0553d0-714c-44de-bde4-d4e726f6daa1,legacy,
slab_tuff_kayseri_black_c5a1b70d-9fe7-4780-9211-c4900974a450,legacy,
slab_tuff_kayseri_grey_83d0b013-7254-4493-aa2e-0d16b829b6ab,legacy,
slab_tuff_kayseri_pink_515edbd6-5c4e-4344-8e65-9189dce0d701,legacy,
slab_tuff_kayseri_red_2baad5d9-0363-4e20-8f0c-4c22521013f3,legacy,
slab_tuff_kayseri_yellow_b391e6aa-4a29-4b23-be88-d3daa87c581b,legacy,
slab_tuff_kirkby_d58ebcc0-09e3-41a7-9943-5c288b34bef9,legacy,
slab_tuff_kula_7496108b-1023-4ee7-83d8-faa714fff716,legacy,
slab_tuff_moka_suk_841930a1-6883-4308-bf9f-26ba3b0333fb,legacy,
slab_tuff_piedra_roja_bermeja_3dc3f494-553a-480d-aaa0-82fa994cfb04,legacy,
slab_tuff_piracica_cc4fb5a6-e31a-4f8b-b094-ee6020375952,legacy,
slab_tuff_roemer_818ff51f-228a-451f-9048-af245d085bc9,legacy,
slab_tuff_sahra_yellow_de7c5e9b-c2fc-4132-bb2e-bb0aafe4f706,legacy,
slab_tuff_sahra_yellow_white_fce1ecca-1075-42ee-a80f-addab700ea87,legacy,
slab_tuff_serbia_brown_c7bdf55b-8bc1-4bdc-996f-cf42143d0924,legacy,
slab_tuff_sukabumi_green_5bd754da-56ef-40de-b5be-0feaa91bd2c7,legacy,
slab_tuff_tokajer_vulkantuff_2ca703a6-6f56-4e16-9640-e8e7ef3e2770,legacy,
slab_tuff_tran_ea440f4b-1e72-48b7-9f49-418b314bdd92,legacy,
slab_tuff_tufo_giallo_eaf35ddd-77f0-4077-871f-522356512f15,legacy,
slab_tuff_tuscania_35a3932b-b89d-4fb7-912a-48602b8c934b,legacy,
slab_tuff_unika_9315e530-6509-4709-8045-65b71fb79373,legacy,
slab_tuff_weiberner_16218b23-2061-42e3-b27e-9bc2960147a5,legacy,
slab_tuff_zhejiang_gray_349c853f-aa6d-46d2-8d41-8ab030e44fe0,legacy,
slab_marble_red_levanto_2ec1fa19-c631-4d97-a1b6-4bf33af06aff,legacy,
slab_marble_rosa_levanto_a647cd24-2afc-4865-ae48-cdab6bc0968d,legacy,
slab_travertine_scabos_travertine_c0428e1b-9b5f-47c1-bc9c-1154eab887ba,legacy,
slab_limestone_limra_limestone_78217e9c-35fe-4cb0-9a2d-b8bce9853e7a,legacy,
slab_limestone_vratza_limestone_04ec3232-7a83-4a38-b3b1-fd98cecc9b27,legacy,
slab_limestone_sahara_gold_limestone_eaa13bdd-dff1-4f72-a123-ba39081da55b,legacy,
slab_onyx_arco_iris_onyx_9cec4e4c-9ee9-4c74-aa75-3bfb41b7aaf2,legacy,
slab_sandstone_teak_wood_sandstone_3978328d-1aa1-4fb6-a1ff-86bce025bbb7,legacy,
slab_sandstone_agra_red_sandstone_c048dd81-65e5-4728-9c84-3356a8ba264c,legacy,
slab_sandstone_camel_dust_sandstone_29e95a45-a6a3-492b-b2c0-6db30f974d37,legacy,
slab_sandstone_raj_green_sandstone_a9867672-cf72-4dad-9ab6-0452c7caf080,legacy,
slab_sandstone_modak_sandstone_423377bf-5dd0-4fb7-aa96-b29ea268a37c,legacy,
slab_sandstone_berea_sandstone_4e197e41-00fb-4b17-97e0-098d711678a6,legacy,
slab_sandstone_sagar_black_sandstone_017f997d-a68f-4b48-81b0-1d88f67728e0,legacy,
slab_quartzite_taj_mahal_quartzite_8a70d014-5ce6-4818-9f49-116d9060594e,legacy,
slab_quartzite_blue_macaubas_1005f699-f36e-414a-b15a-4c4a2f30365d,legacy,
slab_quartzite_perla_venata_quartzite_c06e83b3-604f-4ee1-87b0-2c8b3d522429,legacy,
slab_slate_montauk_blue_slate_c0498586-9fc1-4a97-8bb6-5f1ae91f6e65,legacy,
slab_soapstone_barroca_soapstone_466255d6-d5ef-46e3-b54d-419fd2ef9e81,legacy,
slab_soapstone_alberene_soapstone_4bc6e2b0-fba1-44dd-9471-fa68bf7b845a,legacy,
block_marble_bardiglio_nuvolato_1bb1cdc7-fd0d-4ca8-978b-6fb45d96e87d,legacy,
block_marble_bianco_lasa_lasa_white_e6c11df8-4b31-4c72-bd2a-767417ccc20b,legacy,
block_marble_bardiglio_ba0bedeb-9f17-4841-a6f6-0e6a512458ab,legacy,
block_marble_azul_cielo_ad9c8d76-6298-4312-8ddb-8c661d2106d3,legacy,
block_marble_arabescato_3cb4eeac-1442-4620-aa7a-3359c1c12e75,legacy,
block_marble_afyon_white_6b246ec3-05d7-49c0-a1b4-911cc849b432,legacy,
block_marble_calacatta_2b3a6e60-fbb3-4270-891b-63ca3acf0ddf,legacy,
block_marble_breccia_oniciata_5ca3e544-75f4-4e57-865d-d1cc0877fb9b,legacy,
block_marble_bianco_venatino_43df3d08-49cd-47e2-9582-772cdb10b704,legacy,
block_marble_breccia_capraia_9f1fae7a-399c-426d-b602-857546ce9b80,legacy,
block_marble_botticino_a220120a-f25f-4993-a9b8-2a11b9b3bee2,legacy,
block_marble_calacatta_gold_fe07479f-b9a4-4ad3-9abc-a7b456919e88,legacy,
block_marble_breccia_pernice_8d3bd76c-2542-4fbf-a8c2-3078d0eb2975,legacy,
block_marble_carrara_bianco_carrara_14950704-44a7-4989-ba78-c9583363d7eb,legacy,
block_marble_calacatta_viola_13051fed-ef44-4e60-8ee2-063f20d6f7a6,legacy,
block_marble_emperador_light_775e3b93-c676-402c-b700-98b37cc5538b,legacy,
block_marble_crema_marfil_92350c7c-d0a4-4337-a9aa-4995ad7f9bbc,legacy,
block_marble_cipollino_0b34ba7d-0e29-47bb-9f03-dde5481300ae,legacy,
block_marble_forest_green_11428bda-834c-4d66-97aa-625a2676e73f,legacy,
block_marble_daino_reale_8d4a41f4-7c3b-4f6a-bb2b-b7e0140b8cf1,legacy,
block_marble_crema_valencia_47532258-8514-4e52-80dc-a08a7b2b063b,legacy,
block_marble_connemara_irish_green_25e8b4d8-7857-46db-bb56-4974ca406966,legacy,
block_marble_fior_di_pesco_216304e3-5b46-4127-82ad-bb10880b74b7,legacy,
block_marble_giallo_atlantide_c6109c96-222a-4f35-8beb-0b5092d31aab,legacy,
block_marble_emperador_dark_f1750c94-1dc3-4c5d-8e59-cd3db12a97d5,legacy,
block_marble_marron_imperial_af71f34a-74b6-4287-bb6c-d3c9ec0f66f6,legacy,
block_marble_nero_tunisi_9acccbce-a289-473d-8577-3157afc82882,legacy,
block_marble_grey_impero_579e95b9-862e-4784-b05c-70d443ef2949,legacy,
block_marble_nero_marquina_45ca9bbd-1341-4696-9394-d8a5b145197e,legacy,
block_marble_ocean_blue_c2fdc94c-4c40-4ecd-9266-05176dd69253,legacy,
block_marble_palissandro_palisandro_d3d38dbe-912a-43a0-bcde-2fb30331c0ab,legacy,
block_marble_mystery_white_ice_white_8fa75eda-7cba-4e94-8d43-d87899827310,legacy,
block_marble_mugla_white_cc427e7f-d868-4614-afee-408fac1eba66,legacy,
block_marble_paonazzo_c7b636a4-f594-4be5-8d89-c1ba7dcf4977,legacy,
block_marble_giallo_siena_fa94016f-9540-459a-bc6d-643c72dd47e5,legacy,
block_marble_rosso_levanto_d31475c4-d3ec-48d7-900b-51e43a422224,legacy,
block_marble_perlato_00346b02-87eb-4a60-a5a8-efd2b0b8e1a6,legacy,
block_marble_rain_forest_green_d73473f2-c4df-4337-8ddf-332b56aff05d,legacy,
block_marble_rojo_alicante_4a5ab4db-4d47-4fc3-9ac3-0efe9b9a7b8c,legacy,
block_marble_pietra_grey_fdb3689a-1f99-416b-93be-99e9a0997a86,legacy,
block_marble_rosa_aurora_da030852-3c43-4db9-9bd0-a8b889235a40,legacy,
block_marble_red_levanto_639f2a56-976a-4ba4-acdb-6b63a4d4285f,legacy,
block_marble_portoro_black_and_gold_188996d2-509c-4f8c-a96d-c3acb31020ba,legacy,
block_marble_rosa_levanto_afb4bdfe-6241-44df-95d7-a6a891341e97,legacy,
block_marble_rosa_portugal_2c4a6f19-af25-4b1f-8a50-f185d70af998,legacy,
block_marble_serpeggiante_cbb0c2a9-7dce-4cbf-ae39-c2f31355cc31,legacy,
block_marble_silver_wave_silver_shadow_e689eddc-cd76-4391-aa0f-f0c3b6486f8e,legacy,
block_marble_turkish_blue_54375dfc-4d2d-4c11-9e6f-4215da5faf12,legacy,
block_marble_sahara_noir_83ce464b-e012-4123-bf3d-c79ef03af916,legacy,
block_marble_verde_alpi_cd0d335d-d6cf-4143-ba90-6daca363cb9a,legacy,
block_marble_thassos_7624fc1d-26bd-4169-a441-2c3dc761da1b,legacy,
block_marble_rosso_verona_d5efe7e4-011f-4252-a704-2f3c93ee2511,legacy,
block_marble_silver_travertine_marble_219c1543-9ffb-401a-abd4-082579442dc3,legacy,
block_marble_statuario_267f8f6d-5208-434c-9e4e-b853ed7b2455,legacy,
block_granite_blue_pearl_30cdfd41-cb9a-45dd-8541-8f36a1095ccb,legacy,
block_marble_volakas_d3e32216-8ffd-4307-adaa-a92fd5308fbc,legacy,
block_granite_shanxi_black_ee59a922-f606-4dfa-a090-931df7ba1104,legacy,
block_granite_black_pearl_ca8bf784-b94d-4894-9245-7048cb1511fe,legacy,
block_marble_verde_guatemala_85bcf55f-a29f-4b12-9ae7-b19a66f3ffcd,legacy,
block_marble_verde_issorie_9a5b692c-dc58-4e34-8cbf-8bd4f056d66a,legacy,
block_granite_impala_black_nero_africa_a6543636-8f58-4c95-9569-8cadb86b66ed,legacy,
block_granite_black_galaxy_star_galaxy_9ebd8278-1fc6-4b02-9fec-3d51e553cdec,legacy,
block_granite_zimbabwe_black_def2b73c-babb-41b6-a6ec-a58554e6209d,legacy,
block_granite_absolute_black_nero_assoluto_f98d0c97-8a86-4945-8447-3323e88348d4,legacy,
block_granite_tropical_green_e605701d-216a-41ae-8955-182c49cf267e,legacy,
block_granite_sapphire_brown_5aba3ad7-fda7-491a-86f3-36dec7639008,legacy,
block_granite_verde_ubatuba_ubatuba_4dcb9d2d-46d0-4e39-893d-ea5510e5890f,legacy,
block_granite_verde_butterfly_6c774e8f-20bc-4628-8665-4239ce3b3288,legacy,
block_granite_hassan_green_8a522517-5bd3-409f-8933-5afec0cda9f2,legacy,
block_granite_labrador_blue_blue_eyes_84e0d8c6-825a-4b0c-9958-d1dc217c2156,legacy,
block_granite_emerald_pearl_96d3b08c-3ef7-4e41-b525-398e1bd83d32,legacy,
block_granite_baltic_brown_8fff2fb6-a379-46eb-83e0-7e8682cab30b,legacy,
block_granite_azul_bahia_bfaf0509-3844-40f6-a062-033504e1cc29,legacy,
block_granite_tan_brown_2c9b43e7-b345-4a0f-85b1-fdd1c0a8a9ea,legacy,
block_granite_ruby_red_b3f0c299-65af-4c73-9edd-b96554f2d4bc,legacy,
block_granite_multicolor_red_526fdfa3-2472-441b-b147-a71f7df41066,legacy,
block_granite_new_imperial_red_19f755eb-7cff-4784-a84c-f7490e099e2a,legacy,
block_granite_imperial_red_8f26f7f3-5dc1-41ef-a714-b175e3bd9852,legacy,
block_granite_africa_red_56f72de2-130b-4a76-95c9-f70aed5659f5,legacy,
block_granite_dakota_mahogany_914e1de7-ae51-4d25-9a35-6352c8125090,legacy,
block_granite_coffee_brown_1bfcac2a-334f-4695-8722-3bc8f0d96c79,legacy,
block_granite_rosa_sardo_5f502f47-0786-46cb-ae51-1a716bbe2052,legacy,
block_granite_rosa_beta_45588e31-0ee9-4c10-ba16-aaefdf68bc96,legacy,
block_granite_viscount_white_0b0258ff-e1da-41dc-8e34-b6697c1c1153,legacy,
block_granite_giallo_veneziano_1cfc45c1-4764-407c-bc03-a1a88a3cfc42,legacy,
block_granite_kashmir_gold_7d8e5142-2455-4e54-856f-885ff52c2552,legacy,
block_granite_giallo_santa_cecilia_3ed19905-a84f-4660-bf9b-fddc8f54c3c7,legacy,
block_granite_moon_white_61cef96e-8f1a-4bf5-b16d-798bea11e200,legacy,
block_granite_giallo_ornamental_cde4a8ff-d66f-4229-871c-e39fb8b5557a,legacy,
block_granite_kashmir_white_0b0321b6-ed89-47a7-a0bf-702739245253,legacy,
block_granite_colonial_white_d15ed96d-936c-4c22-897d-9b6ff9aeb16f,legacy,
block_granite_colonial_gold_48d6aa34-9dc5-4693-9149-d81237d8e007,legacy,
block_granite_river_white_bf1d66ab-9a9a-4eb0-9df8-93e90685dc79,legacy,
block_granite_juparana_gold_5f7b7d5b-7052-4fc4-b1e9-dfcf7c7096e7,legacy,
block_granite_bianco_antico_347bac04-35ae-48a8-b778-6ffe6806f934,legacy,
block_granite_alaska_white_fb99322e-2f01-498e-b66b-ae2fc232e1dc,legacy,
block_granite_lavender_blue_25be7aad-211e-4957-ad05-9863690d4b7b,legacy,
block_granite_paradiso_bash_paradiso_1791c860-5b12-4ee4-8f1b-60ffcc1b3ce1,legacy,
block_granite_tiger_skin_yellow_white_adbf8f16-23af-40bc-952f-8b8d0b8e703a,legacy,
block_granite_steel_grey_468dc6db-9f22-41e7-8a20-a87414279ca5,legacy,
block_granite_juparana_colombo_0b56fe8b-17c9-43f6-bea1-0cce524df427,legacy,
block_granite_p_white_00b30bac-94fd-4b51-9d9b-0c4091da6a4f,legacy,
block_granite_bianco_romano_6922ad96-471e-412f-b8db-bed4e5bc905b,legacy,
block_granite_g635_anxi_red_73a905d7-8d51-44ac-bc1a-0fa5a0848e28,legacy,
block_granite_g684_fuding_black_ced496b6-bb9f-4193-911a-a170e8d3f18e,legacy,
block_granite_g682_sunset_gold_c508ec31-cf3f-40d3-90d1-f1dc5e935ff5,legacy,
block_granite_g562_maple_red_817a3922-1d6a-4e33-8305-b7c9c72ec0c8,legacy,
block_granite_bethel_white_a870a3a1-c4ee-447d-99a8-b8f031111e36,legacy,
block_granite_virginia_mist_858b53aa-0e7a-4d54-a594-29d43abe4dcd,legacy,
block_granite_g654_padang_dark_46025927-be40-42b7-b728-5a0c0448353f,legacy,
block_granite_g603_padang_crystal_6c5e905e-b0f2-4d78-97e0-ff307470fdda,legacy,
block_travertine_beige_travertine_53109132-cca0-4689-a19b-74986474de7c,legacy,
block_travertine_classic_travertine_romano_d048bb0c-0c98-407c-9362-c327d04c3cba,legacy,
block_travertine_noce_travertine_de156060-94e6-456a-ab7d-1199f4dbf8b2,legacy,
block_travertine_ivory_travertine_light_b372532e-b084-4787-9d22-c4ff4e7bfc21,legacy,
block_granite_g664_luoyuan_bainbrook_brown_82d31d52-9b19-4768-983b-f1a5072c463d,legacy,
block_travertine_gold_travertine_67424c26-eea5-433e-a92a-ba92be055b61,legacy,
block_travertine_walnut_travertine_8002de27-7a54-45e1-965f-d530a1c01588,legacy,
block_travertine_navona_travertine_e39a9c98-4245-4826-b149-11090521540e,legacy,
block_travertine_silver_travertine_ef9832ba-91c7-428f-ade2-51e440068bea,legacy,
block_travertine_durango_travertine_0fcbb98e-01da-4d9e-ab33-3626d736bd1c,legacy,
block_travertine_white_travertine_11de62f5-2044-4d22-a7a6-c9046c55e3ea,legacy,
block_travertine_chocolate_travertine_242d5fad-f1f2-4556-837b-368ae7855758,legacy,
block_travertine_onyx_travertine_9adbb62f-f8d5-40a8-ad35-5467c3a8b70f,legacy,
block_travertine_yellow_travertine_0dea3281-b950-48b2-b45d-99eb85488898,legacy,
block_travertine_coral_travertine_23cb1601-cebb-4d17-9b55-233e6ca022eb,legacy,
block_travertine_grey_travertine_04388223-33d7-41dd-96be-f0e5626881fb,legacy,
block_travertine_scabos_travertine_ccfc812d-b2bf-4093-923e-3c3b7008465e,legacy,
block_limestone_galala_egyptian_cream_96b88123-59aa-41c3-9b6a-41d4c6e3c73b,legacy,
block_limestone_burgundy_limestone_487f8042-825c-4b2a-8a60-1246f26218eb,legacy,
block_limestone_portland_stone_f6bf4882-f3ed-4821-ac70-04c2e0f21b89,legacy,
block_limestone_moca_cream_f537e8ed-9676-4f52-8a43-de337d74ea3f,legacy,
block_limestone_azul_valverde_4a55d98d-ddb6-4cfe-9883-adef4bf3a70f,legacy,
block_limestone_jura_beige_48181d62-9ac5-4302-9b37-7fec8ab08b5d,legacy,
block_travertine_perlato_travertine_e1a83020-1047-41c7-b8b1-4751dcdbe701,legacy,
block_limestone_indiana_limestone_14088f1a-0226-4b7e-b011-5be05360c02a,legacy,
block_limestone_jerusalem_stone_gold_white_f9d4a850-719e-4784-8ee0-8d3ba91b233d,legacy,
block_limestone_crema_luna_cc514518-b5c1-4770-a14a-a1e371f6d1a5,legacy,
block_limestone_jura_grey_754d912f-27c1-4ef0-806e-15557e38d183,legacy,
block_limestone_shell_limestone_coquina_21e2389b-6c37-441c-b97c-29a378a13677,legacy,
block_limestone_beaumaniere_a74935b7-084f-4efb-8b0f-2974cb8fd93d,legacy,
block_limestone_coral_stone_4aa16614-25b5-4ec2-888c-05d84217edf4,legacy,
block_limestone_blue_limestone_belgian_blue_2eb55ea8-22f2-4bc7-acda-c5a5f3f79531,legacy,
block_limestone_sinai_pearl_ca9b918f-4338-4f40-bd5f-136490005efe,legacy,
block_limestone_limra_limestone_e1de22a5-1799-4913-aadb-7e6d16f909ba,legacy,
block_limestone_sunny_menia_egyptian_yellow_e9682632-94f0-4a80-a238-6c2b556202bd,legacy,
block_limestone_vratza_limestone_459f7ce2-5967-446b-9f20-da54c0c3efbb,legacy,
block_limestone_cabeca_veada_31a56922-050e-44c9-95c7-e7054a79864e,legacy,
block_limestone_antalya_beige_d04c2f44-08f6-46b1-9b81-14aa4daaeeef,legacy,
block_limestone_sahara_gold_limestone_87a6a866-07e2-46c0-947f-ae44c17f31cc,legacy,
block_limestone_moleanos_limestone_c662af60-27af-4c45-b14f-8ea8f649aead,legacy,
block_onyx_pink_onyx_1274a7de-1f07-4307-b1a6-78a7ea0cf947,legacy,
block_limestone_dolomite_limestone_50cfead8-d2d6-42a7-90ed-167216b847a9,legacy,
block_limestone_teriesta_aurisina_1704cafd-7848-42b9-95b6-15482b0b0b41,legacy,
block_onyx_honey_onyx_ec873f61-7bf5-45f0-b7a8-5f9aa26c913b,legacy,
block_onyx_green_onyx_191743ca-c722-476e-9a49-f5fd5a793d10,legacy,
block_onyx_white_onyx_25487a95-6338-49f2-8d1e-6d5b2f9f0926,legacy,
block_onyx_green_onyx_dark_2e59a999-d680-47f8-952f-d166d3f1b11f,legacy,
block_onyx_rainbow_onyx_f7a529df-c7d9-430d-ae0a-587c0cb143d6,legacy,
block_onyx_black_onyx_e3a9958b-0cfe-408f-a972-a53f23ee0388,legacy,
block_onyx_orange_onyx_7dc8503c-b9b9-4869-b5e6-0ff441dec21e,legacy,
block_onyx_fantastico_onyx_bfe87548-0a55-4bff-b928-1c9ba9b5e7dc,legacy,
block_onyx_red_onyx_b29abcfd-1583-4688-b2bd-f462314905c2,legacy,
block_onyx_miele_onyx_3c509786-3d39-4b67-9a91-ef1d041bd93f,legacy,
block_onyx_arco_iris_onyx_d95ef177-09ff-4434-aabd-1674f29b53b8,legacy,
block_onyx_blue_onyx_a20bdb2c-0c55-4f9c-bd61-2c1d4daea7a3,legacy,
block_onyx_tiger_onyx_127114ba-7152-494d-a5e5-b4f2d01d5eef,legacy,
block_onyx_lemon_onyx_4a12c06a-6dfe-4142-be64-6f91d5d1fe3a,legacy,
block_onyx_onice_orobico_22800622-87b7-4fdd-bc76-d01bffc04037,legacy,
block_sandstone_agra_red_sandstone_001f4c6c-854e-4b88-a83e-540bbc1e051c,legacy,
block_sandstone_buff_sandstone_9da716f2-9a89-4c8e-b58f-e1156cae05d0,legacy,
block_sandstone_mint_sandstone_4fd3edb5-0e50-4cc2-91a2-335d7d1635e3,legacy,
block_sandstone_jodhpur_pink_sandstone_4afc50aa-d55f-4339-9dc4-01bc461b268d,legacy,
block_onyx_nuvolato_onyx_f99692f2-8400-4759-b492-05275fb4fd92,legacy,
block_sandstone_dholpur_sandstone_38b57560-0729-4e4c-918c-e98c4288498e,legacy,
block_sandstone_rainbow_sandstone_8d12fa15-ac0a-4cb5-a92f-059e745d552e,legacy,
block_sandstone_teak_wood_sandstone_c1c99bdd-9b2e-447c-a46a-d064a3830f81,legacy,
block_sandstone_desert_sand_sandstone_673e88d6-8bc4-4cca-9d7c-474c3ec961a8,legacy,
block_sandstone_berea_sandstone_a966b73b-8294-4fe3-a637-0a52f6ccad47,legacy,
block_sandstone_camel_dust_sandstone_a8a547d4-28c9-4c71-a014-0ebb3dfe7f37,legacy,
block_sandstone_modak_sandstone_c0752db2-d3df-454f-b9a9-f0fcd673432e,legacy,
block_sandstone_autumn_brown_sandstone_7c836c18-d467-4d4b-9ec0-c314186b2969,legacy,
block_sandstone_kandla_grey_sandstone_82ad7e1c-c3d8-4164-8810-6b0e3a1fe6c6,legacy,
block_sandstone_raj_green_sandstone_e4933352-d362-44a0-bc29-5a3354aac7b2,legacy,
block_sandstone_bansi_paharpur_pink_25157b4e-2afb-45c9-ac7e-34ff03084657,legacy,
block_sandstone_brownstone_41ae9354-ec30-43d2-9c35-705484c61fbd,legacy,
block_sandstone_gwalior_mint_9c7f7fee-f71a-479b-9cae-0d79ac9162ed,legacy,
block_quartzite_azul_imperial_b30b729a-5941-4df0-b1b0-950ad4ce6970,legacy,
block_sandstone_lalitpur_yellow_185fafb2-b97e-4017-9e51-f0f1aa106a11,legacy,
block_sandstone_sagar_black_sandstone_e0f71510-2c03-42c9-9d6c-7b7955ed6585,legacy,
block_quartzite_blue_macaubas_3ab72cdf-c19c-4c39-9ec3-d6f209436c3c,legacy,
block_quartzite_white_macaubas_5833a21f-990f-4b6a-bf64-7c94b83af34a,legacy,
block_quartzite_sea_pearl_quartzite_a27af3d4-5ead-4d1f-82a8-4a24827164e7,legacy,
block_quartzite_taj_mahal_quartzite_ae35c44a-4d89-4bc5-99e8-eae4bcc247e5,legacy,
block_sandstone_white_sandstone_dhrangadhra_37c9ea7a-af9d-4767-a307-79377aa26dda,legacy,
block_quartzite_fusion_quartzite_fdd1e765-7adf-4b3e-b903-5d4d5d67f3c6,legacy,
block_quartzite_mont_blanc_quartzite_640eb5cc-6d2a-4649-82ec-33d2deb3aa26,legacy,
block_quartzite_perla_venata_quartzite_e4f8cf7a-4607-45da-94bd-05d111970ade,legacy,
block_quartzite_super_white_quartzite_9a73a510-f01e-4e12-a903-6f5cb44481f9,legacy,
block_quartzite_cristallo_quartzite_fb3f0dee-4037-438a-87cd-ac9b443eb7ef,legacy,
block_quartzite_nacarado_quartzite_6f5dbb27-ca47-4220-ae59-1862e7739c55,legacy,
block_quartzite_iron_red_quartzite_e6a72ee2-a393-4145-9882-b47c445f8c91,legacy,
block_quartzite_alexandrita_quartzite_10569de1-7188-433b-b8e4-908fd6ff6c39,legacy,
block_quartzite_madre_perla_quartzite_457f622d-0a69-458a-a8bc-f6dc2d8cb395,legacy,
block_quartzite_arctic_quartzite_4facf5c5-6e05-449f-98bc-86a734a68a9f,legacy,
block_quartzite_fantasy_brown_quartzite_7550a60b-def4-4b74-929a-14c229f22319,legacy,
block_quartzite_emerald_quartzite_cf5fd853-cc5f-4004-a192-42ac15745474,legacy,
block_quartzite_golden_storm_quartzite_70e1252a-90c9-4adf-a361-15da828332c3,legacy,
block_quartzite_calacatta_quartzite_6e1ac89e-5762-4471-abc6-acda9e0ec621,legacy,
block_quartzite_fleur_de_lis_quartzite_ff13e92a-ce97-4925-8a50-1017adbde21a,legacy,
block_slate_welsh_slate_penrhyn_9b1ae779-a199-4cad-af6b-ee25259d10e1,legacy,
block_slate_multicolor_slate_4914b501-481a-48da-9eb4-e10454d8bc4b,legacy,
block_slate_green_slate_81e93be6-f2f5-4e01-8962-43b90c31cb41,legacy,
block_slate_black_slate_e3822f1b-cd0a-4a8b-a7b5-fd00a8e3e6ed,legacy,
block_slate_rustic_slate_autumn_80dbf631-8042-4f1b-b89e-0264d2920e61,legacy,
block_slate_peacock_slate_indian_a741e502-3a40-48f0-b66c-b218a3602736,legacy,
block_slate_grey_slate_f3372953-81b1-41e3-b390-a8b1e2f31fe5,legacy,
block_slate_purple_slate_ec65bbb4-d3ab-4d87-a8d7-889fa2567d03,legacy,
block_quartzite_silver_quartzite_dc72fd96-7535-448c-a4fb-98044f73f270,legacy,
block_slate_silver_grey_slate_8fc8b292-d145-40a2-a4d0-57b8c900a47c,legacy,
block_slate_china_multicolor_slate_bac76cb3-da57-43fc-938b-0563c89f156a,legacy,
block_basalt_hainan_basalt_1f20ef94-a7a4-4382-b2ba-e23667f1e0e8,legacy,
block_slate_vermont_slate_90f1145d-b1a9-4173-9142-c30653c56b39,legacy,
block_slate_montauk_blue_slate_d03db503-92bf-4b95-8683-a691f2f5fdbe,legacy,
block_slate_gold_slate_1c0c97a7-d52b-4507-9b15-7ae9c680889c,legacy,
block_basalt_zhangpu_basalt_78f09a57-028b-41d7-a616-90f06eccc181,legacy,
block_basalt_grey_basalt_21bd79ad-b352-498d-b5a7-2b6179311a4a,legacy,
block_basalt_black_basalt_240bea35-41d8-4207-86d4-06a175b9863b,legacy,
block_slate_copper_slate_e2812556-915d-467c-b610-71323209a857,legacy,
block_slate_brazilian_slate_9a43e632-af41-4296-a3ed-aa6371834cf1,legacy,
block_basalt_blue_stone_basalt_35680df3-2077-40df-888f-ab56dd043844,legacy,
block_soapstone_grey_soapstone_3a158bc5-9015-4a18-9cec-17d288b07353,legacy,
block_basalt_lava_stone_pietra_lavica_8d929d8f-fc46-4303-8277-c39f184c7f2f,legacy,
block_basalt_vietnamese_basalt_fdf0f45a-125d-429f-9d78-491d5070d695,legacy,
block_soapstone_green_soapstone_1f2f9881-bdc4-4f20-8295-9423520f63b8,legacy,
block_basalt_basaltina_7a94b92a-a289-45d3-b11b-126f4be5a670,legacy,
block_basalt_columbia_black_basalt_71030ab7-8b62-4c1b-b141-8e6d2b469f0c,legacy,
block_basalt_wollongong_basalt_b19aea6e-011d-4bc0-8d30-90586311ce4e,legacy,
block_basalt_mongolian_black_basalt_21524077-cfef-4133-948d-eb2fdb155fb2,legacy,
block_soapstone_black_soapstone_75047acd-59db-4a08-aa58-49cd8ef09631,legacy,
block_soapstone_alberene_soapstone_cdecfcb7-7ea8-47a1-b6bb-1dfc81244020,legacy,
block_dolomite_king_white_dolomite_17678500-2fde-484a-b163-b7645bd0fec5,legacy,
block_dolomite_calacatta_dolomite_8ba99c67-b8d4-404f-80d9-643ea6630f61,legacy,
block_serpentine_verde_antique_369465c2-b995-432b-be5c-bda30ed1eb97,legacy,
block_dolomite_super_white_dolomite_5e0d33e2-3883-42d2-a163-ade1d9275adf,legacy,
block_dolomite_bianco_dolomite_c5d07085-92b4-4dbc-9cb9-a1b7971384ef,legacy,
block_soapstone_brazilian_soapstone_f1ec0944-b47c-4296-a26f-6751a9562844,legacy,
block_dolomite_fantasy_white_dolomite_01cbb33d-7955-4f6d-b4a3-b7302ad4d105,legacy,
block_dolomite_areti_white_dolomite_949968fc-e0fc-46aa-b404-199d8f8522df,legacy,
block_soapstone_barroca_soapstone_d4ca6ae8-8ce2-4273-93f9-7a061f3d5467,legacy,
block_gneiss_silver_waves_gneiss_80faba50-2b30-4f18-b3a3-be995366e4f3,legacy,
block_serpentine_afghan_green_d860201b-19c0-47c8-b40e-bc0586b935be,legacy,
block_gneiss_piracema_gneiss_07e29e8b-3a8e-4821-8e68-5316cfabb8db,legacy,
block_serpentine_ming_green_f0bb1be8-7fc5-4ff3-8dc4-3beae462e7b3,legacy,
block_gneiss_dedalus_gneiss_3974324d-8606-4356-853f-ba74abfbc55b,legacy,
block_gneiss_via_lattea_gneiss_21094e90-1d98-415b-b3a5-c26e010a03bb,legacy,
block_serpentine_verde_serpentino_0425cbf3-553c-4df8-81f9-6c356541741c,legacy,
block_gneiss_beola_gneiss_92a7d9ca-b85c-4c44-9b3b-1782e2b43cf6,legacy,
block_serpentine_rajasthan_green_1dd7941c-a7e8-4fd6-8765-497040b78823,legacy,
block_gneiss_serizzo_gneiss_4037b196-67a6-4d77-a52c-c4b59082c2ff,legacy,
block_schist_silver_grey_schist_a893fcd5-7524-43b3-8e56-a9c655e5156c,legacy,
block_schist_rustic_schist_8a0c93a2-b54f-4ed6-9bad-d6c8c200d740,legacy,
block_porphyry_trentino_grey_porphyry_596ecf23-c52b-4886-ae1a-d1c7ad3c0ef4,legacy,
block_schist_golden_schist_f9424cfb-ec8f-43d9-90a9-5b4db0f89e57,legacy,
block_schist_ostrich_grey_schist_1ebdbea9-3131-43ea-879b-09aca377e9eb,legacy,
block_porphyry_argentine_porphyry_dafbc0fc-0e3f-47d4-b956-e4e54385c2da,legacy,
block_porphyry_trentino_purple_porphyry_29472bed-4761-4f26-8422-54ea4c6457a0,legacy,
block_porphyry_trentino_red_porphyry_f095c495-dccb-4511-b37a-a347e0d3d0c0,legacy,
block_schist_green_schist_67affaa7-4b5b-4e59-a8a1-b9f762aaa065,legacy,
block_porphyry_mexican_porphyry_ac4eacb1-d564-4fdc-a63a-45ed9702c048,legacy,
block_tuff_yellow_tufa_f0ba5db9-af12-45d8-a1f5-e275a95835ff,legacy,
block_tuff_grey_tufa_9bbeb365-c0ea-4ca2-a4b1-88b552ea4a03,legacy,
block_bluestone_bluestone_thermal_dbde5843-58f6-48d7-bb40-36f71afebbbd,legacy,
block_bluestone_pennsylvania_bluestone_0bd35b72-7885-452a-b5e4-8c13ccf13bc9,legacy,
block_andesite_black_andesite_cd7c29d7-6098-4a8f-88b7-a9f736211e07,legacy,
block_tuff_armenian_tufa_831ab007-4a0f-40f4-9347-8f08c9d1c007,legacy,
block_andesite_indonesian_andesite_ff6c7427-0fb1-450f-acb2-5ece2e33185a,legacy,
block_bluestone_australian_bluestone_0f7fca07-188b-449b-928d-2f7980a267ca,legacy,
block_andesite_grey_andesite_e8227bd0-208f-4abd-9be4-42ee75de260b,legacy,
block_bluestone_connecticut_bluestone_37ed0856-8b3d-425d-aa1a-bc6922c0ce0b,legacy,
block_andesite_bali_andesite_62b55ce7-d89c-4711-bb5b-5a553c875c7e,legacy,
block_tuff_lecce_stone_pietra_leccese_8fdeaff7-bc31-4a86-8de8-16a5535e6804,legacy,
block_quartzitic_sandstone_pietra_forte_3abb36b9-c459-4730-8535-b37f45def499,legacy,
block_marble_guangxi_white_b5e762dd-5327-4ee3-8cd4-71920ed04049,legacy,
block_tuff_pink_tufa_6efb903d-17e4-43bc-8aeb-76b64ccf4a62,legacy,
block_dolomite_sivec_058de177-26ab-4b7b-81f0-8b96ded4420b,legacy,
block_quartzitic_sandstone_pietra_dorata_52807081-0a89-491e-9282-8402b9ce7546,legacy,
block_marble_xiang_xue_white_94b6d2db-ad4d-4c75-8429-3fd744888eeb,legacy,
block_quartzitic_sandstone_pietra_serena_5bf55b1b-94e7-4b10-a7de-382bd2c5c685,legacy,
block_marble_colombia_white_cd0a3a49-792e-47bf-9b53-a633d234ce58,legacy,
block_marble_panda_white_c3109417-90f7-413d-9ce7-633b7f4e448d,legacy,
block_marble_earl_white_e66a0254-82b4-4bae-aaf6-44654d7a9268,legacy,
block_marble_fine_vein_calacatta_eabd6ee6-0e97-4d54-b307-59b536c4e84f,legacy,
block_marble_crystal_white_0745cf0c-23a3-4c30-be7b-f42a1a0b7f85,legacy,
block_dolomite_castro_white_1c619437-6b14-4f8c-b6f5-c8cbab624ae5,legacy,
block_marble_oriental_white_5f835044-c0fc-4158-9640-1f92c418bd3d,legacy,
block_marble_eastern_white_54bb4dcb-8ed7-4ea9-a313-18635602158f,legacy,
block_dolomite_venus_white_89b19144-1fb8-4927-a835-af558949a2ac,legacy,
block_marble_wooden_black_marble_c34b821e-e46e-459f-8306-5ff5eee80976,legacy,
block_marble_armani_brown_91637fc4-3816-4ddc-a83a-75f1c8644d5e,legacy,
block_sodalite_syenite_blue_sodalite_21c6cc66-dc0e-4841-997d-ccba1c7ae102,legacy,
block_marble_star_grey_cbea4bdd-4bac-4a2e-92b9-f44899d44d72,legacy,
block_marble_lafei_impression_85a50116-bd72-4697-afe2-297ef476610a,legacy,
block_marble_coffee_wood_grain_5c01c6f8-8da8-429d-a414-3f75144e3e2f,legacy,
block_marble_caddy_grey_de70aefc-c5dd-4d4f-a7b9-54d43c90f3ab,legacy,
block_marble_savannah_grey_f49ff6b1-7f8e-4e3a-b586-1872779bc522,legacy,
block_marble_bulgarian_grey_2ad59a90-639a-4055-8da0-31b4b17f09ab,legacy,
block_marble_silver_white_dragon_6627ad60-8855-4411-b31d-4312045060fa,legacy,
block_marble_royal_white_f5f7a580-86c7-4e2d-9be4-b123d929a91d,legacy,
block_dolomite_bianco_ariston_c6ae84ed-5b08-4cee-a1a8-125baf95a078,legacy,
block_marble_athens_white_d05c34a5-4e1b-4161-b0e9-c953320f4ec7,legacy,
slab_dolomite_marble_super_white_c84613a4-eae0-5fe8-920f-1b63b5bfe4e6,flux-2-max,2026-06-21
slab_travertine_golden_silver_f8aa0cac-5f87-5e89-9529-4f31d59636f8,flux-2-max,2026-06-21
slab_z_symphony_c4b946c5-e948-53dc-8b2d-5e8e9ea8eb4a,flux-2-max,2026-06-21
slab_z_b_glacier_white_259344b2-3b75-5fc8-87be-742f774a2195,flux-2-max,2026-06-21
slab_quartzite_horizon_grey_3c7a7c17-9f04-5185-8348-d48d2579386a,flux-2-max,2026-06-21
slab_dolomite_marble_callacata_nuvolatto_a4d443c4-de71-5748-acde-172342477de1,flux-2-max,2026-06-21
slab_granite_sparta_white_8ad69152-7c0a-5c26-87ef-95475a3ef727,flux-2-max,2026-06-21
slab_z_astoria_1e03c227-f8ad-5bb5-9025-d4ecd093608e,flux-2-max,2026-06-21
block_travertine_marjan_no_675_67238de4-e82a-5671-a376-20408b844e27,flux-2-max,2026-06-21
slab_granite_brown_granite_ee9f5cd5-93db-5ea4-8868-f05ef9c6fe68,flux-2-max,2026-06-21
block_travertine_marjan_no_665_031345b8-4a86-57a8-b49a-124ca5ba82f1,flux-2-max,2026-06-21
slab_marble_black_marble_b0cd4dec-c3ba-5f30-9b0c-755ef7a43603,flux-2-max,2026-06-21
slab_dolomite_marble_angelus_dolomitico_0c31b815-59cb-5b84-bef3-39f59e400a37,flux-2-max,2026-06-21
block_travertine_super_no_6558_38ee3bb5-5749-583d-ba17-c5614721c35b,flux-2-max,2026-06-21
slab_marble_golden_blue_17dcae92-d31b-5a92-acd2-4f407c6f8718,flux-2-max,2026-06-21
slab_onyx_aqua_00660dda-851b-58cb-8b71-8482b90cb287,flux-2-max,2026-06-21
slab_quartzite_amarelo_fusion_82b0ba32-0cf2-506b-8252-e38d71aa8cec,flux-2-max,2026-06-21
slab_z_avocatus_9bf97a4a-0811-5c9b-91cc-3aa5828e41cf,flux-2-max,2026-06-21
slab_travertine_maran_049fe344-8c18-5029-9631-73584a28bbb9,flux-2-max,2026-06-21
slab_quartzite_sky_fall_9669c931-c91e-5265-9fd2-10d79b9e432f,flux-2-max,2026-06-21
slab_marble_beige_marble_ffc42629-259a-53e4-aa81-e8146e4763f4,flux-2-max,2026-06-21
slab_marble_mist_5a858d39-99d0-570d-b9f0-630cbca9f2a2,flux-2-max,2026-06-21
slab_travertine_super_b14fcc05-b010-58c9-a573-72359773c43d,flux-2-max,2026-06-21
block_travertine_super_no_8889_d64c4407-7a57-5322-ad31-42dedf08d63c,flux-2-max,2026-06-21
slab_super_1_03_0ad2ff18-9b20-5913-be9d-59add84a1495,flux-2-max,2026-06-21
slab_z_vizag_blue_de2c8676-e78e-5ded-87ad-e4cb4350a34d,flux-2-max,2026-06-21
slab_granite_netuno_bourdeaux_077d5139-cc9b-5e1b-beef-c7b40f572cf1,flux-2-max,2026-06-21
slab_z_monalisa_b458ce7e-39ab-5dfc-a7fe-6b03a6b0973f,flux-2-max,2026-06-21
slab_granite_crystal_white_fbf5d48c-2589-5a9c-af39-ef91658c0caf,flux-2-max,2026-06-21
slab_z_ivory_brown_b1149cff-6333-53c9-8059-c8c67a84831a,flux-2-max,2026-06-21
slab_z_b_ocean_white_b4955605-2a05-552f-b7e5-3d72543fe086,flux-2-max,2026-06-21
block_travertine_super_no_1233_52872966-f92f-5897-ac2e-f297822ad812,flux-2-max,2026-06-21
slab_marble_veined_0f04e9e5-9fc9-5088-aa9f-1ce77193740f,flux-2-max,2026-06-21
slab_granite_splendoure_dior_ac48680d-defe-57ce-b15d-ae73aa063efd,flux-2-max,2026-06-21
slab_travertine_red_travertine_b6628a51-3a6a-588a-9f70-17f08eea5b61,flux-2-max,2026-06-21
block_travertine_marjan_no_406_721b9eb6-6f6a-5f10-a61c-134cbe70a1da,flux-2-max,2026-06-21
block_travertine_marjan_no_580_112500d0-0fb5-5cb5-9a1e-ecac842200ee,flux-2-max,2026-06-21
slab_marble_white_marble_8c51f445-99de-5f6d-a302-2f8ccbb8fea1,flux-2-max,2026-06-21
slab_z_b_colonial_gold_666f3f1f-71d8-5492-8538-dec7606356eb,flux-2-max,2026-06-21
block_travertine_marjan_no_686_9c4bde05-2a5e-5d69-ae79-44afd8c58087,flux-2-max,2026-06-21
slab_z_b_fusion_black_9020f0c2-d46b-5489-a16e-9cf0b98af133,flux-2-max,2026-06-21
slab_gaya_quartzite_9b702ab0-9f89-5e50-8d95-5d24e4fbb67a,flux-2-max,2026-06-21
slab_granite_etna_black_eb39b504-6439-5546-b5a5-63f36b4dae50,flux-2-max,2026-06-21
block_travertine_marjan_no_679_a4270fb7-a06e-5897-aa15-51fcba45d5e0,flux-2-max,2026-06-21
slab_granite_grey_granite_4036348b-a08f-5197-a5d0-8e3a06f68e28,flux-2-max,2026-06-21
slab_travertine_super_1_09_2da61bcd-7af8-5e8b-acda-7298a93d24e0,flux-2-max,2026-06-21
slab_travertine_cream_travertine_7d4e69c8-251d-527e-b3d9-22c48dcaaf12,flux-2-max,2026-06-21
slab_everest_quartzite_0531360a-137b-5711-94aa-4aa7e0813031,flux-2-max,2026-06-21
block_travertine_marjan_no_685_662f4ced-7ee8-5ca3-a0d6-5b83f3e451f0,flux-2-max,2026-06-21
block_travertine_marjan_no_574_89346e4c-92d8-5fc8-bfa2-212032b3122a,flux-2-max,2026-06-21
slab_onyx_brazilian_8b8ca81a-cc15-5db6-aa49-fdc4eee9afe4,flux-2-max,2026-06-21
slab_travertine_super_1_08_d967eea3-ed4e-54f0-af51-c93fd2d407e6,flux-2-max,2026-06-21
block_travertine_marjan_no_426_bac433ec-4609-507e-bc21-1719a5761651,flux-2-max,2026-06-21
slab_z_aqua_blue_bc792222-8dd3-587d-b9f1-00dc0e479bfe,flux-2-max,2026-06-21
slab_granite_kerala_ebd40007-9e94-5741-8ea9-5a4394ff8403,flux-2-max,2026-06-21
slab_alpine_luxe_b1d2b915-341d-5c79-8591-0d7bb923ed11,flux-2-max,2026-06-21
slab_quartzite_white_polonine_e8752cfa-3b8b-5951-8534-4d71dbde5272,flux-2-max,2026-06-21
block_travertine_super_no_1235_51319187-5e9a-558d-aeca-2490b36c10af,flux-2-max,2026-06-21
slab_marble_grey_marble_084cfaa8-e3a9-57d7-8822-812cb2c4da57,flux-2-max,2026-06-21
slab_quartzite_nuovo_louise_blue_a6cd939e-d909-5f09-87a2-cbbc2455b6f9,flux-2-max,2026-06-21
block_travertine_super_no_1280_94bfb648-07b0-52df-b144-2049ff4e0157,flux-2-max,2026-06-21
slab_travertine_super_1_05_3190fadf-3852-5082-b3fc-094762596f40,flux-2-max,2026-06-21
slab_marble_red_conglomerate_8bab7f72-6f79-5817-9e54-36f7b716625a,flux-2-max,2026-06-21
slab_marble_wave_1_06_7b198276-af8d-5608-b113-274a216fd54b,flux-2-max,2026-06-21
slab_granite_white_dallas_285e3772-632a-5081-a6c7-c0f1752a8306,flux-2-max,2026-06-21
slab_granite_tiger_03599031-7dd6-5757-bcdc-5872a09d949c,flux-2-max,2026-06-21
block_travertine_marjan_no_598_8f3bf916-41b8-529c-b03b-9c0e8387c9d0,flux-2-max,2026-06-21
slab_crystal_cristallus_fire_5708105a-34bd-5ac5-b7ba-623f33a59a8b,flux-2-max,2026-06-21
slab_z_blue_flower_c250c124-a76c-5f20-b979-761c38e37321,flux-2-max,2026-06-21
slab_marble_lilac_marble_3cbec0b3-08a7-5e49-9e4b-299d3091577e,flux-2-max,2026-06-21
slab_quartzite_emerald_bay_d837f7b9-b663-5772-9e6e-96201b8ff834,flux-2-max,2026-06-21
slab_travertine_super_1_07_bba121d8-f027-526e-b538-183a7c55b1d1,flux-2-max,2026-06-21
slab_marble_white_gold_f03d0b3d-f278-5f45-8eba-a95126a342d0,flux-2-max,2026-06-21
slab_travertine_super_1_04_a463eaa6-5c7d-5c57-83cd-21a9f7ef6043,flux-2-max,2026-06-21
block_travertine_super_no_1315_9c5365f8-9c4f-51f3-9e58-c5c155b36b9b,flux-2-max,2026-06-21
slab_z_b_ivory_brown_f7c48499-8055-5459-844c-a780ac9e94e0,flux-2-max,2026-06-21
block_travertine_marjan_no_681_d5945ecb-5b61-518b-af99-cb45641f7954,flux-2-max,2026-06-21
slab_onyx_pure_7809d732-713b-5825-a957-87f8232a0e3e,flux-2-max,2026-06-21
slab_quartzite_taj_polonine_d881002d-782b-51e8-b8a5-925c8819a86f,flux-2-max,2026-06-21
slab_onyx_brown_onyx_b1e74d91-3814-5200-99b8-94ed38012d87,flux-2-max,2026-06-21
slab_zb_patagonia_01dc9c17-384c-5215-aa85-d91073da28df,flux-2-max,2026-06-21
block_travertine_super_no_1316_b4b40c86-6691-566d-ad7c-854dd1c5c46c,flux-2-max,2026-06-21
slab_dolomite_marble_arabescatto_extra_ad1fc41e-3944-5b60-a077-7e326c88f539,flux-2-max,2026-06-21
block_travertine_marjan_no_693_50dd05eb-1b39-5160-8838-7935ac4c3dba,flux-2-max,2026-06-21
slab_dolomite_marble_calacatta_gold_c7ef4ff9-3011-534f-99d9-d61e42b6c288,flux-2-max,2026-06-21
slab_onyx_dark_5c17089d-db04-5247-ab45-64a338827894,flux-2-max,2026-06-21
slab_crystal_venaria_real_e528f664-e4ee-59af-9970-9c141e59e4a9,flux-2-max,2026-06-21
slab_dolomite_marble_calacatta_white_silk_fb540622-7937-5378-bcdc-6f73454ee110,flux-2-max,2026-06-21
slab_quartzite_platinuns_blue_5b9e63eb-650d-5b97-87bd-9d1ccfa7d57a,flux-2-max,2026-06-21
slab_granite_vermelhor_brasil_941e5d42-d740-5ab4-b1cc-4232b4d1479c,flux-2-max,2026-06-21
slab_smoky_quartzite_dc1ffccd-f66a-5327-8b9e-dc8bb2bfe0f2,flux-2-max,2026-06-21
slab_quartzite_spectra_crystal_87e275ff-4a7b-54a6-8571-d0787ce311ff,flux-2-max,2026-06-21
slab_z_ocean_white_a093af41-f419-58e0-b772-042d77ca6dd3,flux-2-max,2026-06-21
slab_marjan_no_682_56753001-1f20-519c-b489-63c6a02aa5e0,flux-2-max,2026-06-21
block_travertine_super_no_1296_d544c74e-36dd-544d-bd76-6409550bf69d,flux-2-max,2026-06-21
slab_z_olivia_1835a8af-798d-5894-ab62-ecefb28a6241,flux-2-max,2026-06-21
slab_z_china_white_bc55fb66-23cd-5998-9420-3e709fafef8f,flux-2-max,2026-06-21
tile_marble_cream_marble_8e66873c-4c87-5b63-b25a-613e0d73f1fc,flux-2-max,2026-06-21
tile_granite_grey_basalt_795b0bf5-5a88-54f2-84ed-74ffc7eec078,flux-2-max,2026-06-21
tile_marble_pietra_2bae124e-8e00-55a3-8099-8860161385c2,flux-2-max,2026-06-21
tile_travertine_super_1_11_86fda6ae-2389-5f92-8b56-9e807b4fe7c4,flux-2-max,2026-06-21
tile_granite_black_granite_71bd50a8-5290-5075-b16c-3912f652a920,flux-2-max,2026-06-21
tile_granite_tiger_769d13c7-c940-543f-aaae-60ddf3a509c1,flux-2-max,2026-06-21
