variety,stone_type,country_iso,city,county
3d,Onyx,TR,,
883 Black,Granite,IN,,
Abadeh Amvaj,Marble,IR,,
Abadeh Done Berenji,Marble,IR,,
Abadeh Iraji,Marble,IR,,
Abadeh Samimi,Marble,IR,,
Abadia Rosal,Limestone,ES,,
Abalone,Limestone,SY,,
Abayuba,Marble,UY,,
Abba Grey,Marble,CN,,
Abbey Grey,Granite,CA,,
Abbey Rose,Granite,CA,,
Abboud,Granite,SA,,
Abdoud,Granite,SA,,
Aberdeen,Granite,GB,,
Abgarm Cream,Travertine,IR,,
Abi Rang Shedi,Onyx,IR,,
Ablanica,Limestone,BG,,
Abri,Onyx,IR,,
Abrolhos Crocodile,Granite,BR,,
Abrolios Green,Granite,BR,,
Abshoye Gray,Marble,IR,,
Absolut,Onyx,BR,,
Absolute Black (Nero Assoluto),Granite,"IN,ZW,ZA,CN",,
Absolute Black Ds,Granite,IN,,
Absolute Black Nai,Granite,IN,,
Absolute Brown,Granite,BR,,
Absolute Cream,Granite,BR,,
Absolute Grey Pearl,Sandstone,IT,,
Absolute Red,Sandstone,IT,,
Absolute White,Marble,"AO,BR,CN,GR,ID,IN,IR,IT,MK,NO,OM,TR,VN",,
Abstract Brown,Granite,BR,,
Abstract Red,Granite,IN,,
Abu Figurative,Marble,IN,,
Abuja Brown,Granite,NG,,
Abuja Pepper and Salt,Granite,NG,,
Abyaneh,Travertine,IR,,
Acadia White,Marble,CN,,
Acadian,Granite,BR,,
Acadian Night,Granite,BR,,
Acapulco Brown,Granite,BR,,
Aceuchal,Granite,ES,,
Aconcagua,Marble,BR,,
Acoustic Gray,Marble,TR,,
Acqua Bianca,Marble,IT,,
Acquamare,Quartzite,BR,,
Acquamarina,Onyx,PK,,
Acquarama,Granite,BR,,
Acquasanta Grigio,Travertine,IT,,
Active Beige,Marble,TR,,
Active Gray,Marble,TR,,
Ada Beige,Marble,TR,,
Adair,Limestone,CA,,
Adalya,Limestone,TR,,
Adalya Noce,Travertine,TR,,
Adara,Marble,TR,,
Adavi,Marble,IR,,
Addison Black,Granite,US,,
Adela,Marble,VN,,
Aden Dark,Marble,TR,,
Adin Silk,Marble,TR,,
Adiyaman Beige,Marble,TR,,
Adiyaman Emperador,Marble,"CN,EG,ES,GR,IR,IT,LB,MA,PK,RU,TN,TR,VN",,
Adoni Brown,Granite,IN,,
Adonis Beige,Marble,TR,,
Adonis Flower,Granite,CN,,
Adoquin Morado,Porphyry,CL,,
Adoquin Naranja,Cantera,MX,,
Adranos Black,Marble,TR,,
Adranos Cherry,Marble,TR,,
Adria Grigio,Limestone,"AL,HR",,
Adria Mink,Marble,TR,,
Adriatic Black,Marble,TR,,
Adriatic Blue,Marble,TR,,
Aegean,Onyx,TR,,
Aegean Brown,Marble,TR,,
Aegean Cream,Marble,GR,,
Aegean Dalmatian,Marble,TR,,
Aegean Dream,Marble,TR,,
Aegean Grey Light,Marble,TR,,
Aegean Light Beige,Marble,TR,,
Aegean Marina,Marble,GR,,
Aegean Rose Dark,Marble,TR,,
Aegean Rose Light,Marble,TR,,
Aegean Spider,Marble,TR,,
Aella,Marble,GR,,
Aero Cream,Marble,TR,,
Aerolite,Marble,TR,,
Aeskered,Granite,SE,,
Aether,Marble,GR,,
Afghan Green,Serpentine,AF,,
Afghan Pink,Onyx,AF,,
Afghanistan White,Onyx,AF,,
Afghanistan Yellow,Travertine,AF,,
Aflenz,Limestone,AT,,
Afo Wavy,Granite,NG,,
Africa Ocean Blue,Granite,ZA,,
Africa Red,Granite,ZA,,
African Beige,Marble,EG,,
African Black,Marble,"IR,TR",,
African Blue,Slate,ZA,,
African Canyon,Granite,NA,,
African Colorful,Marble,NA,,
African Cream,Granite,"NA,ZA",,
African Fantasy,Granite,ZA,,
African Fusion,Granite,"AO,BR,TR",,
African Fusion - Belvedere,Quartzite,"AO,BR,TR",,
African Harmony,Granite,ZA,,
African Ivory,Granite,ZA,,
African Lilac,Granite,ZA,,
African Mahogany,Granite,ZA,,
African Mogano,Granite,ZA,,
African Multicolor,Granite,"NG,ZA",,
African Multicolor,Slate,"NG,ZA",,
African Nero Portoro,Marble,ZA,,
African Palisandro,Marble,"BR,NA,TR",,
African Rainbow,Granite,ZA,,
African Silver Blue,Granite,ZA,,
African Sun,Slate,ZA,,
African Sunrise,Onyx,TZ,,
African Tapestry,Granite,"NA,ZA",,
Afrodite Brown,Marble,TR,,
Afshar White,Granite,IR,,
Afyon,Travertine,TR,,
Afyon,Tuff,TR,,
Afyon Beige,Marble,TR,,
Afyon Black,Marble,"CN,GR,IN,IR,TR",,
Afyon Dark Beige,Marble,TR,,
Afyon Gold,Marble,"BR,TR",,
Afyon Grey,Travertine,TR,,
Afyon Lilac Sugar,Marble,TR,,
Afyon Moonlight,Marble,TR,,
Afyon Porto,Marble,TR,,
Afyon Silver,Marble,TR,,
Afyon Sky,Marble,TR,,
Afyon Sugar White,Marble,"PT,TR",,
Afyon White,Marble,"PT,TR",,
Afyon White Billur,Marble,TR,,
Afyon Yellow,Travertine,TR,,
Agata,Granite,BR,,
Agata Black,Agate,BR,,
Agata Blue,Agate,BR,,
Agata Blue Spiral,Agate,BR,,
Agata Brown,Agate,BR,,
Agata Colors,Agate,BR,,
Agata Natural,Agate,BR,,
Agata Tropicalia,Agate,BR,,
Agata White,Agate,BR,,
Agate,Granite,"BR,CN,US",,
Agatha Cream,Granite,BR,,
Agean Grey,Marble,TR,,
Aghada Platinada,Granite,BR,,
Aghbolagh,Travertine,IR,,
Agincourt,Limestone,FR,,
Aglay,Limestone,AZ,,
Agora,Marble,TR,,
Agora Brown,Marble,TR,,
Agora Grey,Marble,TR,,
Agra Red,Sandstone,IN,,
Agra Red Sandstone,Sandstone,IN,,
Agra White,Sandstone,IN,,
Agri Honey,Onyx,TR,,
Agri White,Onyx,TR,,
Agrinio Grey,Sandstone,GR,,
Aguarela,Marble,PT,,
Aguilar,Sandstone,ES,,
Ahrntal Valley Tonalite,Granite,IT,,
Aiantas,Marble,GR,,
Airon,Travertine,GR,,
Aizona Cream,Travertine,TR,,
Aizona Pink,Travertine,TR,,
Aizona Red,Travertine,TR,,
Aizona Red Coffee,Travertine,TR,,
Aj Brown,Granite,BR,,
Ajax,Marble,"AO,CN,GR,ID,IN,IR,TR,VN",,
Ajax White,Marble,TR,,
Aji Chume,Granite,JP,,
Aji Ishi,Granite,JP,,
Ajlouni Desert Beige,Limestone,JO,,
Ajmer White,Marble,IN,,
Ak,Basalt,TR,,
Ak White,Granite,VN,,
Akcadag Beige,Marble,TR,,
Akdag Red,Travertine,TR,,
Akhisar,Onyx,TR,,
Akkaya,Sandstone,TR,,
Akmersan Beige,Marble,TR,,
Akmonia Silver,Marble,TR,,
Akoya,Marble,TR,,
Akpinar Beige,Marble,TR,,
Aksai Red,Granite,"CN,KZ",,
Aksalur Gulkurusu,Tuff,TR,,
Aksaray Beta,Granite,TR,,
Aksaray Pink,Granite,TR,,
Aksaray Yaylak,Granite,TR,,
Aktan Grey,Marble,TR,,
Aktash,Granite,"BR,CN,ES,PT,RU",,
Akure Grey,Granite,NG,,
Akushinsky,Limestone,RU,,
Al Abbas Pearls,Marble,EG,,
Al Jamoom,Granite,SA,,
Al Mokhattatt,Marble,YE,,
Al Suwaiq,Marble,OM,,
Ala Carrara,Marble,TR,,
Ala Noscua,Granite,RU,,
Alabama Creme,Marble,US,,
Alabama Rose,Marble,US,,
Alabama Scuro,Marble,US,,
Alabama Vinculus,Marble,US,,
Alabaster,Onyx,"CN,EG,TR",,
Alabastrino,Travertine,"IT,TR",,
Alabastro a Pecorella,Onyx,DZ,,
Alabastro Do Vimioso,Onyx,PT,,
Alabastro Volterra Marrone,Onyx,IT,,
Alabastro Wenge,Onyx,MX,,
Alacakaya Aliento,Marble,TR,,
Alacakaya Cielo,Marble,TR,,
Aladag Grey,Marble,TR,,
Alamo Sola,Granite,BR,,
Alamoot,Granite,IR,,
Alanya Light Emperador,Marble,TR,,
Alanya Portoro,Marble,TR,,
Alasehir Traonyx,Onyx,TR,,
Alaska Red,Granite,IN,,
Alaska Rosa,Granite,"BR,IN",,
Alaska Silver,Travertine,TR,,
Alaska White,Granite,"BR,IN",,
Alaska White,Marble,BR,,
Alba Beige,Marble,TR,,
Alba Calacatta,Marble,BR,,
Alba Kronos,Marble,BR,,
Alba Nuvolato,Dolomite,BR,,
Alba Pietra,Dolomite,BR,,
Albamiel,Sandstone,ES,,
Albany,Granite,BR,,
Albarose,Marble,IR,,
Albella,Marble,TR,,
Alberene,Soapstone,US,,
Alberene Soapstone,Soapstone,US,,
Alberga,Granite,SE,,
Albero Almendra,Granite,ES,,
Albero Blanco,Granite,ES,,
Albero Marrone,Sandstone,BG,,
Albert White,Marble,TR,,
Alberta,Sandstone,CA,,
Alboke,Limestone,GR,,
Alboris,Marble,IT,,
Albtal,Granite,DE,,
Albus,Limestone,PT,,
Alcantara Black,Marble,ES,,
Alcora,Limestone,ES,,
Alden Beige,Marble,TR,,
Aleksandrovsky Black,Marble,RU,,
Alentejo Grey,Granite,PT,,
Alessandro,Marble,GR,,
Alevik,Limestone,EE,,
Alex Grey,Marble,"CN,IT,TN,TR",,
Alex Perlatino,Marble,EG,,
Alexander White,Marble,GR,,
Alexandria,Travertine,TR,,
Alexandrita Quartzite,Quartzite,BR,,
Alexis White,Marble,TR,,
Alfa,Travertine,GR,,
Alfeo,Marble,GR,,
Algeria White,Marble,DZ,,
Algonquin,Limestone,CA,,
Algonquin Grey Green,Granite,CA,,
Algrey,Marble,TR,,
Alhambra,Limestone,"ES,MA,MX",,
Alhambra,Sandstone,"ES,MA,MX",,
Alhar,Marble,YE,,
Alhar Flower,Marble,YE,,
Aliaga,Basalt,TR,,
Aliaga Red,Andesite,TR,,
Alice,Marble,CN,,
Aligator,Quartzite,BR,,
Aligodarz Escato,Marble,"BR,CN,GR,IN,IR,IT,MM,TR,VN",,
Aligodarz Gray,Marble,IR,,
Aligodarz Meshki Sefid,Marble,IR,,
Aligodarz Sefid,Marble,IR,,
Aliki,Marble,GR,,
Alim Blue,Marble,TR,,
Alimoglu Beige,Travertine,TR,,
Alitan,Marble,CN,,
Allaire,Granite,FR,,
Allies Gold,Granite,IN,,
Allium Rossa,Marble,TR,,
Allure,Quartzite,BR,,
Allure Silver,Marble,BR,,
Ally Grey,Marble,CN,,
Ally Magic,Marble,CN,,
Alm Plateado,Travertine,TR,,
Alma Fuoco,Marble,IT,,
Alma Grey,Granite,PT,,
Alma White,Granite,PT,,
Alma Yellow,Granite,PT,,
Almar Green,Onyx,AF,,
Almar White,Onyx,AF,,
Almendra,Marble,MX,,
Almond,Limestone,"HN,TR",,
Almond,Travertine,"HN,TR",,
Almond Jacigua,Granite,BR,,
Almond Pearl Brown,Granite,IN,,
Almond Waltz,Marble,TR,,
Alnoir,Marble,TR,,
Alnwick,Limestone,PT,,
Aloewood,Limestone,GR,,
Alp Snow,Granite,CN,,
Alp White,Onyx,TR,,
Alpaca,Travertine,PE,,
Alpensilber,Granite,CH,,
Alpes,Marble,AL,,
Alpha,Marble,EG,,
Alpi,Marble,TR,,
Alpina,Travertine,TR,,
Alpine,Granite,"BR,CN,IN,TR",,
Alpine,Marble,"BR,CN,IN,TR",,
Alpine Gold,Granite,IN,,
Alpine Star,Granite,BR,,
Alpine Storm,Granite,BR,,
Alpinina,Marble,PT,,
Alps,Granite,BR,,
Alps Glitter,Gneiss,IT,,
Alps White,Marble,"BR,CN",,
Altai White,Marble,RU,,
Altamira,Gneiss,BR,,
Altamira Rosal,Limestone,ES,,
Altius,Marble,GR,,
Altman White,Marble,TR,,
Altvater,Marble,CZ,,
Altvater Dark,Marble,CZ,,
Alun,Marble,RO,,
Alvand Grey,Granite,IR,,
Alvaro,Limestone,CN,,
Alvorada Brown,Granite,BR,,
Alxa Yellow,Granite,CN,,
Amaara,Granite,IN,,
Amabel,Limestone,CA,,
Amadeus,Granite,"FI,IN",,
Amadeus Bluette,Marble,PT,,
Amalgarh,Granite,IN,,
Aman Beige,Marble,TR,,
Amande,Limestone,CN,,
Amanos Black,Marble,TR,,
Amara,Marble,TR,,
Amaranto,Travertine,PE,,
Amarello Arabesco,Granite,BR,,
Amarello Penela,Granite,PT,,
Amarelo Alpendurada,Granite,PT,,
Amarelo Boa Vista,Granite,BR,,
Amarelo Boticas,Granite,PT,,
Amarelo Cardielos,Granite,PT,,
Amarelo De Felgueiras,Granite,PT,,
Amarelo De Figueira,Granite,PT,,
Amarelo De Fonte Arcada,Granite,PT,,
Amarelo Florenca,Granite,"BR,CN,ES,IN,PL,SA,TR,US",,
Amarelo Frades,Granite,PT,,
Amarelo Galho,Granite,PT,,
Amarelo Jaguar,Granite,BR,,
Amarelo Lapa,Granite,"BR,PT",,
Amarelo Macieira,Granite,PT,,
Amarelo Maracuja,Granite,BR,,
Amarelo Moirinte,Granite,PT,,
Amarelo Montemuro,Granite,PT,,
Amarelo Paraiso,Granite,BR,,
Amarelo San Martinho,Granite,PT,,
Amarelo Santo Agostinho,Granite,BR,,
Amarelo Valverde,Limestone,PT,,
Amarelo Vincenza,Granite,BR,,
Amaretto,Granite,BR,,
Amarilla De Ayagaures,Tuff,ES,,
Amarillo Celta,Granite,ES,,
Amarillo Extremadura,Granite,ES,,
Amarillo Fosil,Limestone,ES,,
Amarillo Jara,Granite,ES,,
Amarillo Monumental,Granite,ES,,
Amarillo Parador,Marble,ES,,
Amarillo Platino,Granite,ES,,
Amarillo Vilachan,Granite,ES,,
Amarone,Granite,"BR,CN,IR",,
Amarone Exclusive,Marble,"CN,IR",,
Amarula,Granite,BR,,
Amasya Antique Beige,Marble,TR,,
Amasya Crema Marfil,Marble,TR,,
Amasya Perlato Beige,Marble,TR,,
Amazing Brown,Marble,PK,,
Amazing Green,Marble,IR,,
Amazing Silver,Marble,GR,,
Amazon,Granite,"BR,CN,IN,IT,NG,NO,PK,TR",,
Amazon,Onyx,"BR,IN,PK,TR",,
Amazon,Soapstone,"BR,IN,PK,TR",,
Amazon Black,Granite,"BR,CN",,
Amazon Black,Marble,"BR,CN",,
Amazon Blue,Granite,"BR,CN,MM",,
Amazon Blue,Marble,"BR,CN,MM",,
Amazon Brown,Granite,BR,,
Amazon Coffee,Marble,MX,,
Amazon Grey,Marble,TR,,
Amazon Lilas,Granite,BR,,
Amazon Pink,Granite,IN,,
Amazon White,Marble,TR,,
Amazona Classico,Limestone,PT,,
Amazona Estremadura,Limestone,PT,,
Amazone Beige,Limestone,FR,,
Amazonia,Granite,BR,,
Amazonia Brown,Marble,BR,,
Amazonia Graphite,Slate,BR,,
Amba Cream,Granite,IN,,
Amba White,Granite,IN,,
Ambaji Adanga,Marble,IN,,
Ambaji Apollo Green,Marble,IN,,
Ambaji Panther,Marble,IN,,
Ambar,Marble,ES,,
Ambarino,Marble,ES,,
Ambatomanga,Granite,MG,,
Amber Gold,Granite,"BR,CN,EG,IN,PK",,
Amber Persa,Granite,BR,,
Amber Red,Marble,TR,,
Amber Storm,Granite,BR,,
Amber Yellow,Granite,CN,,
Ambra,Limestone,ES,,
Ambrato,Marble,IT,,
Ambre,Limestone,FR,,
Ambrosia,Marble,"BR,GR",,
Ambrosia Gold,Granite,BR,,
Ambrosia White,Granite,"GR,IN",,
Amc Red,Granite,NG,,
Amedian Beige,Marble,TR,,
Amelas Beige,Marble,TR,,
Amelas Fossil,Limestone,TR,,
Amendoa,Granite,BR,,
Amendoa Capixaba,Granite,BR,,
Amendoa Carioca,Granite,"BR,CN,IN,SE",,
Amendoa Missi,Granite,"BR,CN,IN,SE",,
America Negra,Cantera,MX,,
American Beige,Marble,EG,,
American Gold Brazil,Granite,BR,,
American Grey,Granite,US,,
Amethyst,Amethyst,"BR,MX",,
Amethyst,Onyx,"BR,MX",,
Amethyst,Quartz,"BR,MX",,
Ametista,Onyx,"BR,IN,TZ",,
Ametista Black,Granite,"BR,IN",,
Amherst Gray,Sandstone,US,,
Amirato,Limestone,TR,,
Amman Beige,Marble,TR,,
Amoerial Ghamsari,Marble,IR,,
Amore Bianco,Marble,TR,,
Amotion Gray,Marble,IR,,
Amoy Blue,Marble,CN,,
Ampilly Medium,Limestone,FR,,
Ampilly Tigre,Limestone,FR,,
Amreli Grey,Basalt,IN,,
Amsterdam,Marble,BR,,
Amun Cream,Marble,EG,,
Amvaj,Marble,IR,,
An Gee Red,Granite,CN,,
An Khe Red,Granite,VN,,
Anaconda,Travertine,PE,,
Anadolu Limra,Tuff,TR,,
Anaisian,Marble,IR,,
Ananas,Onyx,MX,,
Anantapur Grey,Granite,IN,,
Anarak,Marble,IR,,
Anasol,Marble,ES,,
Anastacia,Soapstone,BR,,
Anatoli,Granite,BR,,
Anatolia Black,Granite,TR,,
Anatolia Cappuccino,Marble,TR,,
Anatolia Gray,Limestone,"ES,TR",,
Anatolian Gold,Travertine,TR,,
Anatolian Green,Granite,TR,,
Anatolian Red,Marble,"AU,CN,GR,IN,IR,IT,NA,OM,TR,VN",,
Anatolian Sugar,Marble,TR,,
Ancaster Blue,Limestone,GB,,
Ancaster Weatherbed,Limestone,GB,,
Ancient Brown,Granite,SA,,
Andalus,Marble,OM,,
Andean Landscape,Marble,PE,,
Andes,Quartzite,IN,,
Andes Black,Granite,BR,,
Andes Grey,Marble,CN,,
Andhi Blue Moon,Marble,IN,,
Andhi Modern Art,Marble,IN,,
Andino Bruno,Travertine,PE,,
Andino Dark,Travertine,PE,,
Andromeda,Granite,"IN,LK",,
Andromeda Cream,Granite,IN,,
Andromeda White,Granite,"BR,CN,IN,LK,SE,VN",,
Anemone White,Travertine,IR,,
Ang Creama Nova,Marble,TR,,
Angel Beige,Marble,"CN,TR",,
Angel Pink,Alabaster,"US,VE",,
Angel Pink,Granite,"US,VE",,
Angel White,Granite,"BR,IN,TR",,
Angel White,Marble,"BR,IN,TR",,
Angelica,Travertine,PE,,
Angellus,Granite,BR,,
Angelus,Crystal,BR,,
Angers,Slate,FR,,
Anglesey,Marble,GB,,
Anglesey Vein,Marble,GB,,
Angola Cream,Limestone,AO,,
Angola Cream,Marble,AO,,
Angola Grey,Limestone,AO,,
Angola Rubin,Granite,AO,,
Angola Silver,Granite,AO,,
Angora,Andesite,TR,,
Angora,Marble,TR,,
Angora,Travertine,TR,,
Angoran Beige,Travertine,"IR,TR",,
Angra Brown,Granite,BR,,
Angra Red,Granite,BR,,
Anhai White,Granite,CN,,
Anhui Ice Blue,Granite,CN,,
Ani,Tuff,AM,,
Anji Lotus Flower,Granite,CN,,
Anji Red,Granite,CN,,
Anjos Gold,Granite,BR,,
Anka Beige,Marble,TR,,
Ankara,Andesite,TR,,
Ankara Fume,Granite,TR,,
Ankara Grey,Marble,TR,,
Ankele,Marble,FI,,
Ankor Galaxy,Granite,KH,,
Ann Twyford,Sandstone,GB,,
Anrochter,Limestone,DE,,
Ansari,Limestone,SY,,
Anshan Red,Granite,CN,,
Anstrude Roche Claire,Limestone,FR,,
Ant,Granite,TR,,
Antalya,Limestone,"FR,HR,MX,PT,TN,TR,US",,
Antalya Beige,Limestone,"TN,TR",,
Antalya Sultan Beige,Marble,TR,,
Antartide,Marble,BR,,
Antena,Granite,XK,,
Anthill,Travertine,PE,,
Anthra Black,Quartzite,BR,,
Anthracite Black,Granite,"BR,IT",,
Anthracite Black,Marble,"BR,IT",,
Anthracite Gold,Marble,TR,,
Antibes,Quartzite,BR,,
Antico Cream,Granite,IN,,
Antico Pearl,Granite,IN,,
Antico Silver,Granite,IN,,
Antico Traonyx,Travertine,IR,,
Antigone,Marble,GR,,
Antiguo,Travertine,MX,,
Antik Nero Gabbro,Granite,UA,,
Antilop,Marble,TR,,
Antiq Rosal,Sandstone,ES,,
Antique,Travertine,"CN,TR",,
Antique Beige,Marble,TR,,
Antique Blue,Agate,"BR,CN,NO,PK",,
Antique Blue,Granite,"BR,CN,NO,PK",,
Antique Blue Jumbo,Agate,BR,,
Antique Bronze,Travertine,TR,,
Antique Brown,Onyx,"CN,TR",,
Antique Crimson,Tuff,TR,,
Antique Fantasy,Granite,BR,,
Antique Fonce,Marble,NO,,
Antique Gold,Limestone,"ES,IL,TR",,
Antique Gold,Marble,"BR,EG,ES,IL,IN,IT,TN,TR",,
Antique Green,Granite,"GT,IN,IR,PK,TR,ZA",,
Antique Green,Marble,"BR,CN,GR,GT,IN,IR,IT,MM,PK,TR,VN,ZA",,
Antique Marron,Granite,"AO,BR,FI,IN,IR,NO",,
Antique Verdatre,Marble,FR,,
Antique White,Granite,"BR,IN,PL,TR",,
Antique White,Tuff,"BR,IN,PL,TR",,
Antique Yellow,Tuff,TR,,
Antique Yellow White,Tuff,TR,,
Antofagasta Azul,Onyx,AR,,
Antrasit,Marble,TR,,
Anubis,Quartzite,BR,,
Anxi Red,Granite,"CN,NG,US",,
Anzola,Granite,IT,,
Aobao Black,Granite,CN,,
Aoki Black,Granite,JP,,
Aomari Brown,Marble,CN,,
Apache Red,Granite,"BR,IN",,
Apenino,Marble,TR,,
Aphrodisias Cloudy,Marble,TR,,
Apokoronas,Travertine,GR,,
Apollion Black,Marble,TR,,
Apollo,Granite,BR,,
Apollo Beige,Marble,TR,,
Apollo Storm,Granite,BR,,
Apollonia Beige,Travertine,TR,,
Appalachian Green Danby,Marble,US,,
Appaloosa,Quartzite,BR,,
Appenino,Marble,TR,,
Apple Ash,Marble,"CN,TR",,
Apple Grey,Sandstone,CN,,
Apple White,Granite,IN,,
Applestone,Limestone,TR,,
Apricena Bronzetto,Marble,IT,,
Apricot,Travertine,"IN,TR,UA",,
Apricot Blossom,Granite,CN,,
Apuan Fantasy,Marble,IT,,
Aqua Blue,Gneiss,"IN,IR,TR,US",,
Aqua Blue,Granite,"IN,IR,TR,US",,
Aqua Blue,Marble,"IN,IR,TR,US",,
Aqua Blue,Onyx,"IN,IR,TR,US",,
Aqua Grantique,Gneiss,US,,
Aqua Luna,Marble,TR,,
Aqua Rose,Slate,CN,,
Aqua Shadow,Marble,TR,,
Aqua Shadow Dark,Marble,TR,,
Aqualina,Travertine,TR,,
Aquarela,Marble,BR,,
Aquarela Gold,Granite,BR,,
Aquarium Thala,Marble,"TN,TR",,
Aquarrella Green,Granite,IR,,
Aqueous,Granite,BR,,
Aqueous Venato,Granite,BR,,
Aqueralla Red,Granite,IR,,
Aquia Creek,Sandstone,US,,
Aquila Red,Granite,FI,,
Arabella,Marble,TR,,
Arabescato,Marble,"IT,TR",,
Arabescato Arni,Marble,IT,,
Arabescato Breccia,Marble,TR,,
Arabescato Carcariana,Marble,IT,,
Arabescato Cervaiole,Marble,IT,,
Arabescato Ducale,Marble,IT,,
Arabescato Faniello,Marble,IT,,
Arabescato Garfagnana,Marble,IT,,
Arabescato Greco Gold,Marble,GR,,
Arabescato Harmony,Marble,IT,,
Arabescato Meraviglioso,Marble,IT,,
Arabescato Mossa,Marble,IT,,
Arabescato Orobico Gold,Marble,IT,,
Arabescato Orobico Grigio,Marble,"CN,IT,PT,TR",,
Arabescato Piana,Marble,IT,,
Arabescato Trambiserra,Marble,IT,,
Arabescato Violet,Marble,"IR,IT,TR",,
Arabesco Versilia,Marble,IT,,
Arabescus White,Marble,BR,,
Arabian Black,Granite,CN,,
Aragonite Brown,Marble,IT,,
Arahite Blue,Marble,TR,,
Araks,Travertine,AM,,
Aram Brown,Granite,IR,,
Aramis Bronze,Marble,"BR,CN,ID,IN,IR,IT,MK,NO,OM,TR,VN",,
Aran Cream,Granite,BR,,
Aran White,Marble,TR,,
Arana Maroon,Marble,TR,,
Arana Marron Spider,Marble,TR,,
Arancio Di Selva,Marble,IT,,
Arandis,Granite,NA,,
Arany,Granite,BR,,
Araras Gold,Granite,BR,,
Ararat Gold,Travertine,"AM,TR",,
Ararat Noce,Travertine,"AM,TR",,
Araxova,Marble,GR,,
Arbatas,Granite,KZ,,
Arbatash,Porphyry,KG,,
Arboga,Granite,SE,,
Arbon,Limestone,RU,,
Arcadia,Granite,IN,,
Arcadia Grey,Marble,"GR,TR",,
Archida,Marble,IR,,
Archipelago Red,Granite,FI,,
Arcka Yellow,Granite,IR,,
Arco Iris,Onyx,"MX,TZ",,
Arco Iris Onyx,Onyx,"MX,TZ",,
Arcobaleno,Marble,"IR,PK,TR",,
Arcobaleno,Onyx,"IR,PK,TR",,
Arctic,Semi-Precious Stone,BR,,
Arctic Black Norway,Granite,NO,,
Arctic Black Star,Granite,FI,,
Arctic Blue,Marble,CN,,
Arctic Blue Sky,Marble,CN,,
Arctic Cream,Granite,"BR,IN",,
Arctic Fox,Marble,"AO,BR,CN,IN,NA,TR",,
Arctic Gold,Granite,"BR,IN",,
Arctic Grey,Granite,"CA,TR",,
Arctic Grey,Marble,"CA,CO,FR,ID,IN,IR,IT,TN,TR",,
Arctic Ocean,Marble,CA,,
Arctic Pink,Granite,NO,,
Arctic Polar White,Granite,BR,,
Arctic Quartzite,Quartzite,FI,,
Arctic Rainbow,Granite,CA,,
Arctic Red,Granite,FI,,
Arctic Silver,Limestone,TR,,
Arda Gold,Gneiss,BG,,
Arda Grey,Gneiss,BG,,
Ardal Banaii,Marble,IR,,
Arelia Venato,Marble,TR,,
Arena Clara,Limestone,MX,,
Arena Tempisque,Marble,CR,,
Arenaria Grigio Perla,Sandstone,IT,,
Arenarico,Granite,IT,,
Arendus White,Granite,IN,,
Ares,Granite,BR,,
Ares Acqua,Marble,GR,,
Ares Brown,Marble,TR,,
Ares Titania Grey,Marble,"GR,TR",,
Areti White,Marble,"GR,TR",,
Areti White Dolomite,Dolomite,GR,,
Argalasti White,Marble,GR,,
Argent,Travertine,TR,,
Argent Grey,Marble,TR,,
Argent Violetta,Marble,"IR,IT,TR",,
Argentina Black,Slate,AR,,
Argentine Porphyry,Porphyry,AR,,
Argento,Onyx,"MX,TR",,
Argiroupoli,Travertine,GR,,
Argolis Red,Marble,GR,,
Argos Black Breccia,Marble,GR,,
Argos Black Veiny,Marble,GR,,
Arhaby,Marble,YE,,
Ari Beige,Marble,TR,,
Ariana Silk,Marble,IR,,
Ariassos,Marble,TR,,
Aridea,Travertine,GR,,
Aries White,Granite,BR,,
Arihant Black,Granite,IN,,
Arinea,Travertine,GR,,
Arini Cream,Travertine,MK,,
Arini Noce,Travertine,MK,,
Aris,Marble,"CN,GR",,
Aris Breccia,Marble,CN,,
Aris Pink,Marble,CN,,
Aris Silver,Marble,TR,,
Aristo White,Granite,IN,,
Ariston Gl,Marble,GR,,
Ariston V,Marble,GR,,
Arizona,Granite,"BR,IN,MX,TR",,
Arizona 3d Grey,Granite,IN,,
Arizona Blue,Granite,IN,,
Arizona Brown,Granite,IN,,
Arizona Fantasy,Travertine,TR,,
Arizona Forest Light,Granite,IN,,
Arkadia,Marble,GR,,
Arlesienne,Marble,IT,,
Armanazi,Limestone,SY,,
Armani,Marble,TR,,
Armani Black,Granite,BR,,
Armani Brown,Marble,"AR,CA,CN,ES,GR,IR,MY,PK,TR,VN",,
Armani Brown Fossil,Marble,TR,,
Armani Silver,Marble,"AR,AU,BR,CN,ID,IN,IT,TR",,
Armani White,Granite,CN,,
Armarino Grey,Marble,CN,,
Armenia Beige,Travertine,AM,,
Armenia Black,Basalt,AM,,
Armenia Gold,Travertine,AM,,
Armenia Grey,Basalt,AM,,
Armenia Grey,Travertine,AM,,
Armenia Ivory,Travertine,AM,,
Armenia L,Tuff,AM,,
Armenian Tufa,Tuff,AM,,
Armoni,Marble,TR,,
Arnad,Granite,IT,,
Arobo Dune,Marble,PK,,
Arotco Black,Marble,IR,,
Arsa,Marble,IR,,
Art Fossil,Limestone,TR,,
Arta Pink,Marble,GR,,
Artavazdski,Travertine,AM,,
Arterial,Granite,BR,,
Artesia,Limestone,CA,,
Artesian White,Marble,GR,,
Arthemis,Granite,BR,,
Artic Brown,Granite,CA,,
Artic Green,Granite,BR,,
Artic White,Marble,"BR,CN,GR,ID,IN,IR,IT,MK,NO,OM,TR,VN",,
Artico,Marble,MX,,
Articum Red,Granite,FI,,
Artigas,Marble,UY,,
Artik,Andesite,AM,,
Artik Green,Marble,NO,,
Artosha,Granite,ZA,,
Arturo,Quartzite,IN,,
Arturo Blu,Quartzite,BR,,
Arturo Green,Quartzite,BR,,
Artus,Granite,BR,,
Aruba Dream,Granite,BR,,
Aruba Gold,Granite,VE,,
Arykanda,Limestone,TR,,
Arzachena,Granite,IT,,
As Fantastic,Marble,TR,,
Asa Branca,Granite,BR,,
Asali,Onyx,IR,,
Asar Beige,Marble,TR,,
Asaria,Marble,IR,,
Asena,Onyx,TR,,
Asenka Beige,Limestone,TR,,
Asenka Rise Dark,Marble,TR,,
Asenka Rise Light,Marble,TR,,
Asgard,Quartzite,BR,,
Asgard Grey,Marble,TR,,
Asgard White,Granite,"BR,CN",,
Asgard White,Marble,"BR,CN",,
Ash,Travertine,"IR,TR",,
Ash Black,Granite,IN,,
Ash Brown,Granite,CA,,
Ash Grey,Granite,"IN,TR",,
Ash Grey,Tuff,"IN,TR",,
Ashburton,Marble,GB,,
Ashok Gold,Slate,IN,,
Asia Beige,Marble,TR,,
Asia Gold,Limestone,PK,,
Asia White Grey,Marble,TR,,
Asian Black,Granite,"CN,IR",,
Aspen Grey,Marble,US,,
Aspendos Creme,Travertine,TR,,
Aspendos Grigio,Travertine,TR,,
Aspur Brown,Marble,IN,,
Assinis Silver Grey,Marble,GR,,
Assos Grey,Marble,TR,,
Assulo,Slate,ES,,
Assyr Gold,Limestone,SY,,
Assyr Light Yellow,Limestone,SY,,
Assyr White,Limestone,SY,,
Astana Silver,Marble,TR,,
Asterix,Granite,"BR,IN",,
Asteroide Brown,Limestone,TN,,
Astir,Marble,GR,,
Astoria Gold,Granite,"BR,IN",,
Astoria Ivory,Granite,IN,,
Astoria Pink,Granite,IN,,
Astra White Venato,Marble,GR,,
Astrus,Granite,BR,,
Aswan Red,Granite,"EG,SD",,
Atacama,Granite,BR,,
Ataija Blue,Limestone,"FR,PT",,
Atallos Beige,Marble,TR,,
Atashkooh,Travertine,"IR,TR",,
Atbara Black Rose,Marble,SD,,
Athen Grey,Marble,"AR,CA,CN,GR,IR,MY,PK,TR,VN",,
Athena,Marble,GR,,
Athena Gray,Marble,"BR,CN,CO,EG,ES,GR,IT,MY,PT,TN,TR",,
Athena Red,Marble,GR,,
Athens Beige,Marble,TR,,
Athens White,Marble,"AR,CA,CN,GR,IR,MY,PK,TR,VN",,
Athos,Marble,GR,,
Athos Green,Marble,GR,,
Athos Red,Marble,GR,,
Ati Brown,Marble,IR,,
Atibaia,Granite,BR,,
Atilla,Travertine,TR,,
Atlantic,Marble,CN,,
Atlantic Beige,Limestone,PT,,
Atlantic Black,Granite,"AO,PT",,
Atlantic Black,Limestone,"AO,PT",,
Atlantic Blue,Marble,"AO,CA,IN",,
Atlantic Dark,Limestone,PT,,
Atlantic Green,Granite,"CA,IN,PT",,
Atlantic Green,Marble,"CA,IN,PT",,
Atlantic Grey,Marble,"CN,MA,TR",,
Atlantic Lava,Basalt,CN,,
Atlantic Light,Limestone,PT,,
Atlantic Pink,Granite,CA,,
Atlantic Star,Granite,AO,,
Atlantis,Limestone,"SY,TR",,
Atlantis Grey,Marble,"ES,TR",,
Atlantis White,Marble,ZA,,
Atlas,Granite,BR,,
Attica,Marble,"BR,GR",,
Auckland,Basalt,NZ,,
Audax,Granite,BR,,
Audi Snow White,Marble,CN,,
Augusta White,Marble,US,,
Auman Beige,Marble,TR,,
Aura Grey,Marble,TR,,
Aureate Grain,Granite,CN,,
Aurelius Silver,Travertine,TR,,
Aurelius White,Marble,BR,,
Aurisina Chiara,Limestone,"IT,TR,XK",,
Aurisina Granitello,Limestone,IT,,
Auriu De Rodhos,Gneiss,RO,,
Aurora,Granite,"BR,CN,EG,ES,FI,IR,IT",,
Aurora,Limestone,"BR,CN,EG,ES,FI,IR,IT",,
Aurora Black,Granite,"BR,CN,ES,IR",,
Aurora Black,Marble,"BR,CN,ES,IR",,
Aurora Blue,Marble,"AR,AU,BR,CN,ID,IN,PT,TR",,
Aurora Boreale,Marble,AT,,
Aurora Green,Quartzite,BR,,
Aurora Perola,Marble,BR,,
Aurora Prata,Marble,BR,,
Aurum Black,Granite,BR,,
Aurus,Granite,BR,,
Aurus Beige,Limestone,IL,,
Ausone Silver Blue,Granite,IT,,
Austin,Limestone,"ES,US",,
Austin Beige,Marble,"ES,TR,US",,
Austin Gray,Marble,CN,,
Austral Black,Basalt,"AU,CN",,
Austral Black,Marble,"AU,CN",,
Austral Coffee,Granite,AU,,
Austral Dream,Marble,AU,,
Austral Green,Granite,AU,,
Austral Juparana,Granite,AU,,
Australia Desert Brown,Granite,AU,,
Australia Forest Green,Granite,AU,,
Australian Bluestone,Bluestone,AU,,
Australian Emperador,Marble,AU,,
Australian Wood,Sandstone,AU,,
Australis,Marble,"AR,AU,BR,CN,ID,IN,TR",,
Autumn,Marble,"IN,IR",,
Autumn,Onyx,"IN,IR",,
Autumn Beige,Marble,IR,,
Autumn Blend,Sandstone,US,,
Autumn Brown,Limestone,"IR,TN",,
Autumn Brown Sandstone,Sandstone,IN,,
Autumn Green,Granite,"IN,TR",,
Autumn Green,Onyx,"IN,TR",,
Autumn Leaves,Granite,"IR,SE",,
Autumn Leaves,Marble,"IR,SE",,
Autumn Lilac,Slate,IN,,
Autumn Mist,Slate,IN,,
Autumn White,Onyx,TR,,
Autumn Yellow,Granite,"CA,CN,IN,PT,US",,
Avalanche,Marble,BR,,
Avalanche Platinum,Marble,BR,,
Avallon,Limestone,"FR,MA,PT,SY",,
Avallon,Marble,"FR,MA",,
Avalon,Limestone,"BR,ES,TR",,
Avalon,Marble,"BR,ES,TR",,
Avalon,Quartzite,"BR,ES,TR",,
Avalon White,Granite,"BR,TR",,
Avatar,Onyx,"BR,TR",,
Avatar Blue,Granite,BR,,
Avatar Gold,Granite,"BR,TR",,
Avebury Black,Marble,GB,,
Avenza,Marble,TR,,
Aves,Granite,BR,,
Avessac,Sandstone,FR,,
Avesta Smoke,Marble,TR,,
Avid Dark Grey,Marble,IR,,
Avignon,Limestone,FR,,
Avion Blue,Onyx,IR,,
Avocado,Granite,BR,,
Avocatus,Granite,"BR,IN",,
Avocatus,Quartzite,"BR,IN",,
Avon Grey,Granite,IN,,
Avoria White,Granite,IN,,
Avorio,Dolomite,"BR,CH,EG,HR,IT",,
Avorio,Granite,"BR,CH,EG,HR,IT",,
Avorio,Limestone,"BR,CH,EG,HR,IT",,
Avorio Di Segesta,Marble,IT,,
Avorio Rosato,Marble,IT,,
Avorio San Sebastian,Limestone,"ES,HR",,
Avorio Venato,Marble,IT,,
Awbazak,Marble,AF,,
Awra Black,Marble,TR,,
Ayda Beige,Marble,TR,,
Ayers Green,Granite,AU,,
Ayhan Beige,Marble,TR,,
Aymaran Cream,Travertine,PE,,
Ayvalik,Granite,TR,,
Azafran,Limestone,ES,,
Azalea Beige,Marble,TR,,
Azalea Red,Granite,"CN,US",,
Azalea Red,Marble,"CN,US",,
Azarshahr Grey,Andesite,IR,,
Azarshahr Noce,Travertine,IR,,
Azarshar Yellow,Travertine,IR,,
Azizbekov Red,Porphyry,AZ,,
Azna White,Marble,"BR,CN,GR,IN,IR,IT,MM,TR,VN",,
Aztec,Limestone,"FR,TR",,
Aztec,Travertine,"FR,TR",,
Azteca,Onyx,MX,,
Azucena,Marble,TR,,
Azul Al,Limestone,"PT,SY",,
Azul Alpendurada,Granite,PT,,
Azul Anochecer,Granite,ES,,
Azul Arabescato,Marble,TR,,
Azul Aran,Granite,"BR,CN,ES",,
Azul Araras,Granite,BR,,
Azul Atlantico Silver,Limestone,PT,,
Azul Bahia,Granite,BR,,
Azul Bahia Blue,Granite,IR,,
Azul Cadoico,Limestone,PT,,
Azul Casablanca,Limestone,"MA,TR",,
Azul Cascais,Limestone,"PT,SY",,
Azul Cielo,Marble,"AO,BR,MX,TR",,
Azul Cinzento,Granite,PT,,
Azul Claro,Granite,ES,,
Azul Costa,Granite,ES,,
Azul De Evora,Granite,PT,,
Azul Dm,Granite,ES,,
Azul Escuro,Granite,PT,,
Azul Extremadura,Granite,ES,,
Azul Eyes,Granite,CA,,
Azul Ferreiras,Limestone,PT,,
Azul Grao Fino,Granite,PT,,
Azul Guanabara,Granite,BR,,
Azul Imperial,Quartzite,BR,,
Azul Kristal,Marble,BR,,
Azul Lagoa,Marble,"CN,PT,TR",,
Azul Lourinha,Limestone,"FR,PT,SY",,
Azul Macaubas,Quartzite,IN,,
Azul Macaubus,Quartzite,IN,,
Azul Mara,Granite,VE,,
Azul Moleanos,Limestone,"FR,PT",,
Azul Monica Silver,Limestone,PT,,
Azul Nova,Granite,IN,,
Azul Nuevo,Granite,IN,,
Azul Ora,Granite,IN,,
Azul Oscuro,Granite,"BR,CN,ES,IN,IT,LK,UA,ZA",,
Azul Palmares,Granite,BR,,
Azul Pegaso,Granite,BR,,
Azul Pinta Smeralda,Marble,BR,,
Azul Pirineo,Sandstone,ES,,
Azul Planeta,Granite,BR,,
Azul Porto,Limestone,PT,,
Azul Rio,Granite,BR,,
Azul Serena,Granite,ES,,
Azul Suede,Granite,BR,,
Azul Taupe,Limestone,CA,,
Azul Tragal,Granite,ES,,
Azul Transmontano,Granite,PT,,
Azul Trujillo,Granite,ES,,
Azul Valverde,Limestone,"FR,PT,SY",,
Azul Versailles,Limestone,PT,,
Azul White,Onyx,IR,,
Azulalia,Granite,PT,,
Azulino,Granite,ES,,
Azur,Onyx,AR,,
Azure,Marble,IR,,
Azure White,Granite,IN,,
Azureus,Granite,BR,,
Azurite,Granite,"BR,CN,ES,IN,IT,LK,UA,ZA",,
Azzurra Bay,Quartzite,BR,,
Azzurro Di Oriente,Marble,IT,,
Azzurro Notte,Marble,IT,,
B Ivory,Marble,ID,,
Ba Medium,Granite,CN,,
Babilon,Granite,BR,,
Babylon Cream,Marble,TR,,
Babylon Grey,Marble,TR,,
Babylonia,Marble,IR,,
Bacarat,Quartzite,BR,,
Bacau,Gneiss,RO,,
Bacurau,Granite,BR,,
Badal Grey,Marble,PK,,
Bafa,Onyx,TR,,
Baha Golden,Granite,CN,,
Bahama Blue,Granite,"BR,CN,ES,IN,IR,IT,LK,UA,ZA",,
Bahamas,Granite,"BR,BS",,
Bahamas Gold,Granite,IN,,
Bahamas Green,Granite,"BR,BS",,
Bahamas White,Granite,BS,,
Bahar Light,Marble,TR,,
Bahar Red,Marble,TR,,
Bahar Rosalia,Marble,TR,,
Baharan,Marble,IR,,
Bahia,Travertine,BR,,
Bahia Grey,Marble,"BR,TR",,
Bahman,Travertine,IR,,
Bai Hu Jian Hong,Granite,CN,,
Bai Po Huang,Granite,CN,,
Bai Yulan Beige,Marble,TR,,
Bai Zhenzhu Beige,Marble,TR,,
Baikal,Granite,BR,,
Baja,Onyx,MX,,
Baja Cream,Travertine,MX,,
Baja Drift,Sandstone,US,,
Bajestan Pink,Marble,IR,,
Bajiangwen Beige,Limestone,CN,,
Bala Flower,Granite,"CN,IN",,
Balaban Green,Granite,TR,,
Balaka,Gneiss,BG,,
Balaton,Sandstone,HU,,
Balboura Beige,Marble,TR,,
Balboura Rose,Marble,TR,,
Balcik Beige,Limestone,BG,,
Balcik Red,Limestone,BG,,
Bale Stalaktit,Onyx,HR,,
Balfour White,Granite,US,,
Bali Andesite,Andesite,ID,,
Bali Grey,Marble,ID,,
Bali Honey,Marble,ID,,
Bali Red,Granite,CN,,
Bali White,Granite,"BR,ID",,
Bali White,Limestone,"BR,ID",,
Balikesir,Onyx,TR,,
Balikesir,Porphyry,TR,,
Balikesir Black,Marble,TR,,
Balikesir Noce,Travertine,TR,,
Balkan White Com,Marble,MK,,
Ballinasloe,Limestone,IE,,
Ballot Grey,Marble,"MM,TR",,
Bally Beige,Marble,LB,,
Bally White,Granite,"CN,GH,US",,
Ballybrew,Granite,IE,,
Ballyedmonduff,Granite,IE,,
Ballyknockan,Granite,IE,,
Balma Black,Granite,IT,,
Balmoral Green,Granite,AU,,
Balmoral Red,Granite,FI,,
Balochistan Brown,Onyx,PK,,
Balthus,Granite,BR,,
Baltic Azul,Granite,"CN,FI",,
Baltic Brown,Granite,"AO,BR,FI,IN,IR,NO",,
Baltic Brown Bb,Granite,FI,,
Baltic Gray,Marble,TR,,
Baltic Grey,Basalt,ID,,
Baltic Rosa,Granite,FI,,
Baluarte,Granite,BR,,
Balzac,Limestone,FR,,
Balzac Fleuri,Limestone,FR,,
Bama Grey,Marble,CN,,
Bamboo,Marble,"BR,CN",,
Bamboo,Onyx,"BR,CN",,
Bamboo,Quartzite,"BR,CN",,
Bamboo Leaf Black,Granite,CN,,
Bamboo Leafage Black,Granite,CN,,
Bamboo Leafage Green,Granite,CN,,
Bamboos Gray,Gneiss,IT,,
Bampotok,Limestone,RO,,
Ban Tak,Granite,TH,,
Banja E Pejes,Onyx,XK,,
Bansi Paharpur (Pink),Sandstone,IN,,
Bansi Pink,Sandstone,IN,,
Banswara Purple,Marble,IN,,
Banswara White,Marble,IN,,
Bao Kang Grey,Marble,CN,,
Bao Loc Golden,Granite,VN,,
Baopo Grey,Marble,TR,,
Baoshan Grey,Granite,CN,,
Baoxing Grey Flower,Marble,CN,,
Baoxing Ice Black,Granite,CN,,
Baoxing Rape Flower Yellow,Granite,CN,,
Baoxing Red,Granite,CN,,
Baoxing Red,Marble,CN,,
Baoxing Spindrift,Marble,CN,,
Baoxing Watermelon Green,Granite,CN,,
Barajas,Marble,ES,,
Baran Grey,Marble,TR,,
Bararp,Granite,SE,,
Barbara White,Granite,"BR,CN,IN,LK,SE,VN",,
Barbarella,Granite,BR,,
Barcelona,Marble,ES,,
Barcelona Black,Marble,CN,,
Barcelona Gold,Marble,CN,,
Barcelona Grey,Marble,TR,,
Barcice,Sandstone,PL,,
Bardiglietto,Marble,IT,,
Bardiglio,Marble,"CN,ES,GR,IR,IT,LB,MA,PK,RU,TN,TR,VN",,
Bardiglio Nuvolato,Marble,"CN,ES,GR,IR,IT,LB,MA,PK,RU,TN,TR,VN",,
Bardiglio Nuvolato Manhattan,Marble,"CN,IT,TR",,
Bardiglio Seravezza,Marble,IT,,
Barents Blue,Granite,NO,,
Barents Red,Granite,NO,,
Bari,Marble,IT,,
Baricatto,Granite,BR,,
Bariloche,Granite,BR,,
Bariloche Gold,Granite,BR,,
Bariloche White,Granite,BR,,
Barindong Light,Granite,VN,,
Barmer Gold,Granite,"BR,IN,IT,PL",,
Barmer Green,Granite,"FR,IN",,
Barmer Yellow,Granite,IN,,
Barnacullia,Granite,IE,,
Baroda White,Marble,IN,,
Baron Tham,Granite,SE,,
Baroque Brown,Marble,CN,,
Baroque Gold,Granite,BR,,
Barra Grey,Granite,CN,,
Barricato,Granite,BR,,
Barroca,Soapstone,BR,,
Barroca Soapstone,Soapstone,BR,,
Barroco,Granite,BR,,
Barwald,Sandstone,PL,,
Basaltina,Basalt,IT,,
Basaltina Parvana,Basalt,AM,,
Basaltina Siciliano,Basalt,IT,,
Basaltite Lava,Basalt,IT,,
Basalto,Basalt,ID,,
Basalto Bauladu,Basalt,IT,,
Basalto De Piedra,Basalt,CL,,
Basalto Di Etna,Basalt,IT,,
Basalto Di Orvieto,Basalt,IT,,
Basalto Di Suni,Basalt,IT,,
Basalto Dos Acores,Basalt,PT,,
Basalto Gerona,Basalt,ES,,
Basalto Levigado,Basalt,BR,,
Baschioi,Limestone,RO,,
Basdere Cherry Red,Tuff,TR,,
Basdere Sky Blue,Tuff,TR,,
Bashan Green,Slate,CN,,
Basilica,Limestone,HR,,
Basilicato,Granite,BR,,
Basket Range,Slate,AU,,
Bassa Beige,Sandstone,ZA,,
Bastam,Marble,IR,,
Bastia,Marble,TR,,
Bateig Beige Verona,Limestone,ES,,
Bateig Blanco,Limestone,ES,,
Bateig Fantasia,Limestone,ES,,
Bateig Galaxy,Limestone,ES,,
Bateig Llano,Limestone,ES,,
Batesville,Limestone,US,,
Bathala,Limestone,IN,,
Bati Beige,Marble,TR,,
Batik Black,Marble,MY,,
Batik Light,Marble,MY,,
Batik Medium,Marble,MY,,
Batik Rosa,Marble,MY,,
Batu,Andesite,ID,,
Batu Candi Lava,Basalt,ID,,
Batu Paras Jogja,Limestone,ID,,
Bauchi Green,Granite,"BR,CN,IN,IT,NG,NO",,
Bauhaus,Travertine,DE,,
Bauhinia Flower,Marble,CN,,
Bauvalle B1,Limestone,PT,,
Bavarian Gold,Limestone,DE,,
Baveno Verde,Granite,IT,,
Bawang Hua,Marble,CN,,
Bay Dream,Marble,TR,,
Bayburt,Onyx,TR,,
Bayburt,Tuff,TR,,
Bayburt Black,Marble,TR,,
Bayburt Light,Travertine,TR,,
Bayburt Medium,Travertine,TR,,
Baycliff Caulfeild,Limestone,GB,,
Baycliff Lord,Limestone,GB,,
Bayirkoy,Sandstone,TR,,
Baykan Beige,Marble,TR,,
Beach Flower,Marble,TR,,
Beach Gold,Marble,CN,,
Beach Sand,Limestone,TN,,
Bean Green,Slate,CN,,
Bearl,Sandstone,GB,,
Beasain,Slate,ES,,
Beau Grey,Sandstone,AU,,
Beauharnais Beige,Limestone,FR,,
Beauharnais Rose,Limestone,CA,,
Beaulieu,Limestone,FR,,
Beaulieu B5,Limestone,GB,,
Beaumaniere,Limestone,FR,,
Beauty Black,Granite,"AO,CN,FI,IN,NA",,
Beauty Dark,Granite,BR,,
Beauty Jade,Marble,CN,,
Beauty Musk,Granite,BR,,
Beauvallon Rubane,Limestone,FR,,
Beaver Brown,Granite,FI,,
Bebertal,Sandstone,DE,,
Bedonia,Sandstone,IT,,
Bee Nest,Basalt,VN,,
Behabad,Marble,IR,,
Beichuan Lida,Marble,CN,,
Beida Black,Granite,CN,,
Beig Champagne,Sandstone,FR,,
Beige,Marble,IR,,
Beige Ain Dhissa,Limestone,TN,,
Beige Almorqui,Sandstone,ES,,
Beige Alpi,Marble,IT,,
Beige Bahia,Marble,BR,,
Beige Bir Dressen,Limestone,TN,,
Beige Classico,Limestone,"ES,PK,PT",,
Beige Desert,Sandstone,IN,,
Beige Fantasy,Limestone,ES,,
Beige Fino,Limestone,PT,,
Beige Grey,Limestone,ID,,
Beige Khorramdarreh,Granite,IR,,
Beige Maya,Marble,"MX,TR,VE",,
Beige Mesh,Limestone,LB,,
Beige Moonlight,Marble,TR,,
Beige Rosa,Granite,CN,,
Beige Sand,Sandstone,LB,,
Beige Saumon,Marble,TR,,
Beige Savana,Limestone,PT,,
Beige Sidi Abdel Basset,Limestone,TN,,
Beige Snow,Marble,TR,,
Beige Sodima,Limestone,TN,,
Beige Sonato,Limestone,PT,,
Beige Topazio,Limestone,PT,,
Beige Tra,Travertine,IR,,
Beige Travertine,Travertine,"IR,TR",,
Beige Wooden,Marble,"BR,CN,TR",,
Beijing Blue,Marble,CN,,
Beijing Pink,Marble,CN,,
Beirut Beige,Marble,"CN,EG,IR,PK,TR",,
Bela,Marble,IR,,
Belek Sultan,Marble,TR,,
Beleza,Soapstone,BR,,
Belgaum Grey,Granite,IN,,
Belgium Gray,Limestone,BE,,
Bella,Marble,"IR,TR",,
Bella,Onyx,"IR,TR",,
Bella Antique,Limestone,TR,,
Bella Corilus,Travertine,TR,,
Bella Flower,Marble,TR,,
Bella Margo,Travertine,TR,,
Bella Marlot Black,Marble,TR,,
Bella Monica,Marble,IR,,
Bella Pink Beige,Marble,TR,,
Bella Synada,Travertine,TR,,
Bellagio,Marble,"BR,MX",,
Bellagio,Quartzite,"BR,MX",,
Bellagio Coral,Marble,MX,,
Bellatrix,Granite,"BR,PL",,
Bellingham,Granite,US,,
Bellini,Marble,ID,,
Bellissimo,Marble,IT,,
Belmont Rose,Granite,CA,,
Belmonte,Limestone,IT,,
Belorizont,Granite,BR,,
Belrose,Granite,PT,,
Beluga,Limestone,CN,,
Beluro,Granite,CA,,
Belvedere,Granite,"AO,BR,TR",,
Belvedere,Soapstone,"AO,BR,TR",,
Belyauti,Granite,UZ,,
Bengal Black,Granite,IN,,
Benjamin Gold,Limestone,IL,,
Bens Grey,Marble,IT,,
Bentheimer Gold,Sandstone,DE,,
Bentley Grey,Granite,IN,,
Benuza,Slate,ES,,
Beola Bianca,Gneiss,IT,,
Beola Bianca Valle,Gneiss,IT,,
Beola Bianca Vogogna,Gneiss,IT,,
Beola Favalle,Gneiss,IT,,
Beola Ghiandonata,Gneiss,IT,,
Beola Gneiss,Gneiss,IT,,
Beola Grigia,Gneiss,IT,,
Beola Grigia Servezzo,Gneiss,IT,,
Beola Nera,Gneiss,IT,,
Berat,Limestone,AL,,
Berea,Sandstone,"LS,US",,
Berea Sandstone,Sandstone,LS,,
Bergama Grey,Granite,TR,,
Bergan,Granite,NO,,
Bergell,Gneiss,CH,,
Bergstrasse,Granite,DE,,
Berkshire Beige,Marble,PL,,
Bermuda Dunes,Sandstone,US,,
Bernini Gray,Marble,IT,,
Berry Black,Basalt,CN,,
Berry Brown,Granite,IN,,
Betcheno,Marble,EG,,
Bethanie,Granite,ZA,,
Bethel White,Granite,"BR,US",,
Betulaire,Granite,BR,,
Betularie,Granite,BR,,
Betulla,Marble,"CN,TR",,
Beucha Grau,Porphyry,DE,,
Beykisla Light,Travertine,TR,,
Bg Black,Granite,IN,,
Bhanu Brown,Granite,IN,,
Bharatpur Pink,Sandstone,IN,,
Bhilwara Black,Granite,IN,,
Bhilwara Grey,Granite,IN,,
Bhuj Pink,Sandstone,IN,,
Bianca Fina,Marble,IT,,
Bianca Fiore,Marble,IT,,
Bianca Foresta,Marble,TR,,
Bianca Mist,Marble,"AO,AU,GR,IN,TR",,
Bianca Narino,Marble,TR,,
Bianca Signora,Marble,IT,,
Biancatto,Dolomite,BR,,
Bianco,Granite,"BR,CN,ES,IN,IT,PT,TR",,
Bianco Adin,Marble,TR,,
Bianco Alanur,Marble,TR,,
Bianco Altissimo,Marble,IT,,
Bianco Antarctica,Granite,"BR,FI,IN",,
Bianco Antico,Granite,"BR,IN,PL",,
Bianco Ariston,Dolomite,GR,,
Bianco Aurina,Granite,IT,,
Bianco Aurora,Granite,"BR,ES",,
Bianco Azzurro,Marble,BR,,
Bianco Beige,Marble,TR,,
Bianco Bellissimo,Marble,IT,,
Bianco Bello,Marble,IT,,
Bianco Brasile,Marble,BR,,
Bianco Buca,Marble,IT,,
Bianco Calizia,Granite,ES,,
Bianco Capri,Marble,IT,,
Bianco Cardigan,Granite,BR,,
Bianco Carrara a,Marble,IT,,
Bianco Carrara Campanili,Marble,IT,,
Bianco Carrara Primavera,Marble,IT,,
Bianco Carrara Tecchione,Marble,IT,,
Bianco Carrara Unito C,Marble,IT,,
Bianco Cascata,Marble,TR,,
Bianco Catalina,Granite,BR,,
Bianco Cattani,Marble,IT,,
Bianco Celeste,Granite,CN,,
Bianco Celestia,Dolomite,BR,,
Bianco Colorato,Marble,TR,,
Bianco Colubraia,Marble,IT,,
Bianco Coral,Marble,"BR,CN,GR,IN,IR,IT,MM,TR,VN",,
Bianco Corte Ga,Marble,TR,,
Bianco Corte Standart,Marble,TR,,
Bianco Crystalline,Marble,GR,,
Bianco Dalmata,Granite,BR,,
Bianco Dei,Travertine,IT,,
Bianco Diamante,Marble,CN,,
Bianco Dolomite,Dolomite,TR,,
Bianco Eclipse,Marble,BR,,
Bianco Efeso,Marble,TR,,
Bianco Equatoriale,Marble,IT,,
Bianco Flocos,Marble,BR,,
Bianco Fontana,Marble,TR,,
Bianco Forza,Marble,IT,,
Bianco Ghiaccio,Marble,BR,,
Bianco Ginevra,Marble,IT,,
Bianco Gioia Statuarietto,Marble,IT,,
Bianco Giorno,Onyx,TR,,
Bianco Gold,Granite,"BR,CN",,
Bianco Ibiza,Marble,"ES,TR",,
Bianco Illirico,Marble,XK,,
Bianco Impala,Marble,BR,,
Bianco Iride,Marble,IT,,
Bianco Ispirato,Marble,TR,,
Bianco Jabre,Granite,BR,,
Bianco Lara,Marble,TR,,
Bianco Lasa (Lasa White),Marble,IT,,
Bianco Lasa Fantastico,Marble,"BR,IT,TR",,
Bianco Lasa Unito,Marble,"BR,IT,TR",,
Bianco Luna,Marble,TR,,
Bianco Medici,Marble,TR,,
Bianco Mediterranean,Marble,BR,,
Bianco Michelangelo,Granite,"BR,TR",,
Bianco Michelangelo,Travertine,"BR,TR",,
Bianco Milan,Marble,CN,,
Bianco Monte Carlo,Granite,"BR,IT",,
Bianco Montorfano,Granite,IT,,
Bianco Napoleone,Granite,BR,,
Bianco Naxos,Marble,GR,,
Bianco Ondulare,Marble,IT,,
Bianco Palomino,Marble,NA,,
Bianco Pennsylvania,Marble,US,,
Bianco Pergamena,Granite,BR,,
Bianco Perlato,Limestone,"ES,IR,IT,MX,MY,PT,UY",,
Bianco Perlato,Marble,"IR,IT,MX",,
Bianco Perlino,Marble,IT,,
Bianco Pesca,Granite,BR,,
Bianco Piastra Bagnata,Marble,IT,,
Bianco Piastramarina,Marble,IT,,
Bianco Pineta,Marble,TR,,
Bianco Reale,Limestone,TR,,
Bianco Regina,Marble,IT,,
Bianco River,Marble,"IN,TR",,
Bianco Romano,Granite,BR,,
Bianco Rosso,Marble,TR,,
Bianco Rubelita,Granite,BR,,
Bianco Sarda,Marble,BR,,
Bianco Savana,Marble,"BR,NA",,
Bianco Sebaste,Marble,TR,,
Bianco Sera,Marble,CN,,
Bianco Sereno,Marble,GR,,
Bianco Siberia,Marble,BR,,
Bianco Sibillino,Travertine,IT,,
Bianco Siena,Limestone,"IT,US",,
Bianco Smeralda,Granite,IT,,
Bianco Spino,Marble,IT,,
Bianco Stella,Dolomite,BR,,
Bianco Superiore,Marble,"BR,GR",,
Bianco Superiore,Quartzite,"BR,GR",,
Bianco Talia,Limestone,TR,,
Bianco Tamara,Marble,IT,,
Bianco Tapaio,Granite,BR,,
Bianco Tapajo,Granite,BR,,
Bianco Tarn,Granite,FR,,
Bianco Tifone,Granite,IN,,
Bianco Torrone,Granite,BR,,
Bianco Trambiserra,Marble,IT,,
Bianco Typhoon,Granite,"BR,IN",,
Bianco V,Marble,GR,,
Bianco V Cremo,Marble,CN,,
Bianco Valencia,Marble,TR,,
Bianco Velluto,Marble,IT,,
Bianco Vena,Marble,"GR,TR",,
Bianco Venatino,Marble,"BR,CN,IR,IT,TR,US",,
Bianco Venato,Onyx,MX,,
Bianco Venosta,Marble,IT,,
Bianco Vita,Marble,TR,,
Bianco Zara,Marble,IT,,
Bianco Zebrino,Marble,"IT,UG",,
Biancone Apricena,Marble,IT,,
Biancone Orosei,Marble,IT,,
Biasca,Gneiss,CH,,
Bichos,Limestone,PT,,
Bidasar Green,Marble,"EG,IN",,
Big Brown Flower,Granite,CN,,
Big Flower,Granite,"BR,CN,IN,LK,SE,VN",,
Big Juparana,Granite,NG,,
Big Sesame,Granite,CN,,
Big Sky,Sandstone,US,,
Bijolia,Sandstone,IN,,
Bijuri Beige,Granite,IN,,
Bilecik Spider Beige,Marble,TR,,
Bim Son,Marble,VN,,
Bindal,Marble,NO,,
Bini Kama,Marble,AF,,
Bipolar,Travertine,MX,,
Bir Askar Brown,Granite,"CN,IN,SA",,
Bir Jdid,Travertine,MA,,
Birjand Daneanar,Granite,IR,,
Birjand Forest Green,Marble,IR,,
Birkenkopf,Granite,DE,,
Birmingham Buff,Sandstone,US,,
Birzeit Gold,Limestone,IL,,
Bisaya Beige,Marble,MY,,
Biscotti Gold,Granite,IN,,
Bishop Black,Granite,SE,,
Biskala Beige,Marble,IT,,
Bismark Brown,Granite,IN,,
Bister Range,Sandstone,AU,,
Bitlis Golden,Travertine,TR,,
Bitlis Grey,Marble,TR,,
Bitlis White,Marble,TR,,
Bizzaro White,Marble,IN,,
Bjaerloev,Granite,SE,,
Bjarlov,Granite,SE,,
Bla Olaf,Marble,NO,,
Black,Crystal,BR,,
Black Absolut,Marble,"CN,IR,MA,TR",,
Black Amber,Granite,BR,,
Black and Brown Breccia,Marble,DO,,
Black and White Sardegna,Marble,IT,,
Black Andesite,Andesite,"ID,TR,AM",,
Black Basalt,Basalt,"CN,TR,ID,VN,MN",,
Black Beauty,Marble,IR,,
Black Bingzhou,Granite,CN,,
Black Bonanza,Marble,IR,,
Black Calacatta,Marble,"IT,MX",,
Black Carmanah,Marble,CA,,
Black Cherry,Marble,"TR,US",,
Black Cherry,Sandstone,"TR,US",,
Black Classic,Basalt,ID,,
Black Cloud,Onyx,TR,,
Black Cosmic,Granite,"AR,BR,CN,IN",,
Black Crocodile,Marble,"BR,TR",,
Black Diamond,Granite,"BR,CN",,
Black Diamond,Slate,"BR,CN",,
Black Diamond Sichuan,Granite,CN,,
Black Dragon,Onyx,CN,,
Black Eagle White,Marble,TR,,
Black Emerald,Marble,IN,,
Black Emotion,Onyx,TR,,
Black Esfahan,Marble,IR,,
Black Explomar,Marble,MA,,
Black Eyes,Granite,UA,,
Black Falcon,Granite,BR,,
Black Forest Gold,Granite,BR,,
Black Fuping,Granite,CN,,
Black Galaxy,Marble,"BR,IR",,
Black Galaxy,Soapstone,"BR,IR",,
Black Galaxy (Star Galaxy),Granite,IN,,
Black Grain,Granite,CN,,
Black Ice,Granite,"CN,UA",,
Black Ice Flower,Marble,"CN,ES,IN,IT,MX,TR",,
Black Illusion,Marble,"CN,IT,TR",,
Black Infinity,Marble,MX,,
Black Iris,Marble,"IT,PT,TR",,
Black Jack,Granite,ZA,,
Black Jacob,Marble,CN,,
Black Java,Quartzite,IN,,
Black Jinan,Granite,CN,,
Black Jumbo,Agate,BR,,
Black Kafe,Limestone,ES,,
Black Lake,Granite,BR,,
Black Leopard,Granite,RU,,
Black Magenta,Granite,IN,,
Black Magic,Granite,"BR,IN,TR",,
Black Magic,Marble,"BR,IN,TR",,
Black Magic,Travertine,"BR,IN,TR",,
Black Maku,Marble,IR,,
Black Mamba,Granite,BR,,
Black Mango,Marble,TR,,
Black Maras,Marble,TR,,
Black Marinace,Granite,"BR,CN,IN",,
Black Marine,Granite,IN,,
Black Markino,Granite,IN,,
Black Marquinho,Granite,IN,,
Black Marrone,Marble,TR,,
Black Martini,Marble,TR,,
Black Meteorite,Granite,"BR,CN",,
Black Mica,Slate,FI,,
Black Minas,Soapstone,BR,,
Black Mist,Granite,BR,,
Black Night,Granite,"BR,CN,PL,TR",,
Black Night,Marble,"BR,CN,ES,IR,PL,TR",,
Black Nolasco,Soapstone,BR,,
Black Ocean,Marble,IR,,
Black Onyx,Onyx,"TR,IR,PK,MX,AF,BR",,
Black Orumieh,Granite,IR,,
Black Paint,Marble,IR,,
Black Panther,Quartzite,BR,,
Black Pearl,Granite,"AO,BR,CN,FI,IN,IT,LK,MZ,NA,NG,NO,PS,SE,VN,ZA,ZM,ZW",,
Black Pearl,Limestone,"AO,CN,FI,IL,IN,NA,PS",,
Black Pepper,Granite,IN,,
Black Phantus,Quartzite,IN,,
Black Phu Yen,Granite,VN,,
Black Pingtan,Granite,CN,,
Black Piranshahr,Granite,IR,,
Black Prince Gabbro,Granite,UA,,
Black Queen,Marble,TR,,
Black Rwanda,Granite,RW,,
Black Safari,Marble,MX,,
Black San Marcos,Granite,BR,,
Black Savannah,Granite,BR,,
Black Sea,Andesite,"BR,TR",,
Black Sea,Soapstone,"BR,TR",,
Black Sea Beige,Marble,TR,,
Black Secret,Marble,IT,,
Black Shadow,Marble,IR,,
Black Silk,Granite,"BR,CN",,
Black Sky,Granite,"CA,IN",,
Black Slate,Slate,"BR,CN,IT,ES",,
Black Snow Flake Diabase,Granite,US,,
Black Soapstone,Soapstone,BR,,
Black Song Hinh,Granite,VN,,
Black Spot,Granite,ID,,
Black Spot White,Marble,CN,,
Black Stellaris,Granite,BR,,
Black Storm,Marble,"IR,TR",,
Black Stripe,Granite,BR,,
Black Swan,Marble,TR,,
Black Symphony,Marble,IR,,
Black Taiwan,Granite,"CN,TW",,
Black Taurus,Granite,"BR,IN",,
Black Tear,Granite,BR,,
Black Thunder,Granite,"BR,MX",,
Black Thunder,Marble,"BR,MX",,
Black Titan,Basalt,ID,,
Black Traonyx,Onyx,IR,,
Black Ultimate,Granite,IN,,
Black Vegas,Granite,BR,,
Black Velvet,Slate,IT,,
Black Vulcan,Schist,BR,,
Black Wave,Granite,"BR,EG",,
Black Yanshan,Granite,CN,,
Black Yimeng,Granite,CN,,
Black Yinan,Granite,CN,,
Black Yinxun Palissandro,Marble,MM,,
Black Yubao,Granite,CN,,
Black Yulong,Granite,CN,,
Black Yunnan,Granite,CN,,
Black Zebra,Marble,PK,,
Black Zhangpu,Granite,CN,,
Black-White Grain,Granite,CN,,
Blackberry,Slate,BR,,
Blackish,Travertine,TR,,
Blackout,Granite,BR,,
Blacksod,Granite,IE,,
Blagdon,Sandstone,GB,,
Blanc Du Blanc,Granite,"BR,IN",,
Blanc Zayan,Marble,MA,,
Blanca Castilla,Sandstone,ES,,
Blanca Mexicana,Cantera,MX,,
Blanca Paloma,Limestone,"ES,FR",,
Blanche Ramage,Limestone,ES,,
Blanco Albuquerque,Granite,ES,,
Blanco Alconera,Marble,ES,,
Blanco Alicante,Granite,BR,,
Blanco Altea,Limestone,ES,,
Blanco Amanecer,Granite,ES,,
Blanco Aroche,Marble,ES,,
Blanco Artico,Granite,"BR,ES,IN,MX,PL",,
Blanco Atlantico,Granite,PT,,
Blanco Aurora,Marble,MX,,
Blanco Bego,Marble,MX,,
Blanco Berrocal,Granite,ES,,
Blanco Boveda,Granite,ES,,
Blanco Chive,Marble,ES,,
Blanco Cristal,Marble,MX,,
Blanco Durango,Marble,MX,,
Blanco Estrella,Granite,ES,,
Blanco Experiencia,Cantera,MX,,
Blanco Fantasia,Granite,ES,,
Blanco Fossil,Travertine,TR,,
Blanco Gabrielle,Granite,BR,,
Blanco Galia,Granite,ES,,
Blanco Goya,Marble,TR,,
Blanco Grey,Marble,"PK,TR",,
Blanco Guadiana,Marble,MX,,
Blanco Guatemala,Marble,GT,,
Blanco Huichapan,Cantera,MX,,
Blanco Iberico Claro,Marble,ES,,
Blanco Iberico Oscuro,Marble,ES,,
Blanco Ibiza Grey,Marble,TR,,
Blanco Jalisco,Cantera,MX,,
Blanco Lama,Marble,ES,,
Blanco Leblon,Granite,BR,,
Blanco Lijar,Marble,ES,,
Blanco Lima,Granite,"BR,CN,ES,IN,PT,UA",,
Blanco Limon,Cantera,MX,,
Blanco Macael,Marble,ES,,
Blanco Malpartida,Granite,ES,,
Blanco Mara,Granite,AR,,
Blanco Marfil,Marble,"MX,TR",,
Blanco Mera,Granite,"ES,IN",,
Blanco Mina Real,Marble,MX,,
Blanco Minho,Granite,PT,,
Blanco Nacar,Granite,"BR,ES",,
Blanco Nacarado,Limestone,ES,,
Blanco Nebula,Marble,ES,,
Blanco Nieve,Granite,ES,,
Blanco Pachuca,Cantera,MX,,
Blanco Perla,Onyx,"MX,TZ",,
Blanco Pirg,Marble,ES,,
Blanco Platinum,Travertine,TR,,
Blanco Rafaela,Granite,ES,,
Blanco Real,Granite,"BR,CN,ES,IN,PT,UA",,
Blanco Regraex,Granite,ES,,
Blanco Ribera,Limestone,ES,,
Blanco San Marcos,Granite,AR,,
Blanco San Marino,Marble,ES,,
Blanco San Martino,Granite,PT,,
Blanco Sayago,Granite,ES,,
Blanco Select,Sandstone,US,,
Blanco Sepulveda,Limestone,ES,,
Blanco Sierra,Granite,"BR,ES,IN",,
Blanco Sisan,Granite,ES,,
Blanco Tabarca,Limestone,ES,,
Blanco Tabarca,Marble,ES,,
Blanco Tajo,Limestone,ES,,
Blanco Tinajero,Cantera,MX,,
Blanco Toledo,Granite,"ES,IN",,
Blanco Tulum,Granite,BR,,
Blanco Valle,Granite,ES,,
Blanco Veneciano,Marble,MX,,
Blanquino,Granite,ES,,
Blatna,Granite,CZ,,
Blaubank,Limestone,DE,,
Blaubok,Slate,ZA,,
Blauenthal,Granite,DE,,
Blaxter,Sandstone,GB,,
Blaze,Onyx,GR,,
Blazing Black,Granite,FI,,
Bleu Antique,Marble,FR,,
Bleu De Vix,Limestone,FR,,
Blizzard,Granite,BR,,
Bloom Run,Sandstone,US,,
Blooz Pink,Granite,IR,,
Blue,Crystal,"AR,AU,BR,CN,ID,IN,IR,PK,TR",,
Blue,Marble,"AR,AU,BR,CN,ID,IN,IR,PK,TR",,
Blue,Quartz,"AR,AU,BR,CN,ID,IN,IR,PK,TR",,
Blue,Soapstone,"AR,AU,BR,CN,ID,IN,IR,PK,TR",,
Blue Acquarius,Granite,BR,,
Blue Alaska,Granite,BR,,
Blue Alpine,Quartzite,IN,,
Blue Antico,Limestone,IT,,
Blue Arch Arial,Marble,ID,,
Blue Argentato,Marble,IT,,
Blue Bahia,Marble,"BR,TR",,
Blue Barracuda,Granite,BR,,
Blue Bay,Granite,BR,,
Blue Bono,Granite,BR,,
Blue Cad,Limestone,FR,,
Blue Caribbean Marfil,Marble,DO,,
Blue Coast,Marble,TR,,
Blue Cobal,Limestone,AO,,
Blue Coral,Marble,CN,,
Blue Crystal,Crystal,"AR,AU,BR,CN,ID,IN,IR,PK,TR",,
Blue Dream,Marble,"CA,TR",,
Blue Dreams,Marble,GR,,
Blue Dunes,Granite,IN,,
Blue Eagle,Granite,BR,,
Blue Emperador Crystalline,Marble,IR,,
Blue Fire,Granite,BR,,
Blue Fusion,Granite,IN,,
Blue Garden,Granite,BR,,
Blue Gefarnato,Marble,TR,,
Blue Gold,Granite,BR,,
Blue Grain,Granite,CN,,
Blue Gray,Marble,"EG,IR",,
Blue Grey,Limestone,TR,,
Blue Ice,Onyx,TR,,
Blue in the Night,Granite,"AO,BR,CN,ES,FI,IN,NA,UA",,
Blue Jaguar,Granite,BR,,
Blue Jeans,Granite,"AF,PK",,
Blue Jumbo,Agate,BR,,
Blue King,Granite,ZM,,
Blue Kunlun,Granite,CN,,
Blue Labradorite,Granite,"AO,BR,CN,IN,IR,MG,NO,RU,UA,VN",,
Blue Leopard,Granite,"AO,BR,CN,NO,ZA",,
Blue Lias,Limestone,GB,,
Blue Limestone (Belgian Blue),Limestone,BE,,
Blue Line,Marble,TR,,
Blue Lotus,Marble,"CN,IN,IR,TR",,
Blue Macaubas,Quartzite,IN,,
Blue Majestic,Marble,IR,,
Blue Mare,Quartzite,BR,,
Blue Marlin,Marble,ID,,
Blue Martinica,Granite,BR,,
Blue Mediterranean,Marble,BR,,
Blue Mist,Limestone,US,,
Blue Oasis,Limestone,ES,,
Blue Onyx,Onyx,"BR,CN,IR,PK,TR",,
Blue Oyster,Limestone,ID,,
Blue Palladium,Granite,BR,,
Blue Peacock,Granite,BR,,
Blue Pearl,Granite,"CN,IN,IR,NO",,
Blue Persa,Granite,BR,,
Blue Plum,Granite,CN,,
Blue Ridge,Granite,"GE,US",,
Blue River,Onyx,"AR,AU,BR,CN,ID,IN,TR",,
Blue Roma,Quartzite,"BR,IN,TR",,
Blue San Nicola,Marble,IT,,
Blue Sand,Marble,"CN,ES,GR,IN,IR,IT,LB,MA,PK,RU,TN,TR,VN",,
Blue Sapphire,Marble,"CN,IN",,
Blue Savoy,Marble,FR,,
Blue Sea,Marble,CN,,
Blue Silk Diamond,Granite,CN,,
Blue Sky China,Granite,CN,,
Blue Snake,Granite,BR,,
Blue Sodalite,Sodalite Syenite,"BR,IR",,
Blue Solare,Marble,TR,,
Blue Star,Marble,"CN,KE",,
Blue Stone Basalt,Basalt,"CN,TR",,
Blue Storm,Marble,PT,,
Blue Sucuri,Granite,BR,,
Blue Tempest,Quartzite,BR,,
Blue Thoria,Granite,IN,,
Blue Totem,Marble,CN,,
Blue Traonyx,Onyx,IR,,
Blue Treasure,Quartzite,BR,,
Blue Vein,Travertine,IN,,
Blue Velvet,Marble,IR,,
Blue Venezia,Limestone,IT,,
Blue Water,Marble,PT,,
Blue Wath,Limestone,GB,,
Blue Wave,Marble,"CA,PT,TR",,
Blue Wooden,Limestone,CN,,
Blue Wooden,Sandstone,CN,,
Bluefall,Marble,CN,,
Bluelover,Marble,CN,,
Blues Gabbro,Granite,UA,,
Bluestone Thermal,Bluestone,US,,
Bluetta,Marble,TR,,
Bluette,Granite,BR,,
Bluette Venato,Marble,IT,,
Blumaggia,Gneiss,CH,,
Boafall,Granite,SE,,
Bobai Black,Granite,CN,,
Bobos,Sandstone,ID,,
Bodafors,Granite,SE,,
Bodio Nero,Gneiss,CH,,
Bogenes,Granite,NO,,
Boguslavsky,Granite,UA,,
Bohdikov,Marble,CZ,,
Bohemia,Marble,CN,,
Bohemian Gray,Granite,"BR,ES",,
Bohleite,Limestone,DE,,
Bohus Grey,Granite,SE,,
Bohus Silver,Granite,SE,,
Bois Dore,Limestone,FR,,
Bojan,Limestone,IR,,
Boka Rose,Marble,ET,,
Boka White,Marble,IN,,
Bokkraal,Slate,ZA,,
Bolagh Green,Onyx,IR,,
Bolechowice,Limestone,PL,,
Bolero,Dolomite,BR,,
Bolivia Blue,Marble,CN,,
Bollingen,Sandstone,CH,,
Bolourin,Onyx,IR,,
Boltyshevsky,Granite,UA,,
Bon Accord,Granite,ZA,,
Bon Red,Granite,IN,,
Bonaccord Black,Granite,"BR,CN,IN,LK,SE,VN",,
Bonampak,Travertine,MX,,
Bonanza Gold,Granite,IN,,
Boncourt,Limestone,FR,,
Bone Light,Limestone,IL,,
Bone White,Limestone,PS,,
Bonita Beige,Marble,TR,,
Bonneuil,Limestone,FR,,
Bonsai,Crystal,BR,,
Bonsai Crystal,Crystal,BR,,
Bookan White,Limestone,IR,,
Bookleaf,Bluestone,AU,,
Booneh Panir,Travertine,IR,,
Borbon Beige,Marble,DO,,
Bordeaux,Quartzite,"BR,IN",,
Bordeaux Bahia,Granite,BR,,
Bordeaux Cabernet,Granite,BR,,
Bordeaux Fuji,Granite,BR,,
Bordeaux Imperial,Granite,BR,,
Bordeaux Montana,Granite,BR,,
Bordeaux Ruby,Granite,BR,,
Bordeaux Salmon,Granite,BR,,
Bordeaux Terracota,Granite,BR,,
Boreal,Marble,"AO,BR,ES,PT",,
Borealis,Limestone,EE,,
Borena Hora,Granite,CZ,,
Borghamn Ljusgra,Limestone,SE,,
Borghamn Rod,Limestone,SE,,
Borgia Fumo,Basalt,AM,,
Borland Jade,Marble,CN,,
Borneo Black,Basalt,MY,,
Borodinsky,Limestone,RU,,
Borowskie,Granite,PL,,
Borreze,Limestone,FR,,
Borriol,Limestone,ES,,
Borsec,Travertine,RO,,
Borujerd White,Granite,IR,,
Bosy Grey,Limestone,IR,,
Botan Rose,Marble,TR,,
Botana,Marble,SD,,
Botanic,Crystal,BR,,
Botanic Crystal,Crystal,BR,,
Botanic Green,Quartzite,IN,,
Botichinno,Marble,"IR,PK",,
Botro Noir,Marble,FR,,
Botticelli,Marble,BR,,
Botticino,Marble,"IT,PR",,
Botticino Perlato,Marble,"IT,PR",,
Botticino Super Light,Marble,IT,,
Bouix,Limestone,FR,,
Boulonais,Limestone,FR,,
Bounce,Marble,TR,,
Bourgogne Blue,Limestone,FR,,
Bowers Basebed,Limestone,GB,,
Bowers Roach,Limestone,GB,,
Bowers Whitbed,Limestone,GB,,
Bozanov,Sandstone,CZ,,
Bozi Dar,Granite,CZ,,
Braennhult,Granite,SE,,
Braennlyckan,Marble,SE,,
Braennlyckan Moerk,Marble,SE,,
Bramante,Quartzite,BR,,
Branco Acqualux,Granite,BR,,
Branco Aguiar,Granite,PT,,
Branco Almeida,Granite,"BR,PT",,
Branco Caravela,Granite,PT,,
Branco Catarina,Granite,BR,,
Branco Classico,Limestone,PT,,
Branco Coral,Granite,"IN,PT",,
Branco Cristal,Granite,"ES,PT,SA",,
Branco Cristalino,Marble,ES,,
Branco De Candoso,Granite,PT,,
Branco De Mos,Limestone,PT,,
Branco Dunas,Granite,BR,,
Branco Equador,Granite,BR,,
Branco Estremoz,Marble,"PT,TR",,
Branco Grego,Granite,BR,,
Branco Gris,Granite,"CN,PT",,
Branco Imaculada,Granite,BR,,
Branco Ipanema,Granite,BR,,
Branco Itaunas,Granite,"BR,CN,IN",,
Branco Lusitanea,Limestone,PT,,
Branco Marfim,Granite,BR,,
Branco Maroteira,Marble,PT,,
Branco Moura,Marble,BR,,
Branco Nevasca,Granite,BR,,
Branco Paris,Granite,BR,,
Branco Perola,Granite,PT,,
Branco Piracema,Granite,BR,,
Branco Portinari,Granite,BR,,
Branco Real,Limestone,PT,,
Branco Sabina,Granite,PT,,
Branco Serenata,Granite,BR,,
Branco Snow,Limestone,PT,,
Branco Valongo,Limestone,PT,,
Branco Verona,Granite,"BR,IT",,
Brandy Crag,Tuff,GB,,
Branzoller,Porphyry,IT,,
Brasilia Blue,Marble,BR,,
Brasiliano,Granite,BR,,
Brass Blue,Granite,"BR,IN",,
Brauvilliers,Limestone,FR,,
Brava,Travertine,PE,,
Bravo,Limestone,BG,,
Bravo Buf,Limestone,BG,,
Bravo Venato,Limestone,BG,,
Braymar,Limestone,PT,,
Brazil Absolute Black,Granite,BR,,
Brazil Blue Night,Granite,BR,,
Brazil Brown,Granite,IR,,
Brazil Cappuccino,Marble,BR,,
Brazil Chocolate,Marble,BR,,
Brazil Duro,Soapstone,BR,,
Brazil Gold,Slate,BR,,
Brazil Green,Marble,BR,,
Brazil Grey,Slate,BR,,
Brazil Ivory,Granite,BR,,
Brazil Multicolor,Granite,BR,,
Brazil Multicolor,Marble,BR,,
Brazil Rainbow,Granite,BR,,
Brazil White Wave,Granite,BR,,
Brazilian Black,Slate,BR,,
Brazilian Diamond,Granite,BR,,
Brazilian Dream,Granite,BR,,
Brazilian Rust,Slate,"BR,IN",,
Brazilian Slate,Slate,BR,,
Brazilian Soapstone,Soapstone,BR,,
Breama Beige,Limestone,TN,,
Breccia,Limestone,"CO,FR,ID,IN,IR,IT,PT,TN,TR",,
Breccia Adonis,Marble,TR,,
Breccia Antica,Marble,IT,,
Breccia Asia,Marble,UZ,,
Breccia Aurora Gold,Marble,IT,,
Breccia Aurora Laredo,Marble,IT,,
Breccia Aurora San Carlo,Marble,IT,,
Breccia Beige,Marble,TR,,
Breccia Blue,Conglomerate,SK,,
Breccia Botticelli,Marble,IT,,
Breccia Capraia,Marble,IT,,
Breccia Carsica,Marble,IT,,
Breccia Champagne,Marble,IT,,
Breccia Colorata,Marble,FR,,
Breccia Coral,Marble,BR,,
Breccia Corchia,Marble,IT,,
Breccia Croata,Marble,HR,,
Breccia Damascata,Marble,"IT,SY",,
Breccia De Honefleure,Marble,FR,,
Breccia Deja,Marble,AL,,
Breccia Di Montepulciano,Marble,IT,,
Breccia Di Venere,Marble,IT,,
Breccia Dorata,Marble,IT,,
Breccia Esperia,Marble,IT,,
Breccia Estrella,Marble,PT,,
Breccia Fleury,Marble,FR,,
Breccia Gharghavol,Marble,IR,,
Breccia Gold,Marble,TR,,
Breccia Imperiale,Marble,IT,,
Breccia Irpina,Marble,IT,,
Breccia Khatmia,Marble,EG,,
Breccia Limone,Marble,IT,,
Breccia Marina Dark,Marble,IT,,
Breccia Marina Light,Marble,IT,,
Breccia Medusa,Marble,"FR,MA",,
Breccia Monreale,Marble,IT,,
Breccia Montalto,Marble,IT,,
Breccia Montana,Granite,BR,,
Breccia Montecitorio,Marble,IT,,
Breccia Numidia,Marble,TN,,
Breccia Of Mycenae,Marble,GR,,
Breccia Oniciata,Marble,"IT,SY",,
Breccia Oniciata Beige,Marble,IT,,
Breccia Oniciata Pink,Marble,IT,,
Breccia Onyta,Marble,TR,,
Breccia Orientale,Marble,"CN,GR,IR,IT,TR",,
Breccia Paradiso,Marble,"CO,FR,ID,IN,IR,IT,TN,TR,XK",,
Breccia Pernice,Marble,IT,,
Breccia Pernice Chiara,Marble,IT,,
Breccia Policroma,Marble,IT,,
Breccia Pontificia,Marble,IT,,
Breccia Primavera,Marble,IT,,
Breccia Romana,Marble,"IT,MA",,
Breccia Sarda,Marble,IT,,
Breccia Sarda Fiocco,Marble,IT,,
Breccia Siena,Marble,IT,,
Breccia Silver Grey,Marble,GR,,
Breccia Sinai,Limestone,EG,,
Breccia Toscana,Marble,IT,,
Breccia Van Gogh,Marble,IT,,
Breccia Vaticana,Marble,IT,,
Breccia Verde Seravezza,Marble,IT,,
Breccia Verde Versilia,Marble,IT,,
Breccia Vulcano,Marble,IT,,
Brecha Do Algarve,Marble,PT,,
Brecha Maritima,Limestone,PT,,
Brecha St Antonio,Limestone,PT,,
Brecha Tavira Castanha,Limestone,PT,,
Breche De Aubisque,Marble,FR,,
Breche De Guillestre,Marble,FR,,
Breche De Louvre,Marble,FR,,
Breche De Montemeyan,Marble,FR,,
Breche De Saint Maximin,Marble,FR,,
Breche Medicis,Marble,IT,,
Breche Oriental,Marble,FR,,
Breche Romarin,Marble,FR,,
Breche Rouge,Marble,FR,,
Breche Sanguine,Marble,DZ,,
Breche Vendome,Marble,"FR,IT",,
Breche Versailles,Marble,FR,,
Bredvad,Porphyry,SE,,
Brekzia,Limestone,IL,,
Brenna,Sandstone,PL,,
Brescia Carollina,Marble,"IT,TR",,
Bretagna Brown,Sandstone,ES,,
Bretagna Green,Sandstone,ES,,
Bretagna Miele,Limestone,ES,,
Bretigny,Limestone,FR,,
Brexi,Limestone,ID,,
Brezza Coffee,Marble,TR,,
Brezza Gold,Marble,TR,,
Brezza Gray,Marble,"IR,TR",,
Brilliant Black,Quartzite,BR,,
Brilliant Grey,Quartzite,BR,,
Brilliant White,Granite,"BR,CN",,
Brilliant White,Quartzite,"BR,CN",,
Brisbane,Sandstone,AU,,
Brisbane Beige,Granite,AU,,
Bristol Black,Granite,US,,
Brixner,Granite,IT,,
Broadcroft Basebed,Limestone,GB,,
Broadcroft Whitbed,Limestone,GB,,
Broby,Granite,SE,,
Broccatello Di Siena,Marble,IT,,
Broccatello Gherardesca,Marble,IT,,
Bromo Aneka,Marble,ID,,
Bronce,Cantera,MX,,
Bronceado Costa Sol,Marble,ES,,
Bronies,Basalt,ID,,
Broniow,Sandstone,PL,,
Bronzato,Limestone,ES,,
Bronze Dore,Marble,TN,,
Bronze Falcon,Granite,BR,,
Bronze Fantasy,Marble,TR,,
Bronze Olive,Marble,"ES,IR,TR",,
Bronzetto,Limestone,"IT,PT",,
Bronzite,Granite,BR,,
Bronzo,Granite,BR,,
Brown,Onyx,"IR,PE",,
Brown Bear,Granite,RU,,
Brown Beauty,Granite,BR,,
Brown Bubble,Onyx,TR,,
Brown Canyon,Granite,BR,,
Brown Coffee,Marble,"CN,EG,IR,PK,TR",,
Brown Diamond,Granite,"CA,CN,IN,IR,TR,US",,
Brown Diamond,Marble,"CA,CN,IN,IR,TR,US",,
Brown Dragon,Marble,CN,,
Brown Dunes,Granite,BR,,
Brown Earth,Marble,"GR,TR",,
Brown Elegance,Limestone,"EG,TR",,
Brown Eyes,Granite,CA,,
Brown Fantasy Traonyx,Onyx,IR,,
Brown Fb,Granite,BR,,
Brown Galaxy,Granite,BR,,
Brown Giordania,Marble,JO,,
Brown Grey,Limestone,CN,,
Brown Java,Slate,ID,,
Brown Keshan,Granite,CN,,
Brown Khenifra,Marble,MA,,
Brown Lake,Marble,IR,,
Brown Marquina,Marble,CN,,
Brown Marshal,Marble,IR,,
Brown Matrix,Limestone,IN,,
Brown Meridian,Marble,"AZ,IR",,
Brown Nut,Granite,UA,,
Brown Oak,Granite,CA,,
Brown Oceanic,Marble,CN,,
Brown Queen,Marble,TR,,
Brown Qussair,Granite,EG,,
Brown River,Marble,"CN,TR",,
Brown River,Travertine,"CN,TR",,
Brown Rose,Granite,IN,,
Brown Rose,Slate,IN,,
Brown Shell,Limestone,PS,,
Brown St. Laurent,Marble,FR,,
Brown Star,Granite,IT,,
Brown Storm,Marble,EG,,
Brown Suede,Granite,BR,,
Brown Timiris,Granite,MR,,
Brown Ukraine,Granite,UA,,
Brown Wave,Sandstone,US,,
Brown Wooden,Marble,"AR,CA,CN,GR,IR,MY,PK,TR,VN",,
Brown Wooden,Sandstone,"AR,CA,CN,GR,IN,IR,MY,PK,TR,VN",,
Brownhill,Granite,FI,,
Brownie,Marble,"BR,TR",,
Brownie,Quartzite,"BR,TR",,
Brownstone,Sandstone,US,,
Bruce Gray,Marble,CN,,
Bruck,Limestone,ES,,
Bruna Rosal,Sandstone,ES,,
Brunello,Granite,BR,,
Brunet Brown Grain,Granite,CN,,
Bruno,Basalt,ES,,
Bruno Grey,Marble,TR,,
Bruno Red,Granite,IN,,
Bruno White,Marble,"CN,GR,IN,IT",,
Bryozoan,Limestone,UA,,
Bst,Travertine,TR,,
Bubble,Onyx,"CN,TR",,
Bucak Noce,Travertine,TR,,
Bucak Silver,Travertine,TR,,
Buchara Grey,Granite,UZ,,
Buchberg,Sandstone,CH,,
Buckingham,Slate,US,,
Buckland,Sandstone,AU,,
Buckskin,Travertine,US,,
Buckskin Light,Sandstone,US,,
Bucova,Marble,RO,,
Budakalasz,Travertine,HU,,
Budhpura Grey,Sandstone,IN,,
Buff Australian,Sandstone,AU,,
Buff Brown,Sandstone,IN,,
Buff Gray,Sandstone,"IN,PK",,
Buff Sandstone,Sandstone,"AU,GB",,
Buff Wath,Limestone,GB,,
Buffelspoort,Sandstone,ZA,,
Buffon,Limestone,FR,,
Buffon B15,Limestone,FR,,
Buffon B3,Limestone,FR,,
Buffon B8,Limestone,FR,,
Buffon B9 B10,Limestone,FR,,
Buffon Sagesse,Limestone,FR,,
Bukivske,Granite,UA,,
Bukovik,Granite,RS,,
Bulacan Red,Marble,PH,,
Bulgari Brown,Limestone,CN,,
Bulgari Brown,Marble,CN,,
Bulgari Gold,Marble,CN,,
Bulgari White,Marble,"CN,ES,GR,IR,IT,LB,MA,PK,RU,TN,TR,VN",,
Bulgaria,Gneiss,BG,,
Bulgaria,Porphyry,BG,,
Bulgaria Beige,Rhyolite,BG,,
Bulgaria Pink,Rhyolite,BG,,
Bulgarian Grey,Marble,"CN,ES,GR,IR,IT,LB,MA,PK,RU,TN,TR,VN",,
Bulutlu,Travertine,TR,,
Bundela Red,Granite,IN,,
Bundi,Slate,IN,,
Bundi Buff,Sandstone,IN,,
Burberry,Marble,TR,,
Burberry Dark Beige,Marble,TR,,
Burberry Light Beige,Marble,TR,,
Burdur Cream,Marble,TR,,
Burdur Medium,Travertine,TR,,
Burdur White,Marble,TR,,
Burenbruch,Limestone,DE,,
Burgandy Blue,Granite,BR,,
Burgpreppach,Sandstone,DE,,
Burgundy,Onyx,"PK,US",,
Burgundy,Sandstone,"PK,US",,
Burgundy Limestone,Limestone,FR,,
Burgundy Rose,Granite,BR,,
Burin,Limestone,HR,,
Burlington,Slate,GB,,
Burlington River,Slate,AU,,
Burlwood,Granite,"BR,US",,
Burlwood,Sandstone,"BR,US",,
Burnt Brown,Marble,IN,,
Bursa Antique Beige,Marble,TR,,
Bursa Bordeux,Marble,TR,,
Bursa Green,Onyx,TR,,
Bursa Light Emperador,Marble,"IR,TR",,
Bursa White,Limestone,TR,,
Bursting,Tuff,GB,,
Buteasa,Marble,RO,,
Buteasa Furnir,Marble,RO,,
Butter Scotch,Onyx,CN,,
Butterfly Blue,Granite,CN,,
Butterfly Love Golden Flower,Granite,BR,,
Butterfly Red,Marble,CN,,
Buxy Bayada,Granite,"CN,FR",,
Buxy Beige,Limestone,FR,,
Buxy Gris,Limestone,FR,,
Buxy Jaune,Limestone,FR,,
Buxy Nuance,Limestone,FR,,
Buzio,Soapstone,BR,,
Bvlgari Blue,Marble,"CN,GR",,
Byblos,Limestone,LB,,
Byurakan,Tuff,AM,,
Byzantin,Limestone,BE,,
Byzantine Wood,Marble,CN,,
Caballero Black,Marble,DO,,
Caballero Gray,Marble,DO,,
Caballero White,Marble,DO,,
Cabana,Granite,BR,,
Cabeca Veada,Limestone,PT,,
Cabernet Brown,Granite,"BR,IN",,
Cabinet Gorge,Slate,US,,
Cabugi Black,Granite,BR,,
Cacao,Granite,BR,,
Cacau Bahia,Granite,BR,,
Cacedonia White,Marble,IN,,
Cachoeiro,Marble,BR,,
Cactus Boreal,Granite,BR,,
Caddy Grey,Marble,CN,,
Cadeby Bronze,Limestone,GB,,
Cadeby Gold,Limestone,GB,,
Cadeby White,Limestone,GB,,
Cadirkaya Silver Grey,Marble,TR,,
Caesar,Travertine,"IT,TR",,
Caesar Beige,Marble,TR,,
Caesar Grey,Marble,CN,,
Caesar White,Granite,"AR,US",,
Cafe,Limestone,"MX,US",,
Cafe Alhambra,Cantera,MX,,
Cafe America,Cantera,US,,
Cafe Boreal,Granite,BR,,
Cafe Brown,Granite,"BR,CN,IN,SE",,
Cafe Cream,Marble,"CN,TR",,
Cafe Creme,Granite,BR,,
Cafe Degollado,Cantera,MX,,
Cafe Emperador,Onyx,IT,,
Cafe Faraon,Limestone,CO,,
Cafe Galindo,Cantera,MX,,
Cafe Latte Dark,Marble,"IR,TR",,
Cafe Melange,Marble,FR,,
Cafe Mina,Marble,TR,,
Cafe Novelo,Marble,MX,,
Cafe Ole,Marble,TR,,
Cafe Pinta,Limestone,PT,,
Cafe Platino,Granite,IN,,
Cafe Rio,Granite,BR,,
Cafe Upar,Limestone,CO,,
Caffe Amaro,Marble,IT,,
Caffe Bruno,Granite,BR,,
Caffe Moka,Marble,IT,,
Caggiano Gold,Granite,CN,,
Cagla,Marble,TR,,
Cagliari Ash,Marble,IT,,
Caihui,Marble,CN,,
Cairns Grey,Marble,CN,,
Cairo,Granite,BR,,
Caisara,Granite,BR,,
Cal White,Marble,TR,,
Calaberno Beige,Marble,TR,,
Calacatta,Marble,"BR,CN,IN,IR,IT,PT,TR,UG,US",,
Calacatta Apuano,Marble,IT,,
Calacatta Australe,Marble,AU,,
Calacatta Azul,Marble,"IT,NA",,
Calacatta Bagiana,Marble,IT,,
Calacatta Beige,Marble,TR,,
Calacatta Belgia,Marble,IT,,
Calacatta Black,Quartzite,BR,,
Calacatta Black Vein,Marble,IT,,
Calacatta Borghese,Marble,BR,,
Calacatta Brasil,Marble,BR,,
Calacatta Caldia,Marble,IT,,
Calacatta Celeste,Marble,TR,,
Calacatta Celestia,Dolomite,BR,,
Calacatta Columbus,Dolomite,BR,,
Calacatta Corchia,Marble,"IR,IT",,
Calacatta Cremo,Marble,IT,,
Calacatta Crestola,Marble,IT,,
Calacatta Da Vinci,Marble,BR,,
Calacatta Dolomite,Dolomite,"BR,TR",,
Calacatta Egeo,Marble,TR,,
Calacatta Fabbricotti,Marble,IT,,
Calacatta Fantasy,Marble,BR,,
Calacatta Fendi,Marble,BR,,
Calacatta Gold,Marble,"IT,PT,TR,US",,
Calacatta Green,Marble,"IT,TR",,
Calacatta Helena,Marble,TR,,
Calacatta Ibla,Marble,IT,,
Calacatta Iron White,Marble,CN,,
Calacatta Ivory,Marble,IT,,
Calacatta Joyce,Marble,GR,,
Calacatta Lagina,Marble,TR,,
Calacatta Lincoln,Marble,"CN,IT",,
Calacatta Luis Sanchez,Marble,ES,,
Calacatta Lux,Quartzite,BR,,
Calacatta Margot,Marble,VN,,
Calacatta Mashhad,Marble,IR,,
Calacatta Mezza Macchia,Marble,IT,,
Calacatta Murano,Marble,IT,,
Calacatta Mystic,Marble,TR,,
Calacatta Noguchi,Marble,BR,,
Calacatta Oblique,Marble,IT,,
Calacatta Oyster,Marble,IT,,
Calacatta Pearl,Limestone,"AL,IT,PT,TR,US",,
Calacatta Perla,Marble,IT,,
Calacatta Quartzite,Quartzite,BR,,
Calacatta Regina,Marble,IT,,
Calacatta Sky,Marble,IT,,
Calacatta Tucci,Marble,IT,,
Calacatta Vagli Rosato,Marble,IT,,
Calacatta Velluto,Marble,IT,,
Calacatta Vintage,Marble,IT,,
Calacatta Viola,Marble,"IR,IT,TR",,
Calacatta Viola Rosata,Marble,IT,,
Calacatta Wow,Marble,IT,,
Calanca,Gneiss,CH,,
Calca Red,Granite,AU,,
Calcario Jurassic,Limestone,PT,,
Calcario Real,Limestone,PT,,
Calcario Red,Limestone,PT,,
Calcita Blue,Marble,BR,,
Calcutta Latte,Marble,"IN,IT",,
Calcutta Vegli,Marble,IN,,
Caleruega,Limestone,ES,,
Caliber Red,Granite,IN,,
Calico,Granite,BR,,
California Brown,Granite,BR,,
California Gold,Slate,IN,,
California Gray,Marble,"IT,TR",,
California Green,Granite,US,,
California Pink,Marble,"CN,EG,MM,MY,TR",,
California Red Dragon,Granite,CN,,
California White,Granite,CN,,
Calista Cream,Marble,TR,,
Calix,Limestone,PT,,
Caliza Bianco,Limestone,ES,,
Caliza Eureka,Limestone,ES,,
Calizia Zarci,Limestone,ES,,
Callache,Marble,CA,,
Calvi Grand Melange,Granite,FR,,
Calvi Petit Melange,Granite,FR,,
Calypso Gold,Quartzite,BR,,
Calypso Pearl,Marble,TR,,
Cam Thuy,Bluestone,VN,,
Camargo,Limestone,MX,,
Camargue,Limestone,FR,,
Cambodia Lux Ash,Marble,KH,,
Camboriu,Marble,BR,,
Cambrian Cream,Sandstone,US,,
Cambrian Fossil,Limestone,GB,,
Cambridge,Limestone,US,,
Cambridge White,Granite,NA,,
Camel Beige,Marble,PK,,
Camel Brown,Granite,"ES,IN,OM",,
Camel Brown,Sandstone,"ES,IN,OM",,
Camel Dust,Sandstone,IN,,
Camel Dust Sandstone,Sandstone,IN,,
Camel Gold,Limestone,TR,,
Camel Sahara White,Limestone,TR,,
Camel White,Limestone,TR,,
Camelia Rose,Marble,IR,,
Camelia White,Granite,US,,
Camelion Beige,Marble,TR,,
Camellia Gold,Marble,TR,,
Camellia Red,Granite,US,,
Camellot,Crystal,BR,,
Camila,Travertine,PE,,
Camilia,Marble,EG,,
Camoluk,Travertine,TR,,
Camouflage,Marble,AL,,
Campan Melange,Marble,FR,,
Campan Payolle Gris,Marble,FR,,
Campascio,Granite,CH,,
Campaspero,Limestone,ES,,
Campden Buff,Limestone,GB,,
Camus Beige,Marble,TR,,
Can Can,Granite,BR,,
Canaan Gold,Limestone,IL,,
Canada Champagne,Limestone,CA,,
Canadian Black,Granite,"CA,PL",,
Canadian Red,Granite,CA,,
Canadian Violetta,Granite,CA,,
Canadian White,Marble,CA,,
Canaria White,Marble,TR,,
Canarian Cream,Limestone,TR,,
Candle,Onyx,IR,,
Canela,Sandstone,ES,,
Canella Grey,Marble,GR,,
Canhimei Green,Marble,AO,,
Cankiri Serpentinite,Marble,TR,,
Cannes,Limestone,PT,,
Cano Red,Granite,CN,,
Canteverde Grey,Slate,BR,,
Canyon,Onyx,"BR,MX,TR,US",,
Canyon,Sandstone,"BR,MX,TR,US",,
Canyon,Travertine,"BR,MX,TR,US",,
Canyon Beige,Marble,TR,,
Cap Star,Granite,ZA,,
Capao Bonito,Granite,"BR,CN,IN,UA,VE",,
Cape Breton Bordeaux,Marble,"CA,IT",,
Cape Brown,Granite,ZA,,
Cape Neddick,Granite,US,,
Cape Rustenburg,Granite,ZA,,
Cape White,Granite,"BR,CN",,
Cape White,Marble,"BR,CN",,
Capella,Granite,"BR,CN,TR",,
Capella,Travertine,"BR,CN,TR",,
Capo Blanco,Granite,BR,,
Capo Calaberno,Marble,TR,,
Capolavoro,Granite,"BR,IN",,
Capolavoro,Quartzite,"BR,IN",,
Cappadocia,Granite,"BR,TR",,
Cappadocia,Quartzite,"BR,TR",,
Cappadocia,Travertine,"BR,TR",,
Cappadocia,Tuff,"BR,TR",,
Cappuccino,Granite,"BR,CN,IN,IR,IT,TR",,
Cappuccino,Marble,"BR,CN,IN,IR,IT,TR",,
Cappuccino Brown,Granite,IN,,
Capri,Quartzite,"BR,IT",,
Capri Marine,Limestone,ES,,
Capri Pearl,Limestone,ES,,
Capri Pink,Granite,BR,,
Capricho,Travertine,MX,,
Capricho White,Granite,MX,,
Capricorn,Granite,ZA,,
Caprior,Limestone,RO,,
Capuchine,Limestone,FR,,
Cara White,Marble,IR,,
Caracata,Marble,TR,,
Caraibica,Marble,BR,,
Carajas,Granite,BR,,
Caramel,Marble,"MX,PK,TR",,
Caramel,Onyx,"MX,PK,TR",,
Caramel,Travertine,"MX,PK,TR",,
Caramel Beige,Marble,GR,,
Caramel Fantastico,Granite,BR,,
Caramel Light,Marble,TR,,
Caramel Macchiatto,Granite,BR,,
Caramel Mocha,Limestone,CN,,
Caramel Pink,Granite,UY,,
Caramel Taupe,Granite,BR,,
Caramellato,Granite,BR,,
Caramello,Onyx,EG,,
Caramelo Ornamental,Granite,BR,,
Caramiel,Limestone,ES,,
Caravaca Beige,Marble,ES,,
Caravaggio,Marble,BR,,
Carbery,Sandstone,IE,,
Carbon Grey,Andesite,CN,,
Carbonico,Marble,"IR,PL",,
Cardinal Grey,Granite,UA,,
Cardinal Purple,Granite,CI,,
Caressi Blue,Marble,TR,,
Caretta Caretta,Marble,TR,,
Carey Brown,Marble,ES,,
Caria White,Marble,TR,,
Caribbean,Travertine,TR,,
Caribbean Blond,Marble,DO,,
Caribbean Green,Granite,BR,,
Caribbean Grey,Marble,TR,,
Caribbean Island,Marble,"AO,BR,IN,NA,TR",,
Caribbean Marfil,Marble,DO,,
Carina Gold,Limestone,PS,,
Carioca Brown,Granite,BR,,
Carlotta Seafoam,Alabaster,US,,
Carmania,Marble,IR,,
Carmel,Onyx,IL,,
Carmel Beige,Marble,TR,,
Carmel Brown,Granite,BR,,
Carmel Cream,Sandstone,US,,
Carmelia Beige,Marble,LB,,
Carmello,Granite,"BR,PL",,
Carmen Pink,Limestone,MY,,
Carmen Rossa Queen,Marble,TR,,
Carmen White,Marble,MY,,
Carnaval,Granite,BR,,
Carniglia,Sandstone,IT,,
Carnival,Travertine,MX,,
Carnival Brown,Granite,UA,,
Carolina,Sandstone,US,,
Carolina Summer,Granite,BR,,
Caronica Grey,Marble,IT,,
Caroux,Gneiss,FR,,
Carpazi,Granite,UA,,
Carpe Diem,Granite,BR,,
Carped,Onyx,TR,,
Carpet,Onyx,TR,,
Carpinis,Travertine,RO,,
Carradinha,Marble,PT,,
Carrara (Bianco Carrara),Marble,IT,,
Carrara London Fog,Marble,IT,,
Carrara Monte Bianco,Marble,"BR,IT",,
Carrara Orion,Marble,IT,,
Carrarinha,Marble,BR,,
Carraviet,Marble,VN,,
Carso Grey,Marble,"CN,EG,IR,IT,MA,MM,PK,TR",,
Carthage Brown,Marble,TN,,
Carthage Ivory,Limestone,TN,,
Carthage White,Limestone,TN,,
Cartier,Granite,BR,,
Cartus White,Granite,IN,,
Carybe,Granite,BR,,
Casa Blue,Marble,BR,,
Casa Grey,Marble,IT,,
Casablanca,Quartzite,"BR,IN,MA,TR",,
Casatorra,Slate,FR,,
Cascade Coral,Granite,CA,,
Cascade White,Travertine,TR,,
Cashmere Silver,Travertine,TR,,
Caska,Marble,MK,,
Casper White,Granite,IN,,
Caspian,Marble,IR,,
Caspian Bisque,Marble,TR,,
Caspian Gray,Marble,TR,,
Caspian White,Granite,IN,,
Cassandra Beige,Marble,TR,,
Cassanora Beige,Marble,TR,,
Cassata,Travertine,PE,,
Castaneiro,Slate,ES,,
Castano Brown,Marble,TR,,
Castel Beige,Limestone,IL,,
Castel Grey,Marble,CN,,
Castel Rose,Limestone,IL,,
Castione Chiaro,Marble,CH,,
Castle Beige,Limestone,"PT,TR",,
Castle Beige,Marble,"PT,TR",,
Castle Brown,Marble,TR,,
Castle Grey,Granite,"BR,CN,ES,IN,PT",,
Castlemaine,Slate,AU,,
Castor Blue,Granite,BR,,
Castro Vicente,Marble,PT,,
Castro White,Dolomite,CN,,
Catalan Grey,Limestone,ES,,
Cataleia,Marble,IT,,
Catalina Beige,Marble,DO,,
Catania,Limestone,IT,,
Catcastle Buff,Sandstone,GB,,
Catera Grey,Marble,CN,,
Catharina,Marble,EG,,
Cathedral,Granite,BR,,
Catrame,Onyx,TR,,
Catrina Grey,Marble,EG,,
Cats Eye Brown,Granite,IN,,
Cattani Mare,Marble,IT,,
Cavalete,Granite,BR,,
Cavalete Black,Granite,BR,,
Cavalete White,Granite,BR,,
Cavdir Beige,Marble,TR,,
Cave,Crystal,BR,,
Caviale Nero,Granite,UA,,
Cd Pantheon,Granite,BR,,
Ceanitus,Granite,BR,,
Ceara White,Granite,"BR,US",,
Cecina,Limestone,EG,,
Cedar Beige,Limestone,"LB,SY",,
Cedar Breccia,Limestone,LB,,
Cedar Hill Cream,Limestone,US,,
Cedar Oniciata,Marble,IT,,
Cedar Rose,Granite,US,,
Cedro,Onyx,HN,,
Celadon,Marble,CN,,
Celeste,Slate,BR,,
Celestial Frost,Crystal,BR,,
Celestial Green,Granite,IN,,
Celina Grey,Granite,US,,
Celline,Dolomite,BR,,
Cembra,Porphyry,IT,,
Cemento,Sandstone,ES,,
Cenia Azul,Limestone,ES,,
Centaurus,Granite,BR,,
Centella Asiatica,Marble,CN,,
Central Beige,Marble,TR,,
Centurion,Travertine,MX,,
Century Black Ice Flower,Marble,"CN,ES,IN,IT,MX,TR",,
Century Blue,Limestone,PT,,
Century Ice,Granite,CN,,
Century Jute,Granite,CN,,
Century Platinum,Granite,CN,,
Century Red,Granite,CN,,
Ceppo Di Vagli,Marble,IT,,
Ceppo Grey,Marble,TR,,
Ceppo Romano,Marble,IT,,
Ceppo Rosso,Marble,AL,,
Ceppo Verde,Marble,IR,,
Cera Grey,Granite,IN,,
Cerkesli Orchidee,Limestone,TR,,
Cervenilla,Marble,XK,,
Chaldoran,Travertine,IR,,
Chalet,Granite,BR,,
Challawa Pink,Granite,NG,,
Chambeli,Marble,PK,,
Chambolle,Limestone,FR,,
Chambord,Limestone,"CA,FR",,
Chambord Beige,Limestone,FR,,
Chambord Gold,Limestone,FR,,
Chambroad,Limestone,FR,,
Champagne,Marble,"AU,BR,FR,GR,IN,TR",,
Champagne,Onyx,"BR,FR,TR",,
Champagne French,Limestone,"FR,TR",,
Champagne Gold,Granite,"CN,IN,TR",,
Champagne Gold,Marble,"CN,IN,TR",,
Champagne Gray,Marble,"CN,KH,TN,TR",,
Champagne Green,Granite,CN,,
Champagne Grey,Limestone,HR,,
Champagne Rosado,Marble,BR,,
Champenay,Sandstone,FR,,
Champlain,Granite,"CA,US",,
Champlain,Marble,"CA,US",,
Chamrajnagar Black,Granite,"BR,CN,IN,LK,SE,VN",,
Chanceaux,Limestone,FR,,
Chanderia White,Marble,IN,,
Chandler Bay,Granite,GB,,
Chandna White,Granite,IN,,
Chandon Black,Quartzite,BR,,
Chandon Rouge,Marble,FR,,
Chanel Cloud,Marble,TR,,
Chanel Dark,Marble,TR,,
Chanel Gold,Marble,"GR,TR",,
Chang E Beige,Marble,"IR,PH,TR",,
Changbai White Jade,Marble,"AR,AU,BR,CN,ID,IN,TR",,
Changle Red,Granite,"CN,ES,IN,NG",,
Changning Red,Granite,CN,,
Chantilly,Quartzite,"BR,FR",,
Chantilly White,Limestone,FR,,
Chaozhou Red,Granite,CN,,
Chaperra Cream,Travertine,MX,,
Charcoal Black,Granite,"BR,CN,IN,LK,SE,VN",,
Charcoal Blue,Slate,CN,,
Chardonnay,Granite,BR,,
Chariot Blue,Granite,IN,,
Charley Brown,Granite,US,,
Charm Blue Blackish Green,Granite,NG,,
Charme Beige,Sandstone,ES,,
Charmot,Limestone,FR,,
Chassagne Beauharnais Saumone,Limestone,FR,,
Chassignelles,Limestone,FR,,
Chateau,Granite,"BR,US",,
Chateau,Limestone,"BR,US",,
Chateau Blanc,Quartzite,BR,,
Chateau Landon,Limestone,FR,,
Chateaux Persa,Granite,BR,,
Chauvigny,Limestone,FR,,
Cheema Blue,Granite,IN,,
Cheer White,Granite,CN,,
Cheetah Brown,Granite,"IN,IR",,
Cheetah Brown,Marble,"IN,IR",,
Chehrak,Marble,IR,,
Chelmsford Gray,Granite,US,,
Chem Grey,Marble,TR,,
Chenaran Brown,Marble,IR,,
Chenaran Grey,Marble,IR,,
Chengde Green,Granite,"AO,BR,CN,ES,IN,NO,PL,SA,TR,US,ZA",,
Chenshan White,Granite,CN,,
Cherkas Green,Granite,UA,,
Chernomorec,Granite,BG,,
Cherry,Marble,TR,,
Cherry Blossom,Marble,CN,,
Cherry Brown,Granite,IN,,
Cherry Chocolate,Granite,BR,,
Cherry Gold,Marble,IN,,
Chestnut,Limestone,"TR,US",,
Chestnut,Sandstone,"TR,US",,
Chestnut,Travertine,"TR,US",,
Chestnut Blue,Granite,"FI,IN",,
Chestnut Brown,Marble,"PH,TR",,
Cheyenne,Granite,BR,,
Chiampo Paglierino,Marble,IT,,
Chianca Albanese,Limestone,AL,,
Chiara Beige,Marble,TR,,
Chief Cliff,Sandstone,US,,
Chief White Diamond,Granite,CN,,
Chifeng Moyu,Granite,CN,,
Chiffon White,Granite,IN,,
Chihuahua,Travertine,MX,,
Chikoo Pearl,Granite,IN,,
Chilton,Limestone,US,,
Chiluca,Cantera,MX,,
China Apple Green,Granite,"CN,IN",,
China Apricot,Slate,CN,,
China Arabescato,Marble,"BR,CN,GR,IN,MM,MX,NA,PT,TR,VN,ZM",,
China Aurora,Granite,CN,,
China Autumn,Slate,CN,,
China Balmoral,Granite,CN,,
China Beige,Onyx,CN,,
China Black,Andesite,"AO,BR,CA,CN,IN,PL,TZ",,
China Black,Basalt,"AO,BR,CA,CN,IN,PL,TZ",,
China Black,Granite,"AO,BR,CA,CN,FI,IN,LK,MZ,NA,PL,SE,TZ,VN,ZA,ZM,ZW",,
China Blue,Marble,"AR,AU,BR,CN,ID,IN,TR",,
China Blue,Slate,"AR,AU,BR,CN,ID,IN,TR",,
China Blue Sky,Marble,CN,,
China Brown,Marble,"CN,MA",,
China Brown,Rhyolite,"CN,MA",,
China Brown,Travertine,"CN,MA",,
China Calacatta Grey,Marble,CN,,
China Carrara,Marble,CN,,
China Coral Green,Granite,CN,,
China Deer Brown,Granite,"CA,CN",,
China Desert Beige,Marble,CN,,
China Desert Brown,Granite,CN,,
China Emperador Gold,Marble,"CN,TR",,
China Galaxy White,Granite,"AO,CN,GR,ID,IN,IR,VN",,
China Georgia Gray,Granite,CN,,
China Giallo Fiorito,Granite,CN,,
China Gold,Onyx,CN,,
China Gold,Slate,CN,,
China Golden,Granite,"CA,CN",,
China Golden Black,Marble,"CN,DO,GR,IN,IR,IT,PK,TR",,
China Green,Sandstone,"BR,CN,GB",,
China Grey,Basalt,CN,,
China Grey,Limestone,CN,,
China Grey,Porphyry,CN,,
China Grey,Rhyolite,CN,,
China Grey,Sandstone,CN,,
China Honey,Onyx,CN,,
China Jade,Slate,CN,,
China Lactea,Marble,CN,,
China Lava,Basalt,CN,,
China Lilac,Slate,CN,,
China Maya White,Marble,CN,,
China Mountain Red,Granite,CN,,
China Multicolor Red,Granite,CN,,
China Multicolor Slate,Slate,CN,,
China Pacific Blue,Granite,"CN,IN",,
China Pink,Sandstone,CN,,
China Pink Porino,Granite,CN,,
China Portoro Gold,Marble,"CN,DO,GR,IN,IR,IT,PK,TR",,
China Purple,Porphyry,CN,,
China Purple,Sandstone,CN,,
China Rainbow,Onyx,CN,,
China Red,Porphyry,CN,,
China Red,Slate,CN,,
China Silver White,Granite,CN,,
China Spider Beige,Marble,"CN,TR",,
China Star White,Granite,CN,,
China Strata Grey,Slate,CN,,
China Sunset Pink,Marble,CN,,
China Titanium,Granite,CN,,
China Veneziano,Granite,CN,,
China White,Limestone,"CN,IN",,
China White,Onyx,"CN,IN",,
China White,Sandstone,"CN,IN",,
China White,Travertine,"CN,IN",,
China Wooden,Sandstone,CN,,
China Yellow,Limestone,CN,,
China Yellow,Onyx,CN,,
China Yellow,Sandstone,CN,,
China Yellow,Slate,CN,,
China Yellow,Travertine,CN,,
Chinese Balmoral Black,Granite,CN,,
Chinese Balmoral Red,Granite,CN,,
Chinese Cafe Bahia,Granite,CN,,
Chinese Inada,Granite,CN,,
Chinese Mahogany,Granite,CN,,
Chinese St.Laurent,Marble,CN,,
Chini Mehriz,Marble,IR,,
Chinon,Limestone,FR,,
Chintamani Grey,Granite,IN,,
Chios Brown,Marble,IR,,
Chios Red,Marble,GR,,
Chira Light Emperador,Marble,"CN,LB",,
Chirpan Breccia,Marble,BG,,
Chittoor Paradiso,Granite,IN,,
Chloe Ice Ash,Marble,CN,,
Chlum,Granite,CZ,,
Chocolaire,Marble,IN,,
Chocolate,Marble,"BE,BR,CN,FR,GB,ID,IN,IR,IT,OM,PK,US,VN",,
Chocolate,Onyx,"BR,IN,IR,PK,US,VN",,
Chocolate,Slate,"BR,IN,IR,PK,US,VN",,
Chocolate Bi Moj,Travertine,IR,,
Chocolate Grey,Marble,TR,,
Chocolate Jerusalem,Limestone,IL,,
Chocolate Mojdar,Travertine,IR,,
Chocolate Momtaz,Travertine,IR,,
Chocolate Oman,Limestone,OM,,
Chocolate River,Granite,BR,,
Chocolate Travertine,Travertine,"IR,MX",,
Chocolate White,Marble,MY,,
Chocolate Yazd,Travertine,IR,,
Chocolate Zanjan,Granite,IR,,
Choctaw Tan,Sandstone,US,,
Chom Poo Nhong Bua,Granite,TH,,
Chompoo Kam Mam,Marble,TH,,
Chovnovsky,Granite,UA,,
Chris Ivory,Marble,SY,,
Christmas Beige,Marble,OM,,
Christmas Bush,Granite,AU,,
Chronos,Granite,BR,,
Chrysanthemum Green,Granite,CN,,
Chrysanthemum Red,Granite,CN,,
Chrysanthemum Yellow,Marble,CN,,
Cianitus,Granite,BR,,
Cibaca Pink,Granite,IN,,
Cide Beige,Marble,TR,,
Cielo,Quartzite,"BR,MX,TR",,
Cielo De Ivory,Granite,"BR,IN",,
Cielo De Oro,Granite,"BR,IN",,
Cielo Del Sahara Blue,Onyx,IR,,
Cielo Del Sahara Giallo,Onyx,IR,,
Cielo Grey,Marble,"BR,MX",,
Cierny Balog,Granite,SK,,
Cilicia Beige,Marble,TR,,
Cimbo,Limestone,ID,,
Cincinnati Diamond,Marble,IN,,
Cinderella,Granite,"BR,CN,TR",,
Cinderella,Marble,"BR,CN,TR",,
Cinler Scabas,Travertine,TR,,
Cinler Walnut,Travertine,TR,,
Cinnamon,Granite,"BR,CA,CN,US",,
Cinnamon,Limestone,"BR,US",,
Cinnamon Beige,Marble,TR,,
Cintilante Blue,Marble,BR,,
Cinye,Marble,TR,,
Cinza Alpalhao,Granite,PT,,
Cinza Alpendurada,Granite,PT,,
Cinza Caraculo,Granite,AO,,
Cinza Castro,Granite,PT,,
Cinza Corumbazinho,Granite,BR,,
Cinza Corumbá,Granite,BR,,
Cinza Cristalino,Marble,ES,,
Cinza Lapa,Granite,PT,,
Cinza Maua,Granite,BR,,
Cinza Moirinte,Granite,PT,,
Cinza Montemuro,Granite,PT,,
Cinza Nobre,Granite,BR,,
Cinza Penalva,Granite,PT,,
Cinza Pinhel,Granite,PT,,
Cinza Raiado,Marble,PT,,
Cinza Tropical,Granite,BR,,
Cinza Verde,Soapstone,BR,,
Cinzento Antas,Granite,PT,,
Cinzento Ariz,Granite,PT,,
Cinzento De Favaco,Granite,PT,,
Cinzento De Satao,Granite,PT,,
Cinzento Monchique,Granite,"BR,CN,PT",,
Cinzento St. Eulalia,Granite,PT,,
Ciocorosa,Marble,IT,,
Cipolin Sanguins,Marble,DZ,,
Cipollino,Marble,"GR,IT",,
Cipollino Di Valdieri,Marble,IT,,
Cipollino Nero,Marble,"BR,CN",,
Cipollino Ondulato Rosso,Marble,IT,,
Cipollino Renoir,Marble,"BR,CN",,
Cippo Fantasy,Quartzite,IN,,
Cippo Grey,Marble,IN,,
Circo White,Marble,BR,,
Cirpan,Marble,BG,,
Cirrus,Marble,OM,,
Citrine Beige,Marble,TR,,
Citrus,Granite,BR,,
Ciucurova,Limestone,RO,,
Clara White,Marble,TR,,
Claro Rosal,Marble,PT,,
Claros Grey,Marble,TR,,
Classic,Travertine,"IR,TR",,
Classic Beige,Travertine,"BG,IR,IT,TR",,
Classic Black,Granite,"BR,CN,IN,LK,SE,VN",,
Classic Brown,Granite,"CA,CN,EG,IN,IR,SA,ZA",,
Classic Travertine (Romano),Travertine,"TR,IR",,
Clauzetto Rudista,Limestone,IT,,
Clauzetto Unito,Limestone,IT,,
Clay,Sandstone,OM,,
Cleopatra Beige,Marble,TR,,
Clivia,Marble,CN,,
Cloud,Travertine,IR,,
Cloud Atlas,Marble,CN,,
Cloud Cristale,Marble,BR,,
Cloud Flower,Granite,CN,,
Cloud Nine,Marble,BR,,
Cloud Silk Grey,Granite,CN,,
Cloud Time,Marble,CN,,
Cloud Vein,Granite,VN,,
Cloud Vein,Marble,VN,,
Cloudy,Onyx,MX,,
Cloudy Angelica,Travertine,PE,,
Cloudy Beige,Marble,"CN,IN,TR",,
Cloudy Gohare,Marble,IR,,
Cloudy Gold,Marble,IN,,
Cloudy Makro Brown,Marble,TR,,
Cloudy Mist,Marble,BR,,
Cloudy Moon,Granite,IN,,
Cloudy White Jade,Marble,MM,,
Clova Cream,Marble,TR,,
Cm Dark,Marble,IN,,
Cm Light,Marble,IN,,
Coalbank,Sandstone,US,,
Coarse Grain White,Granite,CN,,
Coastal Brown,Sandstone,AU,,
Coastal Gray,Marble,TR,,
Coastal Sand,Limestone,MX,,
Cobalt Blue,Granite,BR,,
Cobra,Granite,"BR,IN",,
Cobra,Soapstone,"BR,IN",,
Cobra Black,Granite,IN,,
Cobra Green,Granite,BR,,
Cocktail Beige,Marble,TR,,
Cocktail Green,Granite,"CN,IN",,
Cocoa,Travertine,IR,,
Cocoa Grey Grain,Granite,CN,,
Coconut Beige,Marble,IR,,
Codacal Dunas,Limestone,PT,,
Coffee,Marble,"CN,CO,FR,ID,IN,IR,IT,TN,TR",,
Coffee,Onyx,"CN,IR,TR",,
Coffee,Sandstone,"CN,IR,TR",,
Coffee Been,Marble,CN,,
Coffee Brown,Granite,"BR,CN,FI,IN,IR,SE,TR",,
Coffee Brown,Travertine,"IR,TR",,
Coffee Foam,Tuff,TR,,
Coffee Gold Brown,Marble,IR,,
Coffee Line,Onyx,TR,,
Coffee Milk,Marble,"TR,VN",,
Coffee Milk,Travertine,"TR,VN",,
Coffee Mocha,Marble,IR,,
Coffee Mousse,Marble,CN,,
Coffee Wood Grain,Marble,"AR,CA,CN,GR,IR,MY,PK,TR,VN",,
Coheba,Marble,GR,,
Cohim White,Marble,TR,,
Coil,Marble,RU,,
Coin Black,Granite,IN,,
Coin Blanco,Marble,ES,,
Coke,Marble,PK,,
Cola,Onyx,"IR,TR",,
Cold Jadeite,Marble,BR,,
Cold Mountain,Granite,BR,,
Colebrook,Sandstone,AU,,
Colibri,Granite,BR,,
Coliseo,Travertine,MX,,
Coliseu,Granite,BR,,
Coliseum,Granite,"BR,PE",,
Coliseum,Travertine,"BR,PE",,
Collina,Granite,BR,,
Colombia Multicolor,Slate,CO,,
Colombia White,Marble,"BR,CN,GR,IN,MM,MX,NA,PT,TR,VN,ZM",,
Colonial,Granite,"BR,IN",,
Colonial Blue,Granite,IN,,
Colonial Bordeaux,Granite,BR,,
Colonial Gold,Granite,"BR,IN,LK",,
Colonial Pearl,Granite,LK,,
Colonial Persa,Granite,BR,,
Colonial White,Granite,"BR,CN,IN",,
Colonial White - M,Granite,IN,,
Color Grey,Marble,CN,,
Colorado,Alabaster,"BR,IN,US",,
Colorado,Marble,"BR,IN,IT,PT,TR,US",,
Colorado,Quartzite,"BR,IN,US",,
Colorado Buff,Sandstone,US,,
Colorado Gold,Granite,BR,,
Colorado Red,Sandstone,US,,
Colorado River,Granite,BR,,
Colorado Rose Red,Granite,US,,
Colorado Yule,Marble,"IT,PT,TJ,TR,US",,
Colored Green,Onyx,IR,,
Colored Pink,Onyx,IR,,
Colorful,Onyx,"PK,TR",,
Colorful,Travertine,"PK,TR",,
Colorful Coral,Marble,CN,,
Colossae Antique,Travertine,TR,,
Colossae Crema,Marble,TR,,
Colossal White,Granite,BR,,
Columbia Black Basalt,Basalt,CO,,
Columbia Pink,Granite,US,,
Com Light,Travertine,TR,,
Com Medium,Travertine,TR,,
Combe Brune,Limestone,FR,,
Comblanchien,Limestone,FR,,
Comblanchien Lm,Limestone,FR,,
Comet,Granite,BR,,
Conchiglia Rara,Marble,IT,,
Condado,Limestone,ES,,
Confucius Grey,Granite,CN,,
Confusion Blue,Marble,IR,,
Confusion Dark,Marble,BR,,
Confusion Light,Marble,BR,,
Congo Black,Granite,BR,,
Conimbriga,Travertine,PT,,
Connecticut Bluestone,Bluestone,US,,
Connemara,Granite,IE,,
Connemara (Irish Green),Marble,IE,,
Connemara Barnanoraun,Marble,IE,,
Connemara Dark Green,Marble,IE,,
Connemara Derryclare,Marble,IE,,
Connemara Sepia,Marble,IE,,
Connemara White,Marble,IE,,
Connemarble Light Green,Marble,IE,,
Consta,Travertine,TR,,
Constantine,Granite,BR,,
Continental Beige,Marble,"EG,IR",,
Coogee,Sandstone,AU,,
Coolness White Jade,Marble,CN,,
Coombefield Roach,Limestone,GB,,
Coombefield Xe,Limestone,GB,,
Copacabana,Granite,"BR,CN,IN,IR,TR",,
Copenhagen,Granite,BR,,
Copo Black,Marble,IR,,
Copp Cragg,Sandstone,GB,,
Copper,Sandstone,"IN,US",,
Copper Brown,Marble,"CN,ES,GR,IN,IR,IT,LB,MA,PK,RU,TN,TR,VN",,
Copper Canyon,Granite,"BR,US",,
Copper Canyon,Sandstone,"BR,US",,
Copper Gold,Granite,"BR,IN,TR",,
Copper Gold,Travertine,"BR,IN,TR",,
Copper Grey,Marble,BR,,
Copper Rose,Granite,CN,,
Copper Silk Beige,Granite,IN,,
Copper Slate,Slate,IN,,
Copper Star,Marble,DZ,,
Copper Taupe,Granite,BR,,
Copper Yellow,Marble,CN,,
Coral,Granite,"CN,ES",,
Coral Brown,Granite,BR,,
Coral Green Neimenggu,Granite,CN,,
Coral Grey,Sandstone,"CN,ES",,
Coral Jade,Marble,CN,,
Coral Red,Granite,"FI,RU,UA",,
Coral Reef,Granite,BR,,
Coral Spring,Granite,BR,,
Coral Stone,Limestone,DO,,
Coral Travertine,Travertine,"US,MA",,
Corantos Gold,Limestone,LB,,
Corcho,Cantera,MX,,
Corcho Dorado,Cantera,MX,,
Corcovado Branco,Granite,BR,,
Cordoba Cream,Granite,BR,,
Cordova Shell,Limestone,US,,
Coreno Breccia,Limestone,IT,,
Corgoloin,Limestone,FR,,
Corinthian,Limestone,TR,,
Corinthian Beige Nature,Marble,GR,,
Corn Red,Granite,CN,,
Corncockle,Sandstone,GB,,
Cornelian Beige,Marble,TR,,
Coromandel,Granite,"BR,CN,ES,IN,IT,LK,NZ,UA,ZA",,
Corona Grey,Marble,"BR,CN,CO,EG,ES,GR,IT,MY,PT,TN,TR",,
Corona Pink,Granite,IN,,
Corrennie,Granite,GB,,
Correze,Sandstone,FR,,
Corsehill Red,Sandstone,GB,,
Corsica,Marble,TR,,
Corte,Limestone,ES,,
Corteccia Brown,Marble,RO,,
Cortices Vein,Sandstone,CN,,
Cortina White,Granite,BR,,
Corton Beige Rose,Limestone,FR,,
Corton Fleury,Limestone,FR,,
Corton Medieval,Limestone,FR,,
Cortona,Limestone,US,,
Corus,Limestone,IL,,
Cosmic Beige,Marble,IN,,
Cosmic Blue,Granite,"AR,BR,CN,IN",,
Cosmic Rose,Marble,CN,,
Cosmic White,Granite,"BR,IN,PT",,
Cosmo White,Marble,GR,,
Cosmos Green,Granite,BR,,
Cosmos Olive,Marble,TR,,
Costa Azzurra,Marble,"BR,TR",,
Costa Cream,Marble,TR,,
Costa Dakota,Granite,IN,,
Costa Dorada,Granite,BR,,
Costa Esmeralda,Granite,"BR,IN,IR",,
Costa Green,Granite,IN,,
Costa Playo,Granite,BR,,
Costa Queimada,Granite,PT,,
Costa Smeralda,Granite,"BR,IR",,
Costarica,Granite,BR,,
Cote D Azur,Limestone,"BR,ES",,
Cote D Azur,Marble,"BR,ES",,
Cote Dor,Limestone,FR,,
Coteron,Sandstone,ES,,
Cotswold,Limestone,GB,,
Cotswold,Sandstone,GB,,
Cotta,Sandstone,DE,,
Cotton,Alabaster,IR,,
Cotton Beige,Marble,IR,,
Cotton Motion,Granite,BR,,
Cottonwood Top Ledge,Limestone,US,,
Cougan Green,Granite,BR,,
Coulmier,Limestone,FR,,
Country,Travertine,TR,,
Country Fantasy,Travertine,TR,,
Country Tuscany,Travertine,TR,,
Coup Du Soleil,Granite,FR,,
Cove Red,Sandstone,US,,
Covelano White,Marble,IT,,
Cowra Blue,Granite,AU,,
Crape Myrtle,Marble,CN,,
Crazy Horse,Granite,BR,,
Cream,Granite,"BR,IN,IR",,
Cream,Travertine,"BR,IN,IR",,
Cream Alden,Limestone,TR,,
Cream Arc,Marble,IR,,
Cream Aria,Marble,IR,,
Cream Bella,Marble,TR,,
Cream Cashmere,Granite,IN,,
Cream Classic,Limestone,"BG,IR,TR",,
Cream Cobal,Limestone,AO,,
Cream Flakes,Granite,BR,,
Cream Galaxy,Marble,TR,,
Cream Ivory,Marble,"ES,IR,IT",,
Cream Jade,Marble,CN,,
Cream Miniature,Marble,IR,,
Cream Mos,Limestone,PT,,
Cream Namin,Marble,IR,,
Cream Ole,Marble,TR,,
Cream Orumieh,Granite,IR,,
Cream Pearl,Marble,"BA,BR,CN,EG,ES,GR,ID,IR,IT,OM,TR",,
Cream Riviera,Marble,"BR,IT",,
Cream Rose,Marble,"CN,ID,IR,TR",,
Cream Saudi,Limestone,SA,,
Cream Traonyx,Onyx,IR,,
Cream Vanian,Marble,IR,,
Cream Violet,Granite,BR,,
Cream Wave,Marble,"IR,OM",,
Cream White,Marble,"OM,TR",,
Creama Berrato,Marble,TR,,
Creama Dora,Marble,TR,,
Creamsa,Marble,TR,,
Credit Valley Red,Sandstone,CA,,
Creeton Silver Bed,Limestone,GB,,
Creggaun,Sandstone,IE,,
Crema,Cantera,MX,,
Crema Alexandra,Marble,TR,,
Crema Amelia,Granite,IN,,
Crema Anciente,Limestone,TR,,
Crema Andino,Travertine,PE,,
Crema Antares,Travertine,ES,,
Crema Antartida,Granite,BR,,
Crema Astoria,Granite,BR,,
Crema Atlantico,Granite,"ES,PT",,
Crema Bahia,Granite,BR,,
Crema Bavaria,Limestone,DE,,
Crema Beida,Limestone,ES,,
Crema Bella,Limestone,TR,,
Crema Bellisimo,Marble,TR,,
Crema Bello,Marble,EG,,
Crema Bil Latte,Marble,TR,,
Crema Blandus,Granite,IN,,
Crema Bonica,Marble,TR,,
Crema Botanic,Granite,BR,,
Crema Brazil,Granite,BR,,
Crema Brule,Marble,CN,,
Crema Caracol,Marble,VE,,
Crema Caribe,Marble,VE,,
Crema Carita,Marble,TR,,
Crema Casiel,Limestone,TR,,
Crema Castello,Limestone,HR,,
Crema Cenia,Limestone,ES,,
Crema Champagne,Limestone,"ES,GR",,
Crema Champan,Granite,ES,,
Crema Chianti,Granite,BR,,
Crema Chora,Marble,TR,,
Crema Continental,Limestone,ES,,
Crema Cordoba,Marble,MX,,
Crema Cornicopia,Marble,TR,,
Crema Cybele,Limestone,TR,,
Crema Dare,Marble,TR,,
Crema Demo,Limestone,ES,,
Crema Dena,Marble,IR,,
Crema Dolomit,Marble,TR,,
Crema Dorada,Sandstone,ES,,
Crema Dorlion,Marble,"ES,IR,IT,TR",,
Crema Eda,Marble,TR,,
Crema Elizabeth,Marble,ID,,
Crema Europa,Limestone,ES,,
Crema Eva,Marble,"AU,BR,CN,EG,ES,OM,TR",,
Crema Fantasia,Marble,ES,,
Crema Fantastico,Marble,IT,,
Crema Fatin,Marble,TR,,
Crema Fiora,Marble,TR,,
Crema Fiorito,Limestone,"BG,XK",,
Crema Fosil,Limestone,ES,,
Crema Gerbera,Travertine,IR,,
Crema Giallo,Limestone,TR,,
Crema Giulia,Limestone,HR,,
Crema Hugo,Marble,ID,,
Crema Iberico,Marble,ES,,
Crema Julia,Granite,ES,,
Crema Kasta,Marble,TR,,
Crema Kemalpasa,Marble,TR,,
Crema Konya,Marble,TR,,
Crema Lal,Granite,TR,,
Crema Life,Marble,TR,,
Crema Lima,Marble,TR,,
Crema Linda,Marble,TR,,
Crema Luminous,Limestone,IR,,
Crema Luna,Limestone,FR,,
Crema Lux,Marble,TR,,
Crema Lykia,Marble,TR,,
Crema Machiato,Limestone,BG,,
Crema Macieira,Granite,PT,,
Crema Magna,Marble,TR,,
Crema Mar,Limestone,PT,,
Crema Mara,Granite,BR,,
Crema Marbella,Limestone,"ES,TR",,
Crema Marbella,Marble,"ES,TR",,
Crema Mare Perla,Marble,TR,,
Crema Marfil,Marble,ES,,
Crema Marfil Gold,Marble,ES,,
Crema Maroc,Limestone,MA,,
Crema Mediterraneo,Limestone,TN,,
Crema Mendi,Limestone,BR,,
Crema Montana,Granite,BR,,
Crema Mora,Limestone,IT,,
Crema Moralejo,Limestone,ES,,
Crema Morata,Marble,ES,,
Crema Mori,Marble,ID,,
Crema Natural Santa,Marble,TR,,
Crema Nera,Marble,TR,,
Crema Nova,Limestone,ES,,
Crema Novelda,Limestone,ES,,
Crema Oliva,Marble,TR,,
Crema Palancar,Limestone,ES,,
Crema Panna,Marble,TR,,
Crema Parador,Marble,ES,,
Crema Patricia,Marble,"LB,OM,TR",,
Crema Patricia Fossil,Limestone,TR,,
Crema Patricia Pink,Marble,"LB,OM,TR",,
Crema Peach,Marble,TR,,
Crema Pearl,Limestone,"ES,IT,MY,PT,UY",,
Crema Penta,Marble,TR,,
Crema Perlato,Granite,BR,,
Crema Perlino,Marble,"IT,TR",,
Crema Persa,Granite,BR,,
Crema Petras,Marble,TR,,
Crema Pink,Granite,CN,,
Crema Porto,Marble,TR,,
Crema Raquel,Limestone,PT,,
Crema Rare,Marble,TR,,
Crema Romano,Granite,BR,,
Crema Royal Beige,Marble,"ES,IR,TR",,
Crema S,Limestone,LB,,
Crema Sabbia,Granite,IT,,
Crema Sahara,Limestone,TR,,
Crema Saida,Marble,TR,,
Crema Salma,Marble,ID,,
Crema Santa Ana,Marble,ES,,
Crema Santarem,Limestone,"HR,MX,PT,TN,TR",,
Crema Sante,Marble,TR,,
Crema Santo,Marble,ID,,
Crema Saray,Marble,TR,,
Crema Sevilla,Limestone,ES,,
Crema Shine,Marble,TR,,
Crema Sicilia,Marble,IT,,
Crema Siena,Marble,ES,,
Crema Skrapari,Marble,AL,,
Crema Sol,Marble,TR,,
Crema Spot,Limestone,BG,,
Crema Star,Marble,TR,,
Crema Striato,Marble,BR,,
Crema Sts,Limestone,BG,,
Crema Sunset,Marble,TR,,
Crema Taupe,Granite,BR,,
Crema Terra,Granite,"ES,PT",,
Crema Tropical,Limestone,ID,,
Crema Typhoon,Granite,BR,,
Crema Unico,Marble,TR,,
Crema Valdemanco,Granite,ES,,
Crema Valencia,Marble,"ES,GR,TR",,
Crema Valentino,Granite,IN,,
Crema Valle,Marble,CO,,
Crema Venato,Granite,"BR,IN",,
Crema Venato,Marble,"BR,IN",,
Crema Veneziana,Limestone,IT,,
Crema Verona,Marble,"IT,PK",,
Crema Viejo,Travertine,PE,,
Cremanata,Marble,ID,,
Cremasiva Light,Marble,TR,,
Creme Al,Limestone,PT,,
Creme Artico,Limestone,PT,,
Creme Beach,Granite,BR,,
Creme Camel,Limestone,PT,,
Creme De Provence,Limestone,FR,,
Creme Do Mouro,Marble,PT,,
Creme Elysee,Marble,GR,,
Creme Lagoa,Marble,"PT,TR",,
Creme Marfim,Granite,BR,,
Creme Maroteira,Marble,PT,,
Creme Oriente,Limestone,TN,,
Creme Real,Limestone,PT,,
Creme Regina,Limestone,PT,,
Creme Vdm,Limestone,PT,,
Cremera,Marble,TR,,
Cremino Nuvolato,Marble,IT,,
Cremo Avana,Marble,IT,,
Cremo Tirreno,Marble,IT,,
Crepuscolo,Granite,BR,,
Cresciano,Granite,CH,,
Cresciano White,Gneiss,CH,,
Cresta Black,Marble,GR,,
Creta,Limestone,GR,,
Creta Coral,Limestone,GR,,
Creta Grey,Marble,GR,,
Crete White,Marble,GR,,
Cretto Dark,Marble,VE,,
Cretto Light,Marble,VE,,
Crevola Blue,Marble,"CN,GR,IN,IT,PL,TR",,
Crevola Di Ossola Unito,Marble,IT,,
Crevola Di Ossola Venato,Marble,IT,,
Crimean Grey,Marble,TR,,
Cristalino Classico,Granite,BR,,
Cristalino Gold,Granite,BR,,
Cristalita Blue,Marble,BR,,
Cristalita Honey,Marble,BR,,
Cristalite Blue,Marble,BR,,
Cristallino De Angola,Marble,AO,,
Cristallo Azur d'Oro,Crystal,BR,,
Cristallo Cosmopolitan,Crystal,BR,,
Cristallo Di Rocca,Onyx,IT,,
Cristallo Quartzite,Quartzite,BR,,
Cristallo Rosa,Quartzite,BR,,
Crna Kricka,Marble,HR,,
Croatia Fiorito,Marble,HR,,
Crocodile Beige,Marble,"IR,TR",,
Crocodile Green,Onyx,IR,,
Cronus,Granite,BR,,
Crown Beige,Marble,TR,,
Crown Red,Granite,"CN,IN,SA,UA,VE",,
Crystal,Crystal,BR,,
Crystal Angelus,Crystal,BR,,
Crystal Arborium,Crystal,BR,,
Crystal Cave,Crystal,BR,,
Crystal D'amore,Crystal,BR,,
Crystal Frost,Crystal,BR,,
Crystal Lake,Crystal,BR,,
Crystal Quartzite,Quartzite,BR,,
Crystal Saint,Crystal,BR,,
Crystal White,Marble,"AO,BR,CN,GR,ID,IN,IR,IT,MK,MM,MX,NA,NO,OM,PT,RU,TR,VN,ZM",,
Crystallite,Marble,IN,,
Crystallo,Semi-Precious Stone,IN,,
Crystallo Bianco,Quartzite,IN,,
Crystallo Bianco,Semi-Precious Stone,IN,,
Crystallo Roso,Quartzite,IN,,
Crystallo Spazio,Quartzite,IN,,
Crystallo Traslux,Quartzite,IN,,
Crystallo Traslux,Semi-Precious Stone,IN,,
Cuban Brown,Marble,IN,,
Cubana Beige,Marble,TR,,
Cubuk Brown,Onyx,TR,,
Cuddapah Black,Limestone,IN,,
Cuervo,Travertine,MX,,
Cullinan Brown,Marble,CN,,
Cumbria Green,Tuff,GB,,
Cumulus White,Marble,TR,,
Cupablue,Limestone,ES,,
Cupid Beige,Marble,CN,,
Curi Lava,Basalt,ID,,
Curiaca Blanco,Travertine,PE,,
Curiaca Dorado,Travertine,PE,,
Curiaca Romano,Travertine,PE,,
Cyan,Slate,CN,,
Cyan Angola,Granite,AO,,
Cyan Flower White,Marble,CN,,
Cyan Yinan,Granite,CN,,
Cyanosis,Slate,CN,,
Cygnus Grey,Marble,CN,,
Cypress,Limestone,GR,,
Cyprus,Limestone,CY,,
Cyrstal White,Marble,CN,,
Czaple,Sandstone,PL,,
Czarny,Marble,PL,,
D'Amore,Crystal,BR,,
Da Chainca,Gneiss,PT,,
Da Siberia,Onyx,PT,,
da Vince,Quartzite,BR,,
Da Vinci,Marble,"GR,IN,TR",,
Da Vinci,Travertine,"GR,IN,TR",,
Da Vinci Brown,Granite,CN,,
Da Vinci Brown,Marble,CN,,
Dadu Beige,Marble,CN,,
Daheim,Onyx,NA,,
Dahlia White,Granite,BR,,
Daidai Red,Granite,CN,,
Daino Reale,Marble,IT,,
Daisy,Travertine,TR,,
Daisy Blue,Granite,IN,,
Daisy Grey,Marble,CN,,
Dak Nong,Basalt,VN,,
Dak Song White,Granite,VN,,
Dakar,Quartzite,BR,,
Dakara,Marble,IT,,
Dakota Blue,Granite,BR,,
Dakota Crazy Horse,Granite,US,,
Dakota Mahogany,Granite,US,,
Dakota Rose,Granite,US,,
Dalati,Marble,ET,,
Dalati Grey,Marble,ET,,
Dali White,Limestone,ES,,
Dalian G603,Granite,CN,,
Dalida,Marble,TR,,
Dallas Pink,Granite,BR,,
Dallas White,Granite,"BR,CN,ES,IN,IT,PT",,
Dalle De Lignon,Limestone,FR,,
Dalmania,Marble,TR,,
Dalmata,Marble,BR,,
Dalmatian,Marble,"BR,TR",,
Dalmatina Gold,Travertine,MK,,
Dalya Golden Rose,Marble,TR,,
Dalya Rose,Marble,TR,,
Dama Grey,Marble,GR,,
Damas,Marble,IR,,
Damascata,Marble,IR,,
Damasco White,Marble,"AO,BR,IN,NA,TR",,
Damasta Silver Grey,Marble,"CN,GR,IN,IR,TR",,
Damghan,Granite,IR,,
Danae Ariston,Marble,GR,,
Danae Bianco Gala,Marble,GR,,
Danae Flower,Marble,GR,,
Danae Nuvo Grey,Marble,GR,,
Danae Pighes,Marble,GR,,
Danae Velvet,Marble,GR,,
Danae Venus,Marble,GR,,
Danba White,Marble,CN,,
Danish Cream,Marble,TR,,
Danube,Granite,BR,,
Danxia Red,Granite,CN,,
Danxia Red Jade,Marble,CN,,
Danyang Red,Granite,CN,,
Dareh Bokhari,Travertine,IR,,
Darius Black,Marble,TR,,
Dark Beige Fossil,Marble,TR,,
Dark Blue Grey,Slate,GB,,
Dark Brown,Travertine,TR,,
Dark Cloudy,Marble,"CN,IR,TR",,
Dark Coral Green,Granite,BR,,
Dark Cream,Limestone,IR,,
Dark Deep Blue,Marble,TR,,
Dark Gray,Slate,CN,,
Dark Green,Granite,"CN,IR",,
Dark Green Diamond,Granite,CN,,
Dark Green G Strakes,Marble,IN,,
Dark Green Gold Sand,Granite,CN,,
Dark Green Purple,Granite,CN,,
Dark Grey,Granite,"BR,CN,IN,IR,LK,SE,VN",,
Dark Grey Galaxy,Marble,IR,,
Dark Hajiabad,Travertine,IR,,
Dark Mist,Granite,BR,,
Dark Moon,Granite,BR,,
Dark Noce,Travertine,"PE,TR",,
Dark Pink,Marble,"IN,TR",,
Dark Pink Rose,Marble,IR,,
Dark Rosy,Marble,"AU,CN,GR,IN,IR,IT,NA,OM,TR,VN",,
Dark Silver Grey,Marble,TR,,
Dark Spring,Marble,IR,,
Dark Steel,Granite,CA,,
Dark Tan,Sandstone,OM,,
Dark Walnut,Travertine,"PE,TR",,
Darney,Sandstone,GB,,
Darwin Brown,Granite,AU,,
Dashtakhar,Travertine,AM,,
Dazano,Travertine,IT,,
Dazzle,Onyx,IN,,
Dazzle White,Marble,IN,,
Dd,Marble,IR,,
De St Yrieix,Gneiss,FR,,
Debden,Sandstone,AU,,
Debnik,Limestone,PL,,
Debreste,Marble,MK,,
Decanska Breca,Limestone,XK,,
Deccan Red,Granite,IN,,
Dedalus Gneiss,Gneiss,BR,,
Deep Blue,Marble,"PS,TR",,
Deep Green,Marble,TR,,
Deep Grey,Basalt,"IT,TR",,
Deep Grey,Marble,"IT,TR",,
Deep Grey Grain,Granite,NG,,
Deep Ocean Beige,Marble,TR,,
Deep Purple,Marble,TR,,
Deer Isle,Granite,US,,
Deerfield,Sandstone,US,,
Deh Bala Yazd,Marble,IR,,
Dehbid Chahmorghi,Marble,IR,,
Dehbid Cream,Travertine,IR,,
Dehbid Royal Cream,Marble,"BA,BR,CN,EG,ES,GR,ID,IR,IT,OM,PK,TR",,
Dehbid Spider,Marble,IR,,
Dehgolan,Onyx,IR,,
Dehnow,Marble,AF,,
Dejavu,Marble,IR,,
Del Carmen Black,Slate,ES,,
Del Mare,Granite,BR,,
Delabole,Slate,GB,,
Delano,Marble,TR,,
Delfino Samina,Marble,IR,,
Delhi Beige,Sandstone,IN,,
Delhi Brown,Sandstone,IN,,
Delhi Gold,Sandstone,IN,,
Delhi Grey,Sandstone,IN,,
Delicate Cream,Marble,"OM,TR",,
Delicate Grey,Marble,OM,,
Delicatus,Granite,"BR,IN",,
Delicatus Brown,Granite,BR,,
Delicatus Cream,Granite,BR,,
Delicatus Splendor,Granite,BR,,
Delirium,Granite,BR,,
Delle Alpi,Quartzite,BR,,
Delta Beige,Marble,TR,,
Delta Diamond,Granite,BR,,
Dema Gray,Marble,TR,,
Demati Esperia,Limestone,GR,,
Demati Grey,Sandstone,GR,,
Dematiou Green,Limestone,GR,,
Demiraglar New Beige,Marble,TR,,
Demirci Gray,Onyx,TR,,
Demirci Honey,Onyx,TR,,
Demirtas Black,Tuff,TR,,
Dena Rosa,Marble,IR,,
Denali,Quartzite,BR,,
Denizli,Travertine,"IR,TR",,
Denizli Yellow,Slate,TR,,
Denizli Yesil,Travertine,TR,,
Derby Black,Basalt,AU,,
Derbyshire,Limestone,GB,,
Desert Black,Granite,IN,,
Desert Blue,Quartzite,BR,,
Desert Brown,Sandstone,"AU,CN,IN",,
Desert Cream,Granite,"EG,IN,MX,SA",,
Desert Cream,Limestone,"EG,IN,MX,SA",,
Desert Cream,Marble,"EG,IN,MX,SA",,
Desert Creme,Travertine,US,,
Desert Dream,Granite,BR,,
Desert Flower,Marble,OM,,
Desert Gold,Limestone,"IL,SY",,
Desert Grey,Limestone,"BR,SA,TR",,
Desert Grey,Marble,"BR,SA,TR",,
Desert Light,Sandstone,DE,,
Desert Multicolor,Sandstone,"DE,IN",,
Desert Oasis,Marble,"OM,PK",,
Desert Oasis,Onyx,"OM,PK",,
Desert Path,Limestone,TR,,
Desert Peach,Marble,GR,,
Desert Pearl,Granite,BR,,
Desert Pink,Limestone,CN,,
Desert Queen,Sandstone,IT,,
Desert Raja,Slate,IN,,
Desert Rose,Granite,"AU,CN,GR,IN,IR,IT,NA,OM,TR,US,VN,ZA",,
Desert Rose,Sandstone,"AU,CN,GR,IN,IR,IT,NA,OM,TR,US,VN,ZA",,
Desert Sand,Travertine,MX,,
Desert Sand Sandstone,Sandstone,"IN,AU",,
Desert Silver,Marble,GR,,
Desert Silver Red,Marble,OM,,
Desert Storm Gold,Granite,BR,,
Desert Sunset,Limestone,OM,,
Desert Wave,Granite,IN,,
Desert White,Granite,"BR,EG,IN,NA",,
Desert White,Marble,"BR,EG,IN,NA",,
Deserto Fiorito,Limestone,RO,,
Deserto Unito,Limestone,RO,,
Designer Brown,Granite,IN,,
Desserto Grigio,Limestone,RO,,
Detay,Limestone,TR,,
Deva,Travertine,RO,,
Develi,Basalt,TR,,
Develi,Tuff,TR,,
Develi Silver,Limestone,TR,,
Develi Silver,Travertine,TR,,
Develi Wood,Basalt,TR,,
Develi Yaylak,Granite,TR,,
Devli Green,Slate,IN,,
Devmer Beige,Marble,TR,,
Dew,Limestone,BA,,
Dhanpura Black,Granite,IN,,
Dhari,Sandstone,IN,,
Dharmeta,Marble,IN,,
Dhofar Mist,Marble,OM,,
Dholpur Beige,Sandstone,IN,,
Dholpur Pink,Sandstone,IN,,
Dholpur Sandstone,Sandstone,IN,,
Dholpur White,Sandstone,IN,,
Dhrangadhra,Sandstone,IN,,
Di Capri,Granite,BR,,
Diabas Omenje,Granite,NA,,
Diabase,Basalt,CN,,
Diamant,Sandstone,ZA,,
Diamante Negro,Granite,BR,,
Diamante Rosa,Cantera,MX,,
Diamond,Marble,"BR,IR,MX",,
Diamond Beige,Marble,TR,,
Diamond Black,Quartzite,BR,,
Diamond Blue Rain,Crystal,BR,,
Diamond Dalmata,Crystal,BR,,
Diamond Emerald Green,Quartzite,BR,,
Diamond Fiore,Crystal,BR,,
Diamond Fiore Mosaic,Crystal,BR,,
Diamond Gold,Granite,"BR,CN,ES,IN,PL,SA,TR,US",,
Diamond Grey,Marble,"IR,TR",,
Diamond Like Flowers,Granite,CN,,
Diamond Oro,Crystal,BR,,
Diamond Pearl,Granite,US,,
Diamond Pink Neimenggu,Granite,CN,,
Diamond Red Huian,Granite,CN,,
Diamond Rose,Granite,"BR,CN",,
Diamond White,Onyx,"BR,IN,IR,MX",,
Diamond White,Quartzite,"BR,IN,IR,MX",,
Diana Green,Granite,IN,,
Diana Smoky,Onyx,IR,,
Diany,Onyx,IN,,
Dias Arabescato,Marble,GR,,
Dias Cielo,Marble,GR,,
Dias Cielo Vein,Marble,GR,,
Dias Cloudy,Marble,GR,,
Dias Statuario,Marble,GR,,
Dichar,Limestone,LB,,
Dicle Crema,Limestone,TR,,
Dicle Sahara,Marble,TR,,
Didima Brown,Marble,GR,,
Didima Grey,Marble,GR,,
Didone,Limestone,TN,,
Didyma Beige,Marble,GR,,
Dietfurt,Limestone,DE,,
Dietfurt,Travertine,DE,,
Dieue,Limestone,FR,,
Digua,Marble,TR,,
Dijon,Limestone,LB,,
Dilegno,Onyx,TR,,
Diler Beige,Marble,TR,,
Dinarit,Limestone,HR,,
Dioclez,Marble,TN,,
Dione,Marble,BG,,
Dior Beige,Limestone,IR,,
Dior Grey,Marble,"CN,TR",,
Diorite Del Piemonte,Granite,IT,,
Diorite Di Traversella,Granite,IT,,
Diorite Viupabra,Granite,IT,,
Diplomat,Marble,IR,,
Diplomat Gol Mamoli,Marble,IR,,
Diplomat Sefid,Marble,IR,,
Dispilio,Marble,GR,,
Diyadin,Granite,TR,,
Diyarbakir Beige,Marble,"CN,ES,TR",,
Diyarbakir Emperador,Marble,TR,,
Djamon Ischi,Marble,JP,,
Djon Light,Marble,EG,,
Dk Green,Marble,TR,,
Dlugopole,Sandstone,PL,,
Dlugosz,Sandstone,PL,,
Dmytrit,Granite,UA,,
Doce Emperador,Marble,TR,,
Doddington,Sandstone,GB,,
Doga Beige,Marble,TR,,
Dolce Beige,Marble,TR,,
Dolce Vita,Dolomite,"BR,TR",,
Dolce Vita,Limestone,"BR,TR",,
Dolce Whita,Marble,"BR,TR",,
Dolcetto Perlato,Marble,IT,,
Dolenjska,Limestone,SI,,
Dolit,Limestone,"GR,HR",,
Dolit White,Marble,GR,,
Dolni Brezinka,Granite,CZ,,
Dolomite Limestone,Limestone,"DE,US,IL,AR,EG",,
Dolomitstein,Marble,CH,,
Dolphin,Granite,TR,,
Dolphin,Onyx,TR,,
Dolphin Blue,Marble,TR,,
Doly,Marble,GR,,
Domokos Red Brown,Marble,GR,,
Domus,Limestone,ES,,
Domus Bianca,Limestone,ES,,
Domvrena Beige,Marble,GR,,
Dona Grey,Granite,IN,,
Donatello,Marble,BR,,
Donau,Marble,RO,,
Donau,Porphyry,RO,,
Donegal,Granite,IE,,
Donegal,Sandstone,IE,,
Donegal Salmon,Granite,IE,,
Doodi,Travertine,IR,,
Dorada,Cantera,MX,,
Dorado Tepexi,Limestone,MX,,
Dorak,Onyx,TR,,
Dorato,Limestone,"IT,MK,TR",,
Dorato,Onyx,"IT,MK,TR",,
Dorato Valmalenco,Gneiss,IT,,
Doratus,Granite,BR,,
Dore Royale,Limestone,"IR,MA",,
Dorian Grey,Marble,GR,,
Doris Grey,Marble,"IR,TR",,
Dorsaf,Marble,TN,,
Dorset Grey,Marble,CN,,
Double Creamy Beige,Marble,CN,,
Dove Red,Granite,CN,,
Dover Grey,Limestone,US,,
Dover Shell,Limestone,US,,
Dovre,Gneiss,NO,,
Dowlow,Limestone,GB,,
Downy Red,Granite,CN,,
Draco,Marble,GR,,
Dragon Beige,Limestone,TR,,
Dragon Beige,Marble,TR,,
Dragon Dark,Marble,CN,,
Dragon Fireworks,Granite,CN,,
Dragon Gold,Marble,"AU,CN,EG,ES,OM,TR",,
Dragon Green,Marble,CN,,
Dragon Kemal,Marble,TR,,
Dragon Red,Marble,"CN,FI,IR,VN",,
Dragon Spring Red,Granite,CN,,
Dragon Squama Green,Granite,CN,,
Dragonia,Marble,AL,,
Drama Green,Marble,GR,,
Drama Ocean Blue,Marble,GR,,
Drama Silver Grey,Marble,GR,,
Drana Multicolor Purple,Granite,CN,,
Dream,Marble,MX,,
Dream Beige,Marble,"BA,TR",,
Dream Green,Granite,CN,,
Dream Nebula,Granite,CN,,
Dream Night,Marble,TR,,
Dream Ocean,Onyx,IR,,
Dream Sapphire,Granite,"BR,CN,IN",,
Dreamlike Brown,Granite,CN,,
Dreamlike Rose,Granite,CN,,
Dreamtime,Marble,AU,,
Dreamworld,Marble,CN,,
Drenovci,Granite,HR,,
Driftwood,Granite,US,,
Dry Rigg,Limestone,GB,,
Dry Rose,Marble,TR,,
Ds,Basalt,TR,,
Ds Gold,Andesite,TR,,
Ds Lava,Basalt,TR,,
Ds Sina,Andesite,TR,,
Dscherwesch Brown,Tuff,AM,,
Dscherwesch Red,Tuff,AM,,
Dubai,Granite,BR,,
Dubai Gold,Marble,TR,,
Duchessa Gris,Marble,ES,,
Duke White,Granite,IT,,
Dukes,Sandstone,GB,,
Duna,Travertine,TR,,
Duna White,Marble,TR,,
Dune Rosal,Sandstone,ES,,
Dungarpur White,Marble,IN,,
Dunhouse Buff,Sandstone,GB,,
Dunhuang Red,Granite,CN,,
Dunnville,Sandstone,US,,
Duquesa Brechado,Marble,ES,,
Durango,Limestone,"MX,SA",,
Durango Blonde,Travertine,MX,,
Durango Chocolate,Travertine,MX,,
Durango Dorado,Travertine,MX,,
Durango Orange,Onyx,MX,,
Durango Paredon,Travertine,MX,,
Durango Rainbow,Onyx,MX,,
Durango Travertine,Travertine,MX,,
Durango Zacatecas,Travertine,"MX,TR",,
Dusun Beige,Marble,MY,,
Duvhult,Basalt,SE,,
Dyed Red,Granite,CN,,
Dynasty Purple,Marble,CN,,
Dyno Beige,Marble,OM,,
Dynossaurus,Marble,PT,,
Dzhil Tau,Granite,KZ,,
Eagle Beige,Marble,TR,,
Eagle Grey,Marble,CN,,
Eagle Red,Granite,FI,,
Eagle White,Granite,"BR,TR",,
Eagle White,Marble,"BR,TR",,
Earl Grey,Marble,CN,,
Earl White,Marble,"AO,CN,GR,ID,IN,IR,VN",,
Earth,Sandstone,"CN,OM",,
Earth,Slate,"CN,OM",,
Earth Blue,Marble,"CN,TR",,
Earth Glitter,Granite,CA,,
Earth Grey,Marble,TR,,
Earth Jumbo,Agate,BR,,
East River,Granite,BR,,
Eastern Green,Marble,JP,,
Eastern White,Marble,"BR,CN,GR,IN,MM,MX,NA,PT,TR,VN,ZM",,
Ebano,Travertine,IR,,
Ebenwies,Limestone,DE,,
Ebony Green,Granite,IN,,
Ebony Grey,Marble,IT,,
Ebony Suede,Marble,ES,,
Ebruli,Marble,TR,,
Ebur,Limestone,PT,,
Eclipsia White,Marble,BR,,
Eclisse Lunare,Marble,IT,,
Eco Beige,Limestone,GB,,
Eco Gold,Granite,BR,,
Eco Medium,Travertine,TR,,
Ecru,Marble,TR,,
Ecuador Beige,Marble,EC,,
Ecuador Grey,Marble,EC,,
Edene,Limestone,TR,,
Edessa Black,Marble,GR,,
Edith Green,Marble,CN,,
Efes,Travertine,TR,,
Efes Cream,Marble,TR,,
Efes Sun,Marble,TR,,
Efsus Ochre,Marble,TR,,
Egeon White,Marble,GR,,
Egeus,Travertine,TR,,
Eggentaler,Porphyry,IT,,
Egnatia,Travertine,GR,,
Egufume,Marble,LB,,
Egy Gray Light,Limestone,EG,,
Egypt Black,Porphyry,EG,,
Egypt Black,Slate,EG,,
Egypt Fantastic White,Granite,EG,,
Egypt Red,Porphyry,EG,,
Egypt Sahara Beige,Marble,EG,,
Egyptian Beige,Alabaster,EG,,
Egyptian Beige,Marble,EG,,
Egyptian Emperador Light,Marble,EG,,
Egyptian White,Alabaster,EG,,
Eiffel White,Marble,GR,,
Eitzing,Granite,DE,,
Ekachai Beige,Travertine,TH,,
Ekachai Blue,Granite,TH,,
Ekeberg Bla,Marble,SE,,
Ekeberg Ljus,Marble,SE,,
Ekeberg Moerk,Marble,SE,,
Ekolas Cream,Marble,TR,,
Eksioglu Calacatta,Marble,TR,,
El Dorado,Marble,"CN,GR,IR,MX,TR",,
El Grove,Granite,ES,,
El Madrono Diabase,Granite,ES,,
El Shayeb Assuan,Granite,EG,,
Elazig Amaretto,Limestone,TR,,
Elazig Cream,Limestone,TR,,
Elazig Gold,Travertine,TR,,
Elazig Noche,Travertine,TR,,
Elazig White,Onyx,TR,,
Elba Blue,Marble,"CN,GR",,
Elba Gold,Marble,GR,,
Elba Grey,Marble,GR,,
Elba Sky,Marble,GR,,
Elbistan Beige,Marble,TR,,
Eldorado,Limestone,ES,,
Electra Marun,Marble,GR,,
Electra Pantheon,Marble,GR,,
Elegance,Marble,TR,,
Elegance Grey,Marble,TR,,
Elegant Gold,Marble,"CN,ES,GR,IR,IT,LB,MA,PK,RU,TN,TR,VN",,
Elegant Gray,Granite,"BR,IR,PK,TR",,
Elegant Gray,Marble,"BR,CN,ES,GR,IR,IT,LB,MA,PK,RU,TN,TR,VN",,
Elegant Green,Limestone,TR,,
Elegant White,Granite,BR,,
Elektron Blue,Limestone,PT,,
Elephant Gray,Marble,CN,,
Elephant Hide,Slate,ZA,,
Elicream,Marble,MX,,
Elif Beige,Marble,TR,,
Elikonas Beige,Marble,"GR,TR",,
Elikonas Gold,Marble,IR,,
Elixir,Marble,IR,,
Eliza Red,Granite,NG,,
Elk Brook,Bluestone,US,,
Ella Cream,Marble,IR,,
Ellikon Red Vein,Marble,GR,,
Elmali Beige,Marble,TR,,
Elswick Grey,Sandstone,GB,,
Elterwater,Tuff,GB,,
Elvas Green,Granite,PT,,
Elysian,Crystal,"BR,IN",,
Emek Deep Blue,Marble,TR,,
Emelas Beige,Marble,TR,,
Emelas Pearl,Limestone,TR,,
Emerald,Onyx,"IR,MX,TR",,
Emerald Beige,Marble,IN,,
Emerald Champagne,Granite,CN,,
Emerald Green,Quartz,"BR,CN,IN,IR,SA,TR",,
Emerald Green,Quartzite,"BR,CN,IN,IR,SA,TR",,
Emerald Metis Amare,Onyx,IR,,
Emerald Pearl,Granite,"BR,CN,IN,IT,NG,NO,TR",,
Emerald Pearl,Marble,TR,,
Emerald Quartzite,Quartzite,BR,,
Emerald White,Marble,IN,,
Emgoni,Marble,TR,,
Emiclassic,Granite,AU,,
Emir Grey,Marble,TR,,
Emotion,Marble,TR,,
Emotion Light,Travertine,TR,,
Emperador Black,Marble,"CN,GR,IN,IR,TR",,
Emperador Black,Soapstone,"CN,GR,IN,IR,TR",,
Emperador Dark,Marble,"CN,ES,GR,IR,IT,LB,MA,PK,RU,TN,TR,VN",,
Emperador Light,Marble,"CN,EG,ES,GR,IR,IT,LB,MA,PK,RU,TN,TR,VN",,
Emperador Olive,Marble,"EG,ES,IR,TR",,
Emperador Orientale,Marble,CN,,
Emperador Palace,Granite,CN,,
Emperor,Travertine,TR,,
Emperor Golden Beige,Marble,"IR,TR",,
Emperor Grey,Marble,CN,,
Emperor Red,Granite,CN,,
Empire Golden,Marble,CN,,
Empire Green,Marble,TR,,
Empire Grey,Granite,CN,,
Emporio White,Granite,ES,,
Empress,Marble,"TR,TW",,
Empress Beige,Marble,TR,,
Empress Green,Marble,"CN,TW",,
Encarnado Negrais,Limestone,PT,,
Enchanted Forest,Granite,"BR,IN",,
Endless Mountain,Granite,BR,,
Energy Beige,Marble,TR,,
England Beige,Marble,IR,,
English Brown,Granite,IN,,
English Teak,Granite,IN,,
Englishmans Bay,Granite,US,,
Enigma,Travertine,TR,,
Enigma Black,Granite,BR,,
Entas New Beige,Marble,TR,,
Ephesus Beige,Marble,TR,,
Ephesus Grey,Marble,TR,,
Epidauros,Travertine,GR,,
Epidauros Red,Marble,GR,,
Epprechtstein,Granite,DE,,
Equinox,Marble,BR,,
Era Silver,Marble,GR,,
Erbalunga,Marble,FR,,
Erdem,Marble,TR,,
Erdem Noble,Travertine,TR,,
Eretria Grey,Marble,GR,,
Eretria Red,Marble,GR,,
Ergani,Basalt,TR,,
Ergani Beige,Marble,"CN,ES,TR",,
Eriza Beige,Marble,TR,,
Erkon Grey,Marble,TR,,
Erlake Blue,Marble,CN,,
Ermas Golden,Marble,TR,,
Ermenek Beige,Marble,TR,,
Ermioni Red Brown,Marble,GR,,
Eros,Marble,"GR,TR",,
Eros,Onyx,"GR,TR",,
Ersa,Marble,FR,,
Erythrai,Marble,TR,,
Erzurum Beige,Travertine,TR,,
Erzurum Blue,Onyx,TR,,
Erzurum White,Marble,TR,,
Esbelli White,Tuff,TR,,
Escalettes,Marble,FR,,
Escato,Marble,IR,,
Eskipazar Beige,Marble,TR,,
Eskisehir Beige,Marble,TR,,
Eskisehir Emperador,Marble,TR,,
Eskisehir Light,Travertine,TR,,
Eskisehir Noche,Travertine,TR,,
Eskisehir Rainbow,Onyx,TR,,
Esko Brown,Granite,FI,,
Eslamabad,Limestone,IR,,
Espara Beige,Marble,TR,,
Espresso,Granite,"BR,TR",,
Espresso Macchiato,Marble,TR,,
Essential Grey,Marble,IT,,
Esserando,Marble,NA,,
Estaillades,Limestone,FR,,
Estee Lauder,Marble,TR,,
Estremadura Creme,Limestone,PT,,
Estremoz Crema Con Vergada,Marble,"PT,TR",,
Estremoz Creme,Marble,"IR,PT,TR",,
Estremoz Medio,Marble,PT,,
Estuary Black,Granite,ZA,,
Eternity,Marble,TR,,
Etowah Fleuri,Marble,"GE,US",,
Etowah Pink,Marble,US,,
Ettringen,Tuff,DE,,
Eunika Grey,Marble,CN,,
Eurasian Brown,Marble,IR,,
Eurasian Wood Grain,Marble,"AR,CA,CN,GR,IR,MY,PK,TR,VN",,
Eureka Calacatta Danby,Marble,US,,
Euro Green,Marble,TR,,
Euroasia White,Marble,TR,,
Eurobeige,Marble,GR,,
Europa,Travertine,PE,,
Europe,Marble,CN,,
European Grey Emperador,Marble,CN,,
European Network,Marble,CN,,
Euville,Limestone,FR,,
Eva Grey,Marble,TR,,
Evening Warsaw,Granite,UA,,
Ever Bright,Granite,CN,,
Ever Green,Granite,"CN,IR",,
Everbloom Dark,Marble,TR,,
Everbloom Pink,Marble,TR,,
Everest,Granite,"BR,CN",,
Everest,Marble,"BR,CN",,
Evergreen,Soapstone,BR,,
Everpink,Marble,ID,,
Evia,Onyx,GR,,
Evia Brown,Marble,GR,,
Evora,Limestone,PT,,
Evora P2,Granite,PT,,
Evora P4,Granite,PT,,
Evora White,Marble,BR,,
Ew Gold,Limestone,US,,
Excalibur,Granite,BR,,
Excellent White,Marble,GR,,
Exclusive Beige,Travertine,MD,,
Exim Brown,Marble,VN,,
Exodus White,Granite,BR,,
Exotic Blue,Marble,TR,,
Exotic Diamond,Granite,BR,,
Exotic Gold,Granite,"BR,ES",,
Exotic Gold,Marble,"BR,ES",,
Exotic Lucce,Travertine,PE,,
Exotic Oriental,Granite,BR,,
Exotic Pandora,Marble,BR,,
Exotic Red,Granite,IN,,
Exotic Veins,Marble,CN,,
Exotic White,Granite,IN,,
Explosion Black,Granite,BR,,
Explosion Blue,Quartzite,BR,,
Explosion Lime,Granite,BR,,
Export Light,Travertine,TR,,
Export Medium,Travertine,TR,,
Extreme Blue,Granite,ES,,
Eymer Black,Marble,TR,,
Eyra Gold,Marble,TR,,
Eystrahorn Gabbro,Granite,IS,,
Eyzies Fin,Limestone,FR,,
Ezine Grey,Granite,TR,,
Faberge Gold,Crystal,BR,,
Fah Nam Dip,Granite,TH,,
Fah Panom,Granite,TH,,
Falaudi,Limestone,IN,,
Falkenberg,Granite,SE,,
Falsa Agata,Onyx,ES,,
Fangshan Green,Marble,CN,,
Fangshan Grey,Marble,CN,,
Fangshan Peach Red,Marble,CN,,
Fangshan Snow White,Granite,CN,,
Fanon Green,Granite,BR,,
Fantasia Coto,Marble,ES,,
Fantasia Rosso,Onyx,MX,,
Fantasia Silvia,Marble,EG,,
Fantastic,Limestone,EG,,
Fantastic Black Waves,Granite,EG,,
Fantastic Blue,Marble,BR,,
Fantastic Marbrasa,Granite,BR,,
Fantastic Silver,Marble,TR,,
Fantastic Silver,Travertine,TR,,
Fantastico Branco,Granite,"BR,NA",,
Fantastico Onyx,Onyx,TR,,
Fantastico Vagli,Marble,IT,,
Fantastico White,Marble,CN,,
Fantasy,Limestone,"AO,BR,IN,LK,MX,TR",,
Fantasy,Marble,"AO,BR,IN,LK,TR",,
Fantasy,Onyx,"AO,BR,IN,LK,TR",,
Fantasy,Quartzite,"AO,BR,IN,LK,TR",,
Fantasy,Soapstone,"AO,BR,IN,LK,TR",,
Fantasy Blue,Limestone,"BR,CN,ES,PT,TR",,
Fantasy Blue,Marble,"BR,CN,ES,PT,TR",,
Fantasy Brown,Granite,"AO,BR,CA,IN,LK,TR",,
Fantasy Brown,Marble,"AO,BR,CA,IN,LK,TR",,
Fantasy Brown Quartzite,Quartzite,IN,,
Fantasy Gold,Marble,IT,,
Fantasy Grey,Sandstone,CN,,
Fantasy Lux,Quartzite,BR,,
Fantasy Rainforest,Granite,CN,,
Fantasy Rose,Marble,CN,,
Fantasy Sand,Marble,CN,,
Fantasy Spary,Granite,CN,,
Fantasy White Dolomite,Dolomite,BR,,
Faraon,Onyx,MX,,
Farasouy Royal White,Marble,IR,,
Fascination,Granite,BR,,
Fashion Beige,Marble,TR,,
Fashion Green,Granite,BR,,
Fassuta Red,Limestone,IL,,
Fatima Cream B1,Limestone,PT,,
Fatima Cream B2-V,Limestone,PT,,
Fatty Grey,Marble,TR,,
Faultage White,Granite,PT,,
Faux Verona,Marble,"IT,TR",,
Fawn Beige,Marble,CN,,
Feather Beige,Marble,IR,,
Feather Brown,Marble,IR,,
Feather Grey,Marble,IR,,
Feldispatus,Granite,BR,,
Feldspar Gold,Granite,BR,,
Feldspar White,Granite,BR,,
Feldspato Bianco,Granite,BR,,
Feldspato Diamante,Granite,BR,,
Felsit,Tuff,AM,,
Fendi Beige,Marble,TR,,
Fendi Blue,Marble,TR,,
Fendi Gold,Marble,TR,,
Fengkai Flower,Granite,CN,,
Fengzhen Black,Granite,CN,,
Fenix Gold,Granite,"BR,GR",,
Ferragamo Gray,Marble,IT,,
Ferreira Do Alentejo,Granite,PT,,
Fertorakos,Limestone,HU,,
Fethiye Dark Emperador,Marble,TR,,
Fethiye Light Beige,Marble,TR,,
Fethiye Light Emperador,Marble,TR,,
Fiesta Gold,Granite,BR,,
Figueiras Beje F1,Limestone,PT,,
Figueiras Beje F4-F5,Limestone,PT,,
Figueiras Blue F1,Limestone,PT,,
Figueiras Blue F4-F5,Limestone,PT,,
Figueiras Mix,Limestone,PT,,
Filaki,Marble,GR,,
Filettato America,Marble,IT,,
Filetto Silsela,Marble,EG,,
Filstone Beije Fossil,Limestone,PT,,
Filstone Beije Ml Gold,Limestone,PT,,
Filstone Hard Grey,Limestone,PT,,
Fily,Granite,SA,,
Fine Buff,Sandstone,CN,,
Fine Lines Snow White,Marble,CN,,
Fine Vein Calacatta,Marble,IT,,
Fine Yellow,Sandstone,IN,,
Finike White,Limestone,"BG,IR,TR",,
Finkenbach,Sandstone,DE,,
Finland Emperador,Marble,"CN,ES,GR,IR,IT,LB,MA,PK,RU,TN,TR,VN",,
Finna,Slate,NO,,
Finnish Koral,Granite,FI,,
Finnish Teak,Granite,FI,,
Finnmarkit,Granite,NO,,
Fiona Beige,Marble,TR,,
Fior De Cactus,Granite,IN,,
Fior Di Mare,Limestone,IT,,
Fior di Pesco,Marble,"CN,IR,IT,TR",,
Fior Di Pesco Orientale,Marble,"CN,IR,IT,TR",,
Fior Di Rosa,Marble,IT,,
Fiorito,Travertine,PE,,
Fiorito Dalia,Marble,IT,,
Fiorito Puebla,Travertine,MX,,
Fire,Onyx,TR,,
Fire Bordeaux,Granite,BR,,
Fire Red,Travertine,"IR,TR",,
Firoozeh,Granite,"BR,IR",,
Firoz Kooh,Travertine,IR,,
Fish Belly,Granite,IN,,
Fish Maw Blue,Marble,"BR,CN,CO,EG,ES,GR,IT,MY,PT,TN,TR",,
Fjord,Granite,NO,,
Flake Brown,Granite,"BR,CN,ES,IN,IT,LK,UA,ZA",,
Flamboyant,Quartzite,BR,,
Flame,Onyx,IR,,
Flame Creek,Granite,FI,,
Flamenco,Granite,FI,,
Flamingo,Marble,"BR,IN,TR",,
Flamingo,Slate,"BR,IN,TR",,
Flamingo,Travertine,"BR,IN,TR",,
Flannel,Limestone,IT,,
Flash Night,Marble,TR,,
Flatwillow,Sandstone,US,,
Flava,Travertine,TR,,
Flavia,Travertine,TR,,
Flavigny,Limestone,"FR,MA",,
Flavigny Dore,Limestone,FR,,
Flax Walnut,Travertine,TR,,
Flemi Veine,Limestone,FR,,
Flesh Bone,Limestone,SY,,
Fletto,Limestone,EG,,
Fleur de Lis Quartzite,Quartzite,BR,,
Fleur Rouge,Marble,MA,,
Flexible Grey,Marble,TR,,
Flexibly Asterion,Granite,CN,,
Flint Grey,Granite,IN,,
Flint Hills,Limestone,US,,
Flisa,Granite,NO,,
Flora,Limestone,"TR,XK",,
Flora,Travertine,"TR,XK",,
Flora Beige,Marble,TR,,
Flora Emperador,Marble,TR,,
Flora Ice,Marble,TR,,
Florac,Limestone,ES,,
Floral Cream,Limestone,IR,,
Floreado,Onyx,MX,,
Florence,Granite,"BR,IT",,
Florence,Travertine,"BR,IT",,
Florentine,Bluestone,IT,,
Florentine Beige,Marble,TR,,
Florenza,Limestone,FR,,
Floresta,Sandstone,"BR,ES",,
Floresta,Soapstone,"BR,ES",,
Flower,Granite,"CN,IR",,
Flower,Marble,"CN,IR",,
Flower Espiner,Marble,IR,,
Flower Gold,Limestone,IN,,
Flowered Cream,Marble,CN,,
Flowery Chittor,Limestone,IN,,
Focus,Granite,BR,,
Fogang Blue,Granite,CN,,
Foglia Seca,Granite,BR,,
Fond Du Lac,Limestone,US,,
Fonjone,Limestone,"FR,PT",,
Fontain Clair,Limestone,PT,,
Fontaine Black,Marble,CN,,
Fontaine Green,Granite,"BR,ZA",,
Fontainebleau,Limestone,"FR,PT",,
Fontell Red,Granite,FI,,
Fontenay Clair,Limestone,FR,,
Forest,Sandstone,"AM,ES",,
Forest,Travertine,"AM,ES",,
Forest Blue,Marble,BR,,
Forest Gray,Marble,TR,,
Forest Green,Marble,"CN,GT,IN,IR,PK,TR",,
Forest Grey,Granite,ID,,
Forest Of Dean,Sandstone,GB,,
Forest White,Granite,"BR,IT",,
Forest White,Marble,"BR,IT",,
Forest Wood,Marble,"CN,IR,PH",,
Formidable,Marble,IT,,
Forsan Red,Granite,EG,,
Fortezza,Marble,TR,,
Fortune Beige,Marble,IR,,
Fortune Brown,Granite,IN,,
Fortune Cream,Granite,CN,,
Fortune Green,Granite,IN,,
Fortune Red,Marble,PK,,
Fosen Gra,Granite,NO,,
Fosil Blancalpe Lumaquela,Limestone,ES,,
Fosil Seif Lumaquela,Limestone,ES,,
Fosilius,Limestone,TR,,
Fossil,Cantera,"ES,IN,MX,PK",,
Fossil,Limestone,"ES,IN,MX,PK",,
Fossil Beige,Limestone,TR,,
Fossil Black,Marble,"CN,MA,TR",,
Fossil Columbia,Limestone,CO,,
Fossil Cream,Marble,TR,,
Fossil Gold,Limestone,IN,,
Fossil Gray,Limestone,"EG,ES",,
Fossil Mint,Sandstone,IN,,
Fossil Tempisque,Marble,CR,,
Four Season Green,Granite,CN,,
Four Seasons,Marble,"CN,IT,KH,TR",,
Fox Brown,Granite,"FI,IN",,
Fragrant Red,Granite,CN,,
France Beige,Limestone,FR,,
Frankonia Grey,Limestone,DE,,
Frappuccino,Granite,"BR,IT,TR",,
Frappuccino,Marble,"BR,IT,TR",,
Frappuccino,Onyx,"BR,IT,TR",,
Fraser,Sandstone,AU,,
French Blue,Limestone,FR,,
French Brown,Granite,IN,,
French Brown,Marble,IN,,
French Gray,Limestone,CN,,
French Grey,Marble,CN,,
French Red Dragon,Marble,EG,,
French Vanilla,Slate,IN,,
French Vanilla Grey,Marble,"FR,GR",,
French White,Granite,IN,,
Fresco,Soapstone,IN,,
Freshwater Acadia,Granite,US,,
Freshwater Pearl,Granite,US,,
Friedewald Hell,Sandstone,DE,,
Friedrichsanfang,Sandstone,DE,,
Frigya Beige,Marble,TR,,
Frisk Red,Granite,CN,,
Frontenac,Limestone,FR,,
Frontier,Sandstone,US,,
Frontier Gray,Limestone,US,,
Frontier Grey,Marble,PK,,
Frost,Crystal,BR,,
Frost White,Granite,BR,,
Frosterley,Marble,GB,,
Frosty Flame,Marble,CN,,
Frosty Pebbles,Marble,EG,,
Frozen,Marble,IR,,
Frozen White,Granite,BR,,
Fuerstenstein,Granite,DE,,
Fujian,Andesite,CN,,
Fujian Black,Granite,"AO,BR,CN,FI,IN,LK,MZ,NA,SE,VN,ZA,ZM,ZW",,
Fujian Brown Pearl,Granite,CN,,
Fujian Golden Leaf,Granite,CN,,
Fujian Green,Porphyry,CN,,
Fujian Pearl White,Granite,CN,,
Fulvio,Marble,TR,,
Fumaca,Soapstone,BR,,
Fume,Marble,TR,,
Fumo Di Toscana,Marble,IT,,
Funil Red,Granite,BR,,
Furong Red,Granite,CN,,
Fuschite,Quartzite,IN,,
Fushou Red,Granite,CN,,
Fusion,Granite,"BG,BR,GR,IN,IR,TR",,
Fusion,Limestone,"BG,GR,IN,IR,TR",,
Fusion,Marble,"BG,CN,GR,IN,IR,MA,MX,TR",,
Fusion Berry,Marble,TR,,
Fusion Dark,Quartzite,BR,,
Fusion Gold,Granite,IN,,
Fusion Grey,Marble,IR,,
Fusion Multicolor,Quartzite,BR,,
Fusion Quartzite,Quartzite,BR,,
Fusion White,Granite,"GR,IN,IR",,
G004,Granite,CN,,
G029,Granite,CN,,
G030,Granite,CN,,
G032,Granite,CN,,
G037,Granite,"CN,TH",,
G050,Granite,CN,,
G061,Granite,CN,,
G10,Granite,IN,,
G300,Granite,"AO,BR,CA,CN,IN,PL,TZ",,
G301,Granite,CN,,
G304,Granite,"CN,NO",,
G308,Granite,CN,,
G312,Granite,CN,,
G333,Granite,CN,,
G346,Granite,CN,,
G3536,Granite,CN,,
G354,Granite,CN,,
G355,Granite,CN,,
G356,Granite,CN,,
G358,Granite,CN,,
G3587,Granite,CN,,
G359,Granite,CN,,
G360,Granite,CN,,
G364,Granite,CN,,
G370,Granite,CN,,
G375,Granite,CN,,
G376,Granite,CN,,
G380,Granite,CN,,
G381,Granite,"CN,IR",,
G384,Granite,CN,,
G389,Granite,CN,,
G390,Granite,CN,,
G394,Granite,CN,,
G398,Granite,CN,,
G399,Granite,CN,,
G400,Granite,CN,,
G402,Granite,CN,,
G425,Granite,CN,,
G428,Granite,CN,,
G435,Granite,CN,,
G452,Granite,CN,,
G562 (Maple Red),Granite,"CN,IN,UA,VE",,
G592,Granite,CN,,
G602,Granite,CN,,
G603 (Padang Crystal),Granite,CN,,
G604,Granite,CN,,
G605,Granite,CN,,
G606,Granite,CN,,
G608,Granite,CN,,
G610,Granite,CN,,
G611,Granite,"CN,ES,IN,NG",,
G613,Granite,CN,,
G618,Granite,CN,,
G622,Granite,CN,,
G628,Granite,CN,,
G632,Granite,CN,,
G635 (Anxi Red),Granite,CN,,
G639,Granite,CN,,
G646,Granite,CN,,
G650,Granite,CN,,
G651,Granite,"CN,IN,UA,VE",,
G654 (Padang Dark),Granite,CN,,
G658,Granite,CN,,
G660,Granite,CN,,
G663,Granite,"CN,NG,US",,
G664 (Luoyuan Bainbrook Brown),Granite,CN,,
G668,Granite,CN,,
G679,Granite,CN,,
G680,Granite,CN,,
G682 (Sunset Gold),Granite,"BR,CN,ES",,
G683,Granite,CN,,
G684 (Fuding Black),Granite,CN,,
G685,Granite,CN,,
G687,Granite,CN,,
G688,Granite,CN,,
G693,Granite,CN,,
G694,Granite,CN,,
G696,Granite,CN,,
G697,Granite,CN,,
G699,Granite,CN,,
G701,Granite,CN,,
G702,Granite,"CN,UA",,
G706,Granite,CN,,
G712,Granite,CN,,
G716,Granite,CN,,
G722,Granite,CN,,
G723,Granite,"CN,TH",,
G725,Granite,CN,,
G726,Granite,CN,,
G727,Granite,CN,,
G729,Granite,CN,,
G730,Granite,CN,,
G732,Granite,CN,,
G733,Granite,CN,,
G740,Granite,CN,,
G743,Granite,CN,,
G744,Granite,CN,,
G746,Granite,CN,,
G747,Granite,"AO,BR,CN,NO,ZA",,
G748,Granite,CN,,
G750,Granite,CN,,
G751,Granite,CN,,
G752,Granite,CN,,
G753,Granite,CN,,
G754,Granite,CN,,
G757,Granite,CN,,
G801,Granite,CN,,
G804,Granite,CN,,
G838,Granite,CN,,
G856,Granite,CN,,
G861,Granite,CN,,
G869,Granite,CN,,
G889,Granite,CN,,
G896,Granite,"BR,CN,ES,IN,LK,PT,SE,VN",,
Gabane,Marble,ES,,
Gabbro Drugoreckoe,Granite,RU,,
Gabbro Red Vinga,Granite,RU,,
Gabouri,Limestone,US,,
Gabriola,Marble,CA,,
Gaia Grey,Marble,TR,,
Gaja Modak,Sandstone,IN,,
Gala Beige,Marble,TR,,
Gala Gold,Travertine,TR,,
Galactic Bronze,Granite,UA,,
Galactica,Granite,BR,,
Galala (Egyptian Cream),Limestone,EG,,
Galapagos,Marble,TR,,
Galata,Marble,BG,,
Galaxia,Limestone,MA,,
Galaxia Blue,Granite,BR,,
Galaxus,Granite,BR,,
Galaxy,Onyx,MX,,
Galaxy Blue Black,Granite,"BR,IN",,
Galaxy Chip,Marble,PK,,
Galaxy Cream,Granite,BR,,
Galaxy Green,Slate,"BR,CN,IN,SA",,
Galaxy White,Marble,"AO,CN,GR,ID,IN,IR,VN",,
Galia White,Limestone,SY,,
Galilee Buff,Limestone,IL,,
Galit,Limestone,BA,,
Gallati Grey,Marble,IT,,
Gallix,Granite,CA,,
Gambier,Limestone,AU,,
Ganache,Granite,BR,,
Gandomak,Marble,IR,,
Gandomak Shiraz,Marble,IR,,
Gangral Blue,Marble,"GR,IN",,
Ganzi Cherry White,Granite,CN,,
Ganzi Sesame Black,Granite,CN,,
Gaoming Black,Granite,CN,,
Garabagh,Granite,IR,,
Garda Crema,Marble,IT,,
Garda Yellow,Sandstone,IN,,
Garden City Buff,Limestone,US,,
Garden City Gray,Limestone,US,,
Gardena,Porphyry,IT,,
Gardenia,Granite,IN,,
Gardenia Ivory,Limestone,ID,,
Garnet Red,Granite,CN,,
Garnet Rush,Marble,IN,,
Garny,Marble,TN,,
Garonne,Limestone,MA,,
Gartier Green,Marble,PH,,
Garuda,Granite,BR,,
Gasell,Limestone,EE,,
Gastrodia White,Granite,CN,,
Gattouna,Marble,TN,,
Gaudi Grey,Marble,"ES,IR",,
Gaudi White,Marble,TR,,
Gauguin,Granite,BR,,
Gauingen,Travertine,DE,,
Gaya,Granite,BR,,
Gazanbar,Travertine,IR,,
Gazanbar Beige,Travertine,IR,,
Gazanbar Silver,Travertine,IR,,
Gazgan Black,Marble,UZ,,
Gazgan Light,Marble,UZ,,
Gazgan Red,Marble,UZ,,
Gazon,Granite,BR,,
Gb4 Grey,Granite,IN,,
Geeman Gold,Marble,TR,,
Gelato Yellow,Limestone,IN,,
Gem Grey,Marble,CN,,
Gem Paradiso,Granite,IN,,
Gemlik Diabase,Basalt,TR,,
Gemlik Prasino,Marble,TR,,
Gemuenda,Sandstone,DE,,
General Red,Granite,CN,,
Genesis White,Granite,BR,,
Geneva Blue,Limestone,PT,,
Gentleman Grey,Marble,CN,,
Gentleman White,Marble,CN,,
Geo,Onyx,IR,,
Geoagiu,Travertine,RO,,
Geode,Granite,BR,,
Georgia Black,Basalt,GE,,
Georgia Brown,Andesite,GE,,
Gerdooyi,Travertine,IR,,
Geriba,Granite,BR,,
German Beige,Limestone,DE,,
Geyser White,Marble,IT,,
Ghadeer,Granite,"CN,IN,SA",,
Ghazak,Marble,AF,,
Ghermez Anarak Salsali,Marble,IR,,
Ghermez Shabani,Marble,IR,,
Ghiandone,Granite,"EG,GR,IT,SD",,
Ghiandone Gallura,Granite,"GR,IT",,
Ghiandone Limbara,Granite,IT,,
Ghiandone Luras,Granite,IT,,
Ghiandone Rosato,Granite,IT,,
Ghiandone Valmasino,Granite,IT,,
Ghibli Gold,Granite,IN,,
Ghibli Ivory,Granite,IN,,
Ghorve,Onyx,IR,,
Ghorveh,Marble,IR,,
Ghorveh White,Onyx,IR,,
Ghost,Onyx,EG,,
Giallita,Granite,BR,,
Giallo Alaska,Granite,"BR,IN",,
Giallo Amarulla,Granite,BR,,
Giallo Amazon,Granite,IN,,
Giallo Anticato,Marble,TR,,
Giallo Antico,Limestone,"LB,TR",,
Giallo Antico,Travertine,"LB,TR",,
Giallo Argento,Granite,BR,,
Giallo Atlantico,Granite,"BR,ES,PT",,
Giallo Atlantide,Marble,"EG,IN",,
Giallo Autunno,Limestone,TR,,
Giallo Bahia,Granite,BR,,
Giallo Burgundy,Granite,BR,,
Giallo Calabria,Granite,IT,,
Giallo California,Granite,BR,,
Giallo Capri,Granite,BR,,
Giallo Da Vinci,Marble,IT,,
Giallo Dalmatia,Limestone,HR,,
Giallo Damara,Granite,NA,,
Giallo Delegatto,Marble,TR,,
Giallo Etrusco,Marble,"IT,XK",,
Giallo Fantasia,Granite,"BR,CN,ES,IN,PL,SA,TR,US",,
Giallo Fantasy,Granite,"BR,IN,NG",,
Giallo Farfalla,Granite,BR,,
Giallo Galicia,Granite,PT,,
Giallo Giselle,Granite,BR,,
Giallo Golpa,Marble,IR,,
Giallo Grey,Marble,TR,,
Giallo Guaimir,Granite,VE,,
Giallo Himalaya,Granite,BR,,
Giallo Humaita,Granite,BR,,
Giallo Iasi,Limestone,RO,,
Giallo Latina,Granite,BR,,
Giallo Levanto,Travertine,TR,,
Giallo Marfilia,Marble,CN,,
Giallo Marfim,Marble,BR,,
Giallo Matisse,Granite,BR,,
Giallo Mediterranean,Limestone,TR,,
Giallo Monet,Granite,"BR,PL",,
Giallo Monforte,Marble,MA,,
Giallo Namib,Granite,"BR,CN,NA,ZA",,
Giallo Napoleon,Granite,BR,,
Giallo Nova,Granite,BR,,
Giallo Numidia,Marble,"BR,IT,TN,TR",,
Giallo Oriente,Limestone,HR,,
Giallo Ornamental,Granite,BR,,
Giallo Ostrica,Granite,BR,,
Giallo Ovodda,Granite,IT,,
Giallo Palma,Marble,MA,,
Giallo Palustris,Granite,BR,,
Giallo Partenon,Granite,BR,,
Giallo Parthenon,Granite,BR,,
Giallo Portinari,Granite,"BR,PL",,
Giallo Portofino,Granite,BR,,
Giallo Provenza,Limestone,MA,,
Giallo Real,Granite,"BR,ES,PT",,
Giallo Reale,Marble,IT,,
Giallo Renoir,Granite,BR,,
Giallo Rio,Granite,"BR,IN",,
Giallo Sabbia,Granite,BR,,
Giallo Samad,Marble,OM,,
Giallo San Francisco,Granite,"BR,ES,PT",,
Giallo San Giacomo,Granite,IT,,
Giallo San Rafael,Granite,BR,,
Giallo Santa Cecilia,Granite,BR,,
Giallo Santa Rita,Granite,BR,,
Giallo Santo,Granite,BR,,
Giallo Sf Real White,Granite,BR,,
Giallo Sicilia,Limestone,IT,,
Giallo Siena,Marble,"BR,IT,TN,TR",,
Giallo Siena Medio,Marble,IT,,
Giallo Sofia,Granite,BR,,
Giallo Solare,Marble,"AU,CN,EG,ES,OM,TR",,
Giallo Speranza,Granite,BR,,
Giallo Stradivari,Marble,IT,,
Giallo Supreme,Granite,"BR,PL",,
Giallo Tabae,Limestone,TR,,
Giallo Tigrato,Granite,BR,,
Giallo Topazio,Granite,"BR,CN,ES,IN",,
Giallo Tropical,Granite,BR,,
Giallo Valentino,Limestone,LB,,
Giallo Venezia,Granite,"BR,CN,ES,HR,IN",,
Giallo Venezia,Limestone,"BR,HR",,
Giallo Veneziano,Granite,"BR,CN,ES,IN,PL,SA,TR,US",,
Giallo Vermont,Marble,CN,,
Giallo Verona,Granite,BR,,
Giallo Vitoria,Granite,BR,,
Giallo West,Granite,BR,,
Giallo White,Marble,"EG,TR",,
Giallogiotto,Porphyry,IT,,
Gildehaus,Sandstone,DE,,
Gillberga Grey,Limestone,SE,,
Ginger,Sandstone,IT,,
Ginseng Cream,Limestone,CN,,
Ginseng Gold,Limestone,CN,,
Giresun Vizon,Granite,TR,,
Giron Beige,Limestone,ES,,
Giron Grey,Limestone,ES,,
Giselle Grey,Marble,TR,,
Gitata Gold,Granite,NG,,
Gjirokastra,Limestone,AL,,
Gjurasi,Limestone,AL,,
Gl Pink,Granite,VN,,
Glaccy,Marble,TR,,
Glacier Blue,Granite,CA,,
Glacier Hemp,Granite,CN,,
Glacier White,Granite,"BR,CN,IN,TR,VN",,
Glaciers Exotic,Dolomite,BR,,
Glavica,Limestone,BA,,
Glavika,Limestone,XK,,
Glen Rose,Limestone,US,,
Glenaby,Granite,CA,,
Glitter Green,Granite,BR,,
Glittery,Onyx,IR,,
Glittery White,Granite,CN,,
Global Pink,Marble,IN,,
Gloria,Gneiss,"BG,GR,IR",,
Gloria Platin,Gneiss,BG,,
Gloria Venato,Marble,BR,,
Glorious White,Marble,CN,,
Glory White,Marble,IR,,
Gnodstadt,Sandstone,DE,,
Goa Red,Granite,IN,,
Goas,Granite,NA,,
Gobi Blue,Granite,CN,,
Godhra Bhadabha,Granite,IN,,
Godhra Tarsang Gray,Granite,IN,,
Goeinge,Granite,SE,,
Gohara,Marble,IR,,
Gohare,Limestone,"BG,IR,TR",,
Gohare Krokodil,Limestone,IR,,
Gokkaya Light,Travertine,TR,,
Goksu,Travertine,TR,,
Golbasi,Andesite,TR,,
Golbasi,Basalt,TR,,
Golbasi,Granite,TR,,
Gold,Onyx,"CL,IT,MX,TR",,
Gold 500,Granite,BR,,
Gold Africa,Marble,"EG,TN,TR",,
Gold Antique,Granite,"BR,IN",,
Gold Beach,Granite,"BR,CN,IN",,
Gold Beige,Marble,"AU,CN",,
Gold Black Diamond,Granite,CN,,
Gold Blue Jade,Onyx,IR,,
Gold Brick Grey,Marble,CN,,
Gold Buckskin,Sandstone,US,,
Gold Butterfly,Marble,"OM,TR",,
Gold Chinese,Limestone,CN,,
Gold Coral,Limestone,PT,,
Gold Dyed,Granite,CN,,
Gold Fields,Granite,BR,,
Gold Fuji,Granite,"BR,PL",,
Gold Gem,Granite,CN,,
Gold Grain,Marble,CN,,
Gold Grain Green,Granite,CN,,
Gold Grain Guyang,Granite,CN,,
Gold Grain Hami,Granite,CN,,
Gold Mesh,Marble,CN,,
Gold Oak,Limestone,PS,,
Gold River,Travertine,TR,,
Gold Rom Beige,Marble,TR,,
Gold Sahara,Marble,"EG,PK",,
Gold Sand Green,Granite,CN,,
Gold Slate,Slate,"IN,BR,CN",,
Gold Star,Granite,"BR,CN,IN",,
Gold Topaz,Granite,CN,,
Gold Topaz,Marble,CN,,
Gold Travertine,Travertine,"IT,TR,MX",,
Gold Vein,Marble,"AU,CN",,
Gold Wood Grain,Onyx,CN,,
Golden,Sandstone,"IT,PL,TR,US,ZA",,
Golden Age,Marble,"CN,IT,TR",,
Golden Athena,Marble,"GR,TR",,
Golden Aura,Semi-Precious Stone,BR,,
Golden Aurora,Marble,"BR,EG",,
Golden Beach,Limestone,PT,,
Golden Beauty,Granite,BR,,
Golden Bella,Marble,TR,,
Golden Bird,Granite,BR,,
Golden Black,Travertine,IR,,
Golden Blue,Onyx,"IR,PK",,
Golden Bordeaux,Granite,BR,,
Golden Brown,Gneiss,"BG,BR,MX,TR",,
Golden Brown,Granite,"BG,BR,MX,TR",,
Golden Brown,Onyx,"BG,BR,IR,MX,TR",,
Golden Brown,Travertine,"BG,BR,MX,TR",,
Golden Brown Xinjiang,Granite,CN,,
Golden Butterfly,Granite,BR,,
Golden Buzios,Granite,BR,,
Golden Caramel,Limestone,TR,,
Golden Cascade,Granite,NA,,
Golden Cayman,Granite,BR,,
Golden Chain,Marble,EG,,
Golden Chocolate,Granite,"BR,IR",,
Golden Cloud,Marble,CN,,
Golden Cloud,Sandstone,CN,,
Golden Cloudy,Granite,IN,,
Golden Coast,Granite,"BR,PL",,
Golden Cobra,Marble,IN,,
Golden Comb,Alabaster,US,,
Golden Cream,Limestone,"EG,TR,VE",,
Golden Cream,Marble,"CN,EG,ES,GR,IR,IT,LB,MA,PK,RU,TN,TR,VE,VN",,
Golden Cream Beige,Marble,IR,,
Golden Dawn,Sandstone,ZA,,
Golden Desert Grey,Onyx,"BR,TR",,
Golden Diamond Red,Granite,CN,,
Golden Dragon,Onyx,CN,,
Golden Dream,Granite,"BR,CN,IN,IR,PL",,
Golden Dream,Marble,"BR,IN,IR,PL",,
Golden Eclipse,Granite,BR,,
Golden Eye,Granite,CN,,
Golden Falls,Granite,BR,,
Golden Fiji,Granite,"BR,FJ,PL",,
Golden Fire,Marble,TR,,
Golden Flakes,Granite,BR,,
Golden Flame,Marble,TR,,
Golden Flower,Marble,"BA,BR,CN,EG,ES,GR,ID,IN,IR,IT,OM,TR",,
Golden Flower Red,Granite,CN,,
Golden Fortune,Granite,BR,,
Golden Fossils,Limestone,PS,,
Golden Galaxy,Granite,"AR,BR,CN,IN,IR,TR",,
Golden Galaxy,Marble,"CN,ES,GR,IR,IT,LB,MA,PK,RU,TN,TR,VN",,
Golden Gobi,Sandstone,CN,,
Golden Grain Guangdong,Granite,CN,,
Golden Gray,Onyx,IR,,
Golden Gray,Travertine,IR,,
Golden Grey,Marble,"CN,EG,GR,IN,IR,IT,MX,TR",,
Golden Hemp Light,Granite,CN,,
Golden Imperial,Marble,"CN,EG,ES,GR,IR,IT,LB,MA,PK,RU,TN,TR,VN",,
Golden Jade,Granite,BR,,
Golden Jasmine,Granite,"BR,CN",,
Golden King,Granite,"BR,CN,ES,IN",,
Golden Lasa,Marble,IT,,
Golden Leaf,Granite,"BR,CN,ES,IR,SA,TR",,
Golden Leaf Beige,Marble,"IR,TR",,
Golden Light,Granite,BR,,
Golden Lightning,Granite,"BR,CN,IR,US",,
Golden Lotus,Limestone,TN,,
Golden Marin,Marble,TR,,
Golden Marinace,Granite,BR,,
Golden Melody,Granite,IN,,
Golden Mix,Granite,BR,,
Golden Moon,Granite,"AU,BR",,
Golden Multicolor,Slate,IN,,
Golden Night,Marble,IR,,
Golden Oak,Granite,"BR,IN",,
Golden Oasis,Limestone,ES,,
Golden Ocher,Marble,CN,,
Golden Olive,Marble,"IR,TR",,
Golden Paglia,Granite,BR,,
Golden Palimo,Sandstone,ID,,
Golden Pearl,Marble,"EG,TR",,
Golden Persa,Granite,BR,,
Golden Picasso,Granite,IN,,
Golden Platino,Limestone,EG,,
Golden Pompeii,Granite,BR,,
Golden Primrose,Marble,TR,,
Golden Queen,Granite,BR,,
Golden Ray,Granite,BR,,
Golden Rice,Marble,TR,,
Golden Rock,Granite,"IN,MM",,
Golden Rose Cream,Marble,IR,,
Golden Rustic,Granite,BR,,
Golden Sand,Granite,"AU,BR,CN,ES,MD,PS",,
Golden Sand,Limestone,"AU,BR,CN,MD,PS",,
Golden Sand,Sandstone,"AU,BR,CN,MD,PS",,
Golden Sand,Slate,"AU,BR,CN,MD,PS",,
Golden Sand White Jade,Marble,CN,,
Golden Schist,Schist,"PT,BR,NZ",,
Golden Shadow,Granite,"IN,TR",,
Golden Shadow,Marble,"IN,TR",,
Golden Sharani,Sandstone,TH,,
Golden Shell,Limestone,"PS,SY",,
Golden Sherry,Limestone,ES,,
Golden Sienna,Granite,"BR,IT,TR,US",,
Golden Sienna,Travertine,"BR,IT,TR,US",,
Golden Silk,Marble,TR,,
Golden Silver,Granite,BR,,
Golden Sky,Granite,"BR,PL",,
Golden Sparkle,Granite,BR,,
Golden Spot Green,Granite,CN,,
Golden Spring,Granite,IN,,
Golden Stallion,Granite,IN,,
Golden Star Red,Granite,CN,,
Golden Storm Quartzite,Quartzite,BR,,
Golden Sun,Granite,"BR,TR",,
Golden Sun,Marble,"BR,TR",,
Golden Sunrise,Marble,"CN,ZA",,
Golden Sunrise,Sandstone,"CN,ZA",,
Golden Sunset,Sandstone,AU,,
Golden Tuareg,Marble,BR,,
Golden Turquoise,Onyx,IR,,
Golden Vinhal,Granite,BR,,
Golden Viper,Granite,BR,,
Golden Walnut,Travertine,"IR,TR",,
Golden Wave,Marble,TR,,
Golden Web,Granite,IN,,
Golden White,Marble,"CN,DO,GR,IN,IR,IT,MA,PK,TR",,
Golden Years,Granite,"BR,CN",,
Golden Years,Onyx,"BR,CN",,
Golden Yellow,Granite,"BR,CN,ES,IN,PL,SA,TR,US",,
Golden Yellow,Marble,"CN,IN,IR,TR",,
Goldswil,Limestone,CH,,
Golpanbeh Hamedan,Granite,IR,,
Goluchow,Limestone,PL,,
Gonabad Rose,Marble,IR,,
Gondomar,Granite,"ES,PT",,
Goose Feather White,Marble,"BR,CN,TR",,
Goose Grey,Marble,"BR,TR",,
Gora,Sandstone,PL,,
Gora Tokimovka,Granite,RU,,
Gorenja Vas,Tuff,SI,,
Gorgino Black,Marble,TR,,
Gorjan Stalaktit,Onyx,HR,,
Goshaghan,Marble,IR,,
Gostivar,Marble,MK,,
Gothic Grey,Marble,TR,,
Gotic Mory,Limestone,TR,,
Gotland,Sandstone,SE,,
Gotland Litorina,Limestone,SE,,
Gottor Black,Sandstone,ES,,
Goya Gold,Marble,CN,,
Gra Bohus Aevja,Granite,SE,,
Grabrun Borghamn,Limestone,SE,,
Grace Gray,Marble,CN,,
Grace Green,Marble,CN,,
Grace Grey,Granite,CN,,
Grada Grey,Marble,IR,,
Graffiti,Granite,BR,,
Grafite,Marble,"GR,PK",,
Grain,Sandstone,ES,,
Grain Beige,Granite,CN,,
Grain Multicolor,Granite,CN,,
Gramangola Black,Granite,AO,,
Grammos Kastoria,Marble,GR,,
Grampian Red,Granite,GB,,
Grampians,Sandstone,AU,,
Gran Fossil,Marble,MA,,
Gran Paradiso,Granite,VE,,
Gran Pola,Granite,BR,,
Granada Beige,Limestone,ES,,
Grand Antique Grey,Marble,MX,,
Grand Canyon,Granite,"BR,US",,
Grand Canyon,Sandstone,"BR,US",,
Grand Constantine,Marble,DZ,,
Grand Grey,Marble,TR,,
Grand Mahogany,Granite,US,,
Grand Melange,Marble,"FR,IT",,
Grand Tortoise,Limestone,CN,,
Granida Lc,Granite,VN,,
Granitello Sicilia,Limestone,IT,,
Granja,Granite,PT,,
Grano De Sal,Marble,MX,,
Granville,Granite,CA,,
Granville Beige,Marble,TR,,
Graphite Roots,Marble,IT,,
Graphito,Marble,IN,,
Grasred,Travertine,TR,,
Grasrose,Travertine,TR,,
Grass Green,Granite,CN,,
Grass White Jade,Marble,CN,,
Grassland Green,Granite,CN,,
Grauspinne,Marble,AT,,
Gravel Gray,Marble,TR,,
Gray Blue Sky,Marble,BR,,
Gray Bubble,Onyx,"MX,TR",,
Gray Glory,Marble,"CN,EG,IR,IT,MA,PK,TR",,
Gray Granbury,Limestone,US,,
Gray Huanggang,Granite,CN,,
Gray Impala,Marble,BR,,
Gray Isis,Granite,EG,,
Gray Levanto,Marble,TR,,
Gray Nuevo,Granite,IN,,
Gray Philharmonic,Marble,TR,,
Gray Rwanda,Granite,RW,,
Great Lakes,Granite,US,,
Great Wall Green,Granite,CN,,
Great Wall Red,Granite,CN,,
Gree Grey Rose,Marble,CN,,
Greek Lava,Onyx,GR,,
Green,Agate,"BR,CN,DE,GB,IN,IR,SA,TR",,
Green,Granite,"BR,CN,DE,GB,IN,IR,SA,TR",,
Green,Limestone,"BR,CN,DE,GB,IN,IR,SA,TR",,
Green,Marble,"BR,CN,DE,GB,IN,IR,SA,TR",,
Green,Porphyry,"BR,CN,DE,GB,IN,IR,SA,TR",,
Green Antigua,Marble,IR,,
Green Bowenite,Marble,ZA,,
Green Breccia,Conglomerate,EG,,
Green Breccia Mlb,Marble,EG,,
Green Breccia Mna,Marble,EG,,
Green Chameleon,Granite,BR,,
Green Chashan,Granite,CN,,
Green Cloud,Marble,"CN,IN",,
Green Coniferals,Granite,CN,,
Green Diabase,Granite,ZA,,
Green Diamond Jilin,Granite,CN,,
Green Dragon,Granite,BR,,
Green Dry,Soapstone,BR,,
Green Egypt,Slate,EG,,
Green Gaoming,Granite,CN,,
Green Gem China,Granite,CN,,
Green Gold,Gneiss,"CH,IT",,
Green Grain,Granite,"CN,LK",,
Green Grey,Porphyry,MX,,
Green Grit,Slate,CN,,
Green Huamen,Granite,CN,,
Green Iron,Soapstone,BR,,
Green Jade,Marble,"BR,CN,GR,IN,IR,IT,MM,TR,VN",,
Green Jade Fujian,Granite,CN,,
Green Jadeite,Granite,CN,,
Green Lake,Marble,CN,,
Green Light Beige,Marble,TR,,
Green Miracema,Gneiss,BR,,
Green Moss,Slate,BR,,
Green Mountain,Soapstone,BR,,
Green Namibe,Marble,AO,,
Green Onyx,Onyx,IR,,
Green Onyx Dark,Onyx,"PK,IR,TR,AF",,
Green Paradise,Marble,"GT,IN,IR,PK",,
Green Patagonia,Quartzite,BR,,
Green Peacock,Granite,"BR,CN,IN",,
Green Pearl,Marble,"CN,TR",,
Green Pearl,Porphyry,"CN,TR",,
Green Pine,Marble,CN,,
Green Piranshahr,Granite,IR,,
Green Raniah,Granite,SA,,
Green Ray,Granite,RU,,
Green River,Granite,BR,,
Green Rose,Granite,"CN,IN,TR",,
Green Rose,Marble,"CN,IN,TR",,
Green Sand Neimenggu,Granite,CN,,
Green Schist,Schist,"BR,PT,NZ",,
Green Shakh Do,Granite,IR,,
Green Sky,Marble,IN,,
Green Slate,Slate,CN,,
Green Soapstone,Soapstone,"BR,IN",,
Green Star,Quartzite,BR,,
Green Valley,Granite,BR,,
Green Velvet,Marble,GR,,
Green Wave,Granite,"AU,CN,IT",,
Green Wave,Marble,"AU,CN,IT",,
Green Wish,Granite,BR,,
Green Witch,Slate,BR,,
Green Yiyang,Granite,CN,,
Green Zanjan,Granite,IR,,
Green Zoucheng,Granite,CN,,
Greene County,Granite,US,,
Greenish Beige,Marble,TR,,
Greenish White,Marble,VN,,
Greenland,Granite,BR,,
Greenland Grey,Marble,GR,,
Gregorio Absolute,Limestone,ID,,
Gregorio Grey,Limestone,ID,,
Gres Basque,Sandstone,CA,,
Gres Erquy,Sandstone,FR,,
Gres Fontainebleau,Sandstone,FR,,
Gres Royal,Sandstone,CA,,
Gres St Mathieu,Sandstone,CA,,
Greti,Sandstone,BG,,
Grey Agf,Marble,PT,,
Grey Alicante,Marble,"FR,TR",,
Grey Andesite,Andesite,"ID,CN,TR,AM",,
Grey Apricot,Marble,VN,,
Grey Aswan,Granite,EG,,
Grey Basalt,Basalt,VN,,
Grey Beauty,Marble,"CN,TR",,
Grey Bibala,Granite,NA,,
Grey Bird,Granite,IN,,
Grey Blue Wood Vein,Marble,"AR,CA,CN,GR,IR,MY,PK,TR,VN",,
Grey Breccia,Marble,"BR,CN,CO,FR,ID,IN,IR,IT,TN,TR",,
Grey Carmen,Granite,EG,,
Grey Cloud,Granite,"CN,GE,IN,TR,US",,
Grey Cloud,Marble,"CN,GE,IN,TR,US",,
Grey Diamond,Granite,CN,,
Grey Diana,Marble,TR,,
Grey Dove,Marble,TR,,
Grey Emperador,Marble,"CN,ES,GR,IR,IT,LB,MA,PK,RU,TN,TR,VN",,
Grey Flower,Granite,"CN,ES",,
Grey Flower,Sandstone,"CN,ES",,
Grey Fossil,Marble,"CN,EG,IR,IT,MA,PK,TR",,
Grey Foussana,Limestone,TN,,
Grey Furi,Marble,IN,,
Grey Ginevra,Marble,IT,,
Grey Goose,Granite,"BR,CN",,
Grey Ice,Marble,"BR,CN,ID,IN,IR,IT,MK,NO,OM,TR,VN",,
Grey Impero,Marble,TR,,
Grey Jean,Marble,MA,,
Grey Khenifra,Marble,MA,,
Grey Lido,Marble,MA,,
Grey Linen,Granite,CN,,
Grey Lumpang,Marble,TH,,
Grey Macaubus,Quartzite,IN,,
Grey Marin,Basalt,RO,,
Grey Mocha,Marble,TR,,
Grey Montana,Marble,TR,,
Grey Moon,Marble,"IR,MX,TR",,
Grey Pagala,Marble,TG,,
Grey Palladium,Marble,"IR,TN",,
Grey Pearl,Onyx,"IT,PE,TR",,
Grey Pietra,Sandstone,VN,,
Grey Portoro,Marble,TR,,
Grey Quoin,Granite,UA,,
Grey River,Granite,"CN,IN",,
Grey Rocks,Marble,GR,,
Grey Roots,Marble,TR,,
Grey Shanqian,Granite,CN,,
Grey Silk,Granite,BR,,
Grey Slate,Slate,"BR,CN,IN,ES",,
Grey Smoke,Limestone,IT,,
Grey Soapstone,Soapstone,"BR,IN",,
Grey Star,Granite,CN,,
Grey Stream,Marble,TR,,
Grey Sucuri,Granite,BR,,
Grey Thala,Marble,TN,,
Grey Travertine,Travertine,"IR,TR,IT",,
Grey Tufa,Tuff,"AM,TR,IT",,
Grey Ukraine,Granite,"PT,UA",,
Grey Vein,Marble,VN,,
Grey Venezia,Limestone,ES,,
Grey Verona,Marble,MX,,
Grey Vivacqua,Granite,BR,,
Grey White Fangshan,Granite,CN,,
Grey Williams,Marble,"IR,TR",,
Grey Wolf,Marble,"CN,TR",,
Grey Xela,Granite,AO,,
Grey Xinlin,Granite,CN,,
Grey Yunmeng,Granite,CN,,
Grey Zulai,Granite,CN,,
Gri Olive,Limestone,RO,,
Gri Petrol,Basalt,RO,,
Grigio Acqua,Marble,IT,,
Grigio Adriatico,Marble,IT,,
Grigio Aitos,Sandstone,IT,,
Grigio Alpi,Limestone,"IT,TR,XK",,
Grigio Astratto,Marble,IT,,
Grigio Aurora,Marble,"CN,IT,TR",,
Grigio Bellissimo,Marble,IT,,
Grigio Billiemi,Marble,IT,,
Grigio Boden,Marble,IT,,
Grigio Bottarga,Marble,IT,,
Grigio Brosso,Granite,IT,,
Grigio Byron,Marble,IT,,
Grigio Capri,Marble,IT,,
Grigio Cattani,Marble,IT,,
Grigio Champagne,Granite,"CN,IN",,
Grigio Collemandina,Marble,IT,,
Grigio Di Calabria,Granite,IT,,
Grigio Di Istria,Sandstone,HR,,
Grigio Dolomiti,Marble,TR,,
Grigio Egeo,Marble,GR,,
Grigio Fiorito,Limestone,"IR,IT,MA,MK,TR",,
Grigio Fiorito,Marble,"CN,IR,IT,MA,MK,TR",,
Grigio Florenca,Soapstone,BR,,
Grigio Fumo,Marble,IL,,
Grigio Ginari,Marble,AL,,
Grigio Greza,Marble,TR,,
Grigio Italia,Marble,IT,,
Grigio Libo,Marble,IT,,
Grigio Linosa,Marble,IT,,
Grigio Lugano,Marble,TR,,
Grigio Malaga,Granite,IT,,
Grigio Mirto,Marble,IT,,
Grigio Moncervetto,Marble,IT,,
Grigio Monet,Marble,BR,,
Grigio Orsola,Marble,IT,,
Grigio Panarea,Marble,IT,,
Grigio Pineta,Marble,"CN,IR,MA,MX,TR",,
Grigio Raffaello,Granite,IT,,
Grigio Sardo,Granite,"AR,AT,BR,CN,ES,IN,IT,LK,PT,SE,US,VN",,
Grigio Scuro,Granite,CN,,
Grigio Stardust,Marble,TR,,
Grigio Tao,Marble,TN,,
Grigio Taormina,Marble,IT,,
Grigio Tortora,Granite,IT,,
Grigio Tucci,Marble,IT,,
Grigio Valentino,Sandstone,AL,,
Grigio Valverde,Sandstone,MA,,
Grigio Venato,Marble,"CN,ES,GR,IR,IT,LB,MA,MK,PK,RU,TN,TR,VN",,
Grigio Versilia,Marble,IT,,
Grimsel,Granite,CH,,
Grindio,Travertine,PE,,
Grinette,Marble,TR,,
Gris Alba,Granite,"ES,IN",,
Gris Alboran,Marble,ES,,
Gris Arucas,Tuff,ES,,
Gris Avila,Granite,ES,,
Gris Balear,Marble,ES,,
Gris Batalha,Limestone,PT,,
Gris Bleu De Savoie,Limestone,FR,,
Gris Caceres,Granite,"BR,CN,ES,IN,IT,PT",,
Gris Cadalso,Granite,ES,,
Gris Campanario,Granite,ES,,
Gris Cevenol,Marble,FR,,
Gris Conquistador,Granite,"BR,CN,ES,IN,IT,PT",,
Gris Coral,Marble,MX,,
Gris De Villette,Marble,FR,,
Gris Deva,Marble,ES,,
Gris Diana,Granite,ES,,
Gris Dothi,Cantera,MX,,
Gris Escorial,Cantera,MX,,
Gris Estrella,Granite,ES,,
Gris Fantasia,Granite,ES,,
Gris Fino,Granite,"ES,PT",,
Gris Flanelle,Marble,FR,,
Gris Guayana,Granite,GY,,
Gris Huichapan,Cantera,MX,,
Gris Jalisco,Cantera,MX,,
Gris Jaspeado,Granite,ES,,
Gris Leon,Granite,ES,,
Gris Leona,Granite,VE,,
Gris Liso,Limestone,"PT,SY",,
Gris Mara,Granite,AR,,
Gris Melange,Marble,IT,,
Gris Messi,Granite,ES,,
Gris Mezquita,Granite,ES,,
Gris Michoacan,Cantera,MX,,
Gris Moncayo,Sandstone,ES,,
Gris Mondariz,Granite,ES,,
Gris Montana,Granite,"BR,IN,IT",,
Gris Moreno,Cantera,MX,,
Gris Nebula,Marble,"TR,VN",,
Gris Nevada,Granite,ES,,
Gris Orinokia,Granite,VE,,
Gris Oscuro,Limestone,CO,,
Gris Paraiso,Granite,VE,,
Gris Pardo,Limestone,PT,,
Gris Parga,Granite,ES,,
Gris Payande,Marble,CO,,
Gris Perla,Limestone,"CN,MX,PK",,
Gris Pinor,Granite,ES,,
Gris Plata,Granite,"BR,CN,ES",,
Gris Platino,Granite,VE,,
Gris Porto,Marble,TR,,
Gris Puente Grande,Cantera,MX,,
Gris Pulpis,Marble,ES,,
Gris Quintana,Granite,ES,,
Gris Remedios,Cantera,MX,,
Gris Robledo,Granite,ES,,
Gris Rosado,Granite,ES,,
Gris Sahara,Marble,MA,,
Gris Saint Edouard,Marble,BE,,
Gris Salvaje,Granite,VE,,
Gris Santamaria,Granite,ES,,
Gris Santamarta,Granite,ES,,
Gris Segovia,Granite,ES,,
Gris Shoul,Marble,MA,,
Gris Siboney,Marble,CU,,
Gris Siliana,Limestone,TN,,
Gris Sodima,Limestone,TN,,
Gris Sorihuela,Granite,ES,,
Gris Taguanes,Granite,VE,,
Gris Tapiz,Sandstone,ES,,
Gris Thala,Limestone,"PT,TN",,
Gris Tragal,Granite,"ES,PT",,
Gris Versailles,Marble,"BE,CN,PL",,
Gris Zarci,Marble,ES,,
Gristone,Limestone,ID,,
Griza Yellow,Granite,BR,,
Grizio,Marble,TR,,
Groden,Porphyry,IT,,
Grodner,Porphyry,IT,,
Groetvik,Granite,SE,,
Groga,Alabaster,ES,,
Grolla,Marble,IT,,
Gross Kunzendorf,Marble,PL,,
Grove Whitbed,Limestone,GB,,
Groznjan Beli,Marble,HR,,
Gs,Travertine,IR,,
Guacamaya Gray,Marble,VE,,
Guadiana Oro,Granite,ES,,
Guang Red,Marble,CN,,
Guang Yellow,Marble,CN,,
Guangdong Pink Grain,Granite,CN,,
Guangdong Red,Granite,CN,,
Guangdong Salisbury Pink,Granite,CN,,
Guangdong White,Granite,"BR,CN,IN,LK,SE,VN",,
Guangling Ivory Yellow,Granite,CN,,
Guangming Grey,Granite,CN,,
Guangming White,Granite,CN,,
Guangning Black Star,Granite,CN,,
Guangxi Black,Granite,CN,,
Guangxi Black,Marble,CN,,
Guangxi Cream,Travertine,CN,,
Guangxi White,Marble,CN,,
Guangze Gaoyuan Red,Granite,CN,,
Guangze Red,Granite,CN,,
Guanshan Red,Granite,TW,,
Guazubira,Granite,UY,,
Gucci,Quartzite,BR,,
Gucci Grey,Marble,TR,,
Guddi Ivory,Granite,NG,,
Guifei Gold,Marble,CN,,
Guilin Hong,Granite,CN,,
Guinea Gold,Sandstone,AU,,
Guishun Green,Slate,CN,,
Guiting,Limestone,GB,,
Guixi Celestial Red,Granite,CN,,
Guixi Immortal Red,Granite,CN,,
Guizhou Black,Basalt,CN,,
Guizhou Wood,Marble,CN,,
Gujarat Brown,Granite,IN,,
Gujarat Green,Marble,IN,,
Gullfjell,Soapstone,NO,,
Gullmaren,Granite,SE,,
Gumushane Medium,Travertine,TR,,
Guna Black,Granite,IN,,
Gunsmoke,Onyx,MX,,
Guntliweid,Sandstone,CH,,
Gutian Red,Granite,CN,,
Guyana Red,Granite,GY,,
Gwalior Mint,Sandstone,IN,,
Gwalior Mint Green,Sandstone,IN,,
Gylsboda,Basalt,SE,,
Haapala Red,Granite,FI,,
Haapsalu,Limestone,EE,,
Hades,Travertine,PE,,
Hadise,Onyx,TR,,
Hadizade,Marble,IR,,
Hadrian,Limestone,US,,
Haemus,Tuff,BG,,
Haffouz,Limestone,TN,,
Hafnarfjordur,Basalt,IS,,
Hafslo,Granite,NO,,
Haftouman,Marble,IR,,
Hahnbruch,Sandstone,DE,,
Haifeng Red,Granite,CN,,
Haikan Suk,Tuff,KR,,
Hail,Gneiss,IT,,
Hailong Island Red,Granite,CN,,
Hailstorm,Granite,BR,,
Hainan,Bluestone,CN,,
Hainan Basalt,Basalt,CN,,
Hainan Black,Basalt,CN,,
Hainan G654,Granite,CN,,
Hainan Grey,Basalt,CN,,
Hainaut Blue,Limestone,BE,,
Haisa White Grain,Granite,CN,,
Haiti,Granite,BR,,
Halicarnassus,Limestone,TR,,
Halila Beige,Limestone,"IL,PS",,
Halila Gold,Limestone,"IL,PS",,
Halkyn Fossil,Limestone,GB,,
Halkyn Light,Limestone,GB,,
Hallandia,Granite,SE,,
Halmstad,Granite,SE,,
Halquist,Bluestone,US,,
Hamadan Black,Granite,IR,,
Hamedan,Limestone,IR,,
Hamedan Gray,Granite,IR,,
Hami Chrysanthemum Yellow,Granite,CN,,
Hami Sesame Green,Granite,CN,,
Hami Star Blue,Granite,CN,,
Hamina Red,Granite,FI,,
Hamitovsky,Marble,RU,,
Hammer Beige,Marble,TR,,
Hampton,Limestone,US,,
Hamzabe,Marble,IR,,
Hanazawa Ishi,Granite,JP,,
Handsome Brown,Marble,TR,,
Handsome Grey,Marble,TR,,
Hang Grey,Marble,CN,,
Hanma Cream,Marble,TR,,
Hanyuan Star Red,Granite,CN,,
Happy Gold,Marble,CN,,
Harar Beige,Marble,ET,,
Harbor Mist,Granite,US,,
Harkaway,Bluestone,AU,,
Harley Beige,Marble,IR,,
Harmaa Helmi,Granite,FI,,
Harmankaya Beige,Marble,TR,,
Harmankoy Beige,Marble,TR,,
Harmony,Granite,"BR,CA",,
Harmony Beige,Marble,TR,,
Harpia,Crystal,BR,,
Harpia,Granite,BR,,
Harsin,Marble,IR,,
Harsin White,Marble,"BR,CN,GR,IN,IR,IT,MM,TR,VN",,
Hartwick White,Granite,US,,
Harvest Brown,Granite,IN,,
Harvest Gold,Alabaster,US,,
Harvest Straw,Limestone,US,,
Hashdy,Limestone,YE,,
Hashma,Marble,EG,,
Hashma,Sandstone,EG,,
Hashma,Travertine,EG,,
Hassan Green,Granite,IN,,
Hathor Cream,Limestone,EG,,
Hatrung Yellow,Marble,VN,,
Hatrung Yellow Light,Marble,VN,,
Hauteville C,Limestone,FR,,
Hauteville D,Limestone,FR,,
Hauteville E,Limestone,FR,,
Hauteville Perle,Limestone,FR,,
Havana,Granite,BR,,
Havana,Quartzite,BR,,
Havana Grey,Marble,TR,,
Havana Red,Granite,SA,,
Havanna Blue,Granite,IN,,
Haveli Black,Marble,IN,,
Havza,Marble,TR,,
Hawaii,Granite,BR,,
Hawaiian Bordeaux,Granite,BR,,
Haymana Altini,Marble,TR,,
Haymana Beige,Marble,TR,,
Haz,Limestone,TR,,
Haz,Travertine,TR,,
Haz Black,Marble,TR,,
Haz Cloudy,Limestone,TR,,
Haz Yellow,Travertine,TR,,
Hazar,Travertine,TR,,
Hazar Beige,Marble,"CN,ES,TR",,
Hazar Pink,Marble,TR,,
Hazare Baghal,Marble,AF,,
Hazel Eyes,Soapstone,US,,
Hazelnut,Travertine,TR,,
Hbb Arabescato,Marble,TR,,
Heather Blue,Slate,GB,,
Heather Grey,Slate,GB,,
Heather Red,Slate,GB,,
Heaven Jade,Granite,CN,,
Hebei Beige,Granite,CN,,
Hebei Black,Slate,CN,,
Hebei Forest Green,Granite,CN,,
Hebei Green,Slate,CN,,
Hebei Green Wave,Granite,CN,,
Hebei Rust,Slate,CN,,
Hebron Bone,Limestone,"IL,PS",,
Hebron Gold,Limestone,"IL,PS",,
Hegge,Marble,NO,,
Heidlbrunn,Granite,AT,,
Heilgersdorfer,Sandstone,DE,,
Heilongjiang Black,Basalt,CN,,
Hekou Snow White,Marble,CN,,
Helena,Marble,TR,,
Helicon Gold,Marble,GR,,
Helicon Spider,Marble,GR,,
Heliconas Beige,Marble,GR,,
Helios Beige,Limestone,TR,,
Helletsbakke,Granite,DK,,
Helmand Brown,Onyx,AF,,
Henan Cherry Red,Granite,CN,,
Henan Green Pearl,Granite,CN,,
Henan Sakura Red,Granite,CN,,
Henan Sesame White,Granite,CN,,
Henan Yellow,Limestone,CN,,
Hengshan Black,Granite,"AO,BR,CA,CN,IN,PL,TZ",,
Henry Black,Granite,CN,,
Henry Grey,Marble,IT,,
Henry White,Marble,IT,,
Henzi,Marble,OM,,
Heraclea White,Marble,"GR,MK",,
Herat White,Marble,AF,,
Heritage Black,Granite,CA,,
Heritage Valley,Granite,US,,
Hermes Black,Marble,"CN,ES,GR,IR,IT,LB,MA,PK,RU,TN,TR,VN",,
Hermes Gold,Marble,TR,,
Hermes Lamda,Marble,GR,,
Hermes Sigma,Marble,GR,,
Herrnholz,Granite,DE,,
Hesar Silver,Travertine,IR,,
Heser Black,Travertine,IR,,
Hessischer Olivindiabas,Granite,DE,,
Heten,Marble,IR,,
Heuchelberg,Sandstone,DE,,
Hevmagyarad,Travertine,SK,,
Hibinite,Granite,RU,,
Hibiscus Pink,Granite,"AR,BR,CN,PT,SA,VE",,
Hibiscus Red,Marble,CN,,
Hibiscus White,Marble,CN,,
Hidalgo,Travertine,MX,,
Hidden Dragon,Marble,"CN,IR",,
Hidden Treasure,Granite,BR,,
Highland,Slate,GB,,
Higil,Marble,CN,,
Hilal,Travertine,TR,,
Hillary,Marble,TR,,
Hilton Grey,Marble,FR,,
Himachal Green,Slate,IN,,
Himalaya White,Granite,"BR,IN",,
Himalayan,Onyx,IN,,
Himalayan Brown,Granite,IN,,
Himalayan Green,Marble,"CN,IN",,
Himalayan Grey,Marble,"CN,IT,TR",,
Himalayan Oak,Marble,IN,,
Himalayan Teak,Marble,IN,,
Hin Sai Daeng,Sandstone,TH,,
Hintertiessen,Granite,DE,,
Hiperion,Granite,BR,,
Hisar Grey,Granite,TR,,
Hittite White,Marble,TR,,
Hoa Tam,Granite,VN,,
Hockenau,Sandstone,PL,,
Hoetzelsberg,Granite,DE,,
Hohenzollernpark,Sandstone,PL,,
Hoktemberyan,Tuff,AM,,
Holanta,Marble,TR,,
Homestead Range,Sandstone,AU,,
Homiat Red,Granite,SA,,
Honey,Granite,"BR,IN,SY,TR",,
Honey,Limestone,"BR,IN,SY,TR",,
Honey Amber,Onyx,MX,,
Honey Brown,Marble,"BR,IN",,
Honey Crema,Onyx,TR,,
Honey Dew,Granite,IN,,
Honey Moon,Limestone,JO,,
Honey Onyx,Onyx,"BR,GR,MX,TR",,
Honey Tiger,Onyx,TR,,
Honey Traonyx,Onyx,IR,,
Hopton Wood,Limestone,GB,,
Horand,Granite,IR,,
Horgita,Andesite,PL,,
Horiat,Marble,IR,,
Horicky,Sandstone,CZ,,
Horizon,Marble,TR,,
Horizont,Travertine,IT,,
Hotavlje Fantazija,Marble,SI,,
Hotavlje Roza,Marble,SI,,
Hotavlje Sivi,Marble,SI,,
Hove,Limestone,NO,,
Howley Park,Sandstone,GB,,
Hreppholar,Basalt,IS,,
Hua Hin,Granite,TH,,
Huadu Red,Granite,CN,,
Hualapai Chocolate,Sandstone,"IN,US",,
Hualien Diamond,Granite,CN,,
Hualien Grey,Marble,TW,,
Hualien White,Marble,TW,,
Huang Nobles,Granite,CN,,
Huantan Beige,Marble,IR,,
Huashan Sesame White,Granite,CN,,
Hubei Beige,Travertine,CN,,
Hubei Black,Slate,CN,,
Hubei Blue Star,Granite,CN,,
Hubei Sesame White,Granite,"BR,CN,ES,IN,IT,PT",,
Hudcice,Granite,CZ,,
Hudson Ash,Soapstone,BR,,
Huelgoat,Granite,FR,,
Hugo Beige,Limestone,RO,,
Hugo Giallo,Marble,ID,,
Hugo Grigio,Marble,"CN,ID",,
Huian Pink,Granite,"CN,ES,IN,NG",,
Huian White,Granite,CN,,
Huidong White,Granite,CN,,
Huilou Yellow,Granite,CN,,
Huixquilucan Rosa,Cantera,MX,,
Huma Wave,Marble,IR,,
Humaita White,Granite,BR,,
Humboldt,Sandstone,US,,
Hunan Sesame Black,Granite,CN,,
Hunan White,Marble,CN,,
Hunza,Onyx,PK,,
Hunza Grey,Limestone,PK,,
Hurrem,Granite,TR,,
Hurricane,Marble,"BR,IT,PL",,
Hurricane Gold,Granite,"BR,PL",,
Hyatt Beige,Marble,TR,,
Hye,Travertine,AM,,
Hypnotic,Granite,BR,,
Hyvinkaeae,Granite,FI,,
Iban Beige,Marble,MY,,
Iban Line,Marble,MY,,
Ibbenbueren,Sandstone,DE,,
Iber,Tuff,ES,,
Ibere Bellagio,Granite,BR,,
Ibere Maestra Black,Granite,BR,,
Ibere Mari White,Granite,BR,,
Ibere Plantus,Granite,BR,,
Ibere Soleil,Granite,BR,,
Iberian White,Granite,ES,,
Ibiaran Gold,Granite,BR,,
Ibra Grey,Marble,OM,,
Ibri Beige,Marble,OM,,
Ibri Gold,Limestone,IN,,
Ibri Yellow,Marble,OM,,
Icarus White,Marble,GR,,
Ice,Onyx,IN,,
Ice Age White,Marble,CN,,
Ice Beige,Marble,TR,,
Ice Berg White,Marble,"BR,CA,IN,IR,TR,VN",,
Ice Black,Marble,"AU,CN,ES,IN,IT,MX,TR",,
Ice Black Diamond,Granite,CN,,
Ice Blue,Marble,"BR,CA,IN,IR,TR,VN",,
Ice Brown,Granite,"BR,CN,IN",,
Ice Flake Blue,Granite,CN,,
Ice Flake Brown,Granite,CN,,
Ice Flake Jade,Onyx,CN,,
Ice Flake Red,Granite,CN,,
Ice Flower,Soapstone,"CN,IR,IT,US",,
Ice Flower Blue,Granite,CN,,
Ice Flower Red,Granite,CN,,
Ice Flower White,Marble,"BR,CN,GR,IN,IR,MM,MX,NA,PT,TR,VN,ZM",,
Ice Imperial,Marble,BR,,
Ice King,Marble,TR,,
Ice Sparkle,Granite,IN,,
Ice White,Granite,"BR,CN,IN,IR,NO,PK",,
Ice White,Onyx,"BR,IN,IR,PK",,
Ice Wood,Travertine,TR,,
Iceberg,Crystal,"BR,GR,TR",,
Iceberg,Quartzite,"BR,GR,TR",,
Iceberg Grey,Marble,"BR,GR,TR",,
Icefall,Granite,BR,,
Icelandic Wood,Marble,CN,,
Icon Brown,Marble,TR,,
Icy Flower,Limestone,CN,,
Idaho,Travertine,US,,
Idaho Smoke,Granite,US,,
Iddefjord,Granite,NO,,
Ifjord,Limestone,NO,,
Ig White Jal,Marble,IN,,
Ignimvritis Lesbos,Tuff,GR,,
Iguana Green,Granite,BR,,
Ijen Blue,Quartzite,BR,,
Ikarus,Marble,GR,,
Ikon Brown,Granite,IN,,
Ikran White,Marble,CN,,
Ilda Beige,Marble,TR,,
Ile,Granite,FR,,
Ilica,Travertine,TR,,
Ilis,Marble,GR,,
Illuminatus,Marble,BR,,
Illusion,Quartzite,IN,,
Illusion Bronze,Marble,TR,,
Illyrian Grey,Marble,AL,,
Ilomba Blue,Granite,MW,,
Iluminato,Crystal,BR,,
Iluminato Champagne,Crystal,BR,,
Iluminato Vitro,Semi-Precious Stone,BR,,
Imatra,Granite,FI,,
Immortal Red,Granite,CN,,
Impala Adriatic,Granite,BA,,
Impala Black (Nero Africa),Granite,"ZA,AO,IN,CN,ZW,ZM,MZ",,
Impala Medium,Granite,ZA,,
Imperator,Marble,MK,,
Imperial,Onyx,"ES,MX,PE",,
Imperial,Sandstone,"ES,MX,PE",,
Imperial,Travertine,"ES,MX,PE",,
Imperial Beige,Granite,"BR,CN,ES,IN,PE,PL,SA,TR,US",,
Imperial Black,Granite,"AU,BR,CN,IN",,
Imperial Black,Slate,"AU,BR,CN,IN",,
Imperial Blend,Slate,CN,,
Imperial Cream,Granite,IN,,
Imperial Danby,Marble,US,,
Imperial Dark,Marble,PK,,
Imperial Gold,Limestone,"EG,PE",,
Imperial Gold,Sandstone,"EG,PE",,
Imperial Green,Granite,"BR,IN,IR,IT",,
Imperial Green,Marble,"BR,IN,IR,IT",,
Imperial Grey,Granite,"CN,EG,IL,IR,IT,PS,SA,UY",,
Imperial Grey,Limestone,"CN,EG,IL,IT,PS,UY",,
Imperial Peach,Marble,CN,,
Imperial Pearl,Granite,BR,,
Imperial Pink,Granite,IN,,
Imperial Red,Granite,"AR,BR,CN,EG,FI,IN,NO,PK,SE",,
Imperial Red,Sandstone,"AR,BR,CN,EG,IN,PK,SE",,
Imperial Roshan,Marble,IR,,
Imperial Salmon,Granite,PT,,
Imperial Sun,Sandstone,BG,,
Impex Brown,Granite,IN,,
Inada,Granite,JP,,
Inani,Soapstone,IN,,
Inani Black Marinace,Granite,IN,,
Inari White,Granite,FI,,
Inca Brown,Marble,PE,,
Incarnat Alpha,Marble,FR,,
Incas Gold,Granite,IN,,
Inchiostro Verde,Marble,NA,,
India Atlantic Blue,Granite,"CA,IN",,
India Autumn Mist,Granite,IN,,
India Baltic Red,Granite,IN,,
India Beige,Sandstone,IN,,
India Black,Slate,IN,,
India Black Fantasy,Granite,IN,,
India Black Forest,Granite,IN,,
India Blue Flower,Granite,IN,,
India Blue Sky,Marble,IN,,
India Copper Brown,Granite,IN,,
India Coral Brown,Granite,IN,,
India Desert Rose,Granite,IN,,
India Desert Sand,Granite,IN,,
India Dragon Red,Granite,"CN,FI",,
India Forest Green,Granite,IN,,
India Gold,Slate,IN,,
India Green,Onyx,IN,,
India Green,Soapstone,IN,,
India Grey,Soapstone,IN,,
India Ice Blue,Granite,"BR,IN",,
India Juparana Bianco,Granite,"BR,IN",,
India Juparana Pink,Granite,CN,,
India Jurassic Green,Granite,IN,,
India Mahogany,Granite,IN,,
India Pearl Brown,Granite,IN,,
India Pink,Onyx,IN,,
India Queen Rose,Granite,IN,,
India White,Onyx,IN,,
Indian Alaska White,Granite,IN,,
Indian Aspen White,Granite,"BR,IN",,
Indian Aurora,Granite,IN,,
Indian Autumn,Slate,"BR,IN",,
Indian Creek,Slate,IN,,
Indian Green,Slate,IN,,
Indian Kinawa,Granite,IN,,
Indian Red,Alabaster,US,,
Indian Red Jasper,Marble,"EG,IT",,
Indian Rosso,Marble,IN,,
Indian Royal Brown,Granite,IN,,
Indian Statuario,Marble,"IN,IT",,
Indian Sunset,Granite,US,,
Indiana Gray,Limestone,US,,
Indiana Limestone,Limestone,US,,
Indigo,Granite,BR,,
Indigo,Soapstone,BR,,
Indo Beige,Marble,ID,,
Indo Black,Granite,VN,,
Indo Italian,Marble,IN,,
Indo Levanto,Marble,IN,,
Indo Marfil,Marble,ID,,
Indo Waria,Marble,IN,,
Indochina Mahogany,Granite,VN,,
Indonesia Black,Andesite,ID,,
Indonesia Green,Sandstone,ID,,
Indonesia Grey,Andesite,ID,,
Indonesia Grey,Basalt,ID,,
Indonesia Red,Andesite,ID,,
Indonesian Andesite,Andesite,ID,,
Indus Gold,Marble,"CN,EG,PK",,
Infercoa,Slate,ES,,
Inferno,Onyx,"GR,MX",,
Infinito White,Marble,TR,,
Infinity Blue,Quartzite,BR,,
Infinity Gold,Granite,BR,,
Infinity Grey,Marble,"BR,TR",,
Infinity Grey,Quartzite,"BR,TR",,
Infinity White,Quartzite,IN,,
Ink Jade,Granite,CN,,
Ink Painting,Granite,CN,,
Ink White,Marble,CN,,
Ink Wood Grain,Marble,"CN,GR,IN,IT",,
Inka,Onyx,MX,,
Inka Gold,Travertine,PE,,
Innovia Beige,Marble,TR,,
Intense Coffee,Granite,BR,,
Inti,Travertine,PE,,
Inverness,Limestone,CA,,
Invictus,Granite,BR,,
Invierno,Granite,BR,,
Invisible Antique,Marble,TR,,
Invisible Blue,Marble,BR,,
Invisible Grey Gold,Marble,BR,,
Invisible White,Marble,BR,,
Ioannina Beige,Marble,GR,,
Ionian Brown,Marble,GR,,
Ioriano,Marble,IT,,
Ipanema,Soapstone,BR,,
Ipanema Beach,Granite,BR,,
Ipanema Beige,Granite,BR,,
Ipoh,Marble,MY,,
Iragna,Granite,CH,,
Iraji,Marble,IR,,
Iran Golden Brown,Marble,IR,,
Iran Light Green,Onyx,"IR,PK",,
Iran Noce,Travertine,IR,,
Iran Pink,Andesite,IR,,
Iran Red,Travertine,"AZ,IR",,
Iran Sofita,Marble,"IR,TR",,
Iran White,Limestone,"AF,CN,IR,IT",,
Iran White,Onyx,"AF,CN,IR,IT",,
Iran White,Sandstone,"AF,CN,IR,IT",,
Iran White,Travertine,"AF,CN,IR,IT",,
Iran Yellow,Onyx,IR,,
Iridanos,Marble,GR,,
Iris,Marble,"EG,IR,TR",,
Iris Cream,Marble,TR,,
Iris Cream Light,Marble,TR,,
Iris Cream Rosa,Marble,TR,,
Iris Gray,Marble,TR,,
Iris Pink,Onyx,"IR,TR",,
Iris White,Marble,BR,,
Irish Black,Granite,"IE,IN",,
Irish Black,Marble,"IE,IN",,
Irish Blue,Limestone,IE,,
Irish Green,Marble,"BR,CN,GR,IE,IN,IR,IT,MM,TR,VN",,
Irish Grey,Marble,IE,,
Iron Blue,Granite,BR,,
Iron Lace,Marble,AU,,
Iron Red,Granite,"BR,CN",,
Iron Red,Marble,"BR,CN",,
Iron Red Quartzite,Quartzite,BR,,
Isabella,Marble,TR,,
Isaura Spider Beige,Marble,TR,,
Isernia,Limestone,IT,,
Isetskiy,Granite,RU,,
Isfahan Green,Granite,IR,,
Isfahan Rose,Granite,IR,,
Isinda,Marble,TR,,
Isis Gold,Marble,EG,,
Iskcon White,Granite,IN,,
Island Red,Granite,CN,,
Isola Grey,Granite,CN,,
Isparta,Marble,TR,,
Isparta Grey,Marble,"KH,TN,TR",,
Isporada Beige,Marble,TR,,
Istanbul,Granite,BR,,
Istrian White,Limestone,HR,,
Ita Gold,Sandstone,IN,,
Ita Green,Granite,"BR,IN",,
Ita Rose,Granite,BR,,
Italian Classic Beige,Marble,"IT,PR",,
Italian Wood Grain,Marble,"EG,IT,TR",,
Italy Dark Gray,Marble,IT,,
Italy Gold,Marble,IT,,
Italy Gold,Travertine,IT,,
Italy Gold Coffee,Marble,IT,,
Italy Jade,Marble,IT,,
Ivailovgrad,Gneiss,BG,,
Ivano Dolynske,Basalt,UA,,
Ivme Cappuccino,Onyx,TR,,
Ivo Red,Granite,SE,,
Ivory,Onyx,"IR,IT,TR",,
Ivory,Travertine,"IR,IT,TR",,
Ivory Alabastrino,Limestone,TR,,
Ivory Antico,Limestone,TR,,
Ivory Antiqued,Limestone,TR,,
Ivory Bahama,Granite,IN,,
Ivory Beige,Marble,"CN,EG,ES,IR,IT,LB,TR",,
Ivory Borneo,Limestone,MY,,
Ivory Brown,Granite,"BR,IN",,
Ivory Classic,Marble,"EG,IR",,
Ivory Cloud,Marble,TR,,
Ivory Coast,Granite,"CI,ZA",,
Ivory Cream,Granite,"BR,IN,IR,IT,TR",,
Ivory Cream,Travertine,"IN,IR,IT,TR",,
Ivory Cream Gold,Granite,"BR,IN",,
Ivory Creamy,Marble,EG,,
Ivory Cristallina,Marble,CH,,
Ivory Elegance,Granite,IN,,
Ivory Gold,Granite,"BR,IN",,
Ivory Jade,Onyx,MX,,
Ivory Juparana,Granite,IN,,
Ivory Lace,Limestone,"IL,PS",,
Ivory Light,Marble,"EG,IR,IT,TR",,
Ivory Medium,Travertine,"IR,IT,TR",,
Ivory Orange,Granite,IN,,
Ivory Pearl,Granite,"IN,MX,TR",,
Ivory Pearl,Travertine,"IN,MX,TR",,
Ivory Pink,Granite,"IN,NG",,
Ivory Raw Silk,Granite,IN,,
Ivory Red,Marble,TR,,
Ivory Rosalia,Marble,TR,,
Ivory Travertine (Light),Travertine,TR,,
Ivory White,Granite,"BR,CN,IN,IR,IT,LB,NA,NG,TR",,
Ivory White,Marble,"CN,IN,IR,IT,LB,TR",,
Ivory White,Sandstone,"CN,IN,IR,IT,LB,TR",,
Iwaro Pink,Granite,NG,,
Izerski,Granite,PL,,
J'adore Visuvio,Quartzite,BR,,
Jacaranda,Granite,"BR,ZW",,
Jacaranda Wood,Granite,BR,,
Jacobsville,Sandstone,US,,
Jade,Quartzite,"IN,IR",,
Jade,Travertine,"IN,IR,TR",,
Jade Blue,Granite,"CN,IN",,
Jade Blue,Quartzite,"CN,IN",,
Jade Flower,Onyx,TR,,
Jade Green,Granite,"BR,CN",,
Jade Green,Slate,"BR,CN",,
Jade Grey,Granite,CN,,
Jade Leaf,Marble,PK,,
Jade Peacock,Marble,"IR,TR",,
Jade Pearl,Quartzite,BR,,
Jade Verdure Rock,Granite,CN,,
Jadjur,Tuff,AM,,
Jadore,Quartzite,BR,,
Jaffa,Limestone,AU,,
Jaguar,Limestone,"AL,BR",,
Jaguar Brown,Granite,IN,,
Jaipur Rainbow,Sandstone,IN,,
Jaisalmer Yellow,Limestone,IN,,
Jak,Slate,IN,,
Jak Multicolor,Slate,IN,,
Jakarta,Marble,ID,,
Jalapeno Green,Marble,IN,,
Jalisco Black,Onyx,MX,,
Jalisco Orange,Onyx,MX,,
Jalisco White,Onyx,MX,,
Jalore Brown,Granite,IN,,
Jalore Yellow,Granite,IN,,
Jamtland Gray,Limestone,SE,,
Jamtland Svart,Limestone,SE,,
Jane,Granite,PT,,
Jane Grey,Marble,"AU,CN",,
Jania Crema,Marble,PH,,
Janina,Sandstone,GR,,
Jaracatia,Granite,BR,,
Jardin Fleuri,Limestone,FR,,
Jarppila Rosa,Granite,FI,,
Jarrah Red,Porphyry,AU,,
Jasmin,Marble,TR,,
Jasmine,Limestone,TR,,
Jasmine,Marble,TR,,
Jasmine Blue,Marble,TR,,
Jasmine Dark,Marble,TR,,
Jasmine Diamond,Granite,CN,,
Jasmine Gold,Marble,TR,,
Jasmine White,Granite,"BR,CN,ES,IN,IR,PT,TR",,
Jasmine White,Marble,"IN,IR,TR",,
Jasper,Agate,BR,,
Jasper Blue,Granite,IN,,
Jasper Green,Marble,IN,,
Jasper Green,Quartzite,IN,,
Jasper Green,Semi-Precious Stone,IN,,
Jasper Red,Semi-Precious Stone,IN,,
Jatoba Brown,Granite,BR,,
Jaune,Onyx,DZ,,
Jaune Clore,Limestone,TN,,
Jaune Dore,Limestone,TN,,
Jaune Fleuri,Limestone,LB,,
Jaune Monton,Limestone,FR,,
Jaune Primrose,Limestone,FR,,
Jaune Safra,Limestone,DZ,,
Java Black,Granite,"BR,ID",,
Java Black,Soapstone,"BR,ID",,
Java Brown,Marble,ID,,
Java Cream,Marble,ID,,
Java Grey,Marble,ID,,
Java Melarosa,Marble,ID,,
Java Pink,Marble,ID,,
Java Rosso,Marble,ID,,
Javorka,Sandstone,CZ,,
Jazz Gold,Marble,CN,,
Jazz Grey,Marble,TR,,
Jazz White,Marble,"GR,IT,TR",,
Jazzy,Granite,BR,,
Jbernardos Grey,Slate,ES,,
Jd Brown,Granite,IN,,
Jeans Blue,Marble,"CN,IR,TR",,
Jeerawal White,Granite,IN,,
Jellyfish,Agate,BR,,
Jenkow,Slate,PL,,
Jenny Pink,Marble,AU,,
Jersey Grey,Marble,IN,,
Jerusalem,Limestone,"IL,PS",,
Jerusalem Cream A59,Limestone,PS,,
Jerusalem Cream At2,Limestone,PS,,
Jerusalem Deep Blue,Limestone,"EG,IL,IT,PS",,
Jerusalem Desert,Limestone,PS,,
Jerusalem Eyes,Limestone,PS,,
Jerusalem Grey,Limestone,"IL,PS",,
Jerusalem Royal Pink,Limestone,PS,,
Jerusalem Sea Shells,Limestone,PS,,
Jerusalem Stone (Gold / White),Limestone,IL,,
Jerusalem Tides,Limestone,PS,,
Jet Black,Marble,PK,,
Jezersko,Tuff,SI,,
Jhanjhar White,Marble,IN,,
Jhiri,Marble,IN,,
Jhiri,Onyx,IN,,
Jiajun Red,Granite,CN,,
Jiangxi Black,Slate,CN,,
Jiangxi Green,Granite,CN,,
Jiangxi Jueshi,Marble,CN,,
Jiangxi Multicolor,Slate,CN,,
Jiangxi Yellow,Granite,CN,,
Jianping Black,Granite,CN,,
Jiashi Red,Granite,CN,,
Jiashi White,Marble,CN,,
Jiaxi Yellow,Granite,CN,,
Jidao Red,Granite,CN,,
Jiess,Marble,CN,,
Jilin Black,Granite,CN,,
Jilin White,Granite,CN,,
Jinan Dark Green,Granite,CN,,
Jinghai Rongchen,Granite,CN,,
Jingrun Red,Granite,CN,,
Jingtai Blue,Granite,CN,,
Jinhu Red,Granite,CN,,
Jinhua Cream,Marble,CN,,
Jinshan Black,Basalt,CN,,
Jinshan Gold,Granite,CN,,
Jinsui Grey Grain,Granite,CN,,
Jinxiu,Slate,CN,,
Jinzhai Bright Blue,Granite,CN,,
Jiroft,Marble,IR,,
Jiuhua Jade,Marble,CN,,
Jodhpur Brown,Sandstone,IN,,
Jodhpur Pink Sandstone,Sandstone,"US,IN",,
Jodhpur Red,Sandstone,IN,,
John Brown,Sandstone,US,,
Jolbar,Marble,IR,,
Jolie Grey,Marble,BR,,
Jon Grey,Limestone,ES,,
Jonesboro,Granite,US,,
Jordan Black,Basalt,JO,,
Jordan Brown,Onyx,JO,,
Jordan Gold,Travertine,JO,,
Jordan Grey,Marble,JO,,
Jordans Basebed,Limestone,GB,,
Jordans Roach,Limestone,GB,,
Jordans Whitbed,Limestone,GB,,
Jos Light Green,Granite,NG,,
Josheghan,Marble,IR,,
Josheghan Sefid,Marble,IR,,
Julia,Soapstone,BR,,
Julian Jade,Marble,CN,,
Junan Red,Granite,CN,,
Jungle Black,Marble,CN,,
Jungle Green,Slate,BR,,
Juparaiba,Granite,BR,,
Juparana Andes,Granite,BR,,
Juparana Apiaka,Granite,BR,,
Juparana Arandis,Granite,NA,,
Juparana Avindra,Granite,LK,,
Juparana Bari,Granite,BR,,
Juparana Beach,Granite,BR,,
Juparana Boreal,Granite,BR,,
Juparana Bronze,Granite,BR,,
Juparana Campestre,Granite,BR,,
Juparana Champagne,Granite,BR,,
Juparana Colombo,Granite,"BR,IN,IT,PL",,
Juparana Copacabana,Granite,BR,,
Juparana Crema Bordeaux,Granite,"BR,CN",,
Juparana Desert,Granite,BR,,
Juparana Dream,Granite,BR,,
Juparana Dunas,Granite,BR,,
Juparana Etna,Granite,BR,,
Juparana Excotica,Granite,BR,,
Juparana Fantastico,Granite,BR,,
Juparana Flamingo,Granite,BR,,
Juparana Florence,Granite,BR,,
Juparana Gold,Granite,"BR,IN,IT,PL",,
Juparana Gold Bluish,Granite,BR,,
Juparana Golden Khan,Granite,BR,,
Juparana Guyana,Granite,BR,,
Juparana Itaoca,Granite,BR,,
Juparana Jatoba,Granite,BR,,
Juparana Linhares,Granite,BR,,
Juparana Mahogany,Granite,BR,,
Juparana Mantena,Granite,BR,,
Juparana Natalia,Granite,BR,,
Juparana Paraiba,Granite,BR,,
Juparana Perla,Granite,BR,,
Juparana Persa,Granite,BR,,
Juparana Portobelo,Granite,BR,,
Juparana Rio,Granite,BR,,
Juparana Saba,Granite,SD,,
Juparana Salmon,Granite,BR,,
Juparana Santa Helena,Granite,BR,,
Juparana Sausalito,Granite,BR,,
Juparana Starlight,Granite,BR,,
Juparana Sucuri,Granite,"BR,IN",,
Juparana Taupe,Granite,BR,,
Juparana Tier,Granite,NA,,
Juparana Tobacco,Granite,BR,,
Juparana Verniz,Granite,BR,,
Juparana Wave Light,Granite,BR,,
Jupiter Grey,Marble,"CN,PT,VN",,
Jupiter Red,Granite,IN,,
Jura Beige,Limestone,DE,,
Jura Brown,Limestone,DE,,
Jura Cream,Limestone,DE,,
Jura Gelb,Limestone,DE,,
Jura Grey,Limestone,DE,,
Jura Grey Blue,Limestone,DE,,
Jura Melange,Limestone,DE,,
Jurassic Cream,Marble,TR,,
Jurassic Golden,Granite,"BR,IN",,
Juva Red,Granite,FI,,
Juzhou Red,Granite,CN,,
Juzina,Limestone,HR,,
Jyvaeskylae Black,Granite,FI,,
Jyvaeskylae Light,Granite,FI,,
K White,Granite,IN,,
K5,Marble,OM,,
K5 Reddish,Marble,OM,,
K5 Reddish Dark,Marble,OM,,
Kabul Grey,Marble,AF,,
Kachia Grey,Granite,NG,,
Kadazan Beige,Marble,MY,,
Kaduna Dark Grey,Granite,NG,,
Kadur Red,Granite,IN,,
Kafr Nabo,Limestone,SY,,
Kaftar Khana,Marble,AF,,
Kagawa,Granite,JP,,
Kahla,Marble,MA,,
Kahn,Granite,NA,,
Kahramanmaras Light Beige,Marble,TR,,
Kairuru,Marble,NZ,,
Kajaani Grey,Granite,FI,,
Kakino White,Granite,CN,,
Kalahari,Granite,"BR,IN",,
Kalahari,Quartzite,"BR,IN",,
Kalahari Spring,Granite,ZA,,
Kalamaili Gold,Granite,CN,,
Kalasia,Marble,PK,,
Kaleidoscope,Granite,BR,,
Kaleshjani,Limestone,AL,,
Kali Botticino,Marble,IN,,
Kali Brown,Marble,TR,,
Kali Cream,Limestone,TR,,
Kalimantan Green,Slate,ID,,
Kalinka,Granite,UA,,
Kalix,Granite,SE,,
Kalix River,Granite,BR,,
Kallsebo,Granite,SE,,
Kalvola Red,Granite,FI,,
Kalzard Red,Travertine,IR,,
Kamai Gold,Granite,CN,,
Kaman,Granite,TR,,
Kaman Gold Beige,Marble,TR,,
Kaman Ivory,Marble,TR,,
Kamarica,Granite,BR,,
Kambulatovsky,Granite,RU,,
Kamelia,Marble,IR,,
Kamphaeng,Marble,TH,,
Kampos,Marble,GR,,
Kanakpura Multicolour,Granite,IN,,
Kandla Grey Sandstone,Sandstone,IN,,
Kandla Quartzitic,Quartzitic Sandstone,IN,,
Kanfanar,Limestone,HR,,
Kangar,Marble,MY,,
Kangayam Gold,Granite,IN,,
Kangbao Red,Granite,CN,,
Kangmei Black,Granite,CN,,
Kanigiri Absolute Black,Granite,IN,,
Kannada,Soapstone,IN,,
Kanor Grey,Marble,CN,,
Kansas,Limestone,US,,
Kapa Beige,Marble,TR,,
Kapa Cappuccino,Marble,TR,,
Kapandriti,Travertine,GR,,
Kapela,Limestone,PL,,
Kapela Rozowy,Marble,PL,,
Kapiol,Travertine,IR,,
Kappelshamn,Limestone,SE,,
Kaptan Black,Marble,TR,,
Kapustinsky,Granite,"RU,UA",,
Karabash Green,Slate,RU,,
Karabuk Brown,Marble,TR,,
Karabuk Yellow,Travertine,TR,,
Karacabey Black,Marble,TR,,
Karachi White,Granite,PK,,
Karahalli White,Marble,TR,,
Karaki Grey,Limestone,JO,,
Karako,Marble,TR,,
Karaman Noce,Travertine,TR,,
Karaman Pink,Marble,TR,,
Karamay Green,Granite,CN,,
Karauli Red,Granite,IN,,
Karboni Arka,Marble,IR,,
Kardelen,Granite,TR,,
Kardjali Yellow,Gneiss,BG,,
Karelia Beige,Granite,FI,,
Karelia Black,Granite,"IR,RU",,
Karelia Mystik,Granite,FI,,
Karelia Red,Granite,"FI,RU",,
Karelian Green,Granite,FI,,
Karen,Granite,EG,,
Karen Gold,Marble,CN,,
Karesi White,Marble,TR,,
Kari Ice,Onyx,NA,,
Karia Cream,Marble,TR,,
Karibib Black,Marble,NA,,
Karimnagar Brown,Granite,IN,,
Karina Beige,Limestone,RO,,
Karina Flourish,Limestone,RO,,
Karina Light,Limestone,RO,,
Karina Rice Beige,Limestone,RO,,
Karina V,Limestone,RO,,
Kariz Amir,Marble,AF,,
Karizmeer,Marble,AF,,
Karjalan Black Diabase,Granite,RU,,
Karjalan Ruskea,Granite,RU,,
Karki,Limestone,PS,,
Karlshult,Basalt,SE,,
Karlstejn,Marble,CZ,,
Karma Traonyx,Onyx,IR,,
Karmel White,Travertine,IL,,
Karmiel,Limestone,IL,,
Karmin,Granite,UA,,
Karnataka Royal Brown,Granite,IN,,
Karnezeika Beige,Marble,"GR,RU",,
Karoo Gold,Granite,ZA,,
Karoo Ice,Granite,ZA,,
Karsy,Limestone,PL,,
Karthali,Slate,NP,,
Karu Spotty,Granite,NG,,
Karur White,Granite,IN,,
Karystos,Marble,GR,,
Karystos Black,Slate,GR,,
Karystos Brown,Slate,GR,,
Kas Beige,Marble,TR,,
Kashan Coffee,Travertine,IR,,
Kashan Golden Brown,Marble,IR,,
Kashan Silver,Travertine,IR,,
Kashina Gora,Granite,RU,,
Kashmar,Marble,IR,,
Kashmir,Onyx,TR,,
Kashmir Azul,Granite,IN,,
Kashmir Bahia,Granite,"BR,IN",,
Kashmir Gold,Granite,"BR,IN",,
Kashmir Green,Granite,IN,,
Kashmir Lapidus,Granite,BR,,
Kashmir Mango,Granite,IN,,
Kashmir White,Granite,"BR,CN,IN,LK,SE,VN",,
Kasiki Grey,Marble,CN,,
Kasinge,Granite,SE,,
Kasite Red,Marble,CN,,
Kasta Veiny,Marble,NZ,,
Kastamonu Beige,Limestone,TR,,
Kastamonu Beige,Marble,"BA,BR,CN,EG,ES,GR,ID,IR,IT,OM,TR",,
Kastamonu Rosalia,Marble,TR,,
Kate White,Marble,CN,,
Katmer,Travertine,TR,,
Katni Beige,Marble,IN,,
Katni Brown,Sandstone,IN,,
Katni Green,Marble,IN,,
Katni Grey,Sandstone,IN,,
Katni Pink,Marble,IN,,
Katni Yellow,Sandstone,IN,,
Katori,Limestone,TR,,
Katrina,Marble,EG,,
Katuba Blue,Granite,ZM,,
Katzie,Granite,IN,,
Kavala,Slate,GR,,
Kavala Grey,Marble,GR,,
Kavosh,Marble,IR,,
Kawi Agung,Marble,ID,,
Kayon Blue,Granite,CN,,
Kayon Nero,Granite,CN,,
Kayrus,Granite,BR,,
Kayseri,Basalt,TR,,
Kayseri Beige,Tuff,TR,,
Kayseri Black,Tuff,TR,,
Kayseri Grey,Andesite,TR,,
Kayseri Grey,Tuff,TR,,
Kayseri Light,Travertine,TR,,
Kayseri Noce,Travertine,TR,,
Kayseri Pink,Tuff,TR,,
Kayseri Red,Tuff,TR,,
Kayseri Yellow,Tuff,TR,,
Kaytash,Granite,UZ,,
Kazan Beige,Marble,TR,,
Kazlje,Limestone,SI,,
Keda Grey,Marble,TR,,
Kelardasht,Granite,IR,,
Kello,Travertine,PE,,
Kemalpasa White Turquoise,Marble,TR,,
Kemer White,Travertine,TR,,
Kemet,Granite,EG,,
Kemore White,Marble,PK,,
Kempton White,Granite,BR,,
Kenaf Wood,Granite,CN,,
Kensington,Marble,US,,
Kenya White,Marble,KE,,
Kepez Silver,Travertine,TR,,
Keramati,Onyx,IR,,
Kerem Delijan,Marble,IR,,
Kerem Kashan,Marble,IR,,
Kerem Mojdar,Travertine,IR,,
Kerem Shahre Kord,Marble,IR,,
Kerem Shahrekord Sartipy,Marble,IR,,
Kerman Brown,Marble,IR,,
Kerman Cream,Marble,IR,,
Kerman Turquoise,Onyx,IR,,
Kerman Veined Green,Onyx,IR,,
Kerman White,Onyx,IR,,
Kershaw,Granite,US,,
Kesariaji Green,Marble,IN,,
Kesariya Green,Marble,IN,,
Key West Gold,Granite,US,,
Kg Ebony,Granite,ZW,,
Khabourah Cumulus,Marble,OM,,
Khadel Gris,Marble,TN,,
Khaiber,Limestone,EG,,
Khaki Grey,Marble,"CN,TR",,
Khaki Plum,Sandstone,CN,,
Khaki White,Marble,CN,,
Khalele,Limestone,JO,,
Khalifehlu Chocolate,Granite,IR,,
Khalili,Limestone,PS,,
Khalvangah,Travertine,IR,,
Khammam Black,Granite,IN,,
Khanh Hoa,Granite,VN,,
Khanh Vinh,Basalt,VN,,
Khao Tone,Granite,TH,,
Kharda Red,Granite,IN,,
Khatmia,Limestone,EG,,
Khazana,Marble,IN,,
Kheemuch,Sandstone,IN,,
Khlong Hat,Marble,TH,,
Khob Sangan,Marble,IR,,
Khoorose,Marble,IR,,
Khor Ghermez Salsali,Marble,IR,,
Khor Yekrangi,Marble,IR,,
Khorasan Azur,Granite,IR,,
Khormayi Arian,Travertine,IR,,
Khormayi Mojdar,Travertine,IR,,
Khorramabad,Limestone,IR,,
Khour,Marble,IR,,
Khoy Red,Marble,IR,,
Khust,Basalt,UA,,
Kiama,Basalt,AU,,
Kianta Sky,Soapstone,FI,,
Kibik Kordonskiy,Marble,RU,,
Kibwezi Pink,Granite,KE,,
Kibwezi Yellow,Granite,KE,,
Kielce,Sandstone,PL,,
Kik,Marble,HR,,
Kili Green,Sandstone,ZA,,
Kilimanjaro,Granite,"BR,IN",,
Kilkenny,Sandstone,IE,,
Kilkenny Black Fossil,Limestone,IE,,
Kilpua Red,Granite,FI,,
Kilzinger,Sandstone,PL,,
Kimberley,Basalt,AU,,
Kimberley,Sandstone,AU,,
Kimberley Black,Basalt,AU,,
Kimberley Black,Granite,AU,,
Kimberly Pink,Quartzite,IN,,
Kinari,Limestone,ID,,
Kinawa Gold,Granite,IN,,
Kinawa Lagoa,Granite,BR,,
Kinawa White,Granite,BR,,
King Black,Granite,CN,,
King Blue,Marble,TR,,
King Blue Golden Grey,Marble,TR,,
King Brown,Marble,"GR,TR",,
King Emperador,Marble,ID,,
King White Dolomite,Dolomite,BR,,
Kingdom,Marble,IR,,
Kings Ash,Marble,CN,,
Kingston Orange,Sandstone,CA,,
Kinna,Granite,SE,,
Kinnekulle Gray,Limestone,SE,,
Kinnekulle Roedrosig,Limestone,SE,,
Kirchevo,Sandstone,BG,,
Kirikovan,Granite,RU,,
Kirkby,Tuff,GB,,
Kirmenjak Bayadere,Limestone,HR,,
Kirmenjak Blue,Limestone,HR,,
Kirmenjak Dark,Limestone,HR,,
Kirmenjak Sav,Limestone,HR,,
Kirschfurter,Sandstone,DE,,
Kirsehir Noce,Travertine,TR,,
Kirsehir White,Marble,TR,,
Kissamos,Travertine,GR,,
Kissavos,Marble,GR,,
Kitaki,Granite,JP,,
Kitledge Gray,Granite,US,,
Kivia Blue,Soapstone,FI,,
Kiwi Green,Marble,CN,,
Kizilca,Onyx,TR,,
Klassic,Granite,US,,
Klb Peach,Onyx,IR,,
Kleos,Travertine,TR,,
Klesov Red,Granite,UA,,
Klettigshammer,Granite,DE,,
Klikovaca,Limestone,ME,,
Klong Sak,Granite,TH,,
Knapper,Granite,NO,,
Knidos,Marble,TR,,
Koala,Marble,ID,,
Kocar White,Marble,TR,,
Kocber,Sandstone,TR,,
Kodiak Brown,Granite,CA,,
Koelginskoe,Marble,RU,,
Kohilie,Limestone,SY,,
Koida Black,Granite,FI,,
Koka,Onyx,"IR,TR",,
Kokar,Granite,FI,,
Kokinovraxos Multicolour,Marble,GR,,
Kokonga,Basalt,NZ,,
Koksaroy Grey,Granite,UZ,,
Koky Beige,Marble,TR,,
Koliwada,Granite,IN,,
Kolkata White,Marble,IN,,
Kolmarden,Marble,SE,,
Komani,Limestone,ME,,
Kometa Black,Granite,UA,,
Komotini,Marble,GR,,
Konglomera Valencia,Marble,IR,,
Konigsgratzer,Sandstone,CZ,,
Konstantin Imperialis,Granite,UA,,
Konya Noce,Travertine,TR,,
Konya Scabas,Travertine,TR,,
Konya Silver,Travertine,TR,,
Kopulak,Sandstone,PL,,
Korday,Granite,KZ,,
Kordestan Green,Granite,IR,,
Korenici,Limestone,HR,,
Korninskiy,Granite,UA,,
Korpi Black,Granite,FI,,
Korpi Pale Red,Granite,FI,,
Korpilahti,Granite,FI,,
Korykos Beige,Marble,TR,,
Kosmin,Granite,PL,,
Kosseine,Granite,DE,,
Kostopolsky,Basalt,UA,,
Kostrza,Granite,PL,,
Kostyantynivsky,Granite,UA,,
Kota Beige,Limestone,IN,,
Kota Black,Limestone,IN,,
Kota Blue,Limestone,IN,,
Kota Blue,Slate,IN,,
Kota Brown,Limestone,IN,,
Kota Desert,Sandstone,IN,,
Kota Green,Limestone,IN,,
Kotah Yellow,Sandstone,IN,,
Kotalwadi Black,Granite,IN,,
Koteshwar,Marble,IN,,
Koteshwar Adanga,Marble,IN,,
Koteshwar Albeta,Marble,IN,,
Kour,Limestone,LB,,
Kouros,Quartzite,BR,,
Kovashice Bulqize,Limestone,AL,,
Kowloon Play Bead,Onyx,CN,,
Kozani White,Marble,GR,,
Kozarovice,Granite,CZ,,
Kozlu Noche,Travertine,TR,,
Kozmus,Granite,BR,,
Kporoko African Multicolour,Granite,NG,,
Kporoko Brown,Granite,NG,,
Kporoko Spotty,Granite,NG,,
Kramfors,Granite,SE,,
Kramsacher,Limestone,AT,,
Krasnopetschersk,Travertine,UA,,
Krastal Mittel,Marble,AT,,
Kremna,Travertine,TR,,
Krensheim,Limestone,DE,,
Krin Grey,Granite,MK,,
Kris Vivo,Marble,IN,,
Krishna Flower,Granite,IN,,
Kristallo Superiore,Quartzite,BR,,
Krokstrand,Granite,"NO,SE",,
Kronos,Dolomite,BR,,
Kronreuth,Granite,DE,,
Krute,Marble,ME,,
Krystallos Elysian,Granite,IN,,
Krystallos Medley,Granite,IN,,
Krystallos Pink,Granite,IN,,
Ksm,Marble,IR,,
Kuckovo,Travertine,MK,,
Kudashivsky,Granite,UA,,
Kudu,Slate,ZA,,
Kujama,Granite,NG,,
Kukul,Granite,MK,,
Kula,Marble,"BG,GR",,
Kula,Tuff,"BG,GR",,
Kula Light,Travertine,TR,,
Kula Noce,Travertine,TR,,
Kulla,Granite,SE,,
Kulun Gold,Marble,CN,,
Kumanovo,Travertine,MK,,
Kuna Bella,Limestone,BG,,
Kunal Red,Granite,IN,,
Kund Black,Slate,IN,,
Kund Multicolor,Slate,IN,,
Kund Peacock,Slate,IN,,
Kunda Golden,Limestone,EE,,
Kunnam Black,Granite,IN,,
Kunt Silver Royal,Marble,TR,,
Kupetskiy,Granite,RU,,
Kuppam Grey,Granite,"BR,IN",,
Kurasie Grey,Granite,UZ,,
Kurasie Pink,Granite,UZ,,
Kurdaisk,Granite,KZ,,
Kurdy,Granite,KZ,,
Kuri Blue,Marble,TR,,
Kuros Perle De Nacre,Marble,FR,,
Kurtinskiy,Granite,KZ,,
Kuru Hazelnut,Granite,FI,,
Kuru Red,Granite,FI,,
Kuru Red Brown,Granite,FI,,
Kurudere,Marble,TR,,
Kutahya Beige,Travertine,TR,,
Kutahya Black,Marble,TR,,
Kutahya Black,Slate,TR,,
Kutahya Noce,Travertine,TR,,
Kutahya Red,Travertine,TR,,
Kuzda Beige,Limestone,PK,,
Kuznechnoe,Granite,RU,,
Kyaikto Violet,Granite,MM,,
Kybides,Sandstone,CY,,
Kycnos White,Marble,GR,,
Kylin,Marble,CN,,
Kyllburg,Sandstone,DE,,
Kymi Brown,Granite,FI,,
Kyra Beige,Marble,TR,,
Kyrgyzstan Beige,Travertine,KG,,
Kyrgyzstan Silver,Travertine,KG,,
La Baie,Granite,CA,,
La Bana,Slate,ES,,
La Rosee,Limestone,FR,,
La Rubia,Travertine,PE,,
Labareda Golden,Granite,BR,,
Labdar Amazonite,Granite,MN,,
Labrador,Marble,IN,,
Labrador Acier,Granite,NO,,
Labrador Amostra,Granite,"AO,BR,FI,IN,IR,NO",,
Labrador Blue (Blue Eyes),Granite,NO,,
Labrador Gold,Granite,BR,,
Labrador Verde,Slate,IT,,
Labradorite Bianca,Granite,MG,,
Labradorite Di Oriente,Granite,BR,,
Labradorite River Blue,Granite,MG,,
Labradorite Verde,Granite,"BR,MG",,
Labrascar,Granite,MG,,
Labrazie,Granite,FR,,
Labugama Grey,Granite,LK,,
Lacken,Sandstone,IE,,
Ladoga Red,Granite,RU,,
Ladoix,Limestone,FR,,
Ladojskiy,Granite,RU,,
Lady,Onyx,IN,,
Lady Green,Granite,BR,,
Lady Grey,Marble,CN,,
Lady Pink,Marble,MY,,
Lady Purple,Marble,IN,,
Lafei Beige,Marble,IR,,
Lafei Impression,Marble,CN,,
Lafi,Marble,IR,,
Lafina,Marble,GR,,
Lages,Granite,PT,,
Lagohar Black,Granite,IR,,
Lagos Mix,Limestone,PT,,
Laguna,Basalt,"BR,TR",,
Laguna Black,Marble,TR,,
Laguna Golden,Granite,"BR,PL",,
Laguna Grey,Marble,BR,,
Laholm,Granite,SE,,
Lai Chau,Slate,VN,,
Laibid,Marble,IR,,
Laibid Shajareh,Marble,IR,,
Laibid Tornado,Marble,IR,,
Lais Grey,Marble,GR,,
Lait,Travertine,IT,,
Laiyang Green,Marble,CN,,
Laizhou Rust,Granite,CN,,
Lake,Crystal,BR,,
Lake Tahoe,Quartzite,BR,,
Laksefjord,Limestone,NO,,
Lalitpur Grey,Sandstone,IN,,
Lalitpur Yellow,Sandstone,IN,,
Lambhill,Sandstone,GB,,
Landscape Blue,Marble,CN,,
Landscape Green,Marble,CN,,
Landscape Grey,Granite,"CN,US",,
Landscape Painting,Marble,"CN,GR,HR,IN,IT,OM,TR",,
Landscape Red,Granite,CN,,
Landscape White,Marble,CN,,
Lang Hua White,Granite,CN,,
Langdok,Marble,IR,,
Langka Ash,Marble,ID,,
Lanhelin,Granite,FR,,
Lanka,Granite,LK,,
Lanka Olive Green,Granite,LK,,
Lanka Teak,Granite,LK,,
Lanove Green,Granite,UA,,
Lanya Beige,Marble,TR,,
Lanza Gray,Marble,TR,,
Lanzarote,Marble,BR,,
Lao Cai White,Marble,VN,,
Laodikya Crema,Marble,TR,,
Laoshan Red,Granite,CN,,
Lapidus,Granite,BR,,
Lapinlampi Black,Granite,FI,,
Lapis Beige,Marble,TR,,
Lapis Lazuli,Marble,"CN,IN",,
Lappeenranta,Granite,FI,,
Lappia Salmon,Granite,FI,,
Lapponia Green,Marble,FI,,
Lapponia Red,Granite,FI,,
Lapys Grey,Marble,IT,,
Lara Cream,Marble,TR,,
Laranda Beige,Marble,TR,,
Larochette,Sandstone,LU,,
Larrys,Limestone,FR,,
Las Vegas White,Marble,CN,,
Lasa Bianco Vena Verde,Marble,IT,,
Lasa Individual,Marble,IT,,
Lasa Venato,Marble,IT,,
Lasa Venato Arabescato,Marble,IT,,
Lasa Venato Cevedale,Marble,IT,,
Latinum,Granite,BR,,
Lauder,Limestone,FR,,
Laufen,Limestone,CH,,
Laura Beige,Marble,TR,,
Laurent Red,Granite,CN,,
Laurentian Green,Granite,CA,,
Laurentian Pink,Granite,CA,,
Laurentian Rose,Limestone,CA,,
Lava,Marble,"GR,IR,MX",,
Lava,Onyx,"GR,IR,MX",,
Lava Jewel,Granite,IN,,
Lava Stone (Pietra Lavica),Basalt,IT,,
Lave Basaltique Bouzentes,Basalt,FR,,
Lavender,Cantera,MX,,
Lavender Beige,Marble,CN,,
Lavender Blue,Granite,"BR,IN,IR",,
Lavender Grey,Marble,TR,,
Lavender Pink,Marble,CN,,
Lavento Maroon,Marble,IN,,
Lavignes,Limestone,FR,,
Lavoux Dore,Limestone,FR,,
Lawn Green,Granite,CN,,
Laybid,Marble,IR,,
Laybid Palangi,Marble,IR,,
Laybid Sefid,Marble,IR,,
Laybid Tornado,Marble,IR,,
Laymer Beige,Marble,TR,,
Lazang Traonyx,Onyx,IR,,
Lazang White,Onyx,IR,,
Lazenby Red,Sandstone,GB,,
Lazize,Marble,BR,,
Lazuli,Granite,IN,,
Lazy Sunday,Marble,CN,,
Lb Perfect Peach,Onyx,IR,,
Le Blanc,Quartzite,BR,,
Le Noisette,Limestone,TN,,
Lead,Basalt,GB,,
Leaf Green,Marble,IN,,
Lebanon Silver,Travertine,LB,,
Lecarrow,Limestone,IE,,
Lecce Stone (Pietra Leccese),Tuff,IT,,
Ledmore Green,Marble,GB,,
Lefkippi,Marble,GR,,
Lefkon Striped,Marble,GR,,
Legend,Marble,IT,,
Leggiuna,Granite,CH,,
Legno,Marble,IT,,
Leikanger,Granite,NO,,
Leith,Andesite,NZ,,
Leitrim,Sandstone,IE,,
Lemon Gold,Marble,"CN,ES,GR,IR,IT,LB,MA,PK,RU,TN,TR,VN",,
Lemon Grass,Granite,IN,,
Lemon Ice,Granite,IN,,
Lemon Onyx,Onyx,IR,,
Lemunda,Sandstone,SE,,
Leo Beige,Marble,TR,,
Leodikeia Crema,Marble,TR,,
Leon,Basalt,"CN,ES",,
Leonardo,Limestone,"IT,TR",,
Leonardo,Travertine,"IT,TR",,
Leonardo Da Vinci,Marble,"GR,ID,IN",,
Leopard Gray,Marble,"IT,TR",,
Leopard Rock,Marble,ZW,,
Leopard Skin,Granite,"AO,BR,CN,NO,ZA",,
Leopard Skin Flower,Marble,"CN,NO",,
Leopardo,Limestone,"EG,PK",,
Leopardo,Marble,"BR,CN,DO,EG,ES,GR,IN,IR,IT,LB,MA,PK,RU,TN,TR,VN",,
Leopardo Rose,Marble,TR,,
Lepainen,Granite,FI,,
Lepenica,Marble,BG,,
Lericy,Marble,IT,,
Lerouville,Limestone,FR,,
Lesno Brdo Roza,Marble,SI,,
Lesotho,Sandstone,LS,,
Letnerechensky,Granite,RU,,
Lettuce,Granite,IR,,
Lettuce Green,Onyx,IR,,
Leubsdorf,Gneiss,DE,,
Levadia Black,Marble,"GR,IN",,
Levadia Pink,Marble,GR,,
Levice Zlato,Travertine,SK,,
Levin Brown,Marble,"IR,VN",,
Leykon Aigeoy,Marble,GR,,
Lg,Onyx,PK,,
Lg Extra Orange,Onyx,IR,,
Liancheng Hua,Granite,CN,,
Liancheng Red,Granite,CN,,
Liangcheng Green,Granite,CN,,
Lianxing White,Granite,CN,,
Liaoning White,Marble,CN,,
Libeccio,Marble,IT,,
Liberec,Granite,CZ,,
Liberty,Marble,"IR,IT",,
Libiaz,Limestone,PL,,
Libyan,Travertine,LY,,
Lida Cappuccino,Onyx,"IR,TR",,
Lide Grey,Marble,TR,,
Liebenstein,Granite,DE,,
Lieto Red,Granite,FI,,
Life Cream Beige,Marble,TR,,
Lifora,Onyx,TR,,
Light,Onyx,"BR,TR",,
Light,Travertine,"BR,IR,IT,TR",,
Light Beige,Marble,"IR,PE,TR",,
Light Beige,Travertine,"IR,PE,TR",,
Light Brown,Marble,"EG,TR",,
Light Cream,Marble,TR,,
Light Cream,Travertine,"IR,TR",,
Light Green,Granite,"IR,PK",,
Light Green,Onyx,"IR,PK",,
Light Olive Ash,Marble,TR,,
Light Pink,Marble,TR,,
Light Rideau Red,Granite,CA,,
Light Rose,Limestone,TR,,
Light Somon,Limestone,TR,,
Light Spring,Marble,IR,,
Light Sunset,Travertine,TR,,
Light Yellow,Marble,VN,,
Lightning Grey,Marble,"TR,US",,
Lightning Simi,Marble,TR,,
Likya Beige,Marble,TR,,
Likya Grey,Marble,TR,,
Likya Rose,Marble,"AU,CN,GR,IN,IR,IT,NA,OM,TR,VN",,
Likya Royal,Limestone,TR,,
Likya Royal,Marble,TR,,
Lila Gerais,Granite,BR,,
Lilac Gold,Slate,"IN,TH",,
Lilac Gray,Marble,"IR,MA",,
Lilac Purple Ningde,Granite,CN,,
Lilac White,Marble,"IR,TR",,
Lilia,Marble,TR,,
Lilleberg,Marble,NO,,
Lillet,Granite,IN,,
Lillia Gray,Marble,CN,,
Lillium Beige,Marble,TR,,
Lily Gray,Marble,CN,,
Lily Green,Marble,CN,,
Lima,Cantera,MX,,
Lima Branco,Limestone,MX,,
Limassol,Limestone,CY,,
Lime Grey,Limestone,IN,,
Lime Peacock,Slate,IN,,
Lime Pink,Limestone,IN,,
Limeyrat Gris,Limestone,FR,,
Limeyrat Jaune,Limestone,FR,,
Limnia,Marble,GR,,
Limnias White,Marble,GR,,
Limoge Beige,Marble,TR,,
Limoncello,Granite,BR,,
Limoni Sedef,Marble,TR,,
Limra,Limestone,"HR,MX,PT,TN,TR,US",,
Limra Limestone,Limestone,"HR,MX,PT,TN,TR,US",,
Lina Grey,Granite,CN,,
Lina White,Marble,TR,,
Lincolnshire,Limestone,GB,,
Lindanas,Limestone,TR,,
Linea,Marble,VN,,
Linen,Marble,TR,,
Linglong Jade,Marble,CN,,
Lingshan Red,Granite,CN,,
Lini,Limestone,AL,,
Linzhou Silver,Slate,CN,,
Lio,Marble,IR,,
Lion,Marble,TR,,
Lioz Abancado,Limestone,PT,,
Lioz Dourado Antigo,Limestone,PT,,
Lioz Santo Florient,Limestone,PT,,
Lipica Fiorito,Limestone,SI,,
Lipica Unito,Limestone,SI,,
Lipov,Marble,CZ,,
Lisica,Marble,MK,,
Lisya Gorka,Granite,RU,,
Lithosporic,Granite,CN,,
Litos Crema,Marble,TR,,
Little Green Star,Granite,CN,,
Liubu Red,Granite,CN,,
Liva Crema,Limestone,TR,,
Ljusaryd,Granite,SE,,
Llechwedd,Slate,GB,,
Loaloah,Limestone,EG,,
Lodrino,Gneiss,CH,,
Lok,Travertine,IR,,
Lokoja Red,Granite,NG,,
Lola Sky,Marble,"IN,TR",,
Lolova,Gneiss,BG,,
Lome Dasht,Travertine,IR,,
London Blue,Limestone,PT,,
London Gold,Marble,CN,,
London Gray,Marble,EG,,
London Grey,Quartzite,BR,,
London Smoke,Granite,BR,,
London White,Granite,IT,,
Londorf,Basalt,DE,,
Longfeng Red,Granite,CN,,
Longin Jade,Marble,CN,,
Longnan Red,Granite,CN,,
Longquan Red,Granite,CN,,
Longshu Red,Granite,CN,,
Longxu Red Dark,Granite,CN,,
Lord White,Marble,IN,,
Loreal Wood Grain,Marble,CN,,
Lorena White,Marble,BR,,
Lorestan,Granite,IR,,
Los Molinos,Slate,ES,,
Los Oscos,Slate,ES,,
Los Roques,Marble,IT,,
Loto,Marble,IR,,
Lotus,Granite,"BR,CN,IR,MM",,
Lotus,Marble,"BR,CN,IR,MM",,
Lotus,Onyx,"BR,CN,IR,MM",,
Lotus,Slate,"BR,CN,IR,MM",,
Lotus Beige,Marble,TR,,
Lotus Coffee,Marble,TR,,
Lotus Gold,Granite,BR,,
Lotus Green,Granite,"BR,CN,IN",,
Lotus Green,Marble,"BR,CN,IN",,
Lotus Pink,Marble,CN,,
Lotus Yellow,Marble,TR,,
Louis,Marble,"CN,TR",,
Louis Gold,Granite,"BR,CN,NA,ZA",,
Louis Grey,Marble,CN,,
Louis Xiii Golden Beige,Marble,TR,,
Louis Xiv,Marble,TR,,
Loulan Diamond,Granite,CN,,
Louriblue,Limestone,PT,,
Louvre White,Marble,IN,,
Loveria,Granite,IN,,
Loveron Grey,Limestone,ES,,
Lowe,Limestone,ES,,
Loyal Valley,Granite,US,,
Lu Red,Granite,CN,,
Lucce,Travertine,PE,,
Lucciano Rose,Marble,CN,,
Lucentum,Limestone,PT,,
Lucerna,Gneiss,BR,,
Lucia,Marble,HR,,
Lucida Luna,Marble,TR,,
Lucky Zlata,Onyx,SK,,
Lucy in the Sky,Granite,BR,,
Luding Long March Red,Granite,CN,,
Luding Multicolor,Marble,CN,,
Luding Red,Granite,CN,,
Ludovico,Dolomite,BR,,
Ludrova,Travertine,SK,,
Lueders,Limestone,US,,
Lueders Roughback,Limestone,US,,
Lugga Salmon,Marble,TR,,
Lugga White,Marble,TR,,
Luhansk,Sandstone,UA,,
Luhansk Brown,Sandstone,UA,,
Luhansk Grey,Sandstone,UA,,
Luhansk Rainbow,Sandstone,UA,,
Lukovetskoe,Granite,UA,,
Lumaquela Ambar,Limestone,ES,,
Lumaquela Crema,Limestone,ES,,
Lumaquela Rosa,Sandstone,ES,,
Lumen,Marble,"AR,AU,BR,CN,ID,IN,TR",,
Lumen,Onyx,BR,,
Lumerian,Granite,IN,,
Luminatta,Crystal,BR,,
Luminous,Marble,AO,,
Lumix,Marble,BR,,
Lumos Beige,Marble,TR,,
Luna Bianco,Limestone,TR,,
Luna Dark,Marble,TR,,
Luna Mexa,Marble,TR,,
Luna Pearl,Granite,"AR,AT,CA,CN,ES,IT,PT,US",,
Luna River,Marble,"CN,ES,GR,IR,IT,LB,MA,PK,RU,TN,TR,VN",,
Lunar,Dolomite,"BR,CN",,
Lunar Eclipse,Granite,"BR,CN",,
Lunar Gray,Quartzite,BR,,
Lunar Grey,Granite,"BR,CN",,
Lundhs Baltic Brown,Granite,FI,,
Lundhs Ocean Blue,Granite,NO,,
Lunel Rubane,Marble,FR,,
Luodian Green,Granite,CN,,
Lushan Black Ice Flake,Granite,CN,,
Lushan Green,Marble,CN,,
Lushan Pearl Red,Granite,CN,,
Lushan Zhonghua Red,Granite,CN,,
Lushnija,Onyx,AL,,
Lushnje Honey,Onyx,AL,,
Lusso Nero,Marble,IR,,
Luster Gray,Limestone,IN,,
Luster Green,Limestone,IN,,
Lux Gris,Marble,IT,,
Lux White,Quartzite,"BR,IN",,
Luxor,Cantera,"BR,MX",,
Luxor Blue,Granite,BR,,
Luxor Gold,Marble,EG,,
Luxor Grey,Marble,EG,,
Luxuria,Marble,BR,,
Luxuria,Onyx,BR,,
Luz De Compostela,Granite,ES,,
Luz Del Fuego,Granite,BR,,
Lyangar Grey,Granite,UZ,,
Lyangar Pink,Granite,UZ,,
Lycia Beige,Marble,TR,,
Lydia,Marble,GR,,
Lydia Ash,Andesite,TR,,
Lydia Beige,Marble,TR,,
Lygourio Beige,Marble,GR,,
Lykos Gray,Marble,TR,,
M Black,Granite,"BR,IN,IR",,
M Green,Slate,IN,,
Ma Red,Granite,CN,,
Maaninka Pink,Granite,FI,,
Maaninka Pink Matt,Granite,FI,,
Macadame,Onyx,BR,,
Macael Beige,Travertine,ES,,
Macajuba,Granite,BR,,
Macallan,Quartzite,BR,,
Macaubas Fantasy,Quartzite,BR,,
Macchia Vecchia,Dolomite,"BR,CH",,
Macchia Vecchia,Marble,"BR,CH",,
Macchia Vecchia Rossa,Marble,CH,,
Macchiato Coffee,Granite,BR,,
Macedonia Honey,Onyx,MK,,
Macedonian Cappuccino,Onyx,MK,,
Macedonian White,Marble,"GR,IT,TR",,
Maceira Blue,Limestone,PT,,
Maceira Gold,Limestone,PT,,
Maceira Mix,Limestone,PT,,
Machalot,Limestone,MA,,
Macheado Lapa,Granite,PT,,
Maciel,Marble,UY,,
Maco Beige,Travertine,IR,,
Maco Light Silver,Travertine,IR,,
Macobus Blue,Quartzite,CN,,
Macondo,Granite,AO,,
Macota,Marble,AO,,
Macron,Limestone,ES,,
Madagascar Exotic,Marble,IN,,
Madam Red B,Granite,CN,,
Madam Red Lingqiu,Granite,CN,,
Madame Pink,Granite,CN,,
Madeira,Marble,ES,,
Madera,Cantera,"BR,MX",,
Madera,Granite,"BR,MX",,
Maderius,Quartzite,IN,,
Madiera,Travertine,PE,,
Madison,Granite,US,,
Madras Red,Granite,IN,,
Madre Perla Quartzite,Quartzite,BR,,
Madrid Grey,Marble,IR,,
Madurai Rose,Granite,IN,,
Mafin Grey,Marble,IR,,
Mag Black,Granite,BR,,
Magailie White,Granite,BR,,
Maggia Boschetto,Gneiss,CH,,
Maggia Lince,Gneiss,CH,,
Maggia Vellutos,Gneiss,CH,,
Maggia Wild,Gneiss,CH,,
Maghar,Limestone,IL,,
Magic,Granite,IR,,
Magic Brown,Granite,FI,,
Magic Cream,Marble,TR,,
Magic Green,Marble,CN,,
Magic Ocean,Marble,CN,,
Magic White,Marble,CN,,
Magma,Marble,IR,,
Magma Bordeaux,Granite,BR,,
Magma Gold,Granite,"BR,CN,IN,VE",,
Magnific Dark,Granite,BR,,
Magnificent White,Granite,BR,,
Magnita Silver,Marble,TR,,
Magnolia Flower,Granite,CN,,
Magnolia Gray,Marble,CN,,
Magnum Gold,Granite,IN,,
Magnum Red,Granite,IN,,
Magnus White,Marble,BR,,
Magny Dore,Limestone,"FR,PT",,
Mahabad,Granite,IR,,
Mahalat,Travertine,IR,,
Mahalat Golden Black,Marble,IR,,
Mahallat Beige,Travertine,"IR,TR",,
Mahallat Pink,Travertine,IR,,
Maharajah,Quartzite,IN,,
Mahe Brown,Granite,SC,,
Mahkam Brown,Marble,IR,,
Mahkam Done Berenji,Marble,IR,,
Mahkam Golden,Marble,IR,,
Mahkam Gray,Marble,IR,,
Mahkam Light Cream,Marble,IR,,
Mahkam Smoky,Marble,IR,,
Mahogany,Travertine,IT,,
Mahtab,Marble,IR,,
Mahu,Slate,IN,,
Mahyar Golden Black,Marble,IR,,
Maia White,Marble,GR,,
Maidan Wardak,Travertine,AF,,
Maikulski,Granite,KZ,,
Mairev Black,Marble,MA,,
Mairev Brown,Marble,MA,,
Mairev Grey,Marble,MA,,
Maiz,Travertine,PE,,
Majan,Marble,OM,,
Majdan Visoka,Andesite,RS,,
Majestic,Marble,"BR,GR",,
Majestic,Soapstone,"BR,GR",,
Majestic Brown,Granite,"IN,IT,TR",,
Majestic Brown,Marble,"IN,IT,TR",,
Majestic Rose,Marble,IR,,
Majnoon,Travertine,IR,,
Makali,Slate,ES,,
Makalu,Granite,BR,,
Makassar Royal Beige,Marble,ID,,
Makrana Dungri,Marble,IN,,
Makrana White,Marble,IN,,
Mal White,Marble,"PK,TR",,
Malaga,Limestone,"ES,HR",,
Malaga,Onyx,ES,,
Malaga Beige,Marble,TR,,
Malaka Gray,Limestone,ID,,
Malake,Limestone,"IL,PS",,
Malambo Gold,Granite,AR,,
Malay Botticino,Marble,MY,,
Malaysia Black,Marble,MY,,
Malaysia Brown,Granite,MY,,
Maldives White,Marble,TR,,
Mali I Thate,Limestone,AL,,
Malibu,Granite,BR,,
Malibu White,Granite,BR,,
Maljat,Limestone,ME,,
Malkov,Granite,CZ,,
Mallalo,Marble,ID,,
Malmoen,Granite,SE,,
Maltataler,Gneiss,AT,,
Mamba Black,Quartzite,IN,,
Manaseer,Onyx,JO,,
Manaseer Grey,Basalt,JO,,
Manavgat Yellow,Limestone,TR,,
Manchu Caviar,Limestone,CN,,
Mandala,Granite,BR,,
Mandala,Marble,BR,,
Mandalay White,Marble,"BR,CN,GR,IN,MM,MX,NA,PT,TR,VN,ZM",,
Mandana Green,Limestone,IN,,
Mandana Red,Sandstone,IN,,
Mandarina,Onyx,CO,,
Mandarino,Onyx,TR,,
Mandras,Sandstone,GR,,
Mango,Limestone,PK,,
Mango,Sandstone,PK,,
Mangrove Buff,Sandstone,AU,,
Mani White,Granite,IN,,
Manisa Light,Travertine,TR,,
Manisa Noche,Travertine,TR,,
Mankato,Limestone,US,,
Mannari Ishi,Granite,JP,,
Manni Beige,Marble,IR,,
Manoora,Sandstone,AU,,
Mansara Grey,Slate,PK,,
Mansehra Absolute Black,Granite,PK,,
Mansurovsky,Granite,"BR,CN,ES,PT,RU",,
Manto Sagrado White,Marble,MX,,
Manyas White,Marble,TR,,
Maori,Granite,"BR,IN,IR,TR",,
Maoshan Black,Granite,CN,,
Maple Leaf,Marble,TR,,
Maple Red,Granite,"CN,IN,UA,VE",,
Maple Red,Sandstone,"CN,IN,UA,VE",,
Maple Red Fujian,Granite,CN,,
Maqtar,Limestone,MA,,
Mara Creme,Limestone,CA,,
Mara Grey,Limestone,CA,,
Maracana,Granite,BR,,
Maraghe,Granite,IR,,
Maragheh,Granite,IR,,
Maragheh Green,Onyx,IR,,
Maral,Marble,IR,,
Maranello,Granite,BR,,
Maras Grey,Marble,TR,,
Marathon,Granite,"BR,GR",,
Marathon,Marble,"BR,GR",,
Marbella,Quartzite,"BR,ES,TR",,
Marbella Blanca,Limestone,ES,,
Marbella Perla,Limestone,ES,,
Marbella White,Marble,TR,,
Marbrasa,Granite,BR,,
Marcevo,Limestone,BG,,
Mare Grey,Marble,TR,,
Marengo Grey,Marble,TR,,
Mareuil En Perigord,Limestone,FR,,
Marfil,Travertine,MX,,
Marfim Wood,Granite,BR,,
Mariah Grey,Marble,CN,,
Marib,Limestone,YE,,
Maribor,Sandstone,SI,,
Marin White,Marble,TR,,
Marina,Limestone,"IT,OM,TR",,
Marina,Marble,"IT,OM,TR",,
Marina,Travertine,"IT,OM,TR",,
Marina Green,Granite,"BR,IN",,
Marina Rosal,Sandstone,ES,,
Marinas,Marble,CN,,
Marine Beige,Marble,TR,,
Marine Black,Marble,IN,,
Marinus,Granite,BR,,
Mariola,Marble,EG,,
Marisma,Granite,BR,,
Marjan Jungle,Granite,IR,,
Marjan Silver,Travertine,IR,,
Marlin Blue,Granite,BR,,
Marmar Sabz,Onyx,IR,,
Marmar Sefid,Onyx,IR,,
Marmara Ocean Blue,Marble,TR,,
Marmara Wave,Marble,TR,,
Marmara Zebra,Marble,"TR,VN",,
Marmaran Amber,Onyx,IR,,
Marmaran Cream,Marble,IR,,
Marmaran Golden Grey,Marble,IR,,
Marmo,Limestone,SA,,
Marmolina,Soapstone,PE,,
Marmorise,Marble,BR,,
Maron,Marble,EG,,
Maron Kesra,Marble,TN,,
Maronia Beige,Marble,GR,,
Maroon,Travertine,"IN,IR,TR",,
Maroon Di Notte,Marble,TR,,
Maroon Grafite,Granite,"BR,GR,PK",,
Maroota Gold,Sandstone,AU,,
Marqueen,Marble,TR,,
Marquino Silver Valley,Granite,IN,,
Marrakesh,Granite,"BR,TR",,
Marrakesh,Travertine,"BR,TR",,
Marrocos,Granite,BR,,
Marrom Graphite,Granite,"BR,CN,IN,SE",,
Marrom Perola,Granite,BR,,
Marron Alhambra,Travertine,IR,,
Marron Bahia,Granite,"BR,CN,IN,SE",,
Marron Bois,Granite,BR,,
Marron Canaveral,Granite,VE,,
Marron Cappuccino,Marble,"IN,IR,IT,MA",,
Marron Caribe,Granite,VE,,
Marron Castor,Granite,BR,,
Marron Glace,Marble,IR,,
Marron Guaiba,Granite,BR,,
Marron Imperial,Marble,"CN,ES,GR,IR,IT,LB,MA,PK,RU,TN,TR,VN",,
Marron Jmm,Marble,MA,,
Marron Las Monjas,Andesite,ES,,
Marron Pirineus,Sandstone,ES,,
Marrone,Porphyry,"BG,IT",,
Marrone Breccia,Marble,IT,,
Mars,Marble,IR,,
Mars Beige,Marble,OM,,
Marseille,Limestone,FR,,
Marvdasht,Limestone,IR,,
Mary Black,Granite,BR,,
Mary Blue,Granite,BR,,
Mary Gold,Granite,IN,,
Maryland Green,Marble,US,,
Masada,Limestone,IL,,
Masada Sun,Granite,IN,,
Masai,Limestone,HR,,
Mascalzone,Granite,BR,,
Mascarato,Granite,BR,,
Mascarello Gold,Granite,BR,,
Masegno Di Istria,Sandstone,HR,,
Maserati Grey,Marble,IT,,
Mashhad Emperador Dark,Marble,IR,,
Masis,Travertine,AM,,
Maskaratus,Granite,BR,,
Maskeratus,Granite,BR,,
Maslav,Granite,UA,,
Mason,Granite,US,,
Massangis Clair,Limestone,FR,,
Massimo,Quartzite,IN,,
Masso Oro,Marble,TR,,
Matacon Wave,Slate,BR,,
Matacouta Blue Black,Slate,ES,,
Matala Red,Granite,AO,,
Matama,Granite,ES,,
Matanela,Sandstone,ES,,
Matarazzo,Dolomite,BR,,
Matarazzo,Marble,BR,,
Matata Black,Soapstone,IN,,
Mathura Gold,Granite,IN,,
Matisse,Marble,"BR,IT",,
Matka,Travertine,MK,,
Matka Noche,Travertine,MK,,
Matou Flower Zhangpu,Granite,CN,,
Matrix,Onyx,"BR,TR",,
Matrix 3d,Granite,BR,,
Matrix Beige,Marble,TR,,
Matrix Grey,Marble,"CN,IT,TR",,
Matrix Stream,Marble,US,,
Matterhorn,Dolomite,BR,,
Matterhorn,Marble,BR,,
Matuu Black,Granite,KE,,
Matuu Red,Granite,KE,,
Mauna Loa,Granite,BR,,
Mavarsky,Granite,RU,,
Maverick,Granite,BR,,
Maximus,Granite,BR,,
Maximus,Marble,BR,,
Maximus White,Quartzite,BR,,
Maya Blue,Granite,BR,,
Maya Red,Marble,CN,,
Mayener Basaltlava,Basalt,DE,,
Mayur,Slate,IN,,
Mayur Multicolor,Granite,IN,,
Mazista Black,Slate,ZA,,
Mazista Brown,Slate,ZA,,
Mazista Grey,Slate,ZA,,
Mazu,Sandstone,IN,,
Mazzaro,Limestone,IT,,
Mcgregor Lake,Sandstone,US,,
Mecina,Sandstone,ES,,
Med Cream,Marble,TR,,
Med Green,Marble,GR,,
Med Grey,Marble,EG,,
Medea,Limestone,DZ,,
Medenine Red,Marble,TN,,
Medgidia,Gneiss,RO,,
Medina Brown,Granite,SA,,
Mediterranean,Limestone,"ES,HR,HU",,
Mediterranean,Travertine,"HR,HU",,
Mediterranean Cream,Marble,"MA,TR",,
Mediterranean Gold,Limestone,HU,,
Mediterranean Pearl,Limestone,TR,,
Medium,Travertine,TR,,
Medium Bordeaux,Travertine,TR,,
Medium Colorful,Travertine,TR,,
Medium Green,Marble,"CN,PK,TW",,
Medium Green,Onyx,"IR,PK,TW",,
Medium Hajiabad,Travertine,IR,,
Medium Pink,Marble,TR,,
Medusa,Marble,BR,,
Medusa Gold,Granite,BR,,
Megita Beige,Marble,EG,,
Meihua Red,Granite,CN,,
Mekeginsky,Limestone,RU,,
Melbourne Grey,Granite,AU,,
Meli Brown,Marble,EG,,
Melika,Marble,IR,,
Melissa Beige,Marble,TR,,
Melitta Beige,Marble,"BA,BR,CN,EG,ES,GR,ID,IR,IT,OM,TR",,
Melitta Berg,Marble,TR,,
Melitta Ice,Marble,TR,,
Melitta Lin Gray,Marble,TR,,
Melitta Orange,Marble,TR,,
Melitta Rose,Marble,TR,,
Melly Cecilia,Marble,EG,,
Melly Grey,Limestone,EG,,
Melograno,Marble,"IT,TR",,
Mendiger,Basalt,DE,,
Mendip,Marble,GB,,
Mendola,Granite,CN,,
Menekse,Marble,TR,,
Menes Golden Brown,Marble,TR,,
Menes Grey,Marble,CN,,
Mengen Silver,Marble,TR,,
Menggu Black,Basalt,CN,,
Mengshan Pink Flower,Granite,CN,,
Menia,Limestone,EG,,
Meonya Beige,Marble,TR,,
Merah Batu,Limestone,ID,,
Mercury,Limestone,ID,,
Mercury White,Marble,IN,,
Merida Yellow,Marble,MX,,
Meridian,Quartzite,BR,,
Meridian Green,Marble,IN,,
Merijaervi Red,Granite,FI,,
Merlot,Marble,TR,,
Mersin Bianco Perla,Marble,"IT,TR",,
Mersin Medium,Travertine,TR,,
Mersin Walnut,Marble,TR,,
Meruoca Classico,Granite,BR,,
Mervyn Grey,Granite,GB,,
Meshed Honey,Onyx,IR,,
Meshki Alamot,Granite,IR,,
Mesopotamia,Basalt,TR,,
Mesopotamia Flowery Beige,Marble,TR,,
Mesopotamia Silver Blue,Limestone,TR,,
Mesopotamia Soloi Beige,Marble,TR,,
Mesopotamia Wavy Beige,Marble,TR,,
Mesquite,Onyx,MX,,
Mesr Brown,Marble,IR,,
Mesta Beige,Marble,TR,,
Mesta Emperador Dark,Marble,TR,,
Mesta Emperador Light,Marble,TR,,
Mesta Green,Travertine,TR,,
Mesta Grey Sunta,Limestone,"IT,TR,XK",,
Metalicus,Granite,BR,,
Metallic,Granite,BR,,
Metallic White,Granite,BR,,
Metallica,Travertine,"IR,TR",,
Meteor Grey,Marble,CN,,
Meteora Beige,Limestone,GR,,
Metropol Grey,Marble,TR,,
Mexican Light,Travertine,MX,,
Mexican Porphyry,Porphyry,MX,,
Mexico,Travertine,MX,,
Mexico Jade Green,Onyx,MX,,
Mexico Red,Porphyry,MX,,
Mexico White,Alabaster,MX,,
Meya Grey,Marble,TR,,
Meymeh Pearl,Onyx,IR,,
Mezhdurechensky,Granite,RU,,
Mezhyritske,Granite,UA,,
Mezodomb,Rhyolite,HU,,
Mezzanotte,Granite,"BR,IT",,
Mezzanotte,Marble,"BR,IT",,
Mezzo,Travertine,PE,,
Mezzorgiorno,Marble,IT,,
Mg Gold,Sandstone,BG,,
MGT,Onyx,IR,,
Mgt Grey,Onyx,IR,,
Miami Light,Travertine,TR,,
Mianning Red,Granite,CN,,
Michalowice,Granite,PL,,
Michelangelo,Quartzite,"BR,CN,PK",,
Michelangelo Calacatta,Dolomite,BR,,
Michelangelo Prime,Dolomite,"BR,CN,PK",,
Michelangelo Prime,Marble,"BR,CN,PK",,
Michigan,Limestone,US,,
Michigan,Sandstone,US,,
Midas Brown,Travertine,TR,,
Midnight Black,Granite,"BR,FI,IN,US",,
Midnight Sun,Marble,NO,,
Miel,Onyx,MX,,
Miele Onyx,Onyx,"BR,TR",,
Migny Clair,Limestone,FR,,
Migny Jaune,Limestone,FR,,
Mika Brown,Marble,IR,,
Milan,Travertine,IT,,
Milan Golden Rainbow,Marble,CN,,
Milan Red,Marble,CN,,
Milano Gray,Dolomite,BR,,
Milano Grey,Marble,"CN,IT,TR",,
Milano Venato PI,Dolomite,BR,,
Milas Green,Marble,TR,,
Milas Green Brown,Limestone,ES,,
Milas Lemon,Marble,TR,,
Milas Lilac,Marble,"IN,IR,IT,TR",,
Milas Royal,Marble,TR,,
Miletus,Travertine,TR,,
Miljevina,Limestone,BA,,
Milk Scaped by Pebble,Limestone,VN,,
Milky,Limestone,"IR,TR",,
Milky Opal,Marble,IN,,
Mill Creek,Limestone,US,,
Mill Lane,Granite,CA,,
Millenium Cream,Granite,"BR,IN",,
Millennium Rose,Marble,IR,,
Milli Sicilia,Limestone,EG,,
Millie Brown,Limestone,EG,,
Milos Green,Limestone,GR,,
Miltenberg,Sandstone,DE,,
Mimosa,Marble,EG,,
Mimoza Beige,Marble,TR,,
Mineral Black,Soapstone,BR,,
Minerva White,Travertine,IT,,
Ming Brown,Marble,"CN,EG,IR,PK,TR",,
Ming Green,Serpentine,"BR,CN,GB",,
Minguan Gray,Granite,PL,,
Minia Perlatino,Marble,EG,,
Mink,Marble,TR,,
Minnesota,Limestone,US,,
Minoan Grey,Marble,GR,,
Minotaurus,Granite,BR,,
Minsk Bronze,Granite,"BR,PL",,
Minsk Green,Granite,BR,,
Minsk Green Gold,Granite,BR,,
Mint Green,Granite,IN,,
Mint Sandstone,Sandstone,IN,,
Mintaro,Slate,AU,,
Mioni Beige,Marble,TR,,
Mira Cream,Marble,TR,,
Mira Rose,Marble,TR,,
Mirabilis,Marble,AO,,
Miracema,Gneiss,BR,,
Miracema Cinza,Gneiss,BR,,
Miracema Old Gold,Gneiss,BR,,
Miracle Cream,Marble,TR,,
Miracle Levanto,Marble,IN,,
Miracle White,Granite,IN,,
Mirage,Crystal,BR,,
Mirage,Granite,BR,,
Mirage Cream,Granite,IN,,
Mirage Cristalita,Marble,BR,,
Miranda Beige,Marble,TR,,
Mirasol,Soapstone,BR,,
Mirasol Forest,Soapstone,BR,,
Mironja,Limestone,HR,,
Miros,Limestone,TR,,
Misi Yahudi,Limestone,IL,,
Miskinsay,Granite,UZ,,
Mission Springs,Sandstone,US,,
Missisquoi,Marble,US,,
Missisquoi Verde De Aqua,Marble,US,,
Missouri Red,Granite,US,,
Mist Silk,Marble,CN,,
Mistral White,Marble,GR,,
Misty Beige,Marble,EG,,
Misty Black,Granite,"BR,CN",,
Misty Brown,Granite,"CA,CN,FI,IT,US",,
Misty Gray,Granite,"CA,IN",,
Misty Rose,Sandstone,US,,
Mittenwald Rot,Limestone,DE,,
Mixed,Onyx,BR,,
Mixed Wath,Limestone,GB,,
Miya,Granite,NG,,
Miyi Green,Granite,CN,,
Miyun Peach Blossom,Granite,CN,,
Miyun Peach Red,Granite,CN,,
Mizzi Ahmar,Limestone,PS,,
Mng Black,Granite,IN,,
Moav,Limestone,PS,,
Moca Blue,Limestone,PT,,
Moca Cream,Limestone,"PT,TR",,
Moca Creme Az,Limestone,PT,,
Moca Creme Medio Escovado,Limestone,PT,,
Moca Dark Beige,Marble,TR,,
Moca Medio,Limestone,PT,,
Moca Medium Grain,Limestone,PT,,
Moca Mistral,Limestone,PT,,
Moca Mos,Limestone,PT,,
Moca Seco,Limestone,PT,,
Moca Sienna,Marble,TR,,
Moca Tabac,Limestone,PT,,
Moca Venato,Limestone,PT,,
Moca Wind,Limestone,PT,,
Mocamblu,Quartzite,IN,,
Mocca Beige,Marble,TR,,
Moccasin,Sandstone,US,,
Mocha,Travertine,"AM,MX,PT,TR",,
Mocha Beige,Marble,"ES,IR,IT,TR",,
Mocha Creme,Limestone,"PT,TR",,
Mocha White,Limestone,"PT,TR",,
Modak,Sandstone,IN,,
Modak Pink,Sandstone,IN,,
Modak Sandstone,Sandstone,IN,,
Modak Yellow,Sandstone,IN,,
Modena Grey,Travertine,TR,,
Modica Grey,Marble,CN,,
Modiin,Limestone,IL,,
Modrzew,Limestone,PL,,
Mogano,Marble,"CN,IT",,
Mogno Bahia,Granite,BR,,
Mohammad Agha,Marble,AF,,
Mois Gold,Limestone,PT,,
Mojdar Momtaz,Travertine,IR,,
Moka,Travertine,MX,,
Moka Gold,Limestone,"PT,TR",,
Moka Suk,Tuff,KR,,
Mokattam,Limestone,EG,,
Mokoro,Granite,NA,,
Moleanos B4,Limestone,PT,,
Moleanos Caravelle,Limestone,PT,,
Moleanos Limestone,Limestone,"FR,PT",,
Moleanos M10,Limestone,PT,,
Moleanos Mc6r,Limestone,PT,,
Moleanos Migna,Limestone,PT,,
Moleanos White,Limestone,PT,,
Moleskin,Limestone,GB,,
Molicreme,Limestone,PT,,
Molokai,Granite,BR,,
Molten,Sandstone,IT,,
Molten Grey,Porphyry,IT,,
Molten Red,Porphyry,IT,,
Mombasa,Granite,BR,,
Mon Cheri,Granite,BR,,
Mona Lisa,Dolomite,"BR,CN,IN,TR",,
Mona Lisa,Granite,"BR,CN,IN,TR",,
Mona Lisa,Limestone,"BR,CN,IN,TR",,
Mona Lisa,Marble,"BR,CN,IN,TR",,
Monaco Beige,Limestone,PT,,
Monaco Bordeaux,Granite,BR,,
Monaco Brown,Marble,"CN,ES,GR,IR,IT,LB,MA,PK,RU,TN,TR,VN",,
Monai Beige,Marble,IR,,
Monarch Plum,Marble,MY,,
Monarch Red,Marble,HU,,
Monastir,Limestone,BG,,
Mondragone Grigio Scogliera,Marble,IT,,
Moneasa Negru,Limestone,RO,,
Moneasa Rouge,Limestone,RO,,
Monet,Sandstone,BR,,
Mongolia Green,Granite,MN,,
Mongolia White,Granite,CN,,
Mongolian Black Basalt,Basalt,CN,,
Monica Gray,Marble,TR,,
Monica Red,Marble,IT,,
Monmouth Red,Sandstone,GB,,
Mono Green,Onyx,IR,,
Monok,Rhyolite,HU,,
Monreal Red,Travertine,MX,,
Monsanto,Limestone,GB,,
Monson,Slate,US,,
Monsoon Pearl,Marble,IN,,
Monsun,Granite,"CN,IN",,
Mont Blanc Quartzite,Quartzite,BR,,
Mont Blue,Granite,IN,,
Mont Carmelo,Granite,BR,,
Mont Dore,Limestone,PT,,
Mont Parnes,Marble,GR,,
Mont Rouge,Granite,BR,,
Montagna Walnut,Travertine,IT,,
Montana Grey,Slate,AR,,
Montana Red,Slate,US,,
Montauk Blue,Slate,BR,,
Montauk Blue Slate,Slate,BR,,
Montblanc,Granite,IN,,
Montclair Danby,Marble,"IT,US",,
Monte Bello,Marble,"BR,TR",,
Monte Bello,Quartzite,"BR,TR",,
Monte Carlo,Limestone,"BR,FR,IT",,
Monte Cristo,Granite,IN,,
Monte Juan,Onyx,HN,,
Monte Verde,Granite,IT,,
Montelimar,Limestone,FR,,
Montemaggiore,Marble,IT,,
Montenegro,Marble,ME,,
Montepuez,Marble,MZ,,
Montepuez Cinzento,Marble,MZ,,
Monterosa,Limestone,"ES,IT",,
Monterrey,Soapstone,BR,,
Montiggler,Porphyry,IT,,
Montigny,Limestone,FR,,
Montmoyen,Limestone,FR,,
Montpellier,Limestone,FR,,
Montreal,Granite,BR,,
Monumental Rose,Granite,AO,,
Monzogabbro Predazzo,Granite,IT,,
Monzonite Grigio,Granite,IT,,
Monzonite Verde,Granite,IT,,
Moon,Limestone,"IR,PH,TR",,
Moon Beige,Marble,"IR,PH,TR",,
Moon Brown,Limestone,ES,,
Moon Jasmine,Marble,IN,,
Moon Night,Granite,UA,,
Moon Pearl,Marble,TR,,
Moon Valley,Granite,BR,,
Moon White,Granite,"BR,CN,ES,IN,PL,PT,TR,US",,
Moon White,Marble,"BR,CN,GR,IN,MM,MX,NA,PL,PT,TR,VN,ZM",,
Moonlight,Granite,"AO,CN,IN,TR,US",,
Moonlight,Marble,"AO,CN,IN,IR,MX,TR,VN",,
Moonlight Grey,Granite,US,,
Moonstone Cream Fossil,Marble,TR,,
Moonstone Cream Rosa,Marble,TR,,
Morato,Marble,IT,,
Morawica Jasna,Limestone,PL,,
Morayma,Sandstone,BR,,
Morelia,Limestone,EG,,
Moresco Brown,Marble,MX,,
Moretti,Travertine,IT,,
Morisca Negra,Slate,ES,,
Morisca Oro,Slate,ES,,
Morning Down,Granite,ZA,,
Morning Mist,Granite,"CN,IN,US",,
Morning Star,Onyx,GR,,
Moroccan White,Marble,TR,,
Morocco,Granite,BR,,
Morocco Green,Sandstone,MA,,
Morumbi,Granite,BR,,
Morvarid Abade Green,Marble,IR,,
Morvaride,Granite,IR,,
Morwad White,Marble,IN,,
Mosaico Crema,Marble,IT,,
Moschee,Limestone,TR,,
Moschettato Gioia,Marble,IT,,
Moselokke,Granite,SE,,
Moshawah,Limestone,JO,,
Moskart,Granite,UY,,
Moskovsky,Marble,RU,,
Mosor,Limestone,HR,,
Moss,Sandstone,US,,
Moss Brown,Granite,BR,,
Moss Grey,Marble,EG,,
Mostaza,Cantera,MX,,
Motcha Ghibli,Granite,IN,,
Moulin Rouge,Granite,BR,,
Moundros,Marble,GR,,
Mount Grey,Marble,TR,,
Mount Kearney,Granite,GB,,
Mount Megantic,Granite,CA,,
Mount Rainier,Marble,BR,,
Mount White,Sandstone,AU,,
Mountain Beige,Marble,IR,,
Mountain Gold,Sandstone,AU,,
Mountain Green,Granite,"CN,IN",,
Mountain Ice White,Marble,CN,,
Mountain Mocha,Granite,BR,,
Mountain Pink,Granite,"CA,CN",,
Mountain Water Beige,Marble,CN,,
Mountain Water Vein,Sandstone,IN,,
Mountcharles,Sandstone,IE,,
Mourisca Ouro,Slate,BR,,
Mourne Glen Pink,Granite,IE,,
Moyu Gold,Granite,CN,,
Mozambique Blue,Granite,MZ,,
Mozambique Brown,Granite,"BR,MZ",,
Mozambique White,Granite,"BR,MZ",,
Mozart,Granite,BR,,
Mozart Ruby,Granite,CN,,
Mp Black,Granite,IN,,
Mp White,Granite,IN,,
Mpape Green,Granite,NG,,
Mrakotin,Granite,CZ,,
Mramorskoye,Marble,RU,,
Mrar Brown,Limestone,IL,,
Mu Black,Granite,IN,,
Mucarta,Basalt,TR,,
Mucha,Limestone,PL,,
Mucharz,Sandstone,PL,,
Mudgal Grey,Granite,IN,,
Mudurnu,Travertine,TR,,
Mugla,Marble,TR,,
Mugla Karacasu,Travertine,TR,,
Mugla Mystic White,Marble,TR,,
Mugla Noce,Travertine,TR,,
Mugla Sugar,Marble,TR,,
Mugla White,Marble,"BR,CN,ES,GR,IN,MM,MX,NA,PT,TR,VN,ZM",,
Mugla White Cloudy,Marble,TR,,
Mugla White Golden,Marble,"CN,MA,TR",,
Mugla White Ibiza,Marble,TR,,
Mugla White Isg,Marble,TR,,
Muhlbach,Sandstone,DE,,
Muhrau,Granite,PL,,
Muhur Red,Marble,AL,,
Mukarram Gold,Onyx,PK,,
Multi Color,Travertine,ES,,
Multi Green,Slate,TH,,
Multi Pink,Slate,IN,,
Multicolor,Marble,"IR,OM",,
Multicolor Gold,Onyx,TZ,,
Multicolor Golden,Granite,NG,,
Multicolor Green,Slate,BR,,
Multicolor Jade,Onyx,TR,,
Multicolor Maracay,Granite,VE,,
Multicolor Peach,Granite,CN,,
Multicolor Red,Granite,"BR,IN,VE",,
Multicolor Slate,Slate,"IN,BR,CN",,
Multicolor Traonyx,Onyx,IR,,
Multicolor White,Granite,CN,,
Multicolored Gray Gems,Marble,CN,,
Multicolour,Slate,EG,,
Mumbai Gray,Soapstone,IN,,
Munyat,Marble,EG,,
Mura Dark,Marble,BG,,
Mura Light,Marble,BG,,
Murcia,Limestone,ES,,
Murgiano,Marble,IT,,
Murseller Red,Marble,TR,,
Murtal Grau Blau,Marble,AT,,
Musang King,Marble,MY,,
Muscat Red,Granite,UA,,
Muschelkalk,Limestone,BE,,
Muses Grey,Marble,GR,,
Muskoka Black,Granite,CA,,
Muskoka Pink,Gneiss,CA,,
Muskoka Pink,Granite,CA,,
Mussel,Travertine,TR,,
Mustafa Kemal Pasa Grey,Marble,TR,,
Mustang,Slate,BR,,
Mut,Travertine,TR,,
Myachkovsky,Limestone,RU,,
Myanmar Coffee,Marble,MM,,
Myanmar Colorful,Onyx,MM,,
Myanmar Dark,Marble,MM,,
Myanmar Jade,Marble,"BR,CN,GR,IN,MM,MX,NA,PT,TR,VN,ZM",,
Myanmar Yellow,Travertine,MM,,
Mykonos,Quartzite,BR,,
Mylonite,Marble,NO,,
Myra,Limestone,TR,,
Mysia Beige,Marble,TR,,
Mystery White (Ice White),Marble,"CN,VN",,
Mystic,Granite,"BR,IN,TR",,
Mystic,Travertine,"IN,TR",,
Mystic Brown,Marble,"CO,FR,ID,IN,IR,IT,TN,TR",,
Mystic Diamond,Granite,BR,,
Mystic Gray,Marble,TR,,
Mystic River,Marble,MM,,
Mystic Sand,Granite,BR,,
Mystic Spring,Granite,BR,,
Mystique Brown,Marble,CN,,
Mystique Grey,Granite,"BR,CN,IN",,
Naboomspruit,Sandstone,ZA,,
Nabresina,Limestone,IT,,
Nacarado,Onyx,"BR,ES",,
Nacarado Quartzite,Quartzite,BR,,
Nacarat Diamond Grain,Granite,CN,,
Nadejda,Granite,RU,,
Nadella Brown,Granite,IN,,
Nadezhda,Granite,KZ,,
Nadi Black,Marble,IN,,
Nadi Figure,Marble,IN,,
Nadi Pigeon,Marble,IN,,
Nadi White Lapato,Marble,IN,,
Nadi White Lining,Marble,IN,,
Nadi White Net Fish,Marble,IN,,
Nadri Yellow,Granite,IN,,
Naein Red,Granite,IR,,
Naerke Gra,Limestone,SE,,
Naerke Grabrun,Limestone,SE,,
Naesinge,Granite,SE,,
Nag Green,Slate,IN,,
Naghadeh Pink,Onyx,IR,,
Nagina Green,Granite,IN,,
Nagina Green,Marble,IN,,
Naguscel Grigio,Marble,IT,,
Naika,Quartzite,BR,,
Nairobi Taupe,Granite,BR,,
Najran Black Volcano,Granite,"BR,IN,SA",,
Najran Gold,Granite,"BR,CN,ES,IN,PL,SA,TR,US",,
Naka Beige,Marble,IR,,
Nallihan White,Marble,TR,,
Namadi,Travertine,IR,,
Namaqua Grey,Marble,ZA,,
Namaqua Yellow,Marble,ZA,,
Namib Bianco,Marble,"BR,NA",,
Namib Calacatta,Marble,BR,,
Namib Crayon,Marble,BR,,
Namib Dover,Marble,BR,,
Namib Green,Granite,NA,,
Namib Rose,Granite,"AU,CN,GR,IN,IR,IT,NA,OM,TR,VN",,
Namib Silver,Granite,NA,,
Namibia,Onyx,NA,,
Namibia Grey,Granite,NA,,
Namibia White,Granite,"AO,BR,IN,IR,NA,TR",,
Namibia White,Marble,"AO,BR,CN,GR,IN,IR,MM,MX,NA,PT,TR,VN,ZM",,
Namibian Honey,Marble,NA,,
Nanan Mayflower Snow,Granite,"CN,IT",,
Nanov,Limestone,BG,,
Nanovitsa,Limestone,BG,,
Nanping Black,Granite,CN,,
Nanping Minjiang Red,Granite,CN,,
Napoleon,Marble,FR,,
Napoleon Grand Melange,Marble,FR,,
Napoleon Mouchete,Limestone,FR,,
Napolina,Limestone,PT,,
Nara Brown,Granite,"CA,CN,EG,IR,ZA",,
Naranja,Cantera,MX,,
Naranja,Onyx,MX,,
Narcisse,Marble,TR,,
Narcisse,Travertine,TR,,
Narcissus Green,Granite,CN,,
Narva,Marble,RU,,
Nasta,Marble,SE,,
Natalie,Marble,TR,,
Natanz,Travertine,IR,,
Natanz Delavari,Granite,IR,,
Natanz Hosseini,Granite,IR,,
Natanz Molaei,Granite,IR,,
National Gray,Marble,CN,,
National Ivory Cream,Marble,"MX,TR",,
National Orange,Limestone,CN,,
Natural Classic Jumbo,Agate,BR,,
Nautilus Blue,Granite,BR,,
Navagio Blue,Marble,BR,,
Navajo White,Granite,BR,,
Navajo White,Marble,BR,,
Navona Travertine,Travertine,TR,,
Naxos Creme,Marble,GR,,
Naxos Grey,Marble,GR,,
Nayong Black,Slate,CN,,
Nayputaung,Marble,MM,,
Nayyo Beige,Marble,TR,,
Nazareth,Limestone,IL,,
Ndondungo Black,Granite,AO,,
Nebizhsky,Granite,"IR,RU",,
Nebula,Quartzite,"BR,IN",,
Nebulous Grain,Granite,CN,,
Necin,Granite,CZ,,
Neckartenzlingen,Sandstone,DE,,
Negev Brown,Limestone,IL,,
Negin Brown,Limestone,IR,,
Negresco,Granite,"BR,CN,IR",,
Negro Batalla,Granite,ES,,
Negro Borba,Granite,PT,,
Negro Caceres,Granite,ES,,
Negro Calatorao,Marble,ES,,
Negro Caracol,Marble,CO,,
Negro Celta,Granite,ES,,
Negro Extremadura,Granite,ES,,
Negro Fantasia,Granite,ES,,
Negro Fino,Granite,ES,,
Negro Galicia,Granite,ES,,
Negro Grapesa,Granite,ES,,
Negro Huichapan,Cantera,MX,,
Negro Intenso,Marble,ES,,
Negro Nacional,Granite,PT,,
Negro Nevado,Granite,ES,,
Negro Ochavo,Granite,ES,,
Negro Oriental,Basalt,UY,,
Negro Persia,Marble,IR,,
Negro Pinta,Marble,ES,,
Negro Reguengos,Granite,PT,,
Negro Rojizo,Cantera,MX,,
Negro Sabana Grande,Limestone,HN,,
Negro Santa Olalla,Granite,ES,,
Negro Superior,Limestone,HN,,
Negro Tezal,Granite,ES,,
Negro Venezuela,Granite,VE,,
Negro Villar,Granite,ES,,
Nehbandan Cream,Granite,IR,,
Nehbandan Pink,Granite,IR,,
Nehodiv,Marble,CZ,,
Neidenbach,Sandstone,DE,,
Neimenggu Green Butterfly,Granite,CN,,
Neimenggu Leopard Skin Green,Granite,CN,,
Neimenggu Red Multicolor,Granite,CN,,
Nembro Giallo,Marble,IT,,
Nemesis Beige,Marble,TR,,
Neom White,Marble,TR,,
Neoma Beige,Marble,TR,,
Neptune,Granite,BR,,
Neptuno,Marble,MX,,
Nerazhsky,Granite,UA,,
Nerekhta White,Limestone,RU,,
Nerinea,Marble,ES,,
Nero,Dolomite,"BR,IN",,
Nero,Sandstone,"BR,IN",,
Nero Aracruz,Granite,BR,,
Nero Assoluto,Basalt,UY,,
Nero Athena,Granite,CN,,
Nero Belgio,Limestone,BE,,
Nero Bella,Marble,TR,,
Nero Colombo,Granite,LK,,
Nero Colonnata,Marble,IT,,
Nero Colonnata Sky,Marble,IT,,
Nero Di Ormea,Marble,IT,,
Nero Dracula,Basalt,RO,,
Nero Exotico,Marble,IN,,
Nero Impala,Granite,"AO,CN,IN,MZ,ZA,ZM,ZW",,
Nero Infinito,Basalt,CN,,
Nero Italia,Marble,IT,,
Nero Kempo,Basalt,CN,,
Nero Levanto,Marble,TR,,
Nero Marquina,Marble,"CN,ES,IN,IT,MX,TR",,
Nero Nebiyan,Granite,TR,,
Nero Nuvolato,Granite,"CN,IT",,
Nero Nuvolato,Marble,"CN,IT",,
Nero Panama,Granite,PA,,
Nero Picasso,Marble,TR,,
Nero Port Laurent,Marble,MA,,
Nero Portoro Bianco,Marble,"IT,TR",,
Nero Portoro Vena Fine,Marble,"CN,DO,GR,IN,IR,IT,PK,TR",,
Nero Pretoria,Granite,ZA,,
Nero Pulpis,Marble,ES,,
Nero Rosario,Granite,UY,,
Nero St Laurent,Marble,"FR,MA",,
Nero Striato,Granite,BR,,
Nero Tijuca,Granite,BR,,
Nero Toledo,Granite,ES,,
Nero Tunisi,Marble,"CN,ES,GR,IR,IT,LB,MA,PK,RU,TN,TR,VN",,
Nero Vecchio,Marble,CN,,
Nero Victoria,Granite,ZA,,
Nero Vita,Basalt,TR,,
Nessuna,Limestone,ES,,
Nessus,Marble,GR,,
Nesto,Marble,CN,,
Nestos,Marble,GR,,
Nestos Beige,Marble,GR,,
Nestos Grey A1,Marble,GR,,
Nestos Pink,Marble,GR,,
Nestos Riga Somon,Marble,GR,,
Nestos Victoria White,Marble,GR,,
Net Blue,Granite,BR,,
Net Grey,Marble,TR,,
Netstal,Limestone,CH,,
Nettuno,Granite,BR,,
Netuno Bordeaux,Granite,BR,,
Neu Sangan,Marble,IR,,
Neubrunn,Sandstone,DE,,
Nevada Black,Granite,BR,,
Nevasca Mist,Granite,BR,,
Nevaska,Granite,BR,,
Neverland Ranch Grey,Marble,CN,,
Nevra Beige,Marble,TR,,
Nevruz Grey,Marble,TR,,
Nevsehir Diabase,Basalt,TR,,
New,Onyx,TR,,
New Amber,Onyx,CN,,
New Ao,Sandstone,IN,,
New Azul Aran,Granite,BR,,
New Balmoral Red,Granite,FI,,
New Beige,Limestone,IR,,
New Belfast,Basalt,ZA,,
New Bianco,Granite,BR,,
New Blue,Limestone,PT,,
New Burdur Beige,Marble,TR,,
New Butterfly Beige,Marble,TR,,
New Carrara White,Marble,CN,,
New Classical Brown,Granite,CN,,
New Clouds Gray,Marble,CN,,
New Cold Jade,Marble,CN,,
New Colonial Dream,Granite,IN,,
New Cyprus Grey,Marble,TR,,
New Deer Isle,Granite,CN,,
New Delicatus,Granite,BR,,
New Demati,Marble,GR,,
New Elegant Beige,Marble,TR,,
New Emperador,Marble,CN,,
New Evergreen,Granite,CN,,
New Forest Green,Granite,CN,,
New G602,Granite,CN,,
New G617,Granite,CN,,
New G684,Granite,CN,,
New Gold,Granite,IN,,
New Golden Silver,Granite,BR,,
New Grey,Granite,"PK,TR,VN",,
New Grey,Marble,"CN,GR,IN,IR,IT,MX,PK,TR,VN",,
New Imperial Red,Granite,"AR,BR,CN,EG,IN,SE",,
New Italian,Limestone,IN,,
New Italian Gray,Marble,"IT,TR",,
New Jardine,Granite,CN,,
New Kashmir Gold,Granite,IN,,
New Latte,Marble,"BR,TR",,
New Leopard Brown,Marble,TR,,
New Marfil,Marble,"IR,IT,TR",,
New Mexico Cream,Alabaster,US,,
New Moca,Limestone,TR,,
New Moon Beige,Marble,TR,,
New Niwala,Limestone,ES,,
New Olive Marin,Marble,TR,,
New Oman Grey,Marble,CN,,
New Pearl,Limestone,"CN,PK",,
New Perlato,Marble,EG,,
New Rainbow,Granite,CA,,
New Red,Granite,"EG,IN",,
New Rubin,Granite,IN,,
New Sapphire Blue,Granite,IN,,
New Selvia,Marble,EG,,
New Shanxi Black,Granite,"AO,BR,CA,CN,IN,PL,TZ",,
New Shell,Marble,EG,,
New Silver Light,Marble,GR,,
New Silver River,Marble,TR,,
New Spring,Marble,CN,,
New Symphony Green,Granite,CN,,
New Tundra Blue,Marble,TR,,
New Typhoon,Granite,BR,,
New Wavy,Granite,CN,,
New Yangtze,Limestone,CN,,
New York,Limestone,PT,,
Newcastle Dark Grey,Slate,AU,,
Newport,Granite,CA,,
Neyriz Spider,Marble,"IR,PT",,
Nghe an Black,Granite,VN,,
Nghe an Black,Marble,VN,,
Nghe an Volcanic,Andesite,VN,,
Niagara Black,Marble,VE,,
Niagara Gold,Granite,BR,,
Nicchio,Limestone,SY,,
Niederalfingen,Sandstone,DE,,
Niederbobritzsch,Granite,DE,,
Niederhofen,Sandstone,DE,,
Niederoeblarn Hellgrau,Marble,AT,,
Niederoeblarn Roetlich,Marble,AT,,
Niederschona,Sandstone,DE,,
Nigeria Ivory,Granite,NG,,
Nigeria Red,Granite,NG,,
Night Dream,Granite,BR,,
Night Lightnings,Marble,IR,,
Night Snow,Granite,"CN,IN",,
Night Snow Liaoning,Granite,CN,,
Nijrana Brown,Marble,IN,,
Nilo River,Granite,BR,,
Nilsiae,Slate,FI,,
Nilus,Marble,PT,,
Nima Grey,Marble,TR,,
Nimbus,Limestone,"BR,TR",,
Nimbus White,Marble,"BR,TR",,
Ningde Golden Sand,Granite,CN,,
Ningde Lilac Pink,Granite,CN,,
Nira Beige,Limestone,LB,,
Nisa White,Marble,TR,,
Nisio,Marble,GR,,
Niva,Granite,BR,,
Niveous,Granite,BR,,
Niwala Blanca,Limestone,ES,,
Niwala Peach,Sandstone,ES,,
Niwala Rosa,Limestone,ES,,
Nizarana White,Marble,IN,,
Nizhne Sanarskiy,Granite,RU,,
Nkh Black,Granite,IN,,
Nm Dark,Marble,IN,,
Noah,Travertine,AM,,
Noble,Granite,BR,,
Noble Beige,Marble,"IR,MA,MK,TR",,
Noble Grey,Marble,"BR,FR",,
Noce Bonita,Travertine,TR,,
Noce Light,Travertine,PE,,
Noce Travertine,Travertine,"IT,PE,TR",,
Noir Alps,Marble,FR,,
Noir Azilal,Marble,MA,,
Noir Berbere,Marble,TN,,
Noir Francaise,Marble,FR,,
Noir Grand Antique,Marble,"BE,CN,FR,PL,TR",,
Noire,Soapstone,BR,,
Noisette Fleury,Marble,IT,,
Nonidas,Marble,NA,,
Nord Blue,Limestone,PT,,
Nordberg,Granite,SE,,
Nordic Blu,Marble,TR,,
Nordic Grey,Marble,"KH,TN,TR",,
Nordic Red,Granite,CA,,
Nordic Sunset,Granite,"BR,RU",,
Normandy,Granite,FR,,
Normandy Blue,Limestone,PT,,
Noronha,Quartzite,BR,,
Norrvange,Limestone,SE,,
North Light,Marble,CA,,
North Sea,Granite,CA,,
Northern Red,Sandstone,CA,,
Northumberland Buff,Sandstone,GB,,
Norway Green,Granite,NO,,
Norway White,Marble,"BR,CN,ID,IN,IR,IT,MK,NO,OM,TR,VN",,
Norwegian Green,Marble,NO,,
Norwegian Rose,Marble,NO,,
Nosara Green,Granite,IN,,
Nosara Yellow,Granite,IN,,
Notre Dame,Marble,FR,,
Notte Nero Gabbro,Granite,UA,,
Noturno,Granite,BR,,
Nougat,Granite,BR,,
Nouvelle Grey,Marble,FR,,
Nova Bana,Rhyolite,SK,,
Nova Beige,Marble,"CN,ES,PK,TR",,
Nova Silver,Marble,TR,,
Novana Beige,Marble,TR,,
Novi Pazar,Marble,RS,,
Novi Pazar Beli,Travertine,RS,,
Novita Beige,Marble,TR,,
Novo Mesto,Limestone,US,,
Novo Ruivina,Marble,"IR,PT",,
Nuage,Quartzite,BR,,
Nuance,Marble,IT,,
Nubian Grey,Limestone,"EG,IL,IT,PS",,
Nucleus,Marble,TR,,
Nuez,Cantera,MX,,
Nuga,Onyx,TR,,
Nummular Brown Grain,Granite,CN,,
Nunna Vuolukivi,Soapstone,FI,,
Nunnanlahti,Soapstone,FI,,
Nuovo Bello,Marble,CN,,
Nurhak Beige,Marble,TR,,
Nuvolato Classico,Marble,IT,,
Nuvolato Gold,Marble,IT,,
Nuvolato Onyx,Onyx,"TR,MX",,
Nuvolato White,Marble,"BR,GR,NA,TR",,
Nuvole,Quartzite,"BR,IN",,
Nyati Black,Granite,ZA,,
Nyko Red,Granite,SE,,
Nyks,Marble,TR,,
Nylandia,Granite,SE,,
Nystad Grey,Granite,FI,,
O Red,Marble,IN,,
Oahu Black,Basalt,US,,
Oak,Sandstone,"AR,US",,
Oak,Travertine,"AR,US",,
Oak Hill,Granite,US,,
Oak Mountain,Granite,US,,
Oamaru,Limestone,NZ,,
Oasis,Granite,"BR,SA",,
Oasis Blue,Marble,TR,,
Oasis Green,Marble,"GR,IN,UY",,
Oatlands Brown,Sandstone,AU,,
Oaxaca,Onyx,"MX,TZ",,
Oaxaca Fiorito,Travertine,MX,,
Oberstreit,Granite,PL,,
Occhialino,Marble,IT,,
Ocean,Marble,"CN,IR,TR",,
Ocean Beige,Limestone,IR,,
Ocean Black,Granite,"BR,IR",,
Ocean Black,Onyx,"BR,IR",,
Ocean Blue,Granite,"AR,AU,BR,CN,ES,ID,IN,IR,IT,LK,SE,TR,UA,VN,ZA",,
Ocean Blue,Limestone,"AR,AU,BR,CN,ES,ID,IN,IT,LK,PT,TR,UA,ZA",,
Ocean Blue,Marble,"AR,AU,BR,CN,ES,ID,IN,IT,LK,TR,UA,ZA",,
Ocean Blue,Travertine,"AR,AU,BR,CN,ES,ID,IN,IT,LK,TR,UA,ZA",,
Ocean Blue Grey,Marble,CN,,
Ocean Bordeaux,Granite,BR,,
Ocean Cream,Marble,"IN,TR",,
Ocean Eyes,Marble,TR,,
Ocean Fantasy,Granite,BR,,
Ocean Fantasy,Quartzite,BR,,
Ocean Flower,Granite,BR,,
Ocean Fossil,Marble,PK,,
Ocean Galaxy,Marble,CN,,
Ocean Gray,Marble,"AR,AU,BR,CN,ID,IN,IT,MX,PK,TR",,
Ocean Green,Granite,"BR,CN,DE,FI,IN,LK,SE,TR,VN",,
Ocean Pearl,Marble,IN,,
Ocean Red,Granite,BR,,
Ocean Rosal,Sandstone,ES,,
Ocean Silver,Travertine,"IR,IT",,
Ocean Star,Marble,CN,,
Ocean Twilight,Marble,IR,,
Ocean Waves,Quartzite,BR,,
Ocean White,Granite,"CN,IN,TR",,
Oceanus,Marble,GR,,
Ochre,Travertine,MX,,
Oconee,Granite,US,,
Ocra Green,Limestone,IN,,
Ocra Multi,Limestone,IN,,
Ocra Pink,Limestone,IN,,
Ocre Sevilla,Granite,ES,,
Ocros Grey,Marble,TR,,
Octavia Beige,Marble,TR,,
Odessa Green,Marble,GR,,
Odollo,Slate,ES,,
Oeland Gray,Limestone,SE,,
Oeland Hors,Limestone,SE,,
Oeland Red,Limestone,SE,,
Oeland Roedflammig,Limestone,SE,,
Oerebo,Granite,SE,,
Ohio,Sandstone,US,,
Ohshima Ikkuyu,Granite,JP,,
Ojima Super Grey,Granite,JP,,
Ojinaga,Limestone,MX,,
Ojo Gris,Marble,TR,,
Okayama Pink,Granite,JP,,
Oker,Sandstone,ES,,
Oklahoma,Sandstone,US,,
Ola Gris,Marble,TR,,
Old English Town,Sandstone,"AU,GB",,
Old Gold,Granite,IN,,
Old Italian,Limestone,"IN,IT",,
Old Mission,Travertine,MX,,
Oleberg,Granite,NO,,
Olenivsky,Limestone,UA,,
Olifant,Slate,ZA,,
Olive,Granite,"CN,IR,IT,TR",,
Olive,Onyx,"CN,IR,IT,TR",,
Olive Ash,Marble,"IT,TR",,
Olive Avantgarde,Marble,TR,,
Olive Forest,Granite,IN,,
Olive Green,Marble,"AL,DE,IN,IR,IT,TR,ZA",,
Olive Green,Sandstone,"AL,DE,IN,IR,TR,ZA",,
Olive Green Flowers,Granite,ZA,,
Olive Grey,Marble,"IT,TR",,
Olive Marine,Marble,TR,,
Olive Red,Marble,"EG,IT",,
Olive Sunset,Marble,TR,,
Olivia,Granite,IN,,
Olivia Fantastic,Sandstone,AL,,
Olivia Perla,Sandstone,AL,,
Olivillo,Travertine,ES,,
Olivine,Basalt,PT,,
Olivium,Travertine,TR,,
Olsbruecken Roetlich,Sandstone,DE,,
Olympia Red,Marble,GR,,
Olympian White Danby,Marble,US,,
Olympic Blue,Granite,CN,,
Olympic White,Granite,CN,,
Olympo,Granite,BR,,
Olympos,Travertine,TR,,
Olympus,Limestone,"BR,GR,TR",,
Olympus Dark,Marble,BR,,
Oman Beige Rose,Marble,OM,,
Oman Dark Emperador,Marble,OM,,
Oman Elegant Grey,Marble,OM,,
Oman Gold,Marble,OM,,
Oman Grey,Sandstone,"CN,OM",,
Oman Ivory Cream,Marble,OM,,
Oman Opal Pink,Marble,OM,,
Oman Perlatino,Marble,OM,,
Omani,Marble,OM,,
Omani Chocolate,Marble,OM,,
Omani Mubrah,Marble,OM,,
Omani Royal Cream,Marble,OM,,
Omani White Pearl,Marble,OM,,
Omberg Grafflammig,Limestone,SE,,
Omberg Roedfflammig,Limestone,SE,,
Ombra Di Caravaggio,Marble,RS,,
Omega,Granite,FI,,
Omega Blue,Marble,TR,,
Omenje,Granite,NA,,
Omman Beige,Marble,TR,,
Onda Bianca,Marble,IT,,
Ondagata Scuro,Marble,IT,,
Onde Buena,Granite,BR,,
Onde Elegante,Marble,IT,,
One White,Marble,CN,,
Onia Beige,Limestone,PT,,
Onice Orobico,Onyx,IT,,
Onice Smoke,Onyx,CN,,
Oniciato Bianco,Travertine,IT,,
Oniciato Venato,Travertine,IT,,
Onida Orange,Granite,IN,,
Onix Green,Granite,BR,,
Onix White,Marble,"BR,ES,PT",,
Only Beige,Marble,TR,,
Onsernone,Granite,CH,,
Ontario White,Granite,CN,,
Onyeike,Marble,VN,,
Onyx Travertine,Travertine,"IR,TR",,
Opal Brown,Marble,OM,,
Opal Cream,Marble,OM,,
Opal Gray,Marble,TR,,
Opal Pink,Marble,"BR,NO",,
Opal Sand,Marble,CN,,
Opala,Granite,BR,,
Opalescence,Granite,IN,,
Opalescent Grain,Granite,CN,,
Opalina,Marble,IT,,
Opalite,Marble,TR,,
Opera,Marble,TN,,
Opera Green,Marble,IR,,
Opera Grey,Marble,IR,,
Opera White,Marble,IR,,
Opereta Gold,Granite,BR,,
Opulent Pure,Marble,VN,,
Oraculus,Granite,BR,,
Oran,Onyx,DZ,,
Orange,Travertine,"IR,MX,PE",,
Orange Beige,Marble,TR,,
Orange Bubble,Onyx,IR,,
Orange Onyx,Onyx,"IR,MX,PE",,
Orange River,Marble,CA,,
Orange Rose,Granite,CN,,
Orange Tiger,Onyx,MX,,
Orazia Gold,Marble,AU,,
Orazio White,Marble,IT,,
Orbicular,Limestone,PE,,
Orbicular Black,Marble,AU,,
Orca Black and White,Marble,"BR,CA",,
Orcca,Marble,TR,,
Orchid White,Granite,IN,,
Orcoyana Green,Granite,AR,,
Ordu Beige,Marble,TR,,
Orense,Slate,ES,,
Oreo Black,Granite,"BR,IN",,
Oreo Black,Soapstone,"BR,IN",,
Oreo White,Granite,BR,,
Orfeo Beige,Limestone,BG,,
Organic,Onyx,IR,,
Orgita,Limestone,EE,,
Orgita Mix,Limestone,EE,,
Orgita Yellow,Limestone,EE,,
Orient Beige,Limestone,"TN,TR",,
Orient Dream,Marble,TR,,
Orient Flower,Marble,TR,,
Orient Fossil,Limestone,TR,,
Orient Pink,Marble,"IT,TR",,
Orient Rose,Limestone,TR,,
Oriental,Marble,CN,,
Oriental Amber,Marble,IN,,
Oriental Cream,Marble,OM,,
Oriental Dream,Granite,IN,,
Oriental Gold,Granite,"BR,CN,NA,ZA",,
Oriental Grey,Marble,"IT,TN,TR",,
Oriental Rose,Marble,TR,,
Oriental White,Granite,CN,,
Oriental White,Marble,"BR,CN,GR,IN,MM,MX,NA,PT,TR,VN,ZM",,
Oriental Yellow Verniz,Granite,BR,,
Oriflam,Slate,ZA,,
Orifossil,Limestone,FR,,
Orion,Granite,"BR,CA,GR,IN,IR",,
Orion,Onyx,"BR,CA,GR",,
Orion Black,Granite,CA,,
Orion Grey,Marble,TR,,
Orion White,Granite,"BR,GR,IN",,
Orion White,Marble,"BR,GR,IN",,
Oripaa,Granite,FI,,
Oris,Granite,BR,,
Orivesi,Slate,FI,,
Orix Brown,Granite,BR,,
Orkideh,Marble,IR,,
Orkideh Fasa,Marble,IR,,
Orkisan Rose,Marble,TR,,
Orleans Beige,Limestone,TR,,
Oro Azteca,Travertine,MX,,
Oro Cristal,Granite,"BR,CN,ES,PT",,
Oro Fino,Granite,BR,,
Oro Imperiale,Dolomite,BR,,
Oro Valverde,Marble,MA,,
Oro Vecchio Mosaic,Agate,BR,,
Oro Venato,Marble,TR,,
Oro Venezuela,Granite,VE,,
Orobico Grigio Rosa,Marble,IT,,
Orosei Perlato,Marble,IT,,
Oroza,Marble,OM,,
Orquidea Sabana,Granite,VE,,
Orto Di Donna Venato,Marble,IT,,
Orumiyeh,Marble,IR,,
Oryx Beige,Marble,"EG,OM",,
Osage,Granite,US,,
Oscar Beige,Marble,TR,,
Oscar Flower,Marble,CN,,
Oska Beige,Marble,TR,,
Oslo Gray,Sandstone,US,,
Osmalynsky,Granite,UA,,
Osmaniye Black Lava,Basalt,TR,,
Osor,Travertine,IR,,
Osso Cream,Limestone,CN,,
Ostria,Marble,GR,,
Ostrich Grey,Slate,IN,,
Ostrich Grey Schist,Schist,ZA,,
Ota,Granite,FR,,
Otley,Sandstone,GB,,
Ottawa Platinum,Limestone,CA,,
Ottimo Crema,Marble,TR,,
Ottimo Latte,Marble,TR,,
Ottoman,Limestone,TR,,
Ottoman Pearl,Marble,TR,,
Ouro Velho,Granite,PT,,
Outback Red,Sandstone,AU,,
Ovulato,Marble,NA,,
Oxford Blue,Granite,"BR,US",,
Oxford Blue,Quartzite,"BR,US",,
Oxford Gold,Granite,BR,,
Oxido,Travertine,MX,,
Oxonian Green,Granite,CN,,
Oyster,Slate,CN,,
Oyster Pearl,Granite,"CN,IN",,
Oyster White S,Granite,IN,,
Ozbak,Marble,IR,,
Ozzy Grey,Marble,TR,,
P Silver,Granite,IN,,
P White,Granite,"BR,CN,IN",,
P5,Marble,OM,,
P6,Marble,OM,,
Paarl Grey,Granite,ZA,,
Pachuca,Limestone,MX,,
Pacific Black,Granite,IN,,
Pacific Blue,Marble,"BR,CA,CN,IN,PT",,
Pacific Blue,Sandstone,"BR,CA,CN,IN,PT",,
Pacific Brown,Slate,BR,,
Pacific Cream,Marble,"ID,IR",,
Pacific Gold,Marble,CN,,
Pacific Gray,Marble,IR,,
Pacific Grey,Slate,BR,,
Pacific Peach,Marble,CN,,
Pacific Pearl,Granite,CN,,
Pacific White,Granite,IN,,
Pack River Dark,Granite,US,,
Padang Giallo,Granite,"BR,CN,ES",,
Padang Hell,Granite,"CN,GH,US",,
Padang White,Granite,"AR,AT,BR,CN,ES,GH,IN,IR,IT,LK,PT,SA,SE,US,VN",,
Padding Dark,Granite,CN,,
Pado,Marble,TR,,
Padro,Limestone,ES,,
Paeez,Marble,IR,,
Paeez Zanganeh,Marble,IR,,
Paglierina Grigia,Limestone,IT,,
Paglierino Dorato,Limestone,IT,,
Painted Desert,Granite,BR,,
Pajol,Marble,AO,,
Pak Chong,Marble,TH,,
Pak Chong,Sandstone,TH,,
Pakistan Black,Slate,PK,,
Pakistan Blue,Onyx,PK,,
Pakistan Champagne,Limestone,PK,,
Pakistan Chocolate,Marble,PK,,
Pakistan Elegant Beige,Marble,"OM,PK",,
Pakistan Fossil,Marble,PK,,
Pakistan Gold,Onyx,PK,,
Pakistan Green,Onyx,"IR,PK",,
Pakistan Olive Brown,Marble,PK,,
Pakistan Sahara Beige,Marble,PK,,
Pakistan Tiger Beige,Marble,PK,,
Palau,Sandstone,ES,,
Pale Rose,Granite,IN,,
Paleon,Granite,BR,,
Pali Cappuccino Brown,Granite,IN,,
Palimanan,Sandstone,ID,,
Palimanan Light,Sandstone,ID,,
Palisades,Granite,US,,
Palisandro Blue,Marble,"CN,GR,IN,IT,PL,TR",,
Palisandro Light,Marble,"BR,NA,TR",,
Palissandro (Palisandro),Marble,IT,,
Palissandro Antique,Marble,VN,,
Palissandro Blue Danube,Marble,IT,,
Palissandro Blue Nuvolato,Marble,IT,,
Palissandro Boheme,Marble,VN,,
Palissandro Bronzo,Marble,IT,,
Palissandro Classico,Marble,"CN,IT,PL,TR",,
Palissandro Dromos,Marble,IT,,
Palissandro Fiorito,Marble,"IT,TR",,
Palissandro Greco,Marble,"GR,RU",,
Palissandro Oniciato Chiaro,Marble,"CN,IT,PL,TR",,
Palissandro Reale,Marble,IT,,
Palissandro Tigrato,Marble,IT,,
Paljakka Cloudberry,Slate,FI,,
Palladium,Limestone,TN,,
Palm Black,Marble,VN,,
Palm Green,Marble,TR,,
Palm Red,Granite,CN,,
Palm Springs,Marble,CN,,
Palma Black,Granite,AO,,
Palmyra,Limestone,TR,,
Palmyra Creme,Marble,SY,,
Palo Duro,Granite,BR,,
Paloda Brown,Marble,IN,,
Paloda Pink,Marble,"CN,IN",,
Paloda White,Marble,IN,,
Palombino,Marble,IT,,
Palomino,Quartzite,BR,,
Pambak,Granite,AM,,
Pamir Cloud,Marble,CN,,
Pamir Snow,Marble,IT,,
Panama Grey,Granite,CN,,
Panchon Grey,Marble,TH,,
Panchon Red,Marble,TH,,
Panda Black,Granite,"AO,BR,CN,FI,IN,LK,MZ,NA,SE,VN,ZA,ZM,ZW",,
Panda Flower,Granite,CN,,
Panda Grey,Marble,"CN,IN",,
Panda Pink,Marble,CN,,
Panda Wavy,Marble,IN,,
Panda White,Granite,"BR,CN,GH,IN,IR,TR,US",,
Panda White,Marble,"BR,CN,GR,IN,IR,IT,MM,MZ,TR,VN",,
Pandora,Granite,BR,,
Pandora,Marble,BR,,
Pandora Beige,Marble,HR,,
Pandora White,Marble,"BR,CN",,
Pandoros,Marble,TR,,
Panetone,Quartzite,IN,,
Pangu Golden,Granite,CN,,
Pannonia Terracotta,Marble,HU,,
Pansy,Granite,"CN,TR",,
Pansy,Marble,"CN,TR",,
Pantaleao,Granite,BR,,
Pantanal,Granite,BR,,
Pantheon,Marble,"BR,EG,ES,GR",,
Panther,Sandstone,IN,,
Panther Skin,Marble,VN,,
Panther Yellow,Granite,"BR,CN,ES,IN,PL,SA,TR,US",,
Panxi Blue,Granite,CN,,
Paonazetto Bianco,Marble,IT,,
Paonazzeto,Marble,IT,,
Paonazzo,Marble,IT,,
Par Tavoosi Arsanjan,Marble,IR,,
Par Tavoosi Ramshe,Marble,IR,,
Par Tavoosi Yazd,Marble,IR,,
Paradis,Gneiss,DK,,
Paradise,Granite,"BR,ES,IN,IR,TR,VE",,
Paradise,Limestone,"BR,ES,IN,IR,TR",,
Paradise,Marble,"BR,ES,IN,IR,TR",,
Paradise Blue,Granite,BR,,
Paradise Cream,Marble,IR,,
Paradise Red,Onyx,TR,,
Paradiso,Granite,IN,,
Paradiso Light,Granite,IN,,
Paradiso Tamin,Granite,IN,,
Paraiso Da Amazonia,Granite,BR,,
Paramount,Quartzite,BR,,
Parana,Marble,BR,,
Parana Reale,Granite,BR,,
Parapanda,Marble,ES,,
Paras Bali Silakarang,Sandstone,ID,,
Paras Gold Yogya,Limestone,ID,,
Paras Jogja,Limestone,ID,,
Pardis,Marble,IR,,
Parian,Marble,GR,,
Paris Grey,Marble,"CN,ES,GR,IR,IT,LB,MA,PK,RU,TN,TR,VN",,
Paris Rose,Marble,CN,,
Paris Style,Granite,CN,,
Parkoszowice,Sandstone,PL,,
Parnonas White,Marble,"CN,GR,IN,IR,IT,MX,TR",,
Parsac,Gneiss,FR,,
Partavosi Meshki,Marble,IR,,
Partavousi,Marble,IR,,
Parys,Granite,ZA,,
Pasha,Marble,PK,,
Pasha Beige,Marble,"IR,PK",,
Pasha Cream,Marble,PK,,
Pasha Gold,Marble,PK,,
Pasha Gray,Marble,"IR,TR",,
Pasha White,Marble,"AR,AU,BR,CN,ID,IN,PK,TR",,
Pasko Black,Granite,FI,,
Passeier Silver,Gneiss,IT,,
Passion Beige,Marble,TR,,
Paston Grey,Marble,CN,,
Patagonia,Quartzite,"BR,IN",,
Patagonia Blue,Granite,BR,,
Patagonia Luna,Quartzite,IN,,
Patagonia Pink,Quartzite,IN,,
Patagonia White,Granite,"BR,IN",,
Patak,Marble,IR,,
Patalvas,Marble,IN,,
Patara,Limestone,"TR,US",,
Patara,Travertine,TR,,
Patara Beige,Marble,TR,,
Patara Light Emperador,Marble,TR,,
Patch Work,Marble,TR,,
Patek Phili,Marble,CN,,
Patris,Marble,IR,,
Paul Klee,Marble,BR,,
Pauline Grey,Granite,CN,,
Pavonazzetto,Marble,IT,,
Pavone,Granite,BR,,
Pavonine Grain,Granite,CN,,
Pawan Picasso,Granite,IN,,
Pazin Mandorlato,Limestone,HR,,
Peach,Sandstone,"MX,TR,US",,
Peach,Travertine,"MX,TR,US",,
Peach Blend,Travertine,TR,,
Peach Blossom,Marble,"CN,GR,VN",,
Peach Parfait,Marble,CN,,
Peach Red,Granite,"CN,IR,NG,US",,
Peach Rose,Granite,CN,,
Peachwood,Sandstone,CN,,
Peachy,Onyx,IR,,
Peacock,Slate,IN,,
Peacock Gold,Granite,"BR,CN",,
Peacock Green,Marble,"CN,TW",,
Peacock Ink,Onyx,CN,,
Peacock Red,Granite,CN,,
Peacock Slate (Indian),Slate,IN,,
Peafowl Brown,Granite,CN,,
Peafowl Green,Granite,CN,,
Peak Moor,Sandstone,GB,,
Pear Flower White,Granite,IT,,
Pear White,Granite,"CN,ES",,
Pearl,Marble,"AO,AU,EG,TR",,
Pearl,Slate,"EG,TR",,
Pearl Flower,Granite,"BR,CN,ES,IN,PK,PT",,
Pearl Grain Zhaoyuan,Granite,CN,,
Pearl Of Kaptan,Marble,TR,,
Pearl Red Grain,Granite,CN,,
Pearl Rose,Granite,"CN,NG,US",,
Pearl White,Granite,"AR,AT,BR,CN,ES,IN,IT,PK,PT,US",,
Pearl Yellow,Granite,"CN,EG,ES,IN,PK",,
Pearl Yellow,Limestone,"CN,EG,ES,IN",,
Pearling White,Granite,CN,,
Pearly Beige,Marble,TR,,
Pebbelate Green,Granite,IN,,
Pedra Fosil,Limestone,ES,,
Pedra Vella De Cangas,Granite,ES,,
Pedras Salgadas,Granite,"BR,CN,ES,IN,PT,UA",,
Pedre Dark,Travertine,PE,,
Pedre Light,Travertine,PE,,
Pegasus Brown,Granite,IN,,
Pegasus Gold,Granite,"BR,IN",,
Pegasus White,Granite,BR,,
Pegasus White,Marble,BR,,
Pekkala Pink,Granite,FI,,
Pelagey Black Kuzbas,Marble,RU,,
Pelagonia,Marble,MK,,
Pena Dark Blue,Marble,IT,,
Penaclaro,Limestone,ES,,
Penaros,Marble,ES,,
Penizevichi Grey,Granite,UA,,
Pennsylvania Black,Slate,CN,,
Pennsylvania Bluestone,Bluestone,US,,
Pennsylvania Rosa,Sandstone,US,,
Pennsylvania Rust,Sandstone,US,,
Penta Gold,Granite,PK,,
Pentelikon White,Marble,GR,,
Penuela,Limestone,MX,,
Peony Black,Granite,CN,,
Peony Grey,Granite,CN,,
Peony Red,Granite,"CA,CN",,
Pepper Grey,Granite,IN,,
Pepper White,Granite,CN,,
Peppercorn,Granite,US,,
Pepperino Dark,Granite,"BR,CN,IN,LK,SE,VN",,
Peppermint,Granite,BR,,
Pequin,Limestone,IL,,
Perak White,Marble,MY,,
Peregrine,Granite,"BR,US",,
Peregrine,Limestone,"BR,US",,
Perfetto,Marble,TR,,
Pergamena,Limestone,IT,,
Pergaminho,Granite,BR,,
Pergola Green,Granite,CN,,
Perigord Hautelyre,Limestone,FR,,
Perla,Limestone,"AL,BR,GR,TR",,
Perla,Marble,"AL,BR,GR,TR",,
Perla,Quartzite,"AL,BR,GR,TR",,
Perla Bello,Marble,TR,,
Perla Bianca,Limestone,TR,,
Perla Elegance,Quartzite,BR,,
Perla Flower,Marble,GR,,
Perla Lume,Quartzite,BR,,
Perla Marfil,Marble,TR,,
Perla Murano,Quartzite,BR,,
Perla Nera,Marble,"IR,TR",,
Perla Nouva,Marble,TR,,
Perla Santana,Quartzite,BR,,
Perla Veins,Marble,GR,,
Perla Venata,Quartzite,BR,,
Perla Venata Quartzite,Quartzite,BR,,
Perla Verde,Basalt,TR,,
Perlantica,Marble,TN,,
Perlatino Di Oriente,Marble,IT,,
Perlatino Royal,Marble,IT,,
Perlato,Marble,"IR,IT,MX,PH,TR",,
Perlato Classico,Limestone,"IT,TR,XK",,
Perlato Cofano,Marble,IT,,
Perlato Europe,Marble,"IT,HR",,
Perlato Fiorito,Marble,IT,,
Perlato Nocciolato,Marble,IT,,
Perlato Nova,Marble,TR,,
Perlato Queen,Marble,IN,,
Perlato Sand,Marble,CN,,
Perlato Svevo,Marble,"IT,TR",,
Perlato Travertine,Travertine,"IT,TR",,
Perlato Wave,Marble,TR,,
Perlatus,Marble,BR,,
Perlina,Limestone,PT,,
Perlington Beige,Marble,TR,,
Perlit,Limestone,HR,,
Perola Da Amazonia,Granite,BR,,
Perpignan,Limestone,FR,,
Perryfield Perrycott,Limestone,GB,,
Perryfield Roach,Limestone,GB,,
Perryfield Shelly,Limestone,GB,,
Persa Avorio,Granite,BR,,
Persa Brown,Granite,BR,,
Persa Orion,Granite,BR,,
Persa Pearl,Granite,BR,,
Persian Arabescato,Marble,IR,,
Persian Asgard,Marble,IR,,
Persian Beige,Alabaster,IR,,
Persian Black,Basalt,IR,,
Persian Blue,Alabaster,IR,,
Persian Blue,Marble,IR,,
Persian Brown,Alabaster,IR,,
Persian Brown,Onyx,IR,,
Persian Emperador,Marble,IR,,
Persian Golden Rose,Marble,IR,,
Persian Golden Spider,Marble,"CU,IR,PK,TR",,
Persian Green,Alabaster,IR,,
Persian Green,Granite,IR,,
Persian Green,Onyx,IR,,
Persian Grey,Alabaster,IR,,
Persian Grey,Basalt,IR,,
Persian Ivory,Travertine,"IR,IT",,
Persian Pearl,Granite,BR,,
Persian Perlatino,Marble,IR,,
Persian Pink,Onyx,"BR,IR",,
Persian Pink,Travertine,"BR,IR",,
Persian Rosalia,Marble,IR,,
Persian Silver,Granite,"CN,IR",,
Persian Silver Wave,Marble,IR,,
Persian Spring,Marble,IR,,
Persian Tiger,Onyx,IR,,
Persian Treasure,Granite,BR,,
Persian White,Alabaster,IR,,
Persian Yellow,Alabaster,IR,,
Pertek Beige,Marble,TR,,
Peru Beige,Sandstone,PE,,
Peru Grey,Marble,PE,,
Peru Salmon,Marble,PE,,
Peruvian Fantastico,Onyx,PE,,
Peruvian Tobacco,Travertine,PE,,
Pesca,Onyx,IR,,
Pescenjaki,Sandstone,SI,,
Pesco White,Marble,IT,,
Pessinus Grey,Granite,TR,,
Petra,Limestone,BG,,
Petra Brown Light,Marble,OM,,
Petra Fossil,Marble,OM,,
Petro Beige,Travertine,IR,,
Petroclus,Quartzite,IN,,
Petrous White,Granite,IN,,
Petrus Grey,Marble,TR,,
Pewter,Limestone,US,,
Pewter Rose,Marble,CN,,
Pewter Silver,Travertine,TR,,
Pfaben,Granite,DE,,
Pfrondorf,Sandstone,DE,,
Pfunders,Marble,IT,,
Pg Black,Granite,FI,,
Phantom,Marble,"BR,CN,TR",,
Phantom Black,Granite,BR,,
Phantom Golden Flower,Granite,NG,,
Phantom Green,Marble,CN,,
Pharaoh,Onyx,MX,,
Phelps Grey,Marble,CN,,
Philadelphia Scabos,Travertine,TR,,
Philippines Perlato,Marble,PH,,
Phoenicia Beige,Limestone,SY,,
Phoenix Black,Slate,CN,,
Phoenix Diamond,Granite,"BR,CN",,
Phoenix Gold,Granite,BR,,
Phu Cat Violet,Granite,VN,,
Piadin Beige,Marble,TR,,
Pianeta Blue,Marble,TR,,
Piano,Travertine,PE,,
Piano Grey,Marble,CN,,
Picasso Fantasy,Marble,CN,,
Picasso Green,Granite,"BR,IR",,
Picasso Grey,Marble,"MM,TR",,
Picasso Red,Onyx,"IR,TR",,
Picasso White,Marble,"AO,BR,CN,IN,NA,TR",,
Pichi,Travertine,IR,,
Pico White,Marble,IN,,
Pictor,Granite,BR,,
Picture,Sandstone,ZA,,
Piedra Basaltica Molinera,Basalt,ES,,
Piedra Blanco Juneda,Limestone,ES,,
Piedra De Alcor,Limestone,ES,,
Piedra Galarza,Cantera,MX,,
Piedra Laja Negra,Slate,CL,,
Piedra Muneca,Sandstone,CO,,
Piedra Roja Bermeja,Tuff,ES,,
Piel Serpentina,Marble,ES,,
Pierre De Bourgogne,Limestone,FR,,
Pierre De Caen,Limestone,FR,,
Pierre De Jaumont,Limestone,FR,,
Pierre De Lens,Limestone,FR,,
Pierre De Ruoms,Limestone,FR,,
Pierre Dordogne,Limestone,FR,,
Pieta Blu,Marble,TR,,
Pieta Venatino,Marble,TR,,
Pietra,Granite,BR,,
Pietra Arenaria Sicilia,Sandstone,IT,,
Pietra Basaltina,Basalt,IT,,
Pietra Cardosa,Marble,IT,,
Pietra Carparo Bianca,Limestone,IT,,
Pietra Del Cardoso,Sandstone,IT,,
Pietra Del Cilento,Sandstone,IT,,
Pietra Di Cielo,Sandstone,IT,,
Pietra Di Gorgoglione Grigio,Sandstone,IT,,
Pietra Di Istria,Limestone,HR,,
Pietra Di Matraia,Sandstone,IT,,
Pietra Di Noto,Limestone,IT,,
Pietra Di Peglio,Sandstone,IT,,
Pietra Di Sarnico,Sandstone,IT,,
Pietra Di Vico,Sandstone,IT,,
Pietra Dorata,Granite,BR,,
Pietra Dorata,Quartzitic Sandstone,BR,,
Pietra Extradura,Sandstone,IT,,
Pietra Forte,Quartzitic Sandstone,IT,,
Pietra Forte Colombino,Sandstone,IT,,
Pietra Forte Fiorentina,Sandstone,IT,,
Pietra Grey,Marble,"CN,ES,GR,IR,IT,LB,MA,MX,PK,RU,TN,TR,VN",,
Pietra Grigia,Quartzite,BR,,
Pietra Grigia,Soapstone,BR,,
Pietra Lavica,Basalt,IT,,
Pietra Piasentina,Limestone,IT,,
Pietra Serena,Quartzitic Sandstone,IT,,
Pietra Serena Del Trasimeno,Sandstone,IT,,
Pietra Serena Di Ascoli,Sandstone,IT,,
Pietra Serena Extraforte,Sandstone,IT,,
Pietra Viva,Marble,IT,,
Pietralba,Marble,FR,,
Pietranova Bianca,Limestone,IT,,
Pietroasa,Andesite,RO,,
Pigeon Grey,Granite,IN,,
Piges Drama White,Marble,GR,,
Piges Fiorito,Marble,GR,,
Pigon White,Marble,GR,,
Pilanesberg,Granite,ZA,,
Pilbara Cream,Marble,AU,,
Piles Creek,Sandstone,AU,,
Pilgrim,Limestone,US,,
Pilsen,Granite,BR,,
Pina,Onyx,MX,,
Pinczow,Limestone,PL,,
Pindos Grey,Sandstone,"AL,GR",,
Pine,Soapstone,BR,,
Pine Green,Granite,"CA,FI,IN",,
Pineapple,Onyx,MX,,
Pingshan Green,Granite,CN,,
Pingyi Kongque Lue,Granite,CN,,
Pink,Agate,"BR,IR,TR",,
Pink,Travertine,"BR,IR,TR",,
Pink Afshar,Granite,IR,,
Pink Agf,Marble,PT,,
Pink Angel,Marble,TR,,
Pink Art,Granite,BR,,
Pink Baihujian,Granite,CN,,
Pink Binh Dinh,Granite,VN,,
Pink Boreal,Limestone,"AO,ES,PT",,
Pink Caribbean Marfil,Marble,DO,,
Pink Carmel,Granite,BR,,
Pink City,Marble,TR,,
Pink Color Jade,Marble,CN,,
Pink Coral,Limestone,IT,,
Pink Dove,Marble,TR,,
Pink Garden,Granite,BR,,
Pink Goias,Granite,BR,,
Pink Grain,Granite,CN,,
Pink Grain Chashan,Granite,CN,,
Pink Hm,Granite,AO,,
Pink Khor,Marble,IR,,
Pink Liberty,Limestone,IT,,
Pink Miracema,Gneiss,BR,,
Pink Onyx,Onyx,"IR,TR",,
Pink Phu Yen,Granite,VN,,
Pink Prankatai,Marble,TH,,
Pink Rhino,Marble,NA,,
Pink Rose,Granite,"BR,CA,CN,ES,IN,IR,NG,US",,
Pink Roses,Marble,CN,,
Pink Rwanda,Granite,RW,,
Pink Salmon,Granite,"AR,BR,CN,PT,VE",,
Pink Sand,Slate,CN,,
Pink Sesame,Granite,CN,,
Pink Spring,Granite,IN,,
Pink Tufa,Tuff,AM,,
Pink Westerly,Granite,US,,
Pink Xuan Hoa,Granite,VN,,
Pink Zanjan,Granite,IR,,
Pink Zebarana,Granite,IN,,
Pinkaro Lime,Limestone,PK,,
Pinkish Grey,Marble,OM,,
Pino Verde,Marble,IR,,
Pinon,Cantera,MX,,
Pinon Bronze Claro,Cantera,MX,,
Pinon Bronze Oscuro,Cantera,MX,,
Pinon Chocolate,Cantera,MX,,
Pinon Dorado,Cantera,MX,,
Pinon Rio Blanco,Cantera,MX,,
Pinon Santa Lucia,Cantera,MX,,
Pinta Verde,Marble,BR,,
Pioneer Green,Granite,CN,,
Piracema,Granite,BR,,
Piracema,Soapstone,BR,,
Piracema Gneiss,Gneiss,BR,,
Piracica,Tuff,SI,,
Pirges Medium,Marble,GR,,
Pirgon Alas,Marble,"GR,IR",,
Pirgon Ebru Arabesque,Marble,GR,,
Pirgon Mist,Marble,GR,,
Pirgon Nivatus,Marble,GR,,
Pirgos White,Marble,"BG,GR",,
Pirineus,Granite,BR,,
Piroksenit,Granite,RU,,
Pisa Grey,Marble,TR,,
Pista Green,Sandstone,IN,,
Pistash Rock Beige,Sandstone,MA,,
Pitangui Black,Slate,BR,,
Pitaya,Granite,BR,,
Pizarra De Leon,Slate,ES,,
Pizzo Bianco,Granite,BR,,
Plain Green,Marble,IN,,
Planit,Limestone,HR,,
Plano,Limestone,"HR,US",,
Planolit,Limestone,HR,,
Plasma Gold,Granite,BR,,
Plasnica,Marble,MK,,
Platina Blue,Granite,BR,,
Platino Palacio,Granite,ES,,
Platinum,Limestone,"BR,CN,IR,TR,US",,
Platinum Cloud Wood,Marble,IT,,
Platinum Gray,Limestone,CN,,
Platinum Pearl,Granite,IN,,
Platinum Sands,Marble,"BR,CN,GR,IN,IR,IT,MM,TR,VN",,
Platinum Td,Granite,ZA,,
Platinum White,Granite,"BR,CN,IN,LK,SE,VN",,
Platinum White,Marble,"BR,CN,IN,IR,TR",,
Plato Cream,Marble,TR,,
Platteville,Limestone,US,,
Plavi Tok,Marble,RS,,
Plaza Gray,Limestone,US,,
Pleiku,Basalt,VN,,
Plevin,Slate,FR,,
Plima Salt,Granite,IT,,
Plochwald,Granite,AT,,
Plumpton Red,Sandstone,GB,,
Plywood,Onyx,IR,,
Pocahodas,Marble,GR,,
Pocahodas Cloudy,Marble,GR,,
Pocahodas Dark,Marble,GR,,
Pocheon White,Granite,KR,,
Podeni,Limestone,RO,,
Podhorni,Sandstone,CZ,,
Poggiorsini Melange,Marble,IT,,
Pohodilovskoe,Marble,RU,,
Poinsettia Red,Granite,CN,,
Pokarna Green,Granite,IN,,
Pokhodilova Grey,Marble,RU,,
Polar Grey,Marble,"CN,IN,IT,TR",,
Polar Mahogany,Granite,FI,,
Polar Syenite,Granite,NO,,
Polar White,Marble,"BR,CN,ID,IN,IR,IT,MK,NO,OM,TR,VN",,
Polaris Gold,Marble,MK,,
Poliche Krin,Travertine,MK,,
Polichrome,Granite,CA,,
Pollock Green,Granite,BR,,
Polotsky,Marble,RU,,
Poluo Sesame Flower,Granite,CN,,
Polychrome,Granite,CA,,
Polyetta Beige,Marble,TR,,
Polyetta Rosalia,Marble,TR,,
Polygram,Marble,IT,,
Pomegranate Beige,Marble,IR,,
Pomegranate Red,Granite,CN,,
Pompeii,Basalt,IT,,
Pompignan Gris,Limestone,FR,,
Pon Black,Granite,IN,,
Pont Du Gard,Limestone,FR,,
Pont-Aven,Gneiss,FR,,
Ponte Vecchio,Marble,IT,,
Pontevedra,Granite,ES,,
Pontval,Limestone,PT,,
Pool Jade,Marble,CN,,
Porfidico,Granite,ZA,,
Porfido Diaz,Porphyry,AR,,
Porfido Rojo,Porphyry,"AR,PT",,
Porkkala,Granite,FI,,
Poros,Travertine,GR,,
Porpishe,Marble,IR,,
Porsgrunn,Limestone,NO,,
Port Black,Marble,CN,,
Port Saint Laurent,Marble,"CN,IR,MA",,
Portasanta,Marble,IT,,
Porteghali,Onyx,IR,,
Porteghali Mojdar,Onyx,IR,,
Portillo,Granite,BR,,
Portin Vuolukivi,Soapstone,FI,,
Portinari,Marble,BR,,
Portland Blue,Limestone,GB,,
Portland Grey,Limestone,US,,
Portland Roach,Limestone,GB,,
Portland Stone,Limestone,FR,,
Porto,Slate,PT,,
Porto Alegre,Soapstone,BR,,
Porto Black,Marble,TR,,
Porto Branco,Granite,"BR,PT",,
Porto Cervo,Granite,BR,,
Porto Rosa,Granite,BR,,
Porto Rosso,Marble,TR,,
Portobello,Limestone,PT,,
Portofino,Marble,CN,,
Portofino Green,Slate,BR,,
Portorino,Marble,IT,,
Portoro (Black and Gold),Marble,IT,,
Portoro Antalya,Marble,TR,,
Portoro Peru,Marble,PE,,
Portoro Red,Marble,CN,,
Potala Grey,Marble,TR,,
Pouillenay Gris,Limestone,FR,,
Poymer Pink,Marble,TR,,
Poymer Spotted,Marble,TR,,
Poymer White,Marble,TR,,
Pozary,Granite,CZ,,
Pr Red China,Granite,CN,,
Prada Gold,Granite,IN,,
Prado,Travertine,IT,,
Prague Emperador,Marble,CN,,
Prairie Brown,Granite,US,,
Prairie Mountain,Granite,US,,
Prairie Shell,Limestone,US,,
Prajoub Manichoat,Granite,TH,,
Prajoub Tao,Granite,TH,,
Prali Bardiglio,Marble,IT,,
Prali Cipollino,Marble,IT,,
Prali Statuario,Marble,IT,,
Prata Da Amazonia,Granite,BR,,
Pratima,Soapstone,BR,,
Premeaux,Limestone,FR,,
Premeaux Banque,Limestone,FR,,
Premium Gray,Marble,"BR,CN,CO,EG,ES,GR,IT,MY,PT,TN,TR",,
President,Marble,IR,,
Prestige Brown,Marble,TR,,
Prestige Noir,Marble,MA,,
Preto Absoluto,Granite,BR,,
Preto Arronches,Granite,PT,,
Preto Mourinha,Granite,PT,,
Pretty Pink,Marble,CN,,
Priaclaro,Limestone,ES,,
Pribylov,Limestone,CZ,,
Prilep White,Marble,"BR,CN,GR,ID,IN,IR,IT,MK,NO,OM,TR,VN",,
Princess Brown,Marble,IR,,
Princess Carlotta Green,Alabaster,US,,
Princess Gold,Marble,"EG,TR",,
Princess Red,Granite,CN,,
Princeton,Marble,TR,,
Prinos,Marble,GR,,
Prospect,Sandstone,US,,
Provence,Travertine,"FR,TR",,
Provence Dore,Limestone,FR,,
Provence Grey,Marble,CN,,
Przedborowa,Granite,PL,,
Pu'er Red,Granite,CN,,
Pudaung Badu,Marble,MM,,
Puebla,Travertine,MX,,
Pueblo,Sandstone,US,,
Puka Lava,Basalt,US,,
Punia Grey,Granite,IN,,
Purbeck Blue,Limestone,GB,,
Purdemurru,Limestone,EE,,
Pure White,Onyx,"IR,PK",,
Purple,Alabaster,"CN,IN,US",,
Purple Ash,Marble,CN,,
Purple Beige,Marble,"CN,TR",,
Purple Blue Flowers,Granite,CN,,
Purple Breeze,Marble,TR,,
Purple Cream,Marble,"CN,TR",,
Purple Desert,Marble,TR,,
Purple Diamond,Granite,CN,,
Purple Dunes,Granite,BR,,
Purple Galaxy,Granite,CN,,
Purple Gold Grain,Granite,CN,,
Purple Nebula,Granite,CN,,
Purple Rain,Granite,BR,,
Purple Red,Granite,CN,,
Purple Rose,Granite,"CN,FI",,
Purple Sea,Marble,TR,,
Purple Slate,Slate,"BR,CN",,
Purple Wave,Marble,IR,,
Purple White,Granite,"CN,TH",,
Purple Wooden,Marble,"CN,IN",,
Purple Wooden,Sandstone,"CN,IN",,
Purplish White,Marble,MY,,
Pushtulimsky,Marble,RU,,
Putian Rust,Granite,CN,,
Putin Wood,Marble,"CN,IT",,
Puttaparthi Pink,Granite,IN,,
Py Cream,Granite,VN,,
Py Grey,Granite,VN,,
Pyramid Beige,Marble,EG,,
Pyramids,Marble,EG,,
Pyrmont Pink,Sandstone,AU,,
Python,Soapstone,IN,,
Python Black,Granite,BR,,
Python Grey,Marble,BR,,
Pythoon White,Marble,"AR,AU,BR,CN,ID,IN,TR",,
Qabatiya,Limestone,PS,,
Qafe Shtama,Limestone,AL,,
Qalamkar,Marble,AF,,
Qalatak,Marble,AF,,
Qamar Pearl,Marble,MY,,
Qatranah Red,Limestone,JO,,
Qatranah White,Limestone,JO,,
Qilu Red,Granite,CN,,
Qing Red,Granite,CN,,
Qingshan Red,Granite,CN,,
Qingshan Red Neimenggu,Granite,CN,,
Qingshan White,Granite,CN,,
Qingtou White,Granite,CN,,
Qingyuan Red,Granite,CN,,
Qinling Gold,Marble,"CN,MX",,
Qom White,Marble,IR,,
Qorve White,Onyx,IR,,
Qorveh,Marble,IR,,
Quantum,Quartzite,BR,,
Quantum Black,Granite,IN,,
Quanzhou White,Granite,"CN,GH,US,VN",,
Quartzo Vitro,Semi-Precious Stone,BR,,
Quasar,Granite,BR,,
Queen Rose,Granite,"CA,CN",,
Queen White,Marble,VN,,
Queensland Fire,Marble,AU,,
Quercum Red Beige,Marble,TR,,
Queretaro,Marble,MX,,
Quicksand,Granite,CN,,
Quicksand Brown,Granite,LK,,
Quincunx Black,Granite,CN,,
Quintanar,Sandstone,ES,,
Quorn Brown,Sandstone,AU,,
Qussair,Marble,EG,,
Quy Hop,Bluestone,VN,,
Quy Hop,Marble,VN,,
Quy Nhon Black,Granite,VN,,
Quy Nhon Red,Granite,VN,,
R Black,Granite,"IN,IR",,
Rachael Beige,Sandstone,AL,,
Raddix,Marble,GR,,
Radiant Black,Marble,"CN,IR,MA,TR",,
Radibush Golden,Slate,MK,,
Radkow,Sandstone,PL,,
Radkow Fein,Sandstone,PL,,
Radkow Grob,Sandstone,PL,,
Radkow Mittel,Sandstone,PL,,
Raffaello,Marble,BR,,
Raggio Di Luna,Marble,IT,,
Raggio Di Sole,Granite,BR,,
Ragno Rosa,Marble,TR,,
Raidho,Granite,BR,,
Rain Clouds,Marble,CN,,
Rain Forest,Granite,BR,,
Rain Forest Green,Marble,"BR,EG,IN",,
Rainbow,Limestone,"BR,CN,IN,MX,TR",,
Rainbow,Porphyry,"BR,CN,IN,MX,TR",,
Rainbow,Travertine,"BR,CN,IN,MX,TR",,
Rainbow Onyx,Onyx,"CN,IR,MX,TR",,
Rainbow Red,Marble,"CN,TR",,
Rainbow Sandstone,Sandstone,"BG,CN,IN",,
Rainbow Silk,Granite,CN,,
Rainbow Tobacco,Granite,BR,,
Rainbow White,Marble,CN,,
Raj Black,Slate,IN,,
Raj Green,Sandstone,IN,,
Raj Green Sandstone,Sandstone,IN,,
Raj Red,Sandstone,"CN,IN",,
Raja Red,Slate,IN,,
Raja Yellow,Granite,IN,,
Rajado,Marble,BR,,
Rajasri Red,Granite,IN,,
Rajasthan Black,Basalt,IN,,
Rajasthan Green,Serpentine,IN,,
Rajlaxmi,Marble,IN,,
Rajnagar White,Marble,IN,,
Rajpura Pink,Sandstone,IN,,
Rajshree Red,Granite,IN,,
Rakan,Granite,SA,,
Rakhni Polivsky,Granite,UA,,
Rakowice,Sandstone,PL,,
Rakwana Green,Granite,LK,,
Ram Brown,Granite,EG,,
Ram Gray,Marble,TR,,
Ram White,Granite,EG,,
Ramages,Limestone,PT,,
Rambo Green,Granite,BR,,
Rame Nero,Granite,VE,,
Ramshe,Travertine,IR,,
Ramshe Mojdar,Travertine,IR,,
Ramshe Tosi Salsali,Marble,IR,,
Randy Silver Line,Marble,MY,,
Raniwara Green,Granite,"BR,CN,ES,FR,IN,IR,PL,SA,TR,US",,
Rankin Grey,Marble,CN,,
Raoping White,Granite,CN,,
Rapolano Biscotti,Travertine,IT,,
Rasotica,Limestone,HR,,
Rastigasta,Granite,NO,,
Ratka,Rhyolite,HU,,
Ratka Chrastie,Basalt,SK,,
Rattle Skin,Travertine,IR,,
Rattle Skin Dark,Travertine,IR,,
Rattlesnake,Limestone,US,,
Rauchkristall,Marble,AT,,
Raumunzach,Granite,DE,,
Rauris Blau,Marble,AT,,
Rauris Dunkel,Marble,AT,,
Rauris Hell,Marble,AT,,
Raveena,Sandstone,IN,,
Ravina,Sandstone,IN,,
Rayakottai,Granite,IN,,
Raymond Blue,Granite,IN,,
Raymond Blue,Marble,IN,,
Raymond Silver,Marble,IN,,
Rayna Rosa,Marble,MY,,
Real Madrid White,Sandstone,ES,,
Real Silver,Marble,TR,,
Reale,Travertine,PE,,
Rebecca,Limestone,TN,,
Rebel Grey,Sandstone,IT,,
Recice,Granite,CZ,,
Recinto Black,Andesite,MX,,
Recinto Negro,Basalt,MX,,
Red,Agate,"BR,CN",,
Red,Marble,"BR,CN",,
Red Apple,Granite,CN,,
Red Arara,Granite,AO,,
Red Arizona,Travertine,"MX,TR",,
Red Baihujian,Granite,CN,,
Red Bavanat,Marble,IR,,
Red Beach,Granite,BR,,
Red Bohus,Granite,SE,,
Red Canyon,Marble,"CN,GR,IR",,
Red Cardinal,Granite,"CN,FI",,
Red Changjiang,Granite,CN,,
Red Cherry,Marble,TR,,
Red Chilli,Granite,IN,,
Red Chocolate,Sandstone,IN,,
Red Colinas,Granite,BR,,
Red Cream,Marble,CN,,
Red Danjing,Granite,CN,,
Red Desert,Limestone,JO,,
Red Diamond,Granite,"CN,VN",,
Red Dragon,Onyx,"CN,MX",,
Red Dragon Blue,Marble,CN,,
Red Dreams,Marble,TR,,
Red Elekanta,Marble,IN,,
Red Fengzhen,Granite,CN,,
Red Flamingo Purple,Marble,IN,,
Red Fossil,Marble,IR,,
Red Fuqing,Granite,CN,,
Red Gharda,Granite,EG,,
Red Gia Lai,Granite,"CN,VN",,
Red Gold,Granite,BR,,
Red Grain,Granite,CN,,
Red Grain Huian,Granite,CN,,
Red Grey,Marble,TR,,
Red Guilin,Granite,CN,,
Red Hollywood,Granite,BR,,
Red Hushi,Granite,CN,,
Red Ice,Marble,MA,,
Red Impala,Marble,ID,,
Red Ink,Granite,BR,,
Red Jade,Marble,CN,,
Red Jaemtland,Limestone,SE,,
Red Jiangnan,Granite,CN,,
Red Jieyang,Granite,CN,,
Red Kuzbas,Marble,RU,,
Red Laizhou,Granite,CN,,
Red Levanto,Marble,"IT,TR",,
Red Liaoning,Granite,CN,,
Red Line Santa Ana,Marble,IR,,
Red Line Shanna,Marble,"CU,IR",,
Red Lorca,Limestone,ES,,
Red Louis,Marble,CN,,
Red Maipu,Granite,IN,,
Red Malibu,Granite,"BR,IR",,
Red Moneasaa,Limestone,RO,,
Red Montana,Granite,BR,,
Red Moon,Marble,IT,,
Red Mosaic,Agate,BR,,
Red Moss,Granite,CN,,
Red Nanyang,Granite,CN,,
Red Nefertiti,Granite,EG,,
Red Onyx,Onyx,"MX,PK",,
Red Passion,Marble,IN,,
Red Phoenix,Marble,"LB,OM,TR",,
Red Post,Granite,RU,,
Red Raspberry,Alabaster,US,,
Red River,Granite,"CN,NG",,
Red River,Marble,"CN,NG",,
Red Rocks,Marble,GR,,
Red Root Vein,Marble,IR,,
Red Safaga,Granite,EG,,
Red Samoka,Granite,IN,,
Red Sand,Granite,CN,,
Red Sangestan,Marble,IR,,
Red Sapphire,Granite,IN,,
Red Segovia,Granite,ES,,
Red Shijing,Granite,CN,,
Red Shimian,Granite,CN,,
Red Shiraz,Marble,IR,,
Red Shouning,Porphyry,CN,,
Red Shuangjing,Granite,CN,,
Red Sirogojno,Marble,RS,,
Red Soraya,Travertine,IR,,
Red Sphynx,Granite,EG,,
Red Star,Granite,NO,,
Red Sunset,Marble,"CN,ES",,
Red Sunset,Sandstone,"CN,ES",,
Red Tongan,Granite,CN,,
Red Vein Beige,Marble,CN,,
Red Vie,Granite,VN,,
Red Volcanic,Basalt,CN,,
Red Wave,Granite,CN,,
Red Wendeng-Z,Granite,CN,,
Red Wood Grain,Marble,"CN,IR",,
Red Wood Grain,Onyx,"CN,IR",,
Red Wooden,Sandstone,"CN,IN,IR",,
Red Wulian,Granite,CN,,
Red Wuyi,Granite,CN,,
Red Yari,Granite,CN,,
Red Yazd,Porphyry,IR,,
Red Yongjin,Granite,CN,,
Red Zebra,Marble,PK,,
Red Zeshan,Granite,CN,,
Reddish,Travertine,TR,,
Reddish Grain Shijing,Granite,CN,,
Reddish Grain Zhangpu,Granite,CN,,
Redheart,Limestone,CN,,
Reef Point,Limestone,ES,,
Regal,Marble,TR,,
Regal Fishskin Beige,Marble,TR,,
Regal Sapphire,Marble,TR,,
Regal Spotty Beige,Marble,TR,,
Regent Multi Gray,Marble,VN,,
Regina Beige,Marble,TR,,
Regolit Beige,Marble,TR,,
Reichenberg,Granite,CZ,,
Reina Beige,Marble,"GR,TR",,
Reka,Sandstone,CZ,,
Reliquia,Granite,BR,,
Relvinha Rv,Limestone,PT,,
Rembrandt,Granite,BR,,
Renaissance,Granite,"BR,RU",,
Renhe Island Red,Granite,CN,,
Renoir,Marble,BR,,
Renoir Blanc,Dolomite,BR,,
Rentina Green,Marble,GR,,
Renur,Marble,UY,,
Repen Classico,Limestone,IT,,
Repen Povir,Limestone,SI,,
Resin Yellow,Onyx,CN,,
Restonica Vert,Marble,FR,,
Retro Beige,Marble,TR,,
Retro Breccia,Marble,TR,,
Reval,Limestone,EE,,
Revolution,Marble,BR,,
Rezhevskoy,Granite,RU,,
Rhine White,Marble,CN,,
Rhomben,Porphyry,NO,,
Rice White,Sandstone,CN,,
Rich Autumn,Slate,ZA,,
Rich Beige,Marble,TR,,
Rich Red,Granite,"CN,IN",,
Rich Tianmen,Onyx,CN,,
Richemont Blanc,Limestone,FR,,
Richemont Bleu,Limestone,FR,,
Rietvlei,Slate,ZA,,
Rigato,Marble,TR,,
Rijo,Limestone,PT,,
Rijo Do Codacal,Limestone,PT,,
Rimini Grey,Marble,TR,,
Rio Blue,Soapstone,BR,,
Rio Fresco,Granite,BR,,
Rio Grande,Soapstone,US,,
Rio Preto,Granite,"AU,BR,CN,IN",,
Rioja Kenia,Slate,ES,,
Rios Beige,Marble,CN,,
Ripple Idaho,Granite,US,,
Rippon Buff,Sandstone,IN,,
Rising Star,Marble,TR,,
Rising Sun,Limestone,PT,,
Ritsona Evia,Marble,GR,,
Ritsona Gold,Marble,GR,,
Rittner,Porphyry,IT,,
Ritz Gray,Marble,TR,,
Riven Black,Slate,CN,,
River,Onyx,TR,,
River Black,Sandstone,"CN,IN",,
River Gold,Granite,"BR,IN,MX",,
River Gold,Onyx,"BR,IN,MX",,
River Grey,Marble,"CN,TR",,
River Pink,Granite,IN,,
River Wave,Marble,"CN,IN",,
River White,Granite,"BR,CN,IN,LK,SE,VN",,
River Wood,Sandstone,"CN,IN",,
Riverina,Granite,AU,,
Riverstone Grey,Slate,AR,,
Riviera,Gneiss,"BR,CN,MX",,
Riviera,Granite,"BR,CN,MX",,
Riviera,Quartzite,"BR,CN,MX",,
Riviera Beige,Cantera,MX,,
Riviera Beige Arena,Limestone,MX,,
Riviera Maya,Travertine,MX,,
Rize Koyu Sedef,Granite,TR,,
Roaming Brown,Marble,CN,,
Roarin Run,Sandstone,US,,
Rocaber Blue-Grey,Slate,ES,,
Rocafort,Sandstone,ES,,
Roccia,Travertine,IT,,
Roche De Bonifacio,Limestone,FR,,
Roche Du Val,Limestone,FR,,
Roche Jaune,Limestone,FR,,
Rocheret Bayadere,Limestone,FR,,
Rocheron Dore Clair,Limestone,FR,,
Rocherons Beige,Limestone,FR,,
Rocheval,Limestone,FR,,
Rock Glaciers,Granite,CN,,
Rock Green,Granite,IN,,
Rock Mountain,Granite,BR,,
Rockville Beige,Granite,US,,
Rockville White,Granite,US,,
Rocky Beige,Marble,IR,,
Rocky Mountain Mocha,Travertine,US,,
Rodez,Limestone,LB,,
Rods Brown,Marble,LB,,
Roemer,Tuff,DE,,
Roenne,Granite,DK,,
Roenne,Sandstone,DK,,
Roettbacher,Sandstone,DE,,
Roeyken,Granite,NO,,
Rogovsky,Granite,UA,,
Roi Soleil,Marble,FR,,
Roja,Cantera,MX,,
Rojo Alhambra,Travertine,ES,,
Rojo Alicante,Marble,"CN,ES,IN,IR",,
Rojo Amara,Granite,VE,,
Rojo Antalya,Marble,TR,,
Rojo Argallon,Granite,ES,,
Rojo Bermil,Granite,ES,,
Rojo Caravaca,Marble,ES,,
Rojo Cebuano,Marble,PH,,
Rojo Cojedes,Granite,VE,,
Rojo Coral,Marble,"CN,ES,IN,IR,IT,LB,MX,TR",,
Rojo Coralo,Marble,ES,,
Rojo De Salto,Granite,AR,,
Rojo Galindo,Cantera,MX,,
Rojo Guadajira,Granite,ES,,
Rojo Guayana,Granite,VE,,
Rojo Marroqui,Marble,UY,,
Rojo Mirador,Granite,VE,,
Rojo Neila,Sandstone,ES,,
Rojo Oriental,Granite,UY,,
Rojo Paraiso,Cantera,MX,,
Rojo Passion,Onyx,MX,,
Rojo Peach,Marble,"ID,MX",,
Rojo Sayago,Granite,ES,,
Rojo Sierra Chica,Granite,AR,,
Rojo Tagui,Cantera,MX,,
Rojo Vulkano,Onyx,MX,,
Roland Gray,Marble,IR,,
Rolex Grey,Marble,TR,,
Roma Blue,Marble,IN,,
Roma Grey,Marble,"CN,EG,IT",,
Roma Imperiale,Granite,BR,,
Roma Imperiale,Quartzite,BR,,
Roman Beige,Marble,TR,,
Roman Diamond,Granite,CN,,
Roman Impression,Marble,CN,,
Roman Silver,Travertine,IT,,
Roman White,Marble,IN,,
Roman Yellow,Granite,"BR,ES",,
Romance,Granite,BR,,
Romania Grey,Andesite,RO,,
Romanit,Sandstone,BA,,
Romano Dream,Granite,BR,,
Romano Gold,Granite,BR,,
Romantic Blue,Granite,IN,,
Romantic Flower,Granite,CN,,
Romantic Grey,Marble,"CN,TR",,
Romantic Pink,Granite,IN,,
Romantica Red,Granite,"BR,IN,VE",,
Romantix,Granite,BR,,
Romblon,Marble,PH,,
Rome White,Granite,BR,,
Rosa,Slate,"MX,ZA",,
Rosa Alcamo,Limestone,IT,,
Rosa Anark,Marble,IR,,
Rosa Antico,Granite,IT,,
Rosa Aphrodite,Marble,"AU,TR",,
Rosa Arborea,Granite,IT,,
Rosa Aridol,Marble,UY,,
Rosa Arronches,Granite,PT,,
Rosa Atlantide,Marble,PT,,
Rosa Aurora,Marble,"PT,TR",,
Rosa Aurora Claro,Marble,"PT,TR",,
Rosa Azova,Granite,UA,,
Rosa Baccarat,Marble,MK,,
Rosa Bahia,Marble,BR,,
Rosa Baveno,Granite,IT,,
Rosa Bella,Marble,"IR,PT,TR",,
Rosa Bello,Marble,IT,,
Rosa Beta,Granite,"AR,AT,BR,CN,ES,IN,IT,LK,PT,SE,US,VN",,
Rosa Brasile,Slate,BR,,
Rosa Cadalso,Granite,ES,,
Rosa Candoglia,Marble,IT,,
Rosa Capela,Granite,ES,,
Rosa Castello,Granite,IT,,
Rosa Chicolo,Granite,ES,,
Rosa Corallo,Marble,"CN,ES,IN,IR,IT,LB,MX,TR",,
Rosa Cordoba,Marble,AR,,
Rosa Cruise,Marble,TR,,
Rosa Damascus,Marble,IT,,
Rosa Dante,Granite,ES,,
Rosa Del Garda,Marble,IT,,
Rosa Delizia,Granite,IT,,
Rosa Delta,Granite,ES,,
Rosa Do Norte,Marble,BR,,
Rosa Duna,Granite,NA,,
Rosa Durazno,Cantera,MX,,
Rosa El Nasr,Granite,EG,,
Rosa El Rei,Marble,PT,,
Rosa Ermita,Cantera,MX,,
Rosa Extremadura,Granite,ES,,
Rosa Fantastic,Marble,"IN,TR",,
Rosa Fantasy,Granite,IN,,
Rosa Ferula,Granite,IT,,
Rosa Fiorito,Granite,"CN,IT",,
Rosa Frades,Granite,"ES,PL,PT",,
Rosa Gala,Granite,ES,,
Rosa Grande,Onyx,US,,
Rosa Hoody,Granite,EG,,
Rosa Hurghada,Granite,EG,,
Rosa Imperiale,Marble,"IR,IT,LB,MX,TR",,
Rosa Inca,Granite,IN,,
Rosa Itala,Granite,IN,,
Rosa Jaspeada,Cantera,MX,,
Rosa Julia,Granite,VE,,
Rosa Kinawa,Granite,"BR,VE",,
Rosa Kyshyn,Granite,UA,,
Rosa Levante,Granite,CN,,
Rosa Levanto,Marble,TR,,
Rosa Lucida,Limestone,IT,,
Rosa Lucira,Granite,AO,,
Rosa Lugo,Granite,ES,,
Rosa Mara,Granite,AR,,
Rosa Mavrovo,Marble,MK,,
Rosa Mexicano,Cantera,MX,,
Rosa Mexicano,Porphyry,MX,,
Rosa Michoacan,Cantera,MX,,
Rosa Mirage,Marble,TR,,
Rosa Mondariz,Granite,ES,,
Rosa Monforte,Granite,PT,,
Rosa Monica,Marble,NA,,
Rosa Pardais,Marble,"PT,TR",,
Rosa Patara,Marble,TR,,
Rosa Peralba,Marble,IT,,
Rosa Perlino,Marble,IT,,
Rosa Pistalo,Marble,IR,,
Rosa Porrino,Granite,ES,,
Rosa Portugal,Marble,"PT,TR",,
Rosa Raisa,Granite,BR,,
Rosa Raveno,Granite,UA,,
Rosa Reale,Marble,DO,,
Rosa Royal,Granite,"AR,BR,CN,EG,FI,IN,NO,SE",,
Rosa Sabrina,Marble,IR,,
Rosa Samambaia,Granite,BR,,
Rosa San Marco,Limestone,"HR,IT",,
Rosa San Marcos,Marble,PT,,
Rosa Sardo,Granite,"CN,GR,IT",,
Rosa Scalia,Granite,IT,,
Rosa Sicilia,Marble,"BE,CN,FR,GB,ID,IN,IR,IT,OM,VN",,
Rosa Silver,Marble,TR,,
Rosa Sinai,Granite,EG,,
Rosa Stresa,Granite,BR,,
Rosa Tea,Marble,"CN,MA,PH,TR,VN",,
Rosa Tenggo,Granite,MY,,
Rosa Tongho,Marble,CN,,
Rosa Turm,Granite,BR,,
Rosa Valencia,Marble,"ES,GR,TR",,
Rosa Vidal,Sandstone,ES,,
Rosa West,Marble,ZM,,
Rosa Zarci,Limestone,ES,,
Rosado Baul,Granite,VE,,
Rosal Ar,Limestone,PT,,
Rosal B,Limestone,PT,,
Rosal C,Limestone,PT,,
Rosal Codacal Contra,Limestone,PT,,
Rosal Dunas,Limestone,PT,,
Rosal Original,Limestone,PT,,
Rosal Real,Limestone,PT,,
Rosal T,Limestone,PT,,
Rosal Vogue,Limestone,PT,,
Rosalia,Limestone,"IR,LB,OM,RO,TR",,
Rosalia Light,Marble,"LB,OM,TR",,
Rosalia Red,Marble,TR,,
Rosalin Pink,Marble,TR,,
Rosalina Dark,Marble,OM,,
Rosaline,Marble,TR,,
Rosato Beige,Marble,TR,,
Rosavel,Granite,ES,,
Rosavel,Limestone,ES,,
Roscommon Blue,Limestone,IE,,
Roscrea,Sandstone,IE,,
Rose,Crystal,"AU,BR,CN,GR,IN,IR,IT,NA,OM,TR,US,VN",,
Rose,Marble,"AU,BR,CN,GR,IN,IR,IT,NA,OM,TR,US,VN",,
Rose,Quartz,"AU,BR,CN,GR,IN,IR,IT,NA,OM,TR,US,VN",,
Rose Beige,Limestone,"CN,LB,TR",,
Rose Beige Rosalia,Marble,TR,,
Rose Bluette,Granite,IR,,
Rose Carla,Limestone,LB,,
Rose Crema Shaiana,Marble,CN,,
Rose De Brignoles,Marble,FR,,
Rose De La Clarte,Granite,FR,,
Rose De Premeaux,Limestone,FR,,
Rose De Senones,Granite,FR,,
Rose Forte Arimba,Granite,AO,,
Rose Garden,Marble,IR,,
Rose Gold,Granite,"CN,MA,SA,TR",,
Rose Gold,Marble,"CN,EG,MA,MM,MY,SA,TR",,
Rose Gray,Travertine,SY,,
Rose Ice Jade,Marble,CN,,
Rose Luna,Granite,CN,,
Rose Mahallat,Marble,IR,,
Rose Onterial Beige,Marble,TR,,
Rose Pearl,Marble,"OM,TR",,
Rose Persia,Marble,IR,,
Rose Rainbow,Marble,CN,,
Rose Rainbow Blue,Marble,CN,,
Rose Renca,Granite,AR,,
Rose River,Travertine,IR,,
Rose Sidi Bouzid,Marble,TN,,
Rose Wood,Granite,"BR,CA,IN",,
Rosetta Vena,Marble,EG,,
Rosette Brown,Granite,IN,,
Rosette Light,Granite,IN,,
Rosewood,Sandstone,"IN,TR",,
Rosewood,Travertine,"IN,TR",,
Rosin Jade,Onyx,CN,,
Rossa Pianificato,Marble,CN,,
Rossa Regina,Marble,ID,,
Rosselin White,Granite,CN,,
Rosso Alba,Marble,LB,,
Rosso Albania,Marble,AL,,
Rosso Antico,Marble,"IT,TR",,
Rosso Antigua,Marble,IR,,
Rosso Asiago,Marble,IT,,
Rosso Asian,Granite,CN,,
Rosso Atlantico,Granite,"ES,PL,PT",,
Rosso Atlantide Fatima,Marble,PT,,
Rosso Bello,Marble,TR,,
Rosso Bizantina,Marble,GR,,
Rosso Bona,Marble,IR,,
Rosso Borneo,Limestone,MY,,
Rosso Breccia,Marble,"DO,EG,IR,IT,PT",,
Rosso Cait,Marble,XK,,
Rosso Cardinale,Marble,IT,,
Rosso Damasco,Marble,IT,,
Rosso Daniel,Marble,ES,,
Rosso Di Trento,Marble,IT,,
Rosso Francia,Marble,FR,,
Rosso Fuoco,Granite,BR,,
Rosso Ginari,Marble,AL,,
Rosso Golzar,Marble,IR,,
Rosso Inferno,Marble,"GR,IT,MX",,
Rosso Iris Macedonia,Marble,GR,,
Rosso Karpato,Marble,UA,,
Rosso Khust,Marble,UA,,
Rosso Laguna,Marble,"IT,TR",,
Rosso Lanka,Granite,LK,,
Rosso Levanto,Marble,"IT,TR",,
Rosso Luana,Marble,IT,,
Rosso Magnaboschi,Marble,IT,,
Rosso Mahan,Marble,IR,,
Rosso Marinace,Granite,BR,,
Rosso Meraviglia,Onyx,IT,,
Rosso Orinoco,Granite,"BR,VE",,
Rosso Pallido,Marble,CN,,
Rosso Pantheon,Granite,IT,,
Rosso Predazzo,Granite,IT,,
Rosso Rubio,Granite,CN,,
Rosso Rupas,Marble,"IR,IT",,
Rosso Sahara,Marble,MA,,
Rosso Santiago,Granite,"RU,UA",,
Rosso Tem,Marble,TR,,
Rosso Toledo,Granite,UA,,
Rosso Venato,Marble,"CH,TR",,
Rosso Venezia,Marble,"AU,IT",,
Rosso Verona,Marble,IT,,
Rosso Viktoria,Granite,UA,,
Rosy Black,Granite,ZM,,
Rotwand,Porphyry,IT,,
Rouge Antique Scuro,Marble,FR,,
Rouge Belge,Marble,"BE,CN,FR,GB,ID,IN,IR,IT,OM,VN",,
Rouge Chemtou,Marble,"BR,IT,TN,TR",,
Rouge De Vitrolles,Marble,FR,,
Rouge Des Pyrenees,Marble,FR,,
Rouge Du Roi,Marble,FR,,
Rouge Du Sud,Marble,TN,,
Rouge Griotte Belge,Marble,FR,,
Rouge Incarnat,Marble,FR,,
Rouge Rue,Marble,FR,,
Rovana,Gneiss,CH,,
Rowland Beige,Marble,CN,,
Royal Amber,Granite,"CN,EG,PK,TR,ZA",,
Royal Amber,Marble,"CN,EG,PK,TR,ZA",,
Royal Amber Gold,Marble,"CN,EG,PK",,
Royal Beige,Marble,"BA,BR,CN,CU,EG,ES,GR,ID,IR,IT,MA,MK,OM,PK,TR",,
Royal Black,Marble,"BR,CN,ES,GR,ID,IN,IR,MA,MX,TR,VN",,
Royal Black Heilongjiang,Granite,CN,,
Royal Black Wooden,Marble,"BR,CN,ES,ID,IN",,
Royal Blue,Granite,"AR,AU,BR,CN,ID,IN,IR,NO,TR",,
Royal Boutique,Marble,ID,,
Royal Brown,Marble,"AR,CA,CN,GR,IN,IR,IT,MX,MY,PK,TR,VN",,
Royal Celadon,Granite,BR,,
Royal Cream,Marble,"BA,BR,CN,CU,EG,ES,GR,ID,IN,IR,IT,MA,MK,OM,PK,TR,VE",,
Royal Danby,Marble,US,,
Royal Diamond Green,Granite,"BR,CN,FI,IN,NO",,
Royal Eccellenza,Marble,TR,,
Royal Gold,Granite,"BR,CN,ES,IN,SA",,
Royal Gray,Granite,"CN,IR,SA",,
Royal Jasper,Marble,CN,,
Royal Mahogany,Granite,"SE,US",,
Royal Oyster,Marble,"ID,IN,NA",,
Royal Palm,Granite,CN,,
Royal Quinlan,Marble,CN,,
Royal Red,Marble,"BE,CN,FR,GB,ID,IN,IR,IT,OM,VN",,
Royal Red Brown,Granite,BR,,
Royal Salmon,Granite,"NO,PT,SA",,
Royal Silver,Granite,CN,,
Royal Sky,Marble,"IR,SA",,
Royal Touch,Granite,IN,,
Royal Vein Black,Marble,"MA,VN",,
Royal White,Marble,"AO,BR,CN,GR,IN,MM,MX,NA,PT,TR,VN,ZM",,
Royalty Red,Granite,CN,,
Royan Black,Granite,CN,,
Rozaline,Marble,TR,,
Rozalit,Marble,HR,,
Rozanka,Marble,PL,,
Roze Krin,Granite,MK,,
Rubina,Granite,UA,,
Ruby,Onyx,"BR,CN,IN,TR,VN",,
Ruby,Slate,"BR,CN,IN,TR,VN",,
Ruby Beige,Marble,TR,,
Ruby Grain,Granite,CN,,
Ruby Red,Granite,"CA,CN,FI,IN,IR,VN",,
Ruby Red,Marble,"CN,IN,IR,IT,TR,VN",,
Ruby Wave,Granite,UA,,
Ruckers,Sandstone,PL,,
Ruivina,Marble,"IR,IT,PT,TR",,
Ruivina Antique,Marble,"IR,PT",,
Ruivina Arabescato,Marble,"IR,PT",,
Ruivina Da Fonte,Marble,PT,,
Ruivina Spider Black,Marble,PT,,
Ruivina Storm,Marble,"IR,PT",,
Rujan,Marble,BA,,
Rula,Gneiss,SK,,
Rum Beige,Limestone,CN,,
Rumi,Travertine,PE,,
Rumiantsevo,Limestone,BG,,
Rumiconda,Travertine,PE,,
Rumyantsevo,Limestone,BG,,
Ruschita,Marble,RO,,
Ruschita Creme Rosa,Marble,RO,,
Ruschita Roz,Marble,RO,,
Ruschita White,Marble,RO,,
Rushan Black,Granite,CN,,
Rushan White,Granite,CN,,
Ruskiavuori Orbicular,Granite,FI,,
Russian White,Marble,RU,,
Rust,Sandstone,CN,,
Rust Gold,Travertine,"PE,TR",,
Rustic,Slate,"CN,IN,TH",,
Rustic Beige,Limestone,TR,,
Rustic Buff,Limestone,US,,
Rustic Golden Silver,Travertine,IR,,
Rustic Red,Granite,IN,,
Rustic Red,Marble,IN,,
Rustic Schist,Schist,"BR,PT",,
Rustic Slate (Autumn),Slate,IN,,
Rusty River,Granite,CN,,
Rutile Diamond,Granite,CN,,
Ruwaished,Limestone,JO,,
Ruweidah Pink,Granite,SA,,
Ruzbachy,Travertine,SK,,
Ruzica,Limestone,BA,,
Rytlow,Sandstone,PL,,
Saalburger Altrot,Marble,DE,,
Saba,Granite,BR,,
Saba Peach,Travertine,IR,,
Sabana Black and Gold,Limestone,HN,,
Sabana Gold,Limestone,HN,,
Sabana Guaimir,Granite,VE,,
Sabian Black,Marble,ET,,
Sabon,Soapstone,IN,,
Sabz,Marble,IR,,
Sabz Jangali,Granite,IR,,
Sabz Sartipy,Marble,IR,,
Saco Gray,Marble,IR,,
Sadakhlo,Marble,GE,,
Sadarahalli,Granite,IN,,
Saddle Hill,Basalt,NZ,,
Sadora Grey,Marble,TR,,
Safari Brown,Granite,IN,,
Safari Green,Granite,IN,,
Saffron,Limestone,"IN,PK,TR",,
Saffron,Travertine,"IN,PK,TR",,
Saffron Gold,Granite,"IN,PK,TR",,
Safir Beige,Limestone,IR,,
Safran White,Marble,TR,,
Saga Grey,Granite,JP,,
Sagalassos Cream,Marble,TR,,
Sagar Black,Sandstone,IN,,
Sagar Black Sandstone,Sandstone,IN,,
Sage Brush,Granite,NA,,
Sagebrush,Sandstone,US,,
Sagitarios,Granite,BR,,
Sagitarius,Granite,BR,,
Sago,Marble,ID,,
Sagyin White,Marble,MM,,
Sahana Green,Granite,IN,,
Sahara,Marble,"AU,BR,CN,EG,ES,IN,NA,OM,PK,TR",,
Sahara,Onyx,"BR,CN,EG,IN,NA,PK,TR",,
Sahara Beige,Granite,"BR,EG,IN,NA,PK",,
Sahara Blanc,Marble,TR,,
Sahara Bronze,Travertine,TR,,
Sahara Brown,Granite,EG,,
Sahara Diamond,Granite,"BR,IN,NA",,
Sahara Dust,Marble,EG,,
Sahara Gold,Limestone,"IN,MA,TR",,
Sahara Gold,Porphyry,"IN,MA,TR",,
Sahara Gold Limestone,Limestone,IN,,
Sahara Golden,Granite,"IN,NA,TR",,
Sahara Noir,Marble,"CN,ES,GR,IR,IT,LB,MA,PK,RU,TN,TR,VN",,
Sahara Pearl,Limestone,"IL,US",,
Sahara Purple,Andesite,CN,,
Sahara Rose,Andesite,"CN,TR",,
Sahara Rose,Marble,"CN,TR",,
Sahara Sand,Travertine,EG,,
Sahara Somon,Limestone,TR,,
Sahara Waves,Marble,SY,,
Sahra,Marble,TR,,
Sahra Yellow,Tuff,TR,,
Sahra Yellow-White,Tuff,TR,,
Saibei Gold,Granite,CN,,
Saijo Green,Marble,CN,,
Saint,Crystal,BR,,
Saint Anne,Marble,BE,,
Saint Anne Des Pyrenees,Marble,FR,,
Saint Anne Francais,Marble,FR,,
Saint Clair Fleuri,Limestone,US,,
Saint Florian,Marble,IT,,
Saint Hubert,Limestone,"PT,TR",,
Saint Just,Gneiss,FR,,
Saint Laurent Grey,Marble,"CN,IT,TR",,
Saint Leu,Limestone,FR,,
Saint Louis,Granite,"AR,BR,CN,IN,PT",,
Saint Louis,Limestone,"BR,CN,PT",,
Saint Marc Clair,Limestone,FR,,
Saint Marc Jaune,Limestone,FR,,
Saint Paul Red,Marble,CN,,
Saint Pelagia,Marble,KH,,
Saint Pierre Linear,Limestone,CA,,
Saint Raphael Dore,Limestone,"FR,PT",,
Saint Remy,Limestone,"FR,HU,PT",,
Saint Teodoro,Limestone,PT,,
Saint Tropez,Granite,"BR,ES",,
Saint Tropez,Marble,"BR,ES",,
Saka Beige,Marble,TR,,
Sakhara,Granite,RU,,
Sakura Cream,Limestone,CN,,
Sal Y Pimienta,Cantera,MX,,
Salalah Rose,Marble,OM,,
Salamis Red,Marble,GR,,
Salang,Marble,AF,,
Salem Gold,Limestone,"CN,TR",,
Salem Gold,Travertine,"CN,TR",,
Salem Grey,Limestone,TR,,
Salieti,Marble,GE,,
Salinas White,Granite,BR,,
Salisbury Pink,Granite,US,,
Salisbury Red,Granite,"CN,US",,
Salmas,Travertine,IR,,
Salmi,Onyx,IR,,
Salmon Negro,Granite,VE,,
Salmon Peach,Granite,SA,,
Salmon Tropical,Granite,"AR,BR,CN,PT,VE",,
Salmone Bahia,Marble,BR,,
Salmone Beige,Marble,TR,,
Salome Aphrodite,Marble,"AU,CN,GR,IT,TR",,
Salome Brown,Marble,TR,,
Salome Grey,Marble,"CN,IT,TR",,
Salome Kozani,Marble,GR,,
Salone,Granite,"CN,IN",,
Salsali Royal Beige,Marble,"IR,TR",,
Salterwath,Limestone,GB,,
Saltio Light,Granite,BR,,
Salumber,Onyx,IN,,
Salvadori,Marble,TR,,
Salvaleon,Granite,ES,,
Salvatiera,Granite,"AR,BR,CN,ES,PT,VE",,
Salvatore,Dolomite,BR,,
Sama,Marble,EG,,
Samaha Light,Marble,EG,,
Samangan Brown,Marble,AF,,
Samara Beige,Marble,TR,,
Samarcanda,Limestone,TN,,
Samba,Onyx,TR,,
Samba Pink,Granite,BR,,
Samina Beige,Marble,IR,,
Sammakka White,Marble,ET,,
Samoa,Granite,"BR,CN,WS",,
Samoa,Marble,"BR,CN,WS",,
Samri Golden Beige,Marble,TR,,
Samuelsdalen,Granite,NO,,
Samuka Red,Granite,IN,,
San Fedelino,Granite,IT,,
San Felipe,Granite,AR,,
San Gabriel Black,Granite,BR,,
San Girolamo,Limestone,HR,,
San Juan,Travertine,AR,,
San Lorenzo,Limestone,HN,,
San Luis,Marble,"AR,MX",,
San Luis,Slate,"AR,MX",,
San Luiz,Granite,BR,,
San Mamede,Granite,BR,,
San Martin,Marble,UY,,
San Mateo,Limestone,ES,,
San Miguel,Limestone,US,,
San Moritz,Marble,BR,,
San Nicolas,Granite,AR,,
San Pablo,Travertine,MX,,
San Pedro,Granite,PT,,
San Pedro De Trones,Slate,ES,,
San Pellegrino,Granite,"BR,IT",,
San Pellegrino,Marble,"BR,IT",,
San Pietro,Limestone,HR,,
San Remo Fossil,Limestone,IT,,
San Roman,Granite,ES,,
San Sebastian,Granite,"CA,ES,HR",,
San Sebastian,Marble,"CA,ES,HR",,
San Simone,Marble,BR,,
San Vicente,Limestone,"CN,ES",,
Sanandaj,Marble,IR,,
Sanata Paris,Marble,TR,,
Sanbao Red,Granite,"CN,IN,UA,VE",,
Sanberun Beige,Marble,TR,,
Sand Cream,Granite,"BR,CN",,
Sand Cream,Marble,"BR,CN",,
Sand Dune Beige,Marble,CN,,
Sand Dunes,Granite,"BR,IN",,
Sand Wave Beige,Marble,"CN,HR,OM,TR",,
Sandal Fantasy,Granite,CN,,
Sandal Gold,Granite,CN,,
Sandalwood,Granite,"BR,CN,GR,LK",,
Sandalwood,Marble,"CN,GR,LK",,
Sandbar Natural,Limestone,ES,,
Sandian Beige,Marble,TR,,
Sandra,Marble,NO,,
Sandstorm,Limestone,TR,,
Sandy Blue,Marble,IT,,
Sandy Cream,Limestone,MX,,
Sandy Creek,Limestone,EG,,
Sandy P,Limestone,ES,,
Sandy Pink,Granite,BR,,
Sandy Royal,Marble,TR,,
Sanhe Red,Granite,CN,,
Sania Grey,Marble,IR,,
Sanjani Autumn,Slate,IN,,
Santa Ana Black,Marble,PE,,
Santa Angelica Black,Granite,BR,,
Santa Barbara,Soapstone,BR,,
Santa Cecilia Amber,Granite,BR,,
Santa Cecilia Light,Granite,BR,,
Santa Clara,Marble,ES,,
Santa Clara Black,Granite,BR,,
Santa Clara Cream,Marble,TR,,
Santa Clara Gray,Granite,BR,,
Santa Cruz,Slate,AR,,
Santa Elena,Marble,GR,,
Santa Fe Brown,Granite,US,,
Santa Lucija,Limestone,HR,,
Santa Marina,Marble,GR,,
Santa Red,Granite,IN,,
Santa Rita,Soapstone,BR,,
Santa Rita Venata,Soapstone,BR,,
Santa Royal,Marble,TR,,
Santafiora,Sandstone,IT,,
Santana,Granite,BR,,
Santenay,Limestone,FR,,
Santenoy,Limestone,PT,,
Santiago,Quartzite,"BR,IT",,
Santiago,Travertine,"BR,IT",,
Santo Tomas,Marble,MX,,
Santorini,Granite,"BR,GR",,
Santorini Sunset,Granite,BR,,
Santorini White,Marble,GR,,
Santos,Granite,BR,,
Sanxia Red,Granite,CN,,
Sanyuan Flower,Granite,CN,,
Sao Cristovao,Marble,BR,,
Sao Luis,Soapstone,BR,,
Sao Rafael Gm,Limestone,PT,,
Saolin Hong,Granite,CN,,
Sapanca Green,Marble,TR,,
Sapphire,Granite,"CN,IR",,
Sapphire,Onyx,"CN,IR",,
Sapphire Brown,Granite,IN,,
Sapphire Green,Marble,IN,,
Sapphiricco,Granite,IN,,
Sapphirus Dark,Marble,TR,,
Sapphirus Light,Marble,TR,,
Sara Cream,Marble,TR,,
Saraburi,Travertine,"TH,TR",,
Saraburi White Grey,Marble,TH,,
Saraburi White Pink,Marble,TH,,
Sarah,Limestone,IT,,
Sarah Fiorito,Limestone,IT,,
Saranda,Marble,AL,,
Sarary Pink,Granite,CN,,
Saratoga,Soapstone,BR,,
Saraystone Traonyx,Onyx,TR,,
Sardinian White,Granite,"AR,AT,CN,ES,IT,PT,US",,
Sardis Dolomiti,Marble,TR,,
Saricakaya Beige,Marble,TR,,
Sarika Beige,Marble,TR,,
Sarila,Marble,CN,,
Sarmada,Limestone,SY,,
Sarner Grau,Porphyry,IT,,
Sarner Rosso,Porphyry,IT,,
Sarrancolin Ilhet,Marble,"FR,TR",,
Sarrancolin Versailles,Marble,FR,,
Sarria Blue,Slate,ES,,
Sarsi,Marble,"AR,CA,CN,GR,IR,MY,PK,TR,VN",,
Sary Tash,Granite,KG,,
Sasso Rosso,Marble,IT,,
Satin Extra Beige,Marble,TR,,
Satinato,Dolomite,BR,,
Saturnia,Granite,BR,,
Saudi Porinoh,Granite,SA,,
Saudi Salmon,Granite,SA,,
Sauipe,Quartzite,IN,,
Saumone,Granite,"AR,BR,CN,PT,VE",,
Saura Brown,Marble,TR,,
Savana,Travertine,MX,,
Savana Grey,Marble,TR,,
Savana Pearl,Marble,"IT,TR",,
Savanna Paver,Sandstone,AU,,
Savanna Terra,Granite,"BR,CN,NA,ZA",,
Savannah Grey,Marble,TR,,
Savgaon,Slate,NP,,
Savol Pavlov Vrch,Basalt,SK,,
Savon Pierre,Soapstone,BR,,
Savonnieres,Limestone,FR,,
Sayanski,Marble,RU,,
Sayansky Pink,Marble,RU,,
Scabas,Travertine,"IR,TR",,
Scabas Brown,Travertine,TR,,
Scabas Cream,Travertine,TR,,
Scabas Gold,Travertine,TR,,
Scabas Green,Travertine,TR,,
Scabella,Travertine,TR,,
Scabos,Travertine,TR,,
Scabos Travertine,Travertine,TR,,
Scandalous,Marble,BR,,
Scandinavo,Quartzite,BR,,
Scarlet Red,Granite,"CN,TR",,
Scarlet Red,Onyx,"CN,TR",,
Schardinger,Granite,AT,,
Scheherazade,Travertine,US,,
Schipaio,Granite,CI,,
Schleerieth,Sandstone,DE,,
Schlossberg Kristall,Marble,AT,,
Schoenbacher,Sandstone,DE,,
Schwarzachtal,Granite,DE,,
Schwarzenseer Rot,Limestone,AT,,
Scorpio,Marble,IN,,
Scorpion Brown,Marble,IN,,
Scotch Buff,Sandstone,GB,,
Scottish Gray,Marble,TR,,
Scottish Whin,Granite,GB,,
Screw Cream,Marble,CN,,
Sd Brown,Granite,IN,,
Sea Bell,Marble,TR,,
Sea Blue Flower,Granite,"CN,TH",,
Sea Brown,Limestone,IR,,
Sea Foam Blue,Granite,BR,,
Sea Green,Slate,US,,
Sea Grey,Marble,TR,,
Sea Pearl,Granite,"BR,CN,IN,IT,NO",,
Sea Pearl,Marble,"BR,IN,NO",,
Sea Pearl Quartzite,Quartzite,BR,,
Sea Pearl Violet,Marble,IN,,
Sea Reef,Marble,CN,,
Sea Shell,Limestone,"ES,IL,IR,TR",,
Sea Spray,Granite,CN,,
Sea Spray Jilin,Granite,CN,,
Sea Star,Marble,US,,
Sea Trace,Limestone,US,,
Sea Wave,Marble,TR,,
Sea Wave Green,Granite,"BR,CN",,
Sea Wave Grey,Marble,"AR,AU,BR,CN,ID,IN,TR",,
Seabed Black,Granite,CN,,
Seabed Gold,Limestone,TR,,
Seacoast Grey,Marble,CN,,
Seafoam,Granite,BR,,
Seashell,Marble,"CN,IR",,
Seattle Beige,Marble,TR,,
Seattle Gold,Marble,CN,,
Seattle Gray,Marble,CN,,
Seawater Green,Marble,CN,,
Sebastian,Sandstone,"TR,US",,
Sebastian Beige,Marble,TR,,
Sebastian Grey,Marble,TR,,
Seben Emperador,Marble,TR,,
Seben Honey,Onyx,TR,,
Seben Rainbow,Onyx,TR,,
Sedef White,Marble,TR,,
Sedlcany,Granite,CZ,,
Sedona,Granite,"BR,US",,
Sedona Ivory,Limestone,US,,
Sedona Red,Sandstone,US,,
Sef,Onyx,TR,,
Sefid Asali,Onyx,IR,,
Sefid Babashorab,Onyx,IR,,
Sefid Bloor,Onyx,IR,,
Sefid Sahara,Marble,IR,,
Seiqali Gandomak,Marble,IR,,
Seis Lounge,Basalt,IT,,
Sekayu White,Granite,MY,,
Sel Kleber,Soapstone,NO,,
Selas,Marble,GR,,
Selen Beige,Marble,TR,,
Selen Light,Limestone,TR,,
Selgase Grey,Limestone,EE,,
Selgase Mix,Limestone,EE,,
Selim,Marble,TR,,
Selina Blue,Limestone,HR,,
Seminole,Sandstone,US,,
Semirom,Marble,IR,,
Semirom Kochaki,Marble,IR,,
Semoi Tan,Limestone,ES,,
Semond Clair,Limestone,FR,,
Semond Jaune,Limestone,FR,,
Senesun,Limestone,CA,,
Sensa,Granite,IN,,
Senty Green,Slate,IN,,
Sequoia Brown,Marble,BR,,
Sequoia Grey,Marble,BR,,
Sera Brown,Marble,TR,,
Serai Bali,Sandstone,ID,,
Serbia Brown,Tuff,RS,,
Serizzo Antigorio,Granite,IT,,
Serizzo Dubino,Granite,IT,,
Serizzo Gneiss,Gneiss,IT,,
Serizzo Monterosa,Granite,"BR,IN,IT",,
Serizzo Scuro Valmasino,Granite,IT,,
Serizzo Sempione,Granite,IT,,
Serpagenty,Marble,EG,,
Serpeggiante,Marble,"EG,IT,TR",,
Serpeggiante Apricena,Marble,IT,,
Serpeggiante Chiaro,Marble,IT,,
Serpeggiante Classico Trani,Marble,"EG,IT,TR",,
Serpentino,Travertine,MX,,
Serpentino Beige,Limestone,PT,,
Serpentino Verde Vittoria,Marble,IT,,
Sesame Black,Marble,CN,,
Sesame Black Jiaozuo,Granite,CN,,
Sesame Flower,Granite,CN,,
Sesame Grey,Granite,"BR,CN,ES,GH,IN,IT,LK,PT,SE,US,VN",,
Sesame Light Beige,Marble,TR,,
Sesame Red,Granite,CN,,
Sesame Seed Grey,Gneiss,AU,,
Sesame White,Marble,CN,,
Sesame Yellow,Slate,CN,,
Sessame,Limestone,TR,,
Sete Mares,Granite,BR,,
Seto Pink,Granite,JP,,
Sevasay,Granite,UZ,,
Seven Colour,Granite,CN,,
Seven Colour,Marble,CN,,
Sevillia,Limestone,ES,,
Seychelles,Marble,"ID,SC",,
Seyitgazi Brown,Onyx,TR,,
Shaanxi Grey,Granite,CN,,
Shaanxi Rosa Salmon,Marble,"CN,MX",,
Shaanxi White,Marble,"BR,CN,GR,IN,MM,MX,NA,PT,TR,VN,ZM",,
Shabah Abha,Granite,EG,,
Shadow Grey,Marble,"CN,ES,GR,IR,IT,LB,MA,PK,RU,TN,TR,VN",,
Shadow Storm,Marble,"BR,IR,IT,PT,TR",,
Shadow White,Marble,"BR,RU",,
Shahin Dej,Granite,IR,,
Shahin Dezh Violet,Granite,IR,,
Shahua Red,Granite,CN,,
Shahyadi,Marble,IR,,
Shakeespeare Yellow,Granite,CN,,
Shalgys,Granite,KZ,,
Shalimar Gold,Granite,IN,,
Shalishi Red,Granite,CN,,
Shaliz Cream,Marble,IR,,
Shampoo Beige,Marble,ID,,
Shamrock,Granite,BR,,
Shandian Beige,Marble,"CN,IR,TR,US",,
Shandien Beige,Marble,TR,,
Shandong Blue,Limestone,CN,,
Shandong Grey Diamond,Granite,CN,,
Shandong Mengshan Flower,Granite,CN,,
Shandong Pearl White,Granite,CN,,
Shandong Red,Sandstone,CN,,
Shandong Rosa Levante,Granite,CN,,
Shandong Sesame White,Granite,CN,,
Shangri,Limestone,CN,,
Shangri-La,Granite,BR,,
Shangrila White,Marble,"AO,BR,CN,GR,IN,MM,MX,NA,PT,TR,VN,ZM",,
Shanna,Marble,"CU,IR",,
Shanshan Red,Granite,CN,,
Shanshui,Granite,"CN,US",,
Shanxi Black,Granite,"AO,BR,CA,CN,IN,MZ,PL,TZ,ZA,ZM,ZW",,
Shanxi Green,Marble,CN,,
Shanxi Ice Black,Granite,CN,,
Shanxi Red,Granite,CN,,
Shanxi Yellow,Granite,CN,,
Shanxia Green,Granite,CN,,
Shanzha Red,Granite,CN,,
Shaoyang Black,Marble,CN,,
Sharaf,Granite,SA,,
Sharm,Granite,EG,,
Sharon,Onyx,"PE,TR",,
Sharon,Travertine,"PE,TR",,
Shayan,Marble,"CU,IR,PK,TR",,
Shebhe Alamoot,Granite,IR,,
Sheida Cream,Marble,IR,,
Shell Beige,Limestone,"IL,IR,TR",,
Shell Beige,Marble,"IL,IR,TR",,
Shell Limestone (Coquina),Limestone,"US,DO,MX",,
Shell Reef White,Limestone,ES,,
Shell White,Marble,SY,,
Shells Reef Beige,Limestone,SY,,
Shells Reef Caramel,Limestone,SY,,
Shells Reef Green,Limestone,SY,,
Shells Reef Pink,Limestone,SY,,
Shengzhou Red Jade,Granite,CN,,
Shepody,Granite,CA,,
Sheraton Beige,Marble,IR,,
Shi Gu Luh,Granite,CN,,
Shilin Beige,Marble,CN,,
Shimian Color Flower,Granite,CN,,
Shimian Green,Marble,CN,,
Shimian Mahogany Flower,Granite,CN,,
Shine Red,Granite,CN,,
Shining Balls,Marble,CN,,
Shining Cloud,Marble,TR,,
Shining Pearl,Marble,TR,,
Shirakawa,Andesite,JP,,
Shirakawa Dark,Basalt,JP,,
Shiraz,Sandstone,US,,
Shirehill,Sandstone,GB,,
Shirin,Limestone,IR,,
Shirkouh Yazd,Granite,IR,,
Shirley Beige,Marble,ES,,
Shiva Black,Granite,IN,,
Shivakasi Ivory,Granite,IN,,
Shivpuri,Sandstone,IN,,
Shiyang Dark Green,Granite,CN,,
Shiyang Sesame White,Granite,CN,,
Shokolati Bi Moj Kashan,Travertine,IR,,
Shokufeh Esfahan,Porphyry,IR,,
Shrouk Green,Granite,BR,,
Shuiquan Sesame White,Granite,CN,,
Siatel,Marble,IR,,
Siberian,Granite,"BR,RU",,
Siberian Beige,Marble,"BR,CN",,
Siberian Wind,Granite,BR,,
Sibirskiy,Granite,RU,,
Sichuan Beige,Marble,CN,,
Sichuan Beige,Sandstone,CN,,
Sichuan Black,Marble,"CN,PL",,
Sichuan Black,Sandstone,"CN,PL",,
Sichuan Brown,Sandstone,CN,,
Sichuan Dark Red,Sandstone,CN,,
Sichuan Sesame White,Granite,CN,,
Sichuan Yellow,Sandstone,CN,,
Sicilia Brown,Limestone,"EG,IT",,
Sicilia Brown,Marble,"EG,IT",,
Sicilia Perlatino,Marble,IT,,
Sicilia White,Marble,CN,,
Sicily Breccia,Marble,IT,,
Sicily Grey,Marble,"CO,FR,ID,IN,IR,IT,TN,TR",,
Sidera Beige,Limestone,TR,,
Sidi Kacem,Marble,MA,,
Sielec,Sandstone,PL,,
Siena Beige,Granite,"BR,TR",,
Siena Beige,Marble,"BR,TR",,
Siena Gold Classico,Marble,"BR,IT,TN,TR",,
Siena Grigio,Marble,IT,,
Siena River,Granite,BR,,
Siena Silver,Travertine,IT,,
Siena White,Granite,BR,,
Siena White,Marble,BR,,
Sienito Val Cervo,Granite,IT,,
Sienna,Granite,"IN,IT",,
Sienna,Limestone,"IN,IT",,
Sienna Bordeaux,Granite,BR,,
Sienna Brown,Marble,PK,,
Sienna Cream,Granite,BR,,
Sienna Range,Sandstone,AU,,
Sierra,Sandstone,"PE,TR,US",,
Sierra,Travertine,"PE,TR,US",,
Sierra Beige,Sandstone,AU,,
Sierra Blue,Sandstone,CA,,
Sierra Brown,Granite,"BR,PE,TR",,
Sierra Elvira,Limestone,ES,,
Sierra Gray,Granite,"ES,IN",,
Sierra Green,Quartzite,IN,,
Sierra Madre,Marble,PH,,
Sierra Pearl,Marble,MY,,
Sierra Verde,Granite,BR,,
Sihamoni Ruby,Marble,MM,,
Sikhiu,Sandstone,TH,,
Sikis,Slate,GR,,
Silber,Gneiss,BG,,
Silber Grun,Gneiss,CH,,
Silence Grey,Marble,TR,,
Silhouette Black,Granite,"BR,CN",,
Silica,Slate,CN,,
Silica Brown,Granite,IN,,
Silica Gold,Granite,IN,,
Silicka Brezova,Marble,SK,,
Silifke,Onyx,TR,,
Silifke Beige,Marble,TR,,
Silit,Limestone,BA,,
Silit,Marble,BA,,
Silk,Alabaster,IR,,
Silk Bayat,Marble,IR,,
Silk Beige,Marble,IR,,
Silk Dehbid,Marble,IR,,
Silk Espiner,Marble,IR,,
Silk Hashemi,Marble,IR,,
Silk Jadid,Marble,IR,,
Silk Road,Marble,CN,,
Silk Road,Sandstone,CN,,
Silk White,Granite,"BR,CN,GR,IN,VN",,
Silk White,Marble,"CN,GR,IN",,
Silk Yellow,Marble,VN,,
Silkway Beige,Marble,TR,,
Silkway Intense Fossil,Marble,TR,,
Silky Wood,Marble,TR,,
Sillion,Marble,TR,,
Silvana,Onyx,IR,,
Silver,Marble,"BR,CN,TR",,
Silver,Slate,"BR,CN,TR",,
Silver Ash,Sandstone,"AU,TR",,
Silver Avanos,Travertine,TR,,
Silver Azul,Marble,"BR,IR,IT,TR",,
Silver Belinda,Marble,TR,,
Silver Black,Granite,BR,,
Silver Blue,Granite,"CN,IT,PT,TR,ZA",,
Silver Blue,Limestone,"CN,PT,TR,ZA",,
Silver Blue,Slate,"CN,PT,TR,ZA",,
Silver Blue,Travertine,"CN,PT,TR,ZA",,
Silver Blue Star,Granite,CN,,
Silver Botticino,Marble,IT,,
Silver Canyon,Granite,NA,,
Silver Carrara,Marble,IT,,
Silver Cast,Marble,TR,,
Silver Cloud,Limestone,"GR,PL,TR,US",,
Silver Cloud,Marble,"GR,PL,TR,US",,
Silver Cream,Granite,BR,,
Silver Creek,Granite,BR,,
Silver Dark,Marble,"CN,GR,IN,IR,OM,TR",,
Silver Diamond,Granite,CN,,
Silver Diana,Marble,TR,,
Silver Dusk,Marble,TR,,
Silver Fantasy,Marble,"IN,TR",,
Silver Fish,Granite,PT,,
Silver Fox,Granite,"BR,CN,IN,TR",,
Silver Fox,Limestone,"BR,CN,TR",,
Silver Fox,Marble,"BR,CN,TR",,
Silver Galaxy,Granite,"AO,BR,CN,IN,MZ,TR,ZA,ZM,ZW",,
Silver Galaxy,Marble,"BR,CN,ES,GR,IN,IR,IT,LB,MA,PK,RU,TN,TR,VN,ZA",,
Silver Gold,Travertine,IR,,
Silver Grain Fujian,Granite,CN,,
Silver Gray Dragon,Marble,CN,,
Silver Green,Granite,"BR,CN,FI,IN,SA,TR",,
Silver Green,Slate,"BR,CN,FI,IN,SA,TR",,
Silver Grey,Gneiss,"BG,BR,CH,CN,GR,IR,TR",,
Silver Grey,Travertine,"BG,BR,CN,GR,IR,TR",,
Silver Grey a,Marble,TR,,
Silver Grey Schist,Schist,"IN,BR",,
Silver Grey Slate,Slate,"IN,NO",,
Silver Ice,Marble,TR,,
Silver Ink,Granite,BR,,
Silver Jacigua,Granite,BR,,
Silver Juparana,Granite,IN,,
Silver Karaman,Marble,"BR,CN,CO,EG,ES,GR,IT,MY,PT,TN,TR",,
Silver Lake,Marble,PL,,
Silver Light,Marble,"GR,OM",,
Silver Line,Granite,"IN,TR",,
Silver Line,Marble,"IN,TR",,
Silver Marmara,Marble,TR,,
Silver Mist,Marble,"IR,US",,
Silver Mist,Sandstone,"IR,US",,
Silver Moon,Marble,"IR,IT,MX,TR",,
Silver Nickel,Slate,BR,,
Silver Olympus,Marble,"BR,GR",,
Silver Paradiso,Granite,"BR,IN",,
Silver Pearl,Granite,"BR,CN,IN,IR,IT,NO,TR",,
Silver Pearl Grey,Marble,"CN,IR,TR",,
Silver Platina,Granite,NO,,
Silver Platinum,Marble,"IR,TR",,
Silver Quartzite,Quartzite,"BR,IN",,
Silver Red,Granite,BR,,
Silver Retro,Sandstone,HU,,
Silver River,Granite,BR,,
Silver Rock,Granite,ES,,
Silver Shadow,Limestone,US,,
Silver Shine,Slate,IN,,
Silver Shot,Granite,BR,,
Silver Spider,Marble,TR,,
Silver Star,Granite,"BR,CN,FI,FR,IN,TR",,
Silver Star,Marble,"BR,FI,FR,IN,TR",,
Silver Stream,Marble,IR,,
Silver Tassel,Granite,CN,,
Silver Travertine,Travertine,"IR,IT,TR",,
Silver Travertine Marble,Marble,"TR,BR,CN",,
Silver Wave (Silver Shadow),Marble,CN,,
Silver Wave Brown,Marble,CN,,
Silver Waves,Marble,"CN,TR",,
Silver Waves Gneiss,Gneiss,BR,,
Silver West,Marble,ZM,,
Silver White,Granite,"BR,CN,ES,IN,PT,RU,SA,TR",,
Silver White,Marble,"BR,CN,ES,GR,IN,IR,IT,MX,PT,RU,TR",,
Silver White Dragon,Marble,"CN,GR,IN,IR,IT,MX,TR",,
Silver Wood,Marble,"AR,CA,CN,GR,IR,IT,MY,PK,TR,VN",,
Silverado,Granite,"BR,TR",,
Silverado,Travertine,"BR,TR",,
Silvercloud,Alabaster,US,,
Silverdale,Limestone,US,,
Silverow,Marble,CN,,
Silverstone,Quartzite,BR,,
Silverwater,Limestone,CA,,
Silvestre Duero,Granite,ES,,
Silvestre Mallo,Granite,ES,,
Silvia,Marble,EG,,
Simakan Brown,Marble,IR,,
Simakan Shandy Beige,Marble,IR,,
Simena,Limestone,TR,,
Simi,Marble,"ID,TR",,
Simon,Marble,IR,,
Simone,Marble,FR,,
Simony Rosi Mist,Granite,UA,,
Simplon White,Granite,CH,,
Sina Beige,Marble,TR,,
Sinai Dark Grey,Marble,EG,,
Sinai Pearl,Limestone,"EG,IL,IT,PS",,
Sinai Pearl,Marble,EG,,
Sinai Pearl Light,Limestone,"EG,IL,IT,PS",,
Sinatra,Granite,BR,,
Sindoori Red,Granite,IN,,
Sinijana,Marble,TR,,
Sino Pink,Granite,CN,,
Sinu Aquamarina,Limestone,CO,,
Sinu Dark,Limestone,CO,,
Sinu Mix,Limestone,CO,,
Sira Grey,Granite,IN,,
Sirdjan Chini,Marble,IR,,
Sireuil Hauteroche Beige,Limestone,FR,,
Sirgwitz,Sandstone,PL,,
Sirjan,Marble,IR,,
Sirjan,Onyx,IR,,
Sirus,Granite,BR,,
Sistan White,Onyx,IR,,
Siteia,Travertine,GR,,
Sitovo Pink,Marble,BG,,
Sitra,Travertine,TR,,
Sivakasi Chiffon,Granite,IN,,
Sivakasi Gold,Granite,IN,,
Sivakasi Pink,Granite,IN,,
Sivas Cherry,Marble,TR,,
Sivas Medium,Travertine,TR,,
Sivas Noce,Travertine,TR,,
Sivas White,Marble,TR,,
Sivec,Dolomite,MK,,
Sivec Classico,Marble,GR,,
Sivrihisar,Marble,TR,,
Sivrihisar Beige,Marble,TR,,
Sivrihisar Crema Beige,Marble,TR,,
Sivrihisar Rosalia,Marble,TR,,
Siyah Lale,Limestone,TR,,
Skala,Sandstone,PL,,
Skalyste,Limestone,UA,,
Skewbald Red,Granite,CN,,
Skiathos,Marble,GR,,
Skiros,Marble,"CN,GR,IN,IT",,
Skiros Antico,Marble,GR,,
Skra,Travertine,GR,,
Skriveroy,Granite,NO,,
Skrzuti,Marble,RS,,
Sky Blue,Onyx,"AR,AU,BR,CN,ID,IN,IR,TR",,
Sky Blue White,Marble,"CN,IN,TR",,
Sky Bolkhari,Marble,IR,,
Sky Cream,Onyx,TR,,
Sky Falls,Granite,BR,,
Sky Jade,Granite,CN,,
Sky Light Gray,Marble,TR,,
Sky Line,Marble,"GR,TR",,
Sky Moire,Marble,CN,,
Sky Silver,Granite,ES,,
Skyfall,Granite,"BR,GR,IN,IR,TR",,
Skyfall,Marble,"BR,GR",,
Skyline,Rhyolite,NO,,
Skyros Aegean Blue,Marble,GR,,
Skyros Clouds,Marble,GR,,
Skyros Flower,Marble,GR,,
Skyros Sea Shells,Marble,GR,,
Skyros Silver,Marble,GR,,
Skyros Silver Light,Marble,GR,,
Skyros Yellow Whitish,Marble,GR,,
Slatina,Granite,CZ,,
Slite,Limestone,SE,,
Sliven,Sandstone,BG,,
Slivenec,Marble,CZ,,
Sljudjanka,Granite,RU,,
Slm Beige,Travertine,IR,,
Slovakia Grey,Andesite,SK,,
Slovakia Red,Andesite,SK,,
Slovakia Red,Porphyry,SK,,
Sluknov Lipova,Granite,CZ,,
Sluknov Rozany,Granite,CZ,,
Small Pearls,Granite,CN,,
Smeralda,Onyx,"IR,MX,TR",,
Smilow,Sandstone,PL,,
Smoke Dark,Marble,AT,,
Smoke Jade,Onyx,CN,,
Smoke Vein,Marble,VN,,
Smoke White,Marble,"AT,VN",,
Smoked,Marble,"BR,IR,RU,TZ",,
Smoked,Onyx,"BR,CN,IR,RU,TZ",,
Smoked,Sandstone,"BR,IR,RU,TZ",,
Smoked,Travertine,"BR,IR,RU,TR,TZ",,
Smoked Fog,Limestone,US,,
Smokey,Marble,TR,,
Smokeyblue,Sandstone,US,,
Smoky,Crystal,"BR,IR",,
Smoky,Semi-Precious Stone,"BR,IR",,
Smoky Black,Marble,"CN,IN,TR",,
Smoky Brown,Travertine,IR,,
Smoky Grey,Basalt,"GB,IR",,
Smoky Grey,Onyx,"GB,IR",,
Snake Red,Granite,CN,,
Snake Skin,Granite,"IR,MX",,
Snake Skin,Travertine,"IR,MX,TR",,
Snake Skin Traonyx,Onyx,IR,,
Sneznikov,Marble,CZ,,
Snow,Basalt,CN,,
Snow,Granite,CN,,
Snow Coniferals Green,Granite,CN,,
Snow Fall,Granite,BR,,
Snow Flake Black,Granite,CN,,
Snow Flake Pearl,Granite,CN,,
Snow Flake Red,Granite,CN,,
Snow Flake Wool,Granite,CN,,
Snow Gold,Granite,CN,,
Snow Grain,Granite,CN,,
Snow Grey,Granite,"AR,AT,BR,CN,ES,IN,IT,LK,PT,SE,US,VN",,
Snow Hill,Limestone,MX,,
Snow Ice,Granite,CN,,
Snow Plum,Granite,CN,,
Snow White Flower,Granite,"CA,NG",,
Snowflake Black,Marble,CN,,
Snowflake Blue,Granite,CN,,
Snowflake Gray,Marble,CN,,
Snowflake Green,Granite,CN,,
Snowflake Green,Marble,CN,,
Snowflake White,Marble,"CN,TR",,
Snowflakes,Granite,BR,,
Snowland,Granite,BR,,
Snowy Mountain,Marble,CN,,
Sobolow,Sandstone,PL,,
Sobotka,Granite,PL,,
Sodalita,Sodalite Syenite,BR,,
Sodalite,Sodalite Syenite,IR,,
Sodervange,Limestone,SE,,
Soederhamn,Granite,SE,,
Soedervange,Limestone,SE,,
Soelker Gruen,Marble,AT,,
Sofia Beige,Marble,TR,,
Sofitel Gold,Marble,"AU,BR,CN,EG,ES,GR,IR,IT,LB,MA,OM,PK,RU,TN,TR,VN",,
Soft Yellow,Granite,BR,,
Soglio,Granite,CH,,
Sognefjord,Granite,NO,,
Sogut Gold,Marble,TR,,
Sohanna Cream,Granite,IN,,
Sohar,Marble,OM,,
Soho Grey,Marble,CN,,
Sojat,Travertine,IN,,
Solamoon,Marble,IR,,
Solana,Marble,CN,,
Solar Grey,Marble,TR,,
Solar Pink,Granite,US,,
Solar White,Granite,"BR,US",,
Solar White China,Granite,CN,,
Solaris,Granite,BR,,
Solarium,Granite,"BR,PL",,
Solo Grey,Marble,IR,,
Solto White,Marble,TR,,
Solvag,Granite,NO,,
Somaca,Soapstone,BR,,
Sombra,Limestone,PE,,
Somon,Granite,CN,,
Sona Beige,Marble,PK,,
Sonal White,Marble,"IN,TR",,
Sonata,Granite,BR,,
Sonic Black,Granite,IN,,
Sonoma White,Limestone,US,,
Sonora Cream,Limestone,MX,,
Sophiyvsky,Granite,UA,,
Sorati,Marble,IR,,
Sorati Abade,Marble,IR,,
Sorati Rang Shode,Onyx,IR,,
Sorella,Granite,IN,,
Soren Black,Marble,IR,,
Sosnovy Bor,Granite,RU,,
Sosnowica Beige,Sandstone,PL,,
Sosnowica Red,Sandstone,PL,,
Sotenal,Alabaster,ES,,
Soul Beige,Marble,TR,,
Soul Grey,Marble,TR,,
South Coast,Limestone,AU,,
South Multi Pink,Slate,IN,,
Southland Green,Slate,NZ,,
Sovereign Copper,Granite,BR,,
Sp,Granite,BR,,
Space Black,Soapstone,IN,,
Space Grey,Marble,"IT,TN,TR",,
Spain Black,Slate,ES,,
Spain Gold,Limestone,ES,,
Spain Yellow,Sandstone,ES,,
Spalding,Slate,AU,,
Spanish Gold,Marble,ES,,
Spanish Grey,Granite,ES,,
Spanish Grey,Marble,ES,,
Sparkle Blue,Granite,IN,,
Sparkle Grey,Granite,IN,,
Sparkle White,Granite,BR,,
Sparkling Calacatta,Marble,VN,,
Sparkling Carrara,Marble,VN,,
Sparkling Galaxy,Marble,VN,,
Sparta,Travertine,TR,,
Sparta Pink,Granite,US,,
Spartacus,Granite,BR,,
Spartan Beige,Marble,TR,,
Speckled Brown,Granite,"CN,IN",,
Speckled Brown,Sandstone,"CN,IN",,
Spectrolite Arctic Blue,Granite,FI,,
Spectrus,Granite,BR,,
Speratus,Granite,BR,,
Spica,Marble,TR,,
Spice Black,Granite,"BR,CN,IN,LK,SE,VN",,
Spiced Linen,Limestone,US,,
Spider Black,Quartzite,"BR,PT",,
Spider Golden,Marble,"CN,EG,GR,IR,TH,TR",,
Spider Green,Marble,IN,,
Spider Jade,Onyx,CN,,
Spider Light,Marble,TR,,
Spider Red,Marble,"CN,GR,IR,TR",,
Spider Web,Granite,BR,,
Spider White,Onyx,"CN,IR",,
Spinas,Marble,IR,,
Spindrift White,Granite,CN,,
Spirolina Rose,Marble,IR,,
Spisske,Onyx,SK,,
Spisske,Sandstone,SK,,
Spissky,Travertine,SK,,
Spitz Gruen,Marble,AT,,
Splendido Brown,Quartzite,IN,,
Splendor White,Granite,"BR,IN",,
Splendour Gold,Granite,"BR,IN",,
Spot,Basalt,CN,,
Spotted Comb,Alabaster,US,,
Spray Green,Granite,IN,,
Spray Red,Granite,CN,,
Spray White,Granite,"CN,TH",,
Spring Breeze,Granite,BR,,
Spring Green,Granite,CA,,
Spring Green China,Granite,CN,,
Spring Valley,Granite,CN,,
Spring Wave,Marble,CN,,
Spring Yellow,Marble,"IR,IT",,
Springbok Green,Granite,"BR,ZA",,
Springfield Blend,Limestone,US,,
Sprout Green,Granite,CN,,
Spuma Beige,Limestone,LB,,
Spyder,Marble,"BR,IR,PT",,
Spyder,Soapstone,"BR,PT",,
Sri Lanka Leopard Skin,Granite,LK,,
Srikakulam Red,Granite,IN,,
Ss Fein Saganaes,Granite,SE,,
Ss Grob,Granite,SE,,
St Andrews,Marble,PT,,
St Annne Arudy,Marble,FR,,
St Bees,Sandstone,GB,,
St Benedict,Limestone,FR,,
St Briare,Limestone,FR,,
St Cloud Grey,Granite,US,,
St Etienne,Limestone,FR,,
St Laurent Indonesia,Limestone,ID,,
St Pierre,Limestone,"BE,FR",,
St Tropez,Limestone,FR,,
St Vincent,Limestone,"BG,CA,PT,TN,TR",,
St. Amber,Limestone,IL,,
St. Andreas,Granite,BR,,
St. Benedikt,Marble,TZ,,
St. Caterina,Travertine,IT,,
St. Caterina Avorio,Travertine,IT,,
St. Croix Brown,Marble,IT,,
St. Florient Rose,Limestone,PT,,
St. Johns Black,Granite,CA,,
St. Julian,Marble,PT,,
St. Margrethen,Sandstone,CH,,
St. Mary Cream,Limestone,US,,
Stainz Grau,Gneiss,AT,,
Stainz Grau Braun,Gneiss,AT,,
Stalattite,Onyx,IT,,
Stanhope Black,Limestone,GB,,
Stanleys Quarry Bed,Limestone,GB,,
Stanton Moor,Sandstone,GB,,
Star Beach,Granite,BR,,
Star Beige,Marble,TR,,
Star Black,Granite,"AO,CN,FI,IN,MZ,ZA,ZM,ZW",,
Star Bucks,Marble,ID,,
Star Dust,Granite,CN,,
Star Gold,Marble,IN,,
Star Grey,Marble,"IR,TR",,
Star Rose,Granite,CN,,
Star White,Granite,"BR,TR",,
Star White,Marble,"BR,CN,ID,IN,IR,IT,MK,NO,OM,TR,VN",,
Stargate Cosmos,Granite,BR,,
Starlica,Onyx,TR,,
Starlicia,Onyx,TR,,
Starlight,Limestone,CN,,
Starlike Black,Granite,CN,,
Starline,Marble,TR,,
Staroladozhsky,Marble,RU,,
Starry Black,Granite,CN,,
Starry Blue,Granite,CN,,
Starry Night,Granite,"BR,CN,IN,LK,SE,UA,VN",,
Starry Purple,Porphyry,CN,,
Statuarietto,Marble,IT,,
Statuario,Dolomite,"BR,GR,IR,IT",,
Statuario,Marble,"BR,GR,IR,IT",,
Statuario Ango,Marble,GR,,
Statuario Belgia,Marble,IT,,
Statuario Cervaiole,Marble,IT,,
Statuario Michelangelo,Marble,"IR,IT",,
Statuario Mina Reale,Marble,MX,,
Statuario Quartzo,Dolomite,BR,,
Statuario Vena Fine,Cantera,IT,,
Statuary,Marble,"IR,IT",,
Stawell,Sandstone,AU,,
Steel Grey,Granite,"BR,CN,GR,IN,IT,NO",,
Steel Grey,Slate,GR,,
Steger,Porphyry,IT,,
Steigen Pink,Granite,NO,,
Steigerwald,Sandstone,DE,,
Stella Alpina,Marble,IT,,
Stellar,Granite,BR,,
Stellar Wave,Marble,GR,,
Stellar White,Marble,CN,,
Stellato San Giacomo,Granite,IT,,
Stenopos,Marble,GR,,
Steppe Grey,Marble,TR,,
Sterling Grey,Marble,IR,,
Stilvon Black Gold,Marble,GR,,
Stilvon Black White,Marble,GR,,
Stin Gray,Marble,TR,,
Stinger Grey,Marble,TR,,
Stjernoeya,Granite,NO,,
Stoneraise Red,Sandstone,GB,,
Stoney Pink,Granite,BR,,
Stoneycombe,Limestone,GB,,
Stony Creek,Granite,US,,
Storen,Granite,NO,,
Storm,Onyx,"BR,MX,PE,PT,TR,VN",,
Storm,Semi-Precious Stone,"BR,MX,PE,PT,TR,VN",,
Storm,Travertine,"BR,MX,PE,PT,TR,VN",,
Storm Black,Granite,BR,,
Storm Eyes,Granite,BR,,
Storm Gray,Marble,"CN,IN,IR,PT,TR",,
Storm Sky,Travertine,IT,,
Strandja,Granite,BG,,
Strata Grey,Slate,US,,
Stratford Grey,Granite,CA,,
Stratus,Marble,OM,,
Stratus Danby,Marble,US,,
Straus,Granite,BR,,
Strawberry Pink,Granite,IN,,
Streblow,Granite,PL,,
Striato Ducale,Marble,IT,,
Striato Grigio,Marble,"CN,IT,TR",,
Striato Olimpico,Marble,"CN,IT,TR",,
Striatto,Marble,PT,,
Strigauer,Granite,PL,,
Stringybark,Sandstone,AU,,
Striped Red,Granite,CN,,
Striped White,Marble,"CN,VN",,
Strissiato,Marble,GR,,
Strzegom,Granite,PL,,
Strzelin,Granite,PL,,
Studio Black,Granite,CN,,
Styra Green,Marble,"GR,IT",,
Suchomasty,Marble,CZ,,
Sucupira Brown,Granite,BR,,
Sucuri,Granite,BR,,
Sucuri Bordeaux,Granite,BR,,
Sucuri Persa,Granite,BR,,
Sucuru,Granite,BR,,
Suede,Travertine,MX,,
Sugar,Travertine,"PT,TR",,
Sugar Beige,Limestone,TR,,
Sugar Beige,Marble,TR,,
Sugar Cream,Marble,"PT,TR",,
Sugar Pink,Marble,TR,,
Sugari,Sandstone,IN,,
Suhogerll,Marble,"IT,XK",,
Suhovjazkiy,Granite,RU,,
Suizhong Light Red,Granite,CN,,
Suizhong Pale Red,Granite,CN,,
Suizhong Sesame White,Granite,CN,,
Suizhong Tiger Skin,Granite,CN,,
Sukabumi Green,Tuff,ID,,
Sulawesi Pink,Limestone,ID,,
Suli Blue,Marble,NA,,
Sultan,Onyx,TR,,
Sultan Gold,Marble,TR,,
Sumartin,Limestone,HR,,
Summer,Granite,BR,,
Summer Brown,Marble,IT,,
Summer Light,Granite,BR,,
Summer Sky,Granite,IN,,
Summer Wheat,Granite,BR,,
Summer White,Granite,BR,,
Sun,Travertine,AM,,
Sun Flower,Granite,BR,,
Sun Rise,Sandstone,OM,,
Sun White,Marble,CN,,
Sunk Pinolith,Marble,AT,,
Sunny,Granite,"BA,EG,IN",,
Sunny Dark,Marble,"BA,EG,PK",,
Sunny Giallo,Granite,BR,,
Sunny Grey,Marble,"CN,PK",,
Sunny Menia (Egyptian Yellow),Limestone,EG,,
Sunny Rose,Marble,EG,,
Sunrise,Travertine,TR,,
Sunset,Marble,"AU,CN,EG,ES,OM,TR,VN",,
Sunset,Onyx,"TR,VN",,
Sunset,Travertine,"TR,VN",,
Sunset Bronze,Sandstone,US,,
Sunset Canyon,Granite,IN,,
Sunset Cloud,Onyx,TR,,
Sunset Glow Red,Granite,CN,,
Sunset Glow Red,Marble,CN,,
Sunset Grey,Marble,BA,,
Sunset Pink,Limestone,"CN,EG,MM,MY,TR",,
Sunset Pink,Marble,"CN,EG,MM,MY,TR",,
Sunset Red,Granite,"BR,CN,IN",,
Sunset Red,Limestone,"BR,CN",,
Sunset Rose,Granite,CN,,
Sunset Sung,Sandstone,PK,,
Sunset Wood,Marble,CN,,
Sunshine,Marble,TR,,
Sunshine,Onyx,TR,,
Sunshine Gold,Limestone,TR,,
Supare Yellow Gold,Granite,NG,,
Super Black,Quartzite,BR,,
Super Bordeaux,Granite,BR,,
Super Lilac,Marble,TR,,
Super White,Marble,"BR,CN,GR,IN,MM,MX,NA,PK,PT,TR,VN,ZM",,
Super White,Onyx,"IR,TR,PK",,
Super White Dolomite,Dolomite,BR,,
Super White Quartzite,Quartzite,BR,,
Superior,Marble,GR,,
Superior Altius,Marble,GR,,
Superior Dove,Marble,GR,,
Superior Northern,Granite,US,,
Superlative,Marble,BR,,
Supikovice,Marble,CZ,,
Supreme,Quartzite,BR,,
Supreme Red,Granite,"CA,CN,IN,US",,
Supremo,Travertine,PE,,
Supren Bordo Yellow,Marble,TR,,
Sureyya Red,Travertine,TR,,
Surf Grey,Granite,IN,,
Surf White,Granite,CN,,
Suri Blue,Granite,SR,,
Surreal,Onyx,BR,,
Susurluk Red,Travertine,TR,,
Sutluce Beige,Marble,TR,,
Svenstorp Hallandia,Granite,SE,,
Sveti Petar,Limestone,HR,,
Svihov,Granite,CZ,,
Swan Beige,Sandstone,CN,,
Swan Grey,Granite,CN,,
Swan Red,Granite,CN,,
Sweden Mahogany,Granite,SE,,
Swedish Green,Granite,SE,,
Sweet Gold,Granite,SA,,
Sweet Pink,Granite,"CN,NG,SA,US",,
Swirl,Sandstone,US,,
Swiss White,Marble,IN,,
Syan Red Cream,Marble,CN,,
Sydney Range,Sandstone,AU,,
Sykis,Marble,GR,,
Sylvester Beige,Marble,TR,,
Sylvia Pearl,Marble,MY,,
Sylvia Yellow,Marble,EG,,
Symon,Marble,IR,,
Symony Grey,Granite,UA,,
Symphony,Quartzite,"BR,CN,IN",,
Symphony Ash,Granite,CN,,
Symphony Black,Granite,CN,,
Symphony Cream,Marble,ZM,,
Symphony Purple,Granite,CN,,
Symphony Sands,Marble,CN,,
Symphony White,Marble,"BR,CN,GR,IN,MM,MX,NA,PT,TR,VN,ZM",,
Synada Antique,Marble,TR,,
Synnada Brown,Marble,TR,,
Syria Spider Beige,Marble,SY,,
Syrian,Sandstone,SY,,
Syrian Basaltic,Basalt,SY,,
Syrian Emperador,Marble,SY,,
Syrian Grey,Travertine,SY,,
Syrian Pink,Travertine,SY,,
Syrian Ruby,Marble,SY,,
Syriana,Limestone,SY,,
Szczytina,Sandstone,PL,,
Szydlowek,Sandstone,PL,,
Szydlowiecki Kremowy,Sandstone,PL,,
Szydlowiecki Yellow,Sandstone,PL,,
São Gabriel,Granite,BR,,
T-Rex,Granite,IR,,
Tabasco,Travertine,MX,,
Tablerock,Sandstone,US,,
Taboo,Granite,BR,,
Tabu,Granite,BR,,
Tacoma Grey,Marble,TR,,
Tadoussac,Granite,CA,,
Tafalla,Sandstone,ES,,
Tafel,Limestone,BE,,
Taffouh,Limestone,PS,,
Tahiti Blue,Marble,BR,,
Tahiti Pearl,Marble,BR,,
Tahiti White,Marble,CN,,
Tahoe,Granite,"BR,IN",,
Taibai Black,Granite,"AO,BR,CA,CN,IN,PL,TZ",,
Taihang Black,Granite,CN,,
Taiwan Green,Granite,CN,,
Taiwan Red,Granite,CN,,
Taj Lillet,Granite,IN,,
Taj Mahal,Quartzite,BR,,
Taj Mahal Quartzite,Quartzite,BR,,
Taj Red,Sandstone,IN,,
Taj Rose,Sandstone,IN,,
Tajareh,Travertine,IR,,
Takhtak,Marble,IR,,
Takun Pink,Marble,TH,,
Tala Barone,Marble,EG,,
Talathello Dimaond,Marble,TR,,
Taldy Korgan,Granite,KZ,,
Talila Grey,Granite,CN,,
Talli Blue,Marble,CA,,
Talli Green,Marble,CA,,
Tally Green,Marble,CA,,
Tamala,Limestone,AU,,
Tamara Grey,Marble,"IT,TR",,
Tampere,Granite,"BR,FI,FR,IN",,
Tan,Sandstone,OM,,
Tan Blue,Granite,IN,,
Tan Brown,Granite,"FI,IN",,
Tancara Brown,Granite,BR,,
Tandoor Blue,Limestone,IN,,
Tandur Yellow,Limestone,IN,,
Tanley Beige,Marble,CN,,
Tano Diorit,Granite,CZ,,
Tansky,Granite,UA,,
Tanzania,Onyx,TZ,,
Tanzania Black,Granite,"AO,BR,CA,CN,IN,PL,TZ",,
Tanzania Sparkling White,Marble,"TZ,VN",,
Tanzanita,Quartzite,BR,,
Taojiang Grey,Slate,CN,,
Tapestry,Granite,BR,,
Tapisa,Marble,TR,,
Tarahumara,Marble,MX,,
Tardos,Marble,HU,,
Targh Mohammadi,Travertine,IR,,
Targh Yellow,Travertine,IR,,
Targu Mures,Gneiss,RO,,
Tarh Choob Mika,Limestone,IR,,
Tarhe Chob,Sandstone,IR,,
Tarn,Marble,MA,,
Tarnov,Marble,BG,,
Tarsus Beige,Marble,TR,,
Tarsus Brown,Marble,TR,,
Tashmurunskiy,Granite,RU,,
Tatara,Granite,NG,,
Tauergruen Serpentinit,Marble,AT,,
Tauern,Gneiss,AT,,
Taupe,Andesite,"BR,SK",,
Taupe,Granite,"BR,SK",,
Taupe Gray,Granite,BR,,
Taupe Multicolor,Granite,BR,,
Taupe White,Granite,BR,,
Taurus Brown,Marble,TR,,
Taurus Rose,Marble,TR,,
Tavel Ivory,Limestone,FR,,
Tavel Rose,Limestone,FR,,
Tavira Amarelo,Marble,PT,,
Tavira Dourado,Limestone,PT,,
Tawny Beige,Marble,TR,,
Taybad Pink,Granite,IR,,
Tayga,Granite,RU,,
Tc Black,Granite,VN,,
Tch,Travertine,IR,,
Tea Green,Granite,CN,,
Teak Wood,Marble,"IN,PK",,
Teak Wood,Sandstone,"IN,PK",,
Teak Wood Sandstone,Sandstone,"IN,PK",,
Teana Buddha,Onyx,CN,,
Teflon Grey,Marble,CN,,
Teheran Eyes,Granite,IR,,
Teiguan Red,Granite,CN,,
Teisko,Granite,FI,,
Teka Rosal,Sandstone,ES,,
Telluride Gold,Sandstone,US,,
Temagami Pink,Marble,CA,,
Temiros,Marble,TR,,
Temmer Golden Brown,Marble,TR,,
Tempest Blue,Granite,BR,,
Tempest Gold,Granite,BR,,
Tempest Green,Granite,BR,,
Tempest White,Granite,BR,,
Tempesta,Travertine,PE,,
Tempisque Marfil,Marble,CR,,
Temple Pink,Marble,CN,,
Tempus,Limestone,HR,,
Tenelija,Limestone,BA,,
Tenesei,Marble,GR,,
Tenistete,Travertine,MX,,
Tennessee Imperial Black,Limestone,US,,
Tennessee Pink,Marble,US,,
Tenniken,Limestone,CH,,
Teos Fire,Marble,TR,,
Teos Green,Marble,TR,,
Tepeaca Rose,Marble,MX,,
Tepexi,Travertine,MX,,
Tephra,Granite,BR,,
Tequila Sunrise,Sandstone,US,,
Teracotta,Sandstone,OM,,
Terengganu Green,Granite,MY,,
Teriesta (Aurisina),Limestone,IT,,
Teriesta Light,Limestone,EG,,
Terlaner,Porphyry,IT,,
Termeh,Marble,IR,,
Terra,Onyx,"GR,TR",,
Terra,Travertine,"GR,TR",,
Terra Azul,Granite,BR,,
Terra Brasilis,Granite,BR,,
Terra Coral,Limestone,GR,,
Terra Di Minorca,Marble,IT,,
Terra Di Siena,Marble,"IT,PE",,
Terra Di Siena,Sandstone,"IT,PE",,
Terra Green,Marble,TR,,
Terra Honey,Limestone,GR,,
Terra Marine,Marble,TR,,
Terra Mater,Marble,TR,,
Terra Nova,Granite,"BR,TR",,
Terra Nova,Marble,"BR,TR",,
Terra Red,Slate,IN,,
Terracota,Limestone,AR,,
Terracotta,Onyx,MX,,
Terrasanta,Marble,LB,,
Terrazzo,Onyx,TR,,
Tersis,Marble,IR,,
Tervoux,Limestone,FR,,
Tesin,Sandstone,CZ,,
Tesla Brown,Marble,CN,,
Tesla Grey,Marble,TR,,
Tesoro Bianco,Marble,BR,,
Tesoro Blue,Marble,BR,,
Tesoro Grigio,Marble,"BR,TR",,
Tesoro Scandalus,Marble,BR,,
Testa,Limestone,LB,,
Tethys Beige,Sandstone,CN,,
Tetra Beige Dark,Marble,TR,,
Texas,Sandstone,US,,
Texas Blue,Granite,BR,,
Texas Brown,Granite,BR,,
Texas Cream,Limestone,US,,
Texas Flower,Granite,"BR,US",,
Texas Grey,Marble,TR,,
Texas Pearl,Limestone,US,,
Texas Sunset,Limestone,US,,
Texas White,Limestone,US,,
Tezontle Rojo,Andesite,MX,,
Tg Gray,Marble,ID,,
Th Moss Green,Granite,VN,,
Thai,Travertine,TH,,
Thai Black,Granite,TH,,
Thailand Black,Slate,TH,,
Thala Beige,Marble,"TN,TR",,
Thala Beige Coquillage,Limestone,TN,,
Thala Beige Veine Fleuri,Limestone,TN,,
Thalassia,Granite,NA,,
Thanstein,Granite,DE,,
Thaostone,Basalt,VN,,
Thar Grey,Limestone,ES,,
Thara,Limestone,PK,,
Thassos,Marble,"GR,TR",,
Thassos Crystallina,Marble,GR,,
Thassos Fiorito,Marble,GR,,
Thassos Imperial,Marble,GR,,
Thassos Spider,Marble,GR,,
Thassos Vein,Marble,GR,,
Thera,Quartzite,BR,,
Thesauros,Quartzite,BR,,
Thiruvannamalai Yellow,Granite,IN,,
Thives Red,Marble,GR,,
Thomas Grey,Marble,MX,,
Thora Beige,Marble,ID,,
Thrace Perla,Granite,TR,,
Three Gorge Green,Granite,CN,,
Three Gorges Rose Red,Marble,CN,,
Three Star Red,Granite,CN,,
Threecastles,Limestone,IE,,
Thunder,Marble,IR,,
Thunder Brown,Porphyry,CN,,
Thunder Cloud,Marble,BR,,
Thunder Grey,Marble,TR,,
Thunder Wave,Granite,BR,,
Thunder White,Granite,"BR,IN,IR,VN",,
Tiana,Marble,IR,,
Tianshan Blue,Granite,CN,,
Tianshan Gold,Granite,CN,,
Tianshan Jade,Marble,"BR,CN,GR,IN,IR,IT,MM,TR,VN",,
Tianyun Beige,Marble,TR,,
Tiberias,Basalt,"IL,JO",,
Tiberious,Granite,BR,,
Tibet Blue,Granite,CN,,
Tibet Gold,Limestone,IN,,
Ticul Gold,Limestone,MX,,
Ticul Naranja,Limestone,MX,,
Tiffany,Marble,BR,,
Tiffany,Quartzite,BR,,
Tiffany Nassau,Quartzite,BR,,
Tiffany White,Onyx,IR,,
Tiger,Limestone,"AL,CN,IR,PH,PK,TR",,
Tiger,Marble,"AL,CN,IR,MA,PH,PK,TR",,
Tiger Black,Granite,"BR,IN,IR,TR",,
Tiger Black,Marble,"BR,IN,IR,TR",,
Tiger Brown,Granite,IN,,
Tiger Emperador,Marble,TR,,
Tiger Eyes,Granite,BR,,
Tiger Gold,Limestone,BG,,
Tiger Grey,Granite,"BR,IN,IR,IT",,
Tiger Grey,Marble,"BR,IR,PT,TR",,
Tiger Onyx,Onyx,TR,,
Tiger Orchid,Marble,TR,,
Tiger Parvin,Marble,IR,,
Tiger Pink,Sandstone,IN,,
Tiger Red,Granite,"BR,CN,IN",,
Tiger Rose,Granite,BR,,
Tiger Skin,Granite,"CN,IN,TR",,
Tiger Skin,Onyx,"CN,IN,TR",,
Tiger Skin,Slate,"CN,IN,TR",,
Tiger Skin Yellow,Granite,"BR,CN",,
Tiger Wood,Granite,BR,,
Tigereye,Alabaster,US,,
Tigre Beige,Limestone,TR,,
Tigre Branco,Granite,BR,,
Tigris,Marble,TR,,
Tilos,Marble,BG,,
Timaru,Basalt,NZ,,
Timbalada,Granite,BR,,
Timber Creek,Sandstone,US,,
Tina,Limestone,ES,,
Tinara,Marble,TR,,
Tino Gray,Marble,TR,,
Tinos Green,Marble,"GR,IN,UY",,
Tint Mint Green,Sandstone,IN,,
Tintoretto,Granite,BR,,
Tipperary Cream,Sandstone,IE,,
Tippy Beige,Limestone,PK,,
Tippy Beige,Marble,PK,,
Tira,Marble,IR,,
Tiramisu,Marble,ID,,
Tirat Karmel,Onyx,IL,,
Tis Grau,Granite,CZ,,
Titan Black,Marble,TR,,
Titan Imperial,Marble,IR,,
Titan Xr,Granite,BR,,
Titanic Storm,Marble,CN,,
Titanium Gold,Granite,"BR,IN,IR",,
Titanium Green,Granite,BR,,
Titanium Grey,Marble,TR,,
Titanium JB,Granite,BR,,
Titanium Serra,Granite,BR,,
Titanium Silver,Marble,TR,,
Titanium White,Onyx,IR,,
Tivona Rosa,Marble,MY,,
Tizne,Marble,TN,,
Tji Grey,Granite,IN,,
Tjurkoe,Granite,SE,,
Tlb Noche,Travertine,TR,,
Tlsty Javor,Granite,SK,,
Tlupana Blue Grey,Marble,CA,,
Tmt Beige,Travertine,IR,,
Toasted Almond,Granite,IN,,
Tobacco,Travertine,"BR,MX",,
Tobacco Brown,Cantera,"BR,MX",,
Tobacco Brown,Granite,"BR,MX",,
Tobacco Orange,Cantera,MX,,
Tobacco Rainbow,Sandstone,CN,,
Tobacco Red,Granite,BR,,
Toblerone,Quartzite,BR,,
Tobza Yellow,Limestone,JO,,
Toffee,Granite,BR,,
Toffee Brown,Marble,BR,,
Togma Beige,Limestone,TR,,
Toji,Marble,IR,,
Tokajer Vulkantuff,Tuff,HU,,
Tokovskij,Granite,UA,,
Tolga,Granite,NO,,
Tomorri White Pearl,Marble,AL,,
Tongan White,Granite,"CN,GH,US,VN",,
Tongshan Cream Beige,Marble,CN,,
Tongshan Green,Granite,CN,,
Tongshan Red,Marble,CN,,
Tonny Black,Marble,CN,,
Tonsberg,Granite,NO,,
Tony Brown,Slate,IN,,
Topaz,Onyx,TR,,
Topaz Brown,Granite,IN,,
Topaz White,Marble,TR,,
Topazio White,Granite,BR,,
Topkara Silver,Marble,TR,,
Toplic,Limestone,BG,,
Topolov,Marble,BG,,
Toprak Cornato,Marble,TR,,
Toprak Cream,Limestone,TR,,
Toranj Taibad,Granite,IR,,
Torbat,Granite,IR,,
Torkie,Marble,IR,,
Toronto Gold,Marble,IN,,
Toros Black,Marble,"CN,ES,IN,IR,IT,MA,MX,TR",,
Toros Gold,Marble,TR,,
Toros Rose,Marble,TR,,
Torrent Cream,Granite,CN,,
Torreon,Travertine,MX,,
Torronzino,Granite,BR,,
Tortoise Shell,Marble,US,,
Tosbulak Grey,Granite,UZ,,
Tosbulak Pink,Granite,UZ,,
Tosbulak Red,Granite,UZ,,
Toscano Blend,Travertine,TR,,
Toscano Noce,Travertine,IT,,
Tosi Dolfini Ramshe,Marble,IR,,
Tostado,Travertine,MX,,
Touareg Gold,Granite,BR,,
Toulon White,Granite,BR,,
Tounga Beige,Limestone,TN,,
Touran Posht Green,Onyx,IR,,
Tourmaline,Granite,BR,,
Trabej,Travertine,TR,,
Trahyte,Limestone,RO,,
Trakya Kumulus,Marble,TR,,
Trakya Porfiri,Granite,TR,,
Tran,Tuff,BG,,
Tranas Red,Granite,SE,,
Trang Binh Dinh,Granite,VN,,
Trani Apricena,Marble,IT,,
Trani Bianco H,Marble,IT,,
Trani Biancone,Marble,"BR,IT,TR",,
Trani Broccato,Marble,IT,,
Trani Bronzetto,Limestone,IT,,
Trani Cocciolato,Limestone,IT,,
Trani Commerciale,Marble,IT,,
Trani Fiorito,Marble,IT,,
Trani Nuvolato,Marble,IT,,
Trani Perlatino,Marble,IT,,
Trani Rosato,Marble,IT,,
Transilvania Bicolor,Limestone,RO,,
Transilvania Gold,Limestone,RO,,
Translucent Greige,Onyx,CN,,
Translucent Orange,Alabaster,US,,
Translucent Oro,Crystal,BR,,
Translucent Rose,Crystal,BR,,
Translucent Vittro,Crystal,BR,,
Transylvania Brown,Limestone,RO,,
Transylvania Coral,Limestone,RO,,
Transylvania Deep Coral,Limestone,RO,,
Transylvania Rice,Limestone,RO,,
Transylvania V Gray,Limestone,RO,,
Traonyx,Travertine,"IR,TR",,
Traonyx Vedi,Travertine,AM,,
Traver,Onyx,TR,,
Travera,Marble,PK,,
Travin,Marble,EG,,
Travnikovskiy,Granite,RU,,
Trend Brown,Granite,IN,,
Trenord Black,Granite,BR,,
Trentino Grey,Porphyry,IT,,
Trentino Grey Porphyry,Porphyry,IT,,
Trentino Purple Porphyry,Porphyry,IT,,
Trentino Red Porphyry,Porphyry,IT,,
Tri Kamene,Basalt,SK,,
Tribeca,Sandstone,PT,,
Triesta Grey,Limestone,"EG,IL,IT,PS",,
Trieste,Limestone,IT,,
Trigaxes Escuro,Marble,PT,,
Tripolis,Onyx,TR,,
Troctolite,Granite,AL,,
Troizina Red,Marble,GR,,
Trojan Horse,Granite,CN,,
Tropical,Onyx,MX,,
Tropical Apricot,Granite,"IN,UA",,
Tropical Bahia,Granite,BR,,
Tropical Blue Sky,Marble,BR,,
Tropical Blue Star,Marble,BR,,
Tropical Fashion,Granite,BR,,
Tropical Green,Granite,"BR,IN,IR",,
Tropical Guarani,Granite,BR,,
Tropical Montana,Granite,BR,,
Tropical Treasure,Granite,BR,,
Tropical Vernice,Granite,BR,,
Tropicale,Onyx,MX,,
Trotol,Marble,ID,,
Troya,Marble,TR,,
Troya Beige,Marble,TR,,
Troya Cream,Marble,TR,,
Trump Beige,Marble,TR,,
Trump Brown,Granite,IN,,
Truva White,Marble,TR,,
Tsarevo,Limestone,BG,,
Tsvetok Urala,Granite,RU,,
Tucson White,Marble,BR,,
Tuffeau,Limestone,FR,,
Tufo Giallo,Tuff,IT,,
Tuhar Mramor,Marble,SK,,
Tuhar Rosa,Marble,SK,,
Tulikivi,Soapstone,FI,,
Tulikivi Blue,Soapstone,FI,,
Tulikivi Grey,Soapstone,FI,,
Tulikivi Sky,Soapstone,FI,,
Tulip,Marble,IR,,
Tulip Brown,Marble,CN,,
Tuman,Granite,UA,,
Tumer Beige,Marble,TR,,
Tumkur Porphery,Granite,IN,,
Tumlin,Sandstone,PL,,
Tunas Green,Granite,BR,,
Tundra,Marble,NO,,
Tundra Blue Medium,Marble,TR,,
Tundra Forest,Marble,TR,,
Tundra Grey 3d,Marble,TR,,
Tundra Light,Marble,TR,,
Tundra Oceans,Marble,"IR,TR",,
Tunguska Black,Granite,BR,,
Tuoli Red,Granite,CN,,
Tuoli Snowflake,Granite,CN,,
Tuory Pring,Granite,IN,,
Turda,Gneiss,RO,,
Turdra Grey,Marble,CN,,
Turhal Lemon,Onyx,TR,,
Turkey Alabastrino,Travertine,TR,,
Turkey Beige,Marble,TR,,
Turkey Breccia Aurora,Marble,TR,,
Turkey Brown,Onyx,TR,,
Turkey Calacatta Cielo,Marble,TR,,
Turkey Cream,Travertine,TR,,
Turkey Desert Cream,Marble,TR,,
Turkey Glacier White,Marble,TR,,
Turkey Golden,Onyx,TR,,
Turkey Golden Spider,Marble,TR,,
Turkey Gray,Marble,TR,,
Turkey Green,Slate,TR,,
Turkey Grey,Onyx,TR,,
Turkey Light Green,Onyx,TR,,
Turkey Red Spider,Marble,TR,,
Turkey Smoked,Onyx,TR,,
Turkey Tiger,Onyx,TR,,
Turkey White,Onyx,"BR,IR,TR",,
Turkey White,Travertine,"BR,IR,TR",,
Turkish Blue,Marble,TR,,
Turkish Calacatta Gold,Marble,"CN,TR",,
Turkish Daino Reale,Marble,TR,,
Turkish Palissandro,Marble,TR,,
Turku Pink,Granite,FI,,
Turquesa,Marble,CO,,
Turquoise,Travertine,"IR,TR",,
Turquoise Mg,Marble,IR,,
Turtle Brown,Limestone,CN,,
Turtle Green,Granite,BR,,
Turtle Jade,Granite,CN,,
Turtle Venato,Marble,CN,,
Tuscan Super White,Marble,IT,,
Tuscania,Granite,"BR,IT",,
Tuscania,Tuff,"BR,IT",,
Tuscano Clasico,Limestone,MX,,
Tuscany Beige,Travertine,TR,,
Tuscany Chocolate,Travertine,"IT,TR",,
Tuscany Gold,Travertine,IT,,
Tuscany Green,Granite,BR,,
Tuscany Peru,Travertine,"IT,PE",,
Tuscany Platinum,Travertine,"IT,TR",,
Tushevski,Limestone,RU,,
Tut,Onyx,TR,,
Tweed,Sandstone,US,,
Twilight Pink,Marble,TR,,
Twist Flower,Granite,CN,,
Tyana,Marble,TR,,
Tycoon White,Quartzite,IN,,
Tynada Galaxy,Marble,TR,,
Typhoon Bordeaux,Granite,BR,,
Typhoon Gold,Granite,BR,,
Typhoon Green,Granite,"BR,IN",,
Tyrani Grey,Marble,MX,,
Udaipur Pink,Marble,"CN,IN",,
Ufaleyskaya,Marble,RU,,
Uggleboda,Granite,SE,,
Uige Grey,Marble,AO,,
Ukrainian Autumn,Granite,UA,,
Ulan Brown,Granite,CN,,
Ultimate Grey,Marble,TR,,
Ultraman Beige,Marble,"BA,BR,CN,EG,ES,GR,ID,IR,IT,OM,TR",,
Ultramarine Grain,Granite,CN,,
Uludag White,Marble,TR,,
Uluru Australian,Granite,BR,,
Umbria Pendio,Travertine,IT,,
Umo Beige,Marble,TR,,
Umraya White,Marble,IN,,
Umtstone,Limestone,TR,,
Una Crven,Marble,BA,,
Uncastillo,Sandstone,ES,,
Unfading Green,Slate,US,,
Unfading Mottled Green,Slate,US,,
Unfading Purple,Slate,GB,,
Unfading Red,Slate,US,,
Ungru,Limestone,EE,,
Unika,Tuff,BG,,
United Beige,Limestone,TN,,
University Red,Granite,SA,,
Unneberg,Granite,NO,,
Untersberg Rot,Limestone,AT,,
Untersberger Forelle,Limestone,AT,,
Urania Surf,Marble,GR,,
Urban,Granite,IN,,
Usak Gray,Andesite,TR,,
Usak Grey,Marble,TR,,
Usak Pink,Marble,TR,,
Usak White,Onyx,TR,,
Usak White Pearl,Marble,TR,,
Usak Yellow,Andesite,TR,,
Utah Red,Sandstone,US,,
Utapau Forest,Soapstone,BR,,
Utopia,Marble,"CN,GR",,
Uva,Cantera,MX,,
Uxmal,Limestone,MX,,
Uygar Cream Beige,Marble,TR,,
Uzunov,Marble,MK,,
Vahlovice,Granite,CZ,,
Val Venosta,Marble,IT,,
Valanges,Limestone,FR,,
Valdeorras Casayo,Slate,ES,,
Valdeorras Domiz,Slate,ES,,
Valdeorras Mormeau,Slate,ES,,
Valdeorras Rozadais,Slate,ES,,
Valdeorras San Vicente,Slate,ES,,
Valdeporres,Sandstone,ES,,
Vale Nevado,Granite,BR,,
Valencia,Travertine,"ES,TR",,
Valencia Yellow,Marble,ES,,
Valensa Gray,Marble,TR,,
Valentino,Dolomite,BR,,
Valhalla,Granite,BR,,
Vallangis Jaune,Limestone,FR,,
Vallestrona,Marble,IT,,
Valley,Onyx,IT,,
Valley Gray,Marble,TR,,
Valser Grau,Gneiss,CH,,
Valser Gruen,Gneiss,CH,,
Valtengrund Gabbro,Granite,DE,,
Valued Cream,Marble,GR,,
Vamvakofito,Travertine,GR,,
Van Gogh,Onyx,IR,,
Van Gogh Grey,Marble,CN,,
Van Gogh White,Marble,CN,,
Van Light Green,Onyx,TR,,
Vanak,Limestone,IR,,
Vanga Fein,Granite,"CN,SE",,
Vanilla,Granite,"BR,GR,IR,TR",,
Vanilla,Onyx,"BR,GR,IR,TR",,
Vanilla,Travertine,"BR,GR,IR,TR",,
Vanilla Cream,Marble,"GR,TR",,
Vanilla Ice,Marble,TR,,
Vanilla Marfil,Marble,"IR,TR",,
Vanilla Silver,Marble,TR,,
Vanilla Sky,Onyx,"BR,TR",,
Vanilla Sky,Quartzite,"BR,TR",,
Vanilla Whitish,Marble,GR,,
Vanmer Brown,Marble,TR,,
Vanta Black,Marble,BR,,
Variation Rv,Marble,ID,,
Variegation,Travertine,CN,,
Varieta,Travertine,TR,,
Varlamovsky,Granite,RU,,
Varpaisjarvi Black,Granite,FI,,
Vasalemma,Limestone,EE,,
Vasilievsky,Granite,RU,,
Vaskovichy,Granite,UA,,
Vastad,Granite,SE,,
Vatel Blue,Limestone,PT,,
Vauban,Limestone,FR,,
Vaucluse,Limestone,LB,,
Vedi,Onyx,AM,,
Veekraal,Granite,ZA,,
Vega Blue,Quartzite,BR,,
Vegas Gold,Marble,TR,,
Vein,Granite,VN,,
Veldt Green,Granite,CN,,
Velingrad,Marble,"BG,PK",,
Velke Dravce,Basalt,SK,,
Velky Kliz,Travertine,SK,,
Vella,Marble,"BG,PK",,
Velluto,Onyx,"IT,MX,TR",,
Velluto,Travertine,"IT,MX,TR",,
Velvet Cream,Marble,BR,,
Velvet Red,Marble,IR,,
Velvet Taupe,Marble,IT,,
Velvet White,Dolomite,BR,,
Venatino,Marble,"BR,IR,IT,TR",,
Venatino C,Marble,IT,,
Venato,Travertine,"CN,IT,PE",,
Venato Fantastico,Marble,"CN,IT",,
Vencac Beli,Marble,RS,,
Vencac Plavi,Marble,RS,,
Veneciatus,Granite,BR,,
Venetian,Travertine,TR,,
Venetian Beige,Marble,TR,,
Venetian Ice,Granite,BR,,
Venetian White,Granite,BR,,
Veneto White,Marble,"GR,IT",,
Veneza,Marble,BR,,
Veneza,Quartzite,BR,,
Venezia,Limestone,IT,,
Venice Brown,Marble,"CN,ES,GR,IR,IT,LB,MA,PK,RU,TN,TR,VN",,
Venice Cream,Granite,"BR,IN",,
Venice Gold,Granite,"BR,CN",,
Venice Gold,Marble,"BR,CN",,
Venom,Quartzite,BR,,
Venus,Granite,"GR,IN",,
Venus Beige,Limestone,BG,,
Venus Black,Marble,"IN,TR",,
Venus Grey,Limestone,MK,,
Venus Vox,Marble,GR,,
Venus White,Dolomite,BR,,
Vera Cruz,Granite,BR,,
Vera Cruz,Marble,BR,,
Vera Silk,Marble,OM,,
Verdant Flower,Granite,CN,,
Verde,Cantera,MX,,
Verde Acceglio,Marble,IT,,
Verde Acqua,Marble,TR,,
Verde Afghanistan,Onyx,AF,,
Verde Alpi,Marble,IT,,
Verde Andeer,Gneiss,CH,,
Verde Antico,Marble,"GR,GT,IN,PK,TR",,
Verde Antique,Serpentine,US,,
Verde Aquarius,Granite,BR,,
Verde Arabescato,Marble,TR,,
Verde Argento,Gneiss,IT,,
Verde Aver,Marble,IT,,
Verde Baltica,Granite,FI,,
Verde Bamboo,Granite,"BR,CN",,
Verde Barricato,Marble,IT,,
Verde Borgogna,Marble,IR,,
Verde Butterfly,Granite,BR,,
Verde Caceres,Limestone,ES,,
Verde Canaima,Granite,VE,,
Verde Candeias,Granite,BR,,
Verde Candia,Marble,GR,,
Verde Caroni,Granite,VE,,
Verde Cavendish,Marble,US,,
Verde Cesana,Marble,IT,,
Verde Chain,Granite,BR,,
Verde Chaine,Marble,MA,,
Verde Chassagne,Marble,FR,,
Verde Chatillon,Marble,IT,,
Verde Crema,Granite,BR,,
Verde Cruzeiro,Granite,BR,,
Verde Crystallo,Semi-Precious Stone,IN,,
Verde De Creta,Gneiss,RO,,
Verde Degollado,Cantera,MX,,
Verde Devi,Marble,ID,,
Verde Donai,Marble,PT,,
Verde Eco,Granite,BR,,
Verde Elazig,Marble,"GT,IN,PK,TR",,
Verde Elegante,Granite,BR,,
Verde Esmeralda,Quartzite,IN,,
Verde Estrella,Granite,ES,,
Verde Eucalipto,Granite,BR,,
Verde Fontainemore,Marble,IT,,
Verde Fuoco,Granite,"AU,BR",,
Verde Fusion,Granite,"BR,IN",,
Verde Fusion,Marble,"BR,IN",,
Verde Gala,Granite,ES,,
Verde Giaguaro,Granite,IR,,
Verde Ginari,Sandstone,AL,,
Verde Glacier,Granite,BR,,
Verde Gloria,Marble,"GR,IR",,
Verde Gressoney,Marble,IT,,
Verde Guanajuato,Cantera,MX,,
Verde Guatemala,Marble,"GT,IN,PK",,
Verde Issorie,Marble,IT,,
Verde Italia,Gneiss,IT,,
Verde Jaco,Granite,IT,,
Verde Jaspe,Marble,BR,,
Verde Karzai Scuro,Granite,IR,,
Verde Kiwi,Granite,"BR,TR",,
Verde Lago,Granite,ES,,
Verde Laguna,Marble,TR,,
Verde Lanka,Granite,LK,,
Verde Lavras,Granite,BR,,
Verde Lemon,Marble,"AR,IN",,
Verde Levanto,Marble,"GT,IN,PK,TR",,
Verde Luchensa,Marble,IT,,
Verde Lugo,Slate,ES,,
Verde Malachite,Granite,"BR,CN,IT,ZW",,
Verde Malachite,Marble,"BR,CN,IT,ZW",,
Verde Malenco,Marble,"GT,IT",,
Verde Marinace,Granite,"BR,CN,IN",,
Verde Marine,Marble,IN,,
Verde Olivo,Granite,UA,,
Verde Orezza,Marble,FR,,
Verde Oriente,Marble,RO,,
Verde Panama,Marble,"BR,PA",,
Verde Panorama,Granite,BR,,
Verde Panoramico,Granite,BR,,
Verde Papagayo,Granite,BR,,
Verde Paradiso,Granite,"GR,IR",,
Verde Peru,Porphyry,PE,,
Verde Polcevere,Marble,IT,,
Verde Pozo,Granite,ES,,
Verde Pradera,Granite,BR,,
Verde Prali,Marble,IT,,
Verde Real,Granite,BR,,
Verde Rossa,Marble,CN,,
Verde Saint Denis,Marble,IT,,
Verde Salvia,Granite,BR,,
Verde Santiago,Granite,ES,,
Verde Savoia,Granite,BR,,
Verde Serpentino,Marble,"ES,IT",,
Verde Serpentino,Serpentine,"ES,IT",,
Verde Serrano,Marble,CU,,
Verde Smeralda,Marble,"IR,IT",,
Verde Speranza,Marble,ZA,,
Verde Spriana,Gneiss,IT,,
Verde Star,Granite,IN,,
Verde Tuareg,Granite,"BR,LK",,
Verde Ubatuba,Granite,"BR,CN,IN,IT,NG,NO",,
Verde Vecchia,Marble,IT,,
Verde Vecchio,Granite,BR,,
Verde Velasquez,Granite,BR,,
Verde Veneziano,Granite,BR,,
Verde Ventura,Granite,BR,,
Verde Viana,Marble,PT,,
Verde Virginia,Marble,IT,,
Verdello Di Trento,Marble,IT,,
Verdi Ghazal Light,Granite,EG,,
Verdigris,Slate,BR,,
Verdoval,Limestone,ES,,
Verdure Corrugated,Granite,CN,,
Verdurous Black,Granite,CN,,
Vergina Red,Marble,GR,,
Veria White,Marble,GR,,
Vermelho Bahia,Granite,BR,,
Vermelho Biritiba,Granite,BR,,
Vermelho Ceara,Granite,BR,,
Vermelho Filomena,Granite,BR,,
Vermelho Real,Granite,BR,,
Vermion Beige,Marble,GR,,
Vermion Green,Marble,GR,,
Vermont,Soapstone,US,,
Vermont Black,Granite,"BR,US",,
Vermont Black,Slate,"BR,US",,
Vermont Gray,Slate,US,,
Vermont Grey,Marble,"CA,IT,US",,
Vermont Purple,Slate,US,,
Vermont Slate,Slate,US,,
Vermont Verde Antique,Marble,US,,
Verniz,Granite,BR,,
Verona Cream,Limestone,"IT,US",,
Verona Fossil,Limestone,US,,
Verona Green,Quartzite,IN,,
Verona Hajiabad Black,Marble,IR,,
Verona Verdello,Marble,IT,,
Verona White,Marble,TR,,
Veronica,Granite,BR,,
Veronio,Marble,"IT,PK",,
Verrezat,Marble,XK,,
Versace Gold,Marble,"CN,GR,IN,IR,IT,MX,TR",,
Versace Grey,Marble,"CO,FR,ID,IN,IR,IT,TN,TR",,
Versailles Cream,Limestone,PT,,
Versailles Green,Marble,FR,,
Vert De Estours,Marble,FR,,
Vert De Giottani,Granite,FR,,
Vert De Glacier,Gneiss,CH,,
Vert Evolene,Gneiss,CH,,
Vert Explomar,Marble,MA,,
Vertigo,Limestone,HR,,
Verzasca,Granite,CH,,
Verzino Frabosa,Marble,IT,,
Vesanto Red,Granite,FI,,
Veselje Fiorito,Limestone,"ES,IT,MY,PT,UY",,
Veseljko,Limestone,"HR,US",,
Vesuvio Oro,Granite,BR,,
Vetrina,Marble,TR,,
Vetro,Onyx,PK,,
Veyron,Granite,BR,,
Vezir Aizanoi Pink,Travertine,TR,,
Via Lattea Gneiss,Gneiss,BR,,
Viamao,Granite,BR,,
Viano,Granite,CH,,
Vica,Marble,TR,,
Vicentte Beige,Marble,CN,,
Vicenza Taupe,Granite,BR,,
Victoria Beige,Marble,"AU,CN,OM,TR",,
Victoria Blue,Marble,"CN,TR",,
Victoria Nuvola,Marble,CA,,
Victoria Traonyx,Travertine,IR,,
Victorian,Bluestone,AU,,
Victorian Rose,Granite,IN,,
Victory Beige,Marble,TR,,
Victory Grey,Marble,TR,,
Vicuna,Travertine,PE,,
Vid Pink,Granite,SA,,
Vidraco Ataija Beige,Limestone,PT,,
Vidraco Ze Gomes,Limestone,PT,,
Vienna Golden,Marble,CN,,
Vienna Wood Grain,Marble,"AR,CA,CN,GR,IR,MY,PK,TR,VN",,
Vienne Gris,Limestone,PT,,
Vietnam Adanga,Marble,VN,,
Vietnam Beige,Marble,VN,,
Vietnam Beige,Sandstone,VN,,
Vietnam Black,Basalt,VN,,
Vietnam Brown,Sandstone,VN,,
Vietnam Cream,Marble,VN,,
Vietnam Green,Sandstone,VN,,
Vietnam Grey,Basalt,VN,,
Vietnam Grey,Marble,VN,,
Vietnam Palissandro Bluette,Marble,VN,,
Vietnam Yellow,Granite,"BR,FR,VN",,
Vietnamese Basalt,Basalt,VN,,
Vieux Monde,Limestone,FR,,
Vigaria Peach,Marble,PT,,
Vigaria Vg,Marble,PT,,
Vihiga Grey,Granite,KE,,
Vihiga Red,Granite,KE,,
Viitasaari,Granite,FI,,
Viitasaari Pink,Granite,FI,,
Viitasaari Red,Granite,FI,,
Viitasaari Yellow,Granite,FI,,
Vijay Gold,Slate,IN,,
Villagio Beige,Marble,TR,,
Villamayor,Sandstone,ES,,
Villar Pink,Granite,ES,,
Villebois Jaune,Limestone,FR,,
Villon,Limestone,FR,,
Vincent Black,Granite,BR,,
Vincent Gris,Limestone,PT,,
Vinh Phuc,Sandstone,VN,,
Vintage,Granite,"BR,IN,TR",,
Vintage Gold,Granite,BR,,
Vintage Grey,Granite,"BR,GR",,
Vintage Grey,Marble,"BR,GR",,
Vintage White,Marble,"BR,TR",,
Viola Ametista,Granite,BR,,
Viola Brasile,Marble,BR,,
Viola Calabria,Granite,IT,,
Viola Piemontese,Marble,IT,,
Violet,Granite,"CA,CN,IN,IR,IT,PK,TZ,US,VN",,
Violet,Onyx,"CN,IN,IR,PK,TZ,VN",,
Violet Blaze,Marble,CN,,
Violet Brown,Marble,IN,,
Violet Gold,Marble,CN,,
Violet Jeiran,Travertine,IR,,
Violet Luoyuan,Granite,"CA,CN,FI",,
Violet Ocean Blue,Granite,CN,,
Violet Tropical,Granite,BR,,
Violett Leopard,Marble,CN,,
Violetta Red,Granite,SA,,
Virgin Beige,Marble,TR,,
Virginia Mist,Granite,"BR,FI,IN,US",,
Virolahti,Granite,FI,,
Virvik,Granite,FI,,
Visa Gold,Granite,CN,,
Viscount White,Granite,"BR,CN,ES,IN,PT",,
Viseu,Granite,PT,,
Vision,Quartzite,BR,,
Vision Beige,Marble,TR,,
Visocani Unito,Limestone,HR,,
Visone,Limestone,IT,,
Visso Montenegro,Limestone,ME,,
Vista Grande,Onyx,US,,
Vistdal,Granite,NO,,
Vitez,Marble,BA,,
Vitoria Green,Granite,BR,,
Vitoria White,Granite,BR,,
Vitra,Quartzite,BR,,
Vitrium,Granite,BR,,
Vittoria,Marble,BR,,
Vittra,Quartzite,IN,,
Vivaldi,Crystal,"BR,IN",,
Vizag Blue,Granite,"BR,IN,IR",,
Vizag Green,Granite,IN,,
Vize Pembe,Marble,TR,,
Vizon Beige,Marble,TR,,
Vizon Grey,Marble,TR,,
Vizone,Marble,TR,,
Vogue Branco,Granite,BR,,
Volakas,Marble,"CN,GR,IR,IT,TR",,
Volakas Calacatta,Marble,GR,,
Volakas Diagonal,Marble,GR,,
Volakas Gold,Marble,GR,,
Volcanic Black,Crystal,BR,,
Volcano,Marble,"BR,IN,PK,PT",,
Volcano,Onyx,"BR,IN,PK",,
Volcano Blue,Marble,IN,,
Volcano Red,Granite,"BR,CN,IN,PK",,
Volcano Red,Marble,"BR,CN,IN,PK",,
Volga Blue,Granite,"BR,CN,IN,IR,NO,UA,VN",,
Volocas,Marble,IR,,
Volos,Onyx,GR,,
Volos Black,Marble,GR,,
Volos Brown,Marble,GR,,
Volterra,Travertine,IT,,
Voltorino,Marble,TR,,
Volubilis,Travertine,MA,,
Volvic,Basalt,FR,,
Vona Tabas,Marble,IR,,
Vozrojdenie Forel,Granite,RU,,
Vozrozhdenie,Granite,RU,,
Vratsa Varovik,Limestone,BG,,
Vratza,Limestone,BG,,
Vratza Limestone,Limestone,BG,,
Vrsar Verdino,Limestone,HR,,
Vulcan,Onyx,TR,,
Vulcan Gold,Granite,"BR,CN,IN",,
Vulcano,Onyx,TR,,
Vung Tau Pink,Granite,VN,,
Vyskovice,Granite,CZ,,
Vytina Black,Marble,"CN,GR",,
Wa,Limestone,AU,,
Wabi-Sabi,Sandstone,ID,,
Wachau Gestreift,Marble,AT,,
Wachau Gruen,Marble,AT,,
Wachau Hell Gewolkt,Marble,AT,,
Wachau Smaragd,Marble,AT,,
Wachauer Dunkel Uni,Marble,AT,,
Wachenzell,Limestone,DE,,
Wachenzeller,Limestone,DE,,
Wadding Red,Granite,CN,,
Wadi Forsan Light,Granite,EG,,
Wady El Nil,Granite,EG,,
Wagamama,Marble,ID,,
Wager White,Granite,KH,,
Waikerie,Limestone,AU,,
Wallace Creek,Limestone,CA,,
Walnut,Onyx,"IR,TR",,
Walnut Brown,Limestone,TR,,
Walnut Mahallat,Travertine,IR,,
Walnut Travertine,Travertine,"ES,IR,IT,PE,TR",,
Walt White,Granite,CN,,
Waltz,Travertine,TR,,
Wanshan Green,Granite,CN,,
Wanshan Red,Granite,CN,,
Wanxi Red,Granite,CN,,
Wapanucka Oolitic,Limestone,US,,
Wardak White,Marble,AF,,
Warm Beige,Limestone,ES,,
Warthau,Sandstone,PL,,
Wartowice,Sandstone,PL,,
Warwick Grey,Granite,CA,,
Wasabi Green,Granite,BR,,
Water Cloudy Grey,Marble,CN,,
Water Fern Roots,Marble,VN,,
Water Lily,Marble,IR,,
Water Line,Marble,MY,,
Water Wave,Onyx,IR,,
Waterfall,Granite,"BR,IN",,
Watheroo,Granite,AU,,
Wattscliffe,Sandstone,GB,,
Wausau Red,Granite,"IN,US",,
Wave,Marble,TR,,
Wave,Onyx,TR,,
Wave Gold,Granite,"CN,US",,
Wave White,Marble,CN,,
Waves Black,Granite,CN,,
Waves Red,Granite,CN,,
Wavy Beige,Marble,TR,,
Wavy Black,Marble,TR,,
Wawes,Onyx,TZ,,
Wd Emerald,Granite,CN,,
Wealth Red,Marble,CN,,
Web Green,Marble,IN,,
Weiberner,Tuff,DE,,
Weiler,Sandstone,DE,,
Weir Black,Granite,CN,,
Well White,Granite,CN,,
Welsh,Slate,GB,,
Welsh Purple,Slate,GB,,
Welsh Slate (Penrhyn),Slate,GB,,
Wenge Rustic,Sandstone,IR,,
Wenge Sab,Sandstone,IR,,
Wenzhou Red,Granite,CN,,
West,Limestone,CN,,
West Country,Slate,ZA,,
Western Beige,Marble,IR,,
Western Gold,Sandstone,AU,,
Western Ivory,Coral Stone,US,,
Western Sunset,Sandstone,AU,,
Westhill,Limestone,GB,,
Whisper White,Granite,IN,,
Whistler White,Granite,CA,,
White Alhambra,Granite,ES,,
White Alpha,Granite,BR,,
White and Black,Granite,CN,,
White Aqualux,Granite,BR,,
White Arapkir Beige,Marble,TR,,
White Avsar,Granite,TR,,
White Beauty,Marble,"BR,CN,GR,IN,IR,IT,MM,TR,VN",,
White Bursa Beige,Marble,TR,,
White Carlino,Granite,IN,,
White Casablanca,Granite,"BR,IN",,
White Castle,Limestone,MD,,
White Champagne,Granite,"CN,IN",,
White Cheese,Limestone,CN,,
White Chibia,Granite,AO,,
White Cintilante,Marble,BR,,
White Coffee,Marble,CN,,
White Crabapple,Marble,CN,,
White Cream Pagala,Marble,TG,,
White Desert,Limestone,"JO,SA",,
White Desiree,Granite,BR,,
White Diamond,Granite,"BR,CN,ES",,
White Diamond Grain,Granite,CN,,
White Dipper,Marble,ES,,
White Dongshi,Granite,CN,,
White Dragon,Marble,CN,,
White Dream,Marble,"BR,TR",,
White Eve,Quartzite,BR,,
White Evolution,Granite,BR,,
White Fossil,Limestone,ES,,
White G,Granite,BR,,
White Georgia,Marble,"GE,US",,
White Grain,Limestone,CN,,
White Grain Huian,Granite,CN,,
White Grain Yatai,Granite,CN,,
White Grain Yunnan,Granite,CN,,
White Grain Yuze,Granite,CN,,
White Grain Zhangzhou,Granite,CN,,
White Granada,Granite,BR,,
White Guifei,Granite,CN,,
White Hearth,Marble,TR,,
White Hongtang,Granite,CN,,
White House Beige,Marble,TR,,
White Huashan,Granite,CN,,
White Icarai,Granite,BR,,
White Jade,Onyx,"CN,IN",,
White Jade Fujian,Granite,CN,,
White Java,Limestone,ID,,
White Jinshan,Granite,CN,,
White Jiujiang,Granite,CN,,
White Karacasu,Marble,TR,,
White Khameleon,Granite,UA,,
White Lavender,Sandstone,AU,,
White Leopard,Marble,"TR,VN",,
White Lightning,Marble,"CA,IT,US",,
White Linen,Granite,"CN,TR",,
White Lymra,Limestone,CN,,
White Macaubas,Quartzite,BR,,
White Magnolia,Granite,CN,,
White Maoping,Granite,CN,,
White Melody,Marble,CN,,
White Mentelle,Marble,CN,,
White Minho,Limestone,PT,,
White Miracema,Gneiss,BR,,
White Mirage,Granite,"BR,IN",,
White Mosaic,Marble,BR,,
White Mountain,Granite,BR,,
White Mw,Marble,MX,,
White Namibe,Marble,"AO,AU,TR",,
White Natanz,Granite,IR,,
White Nehbandan,Granite,IR,,
White Nepal,Granite,BR,,
White Night,Granite,IN,,
White Ocean,Marble,BR,,
White Olympus,Granite,BR,,
White Onyx,Onyx,"BR,IR,MX,TR",,
White Opal,Marble,"AU,GR,IN,MX,OM,TR",,
White Ornamental,Granite,BR,,
White Palace Beige,Marble,CN,,
White Palimo,Sandstone,ID,,
White Palmas,Granite,BR,,
White Paradise,Granite,"BR,IR",,
White Paradise,Marble,"BR,IR",,
White Parador,Granite,BR,,
White Paras Yogya,Sandstone,ID,,
White Pearl Antique,Marble,TR,,
White Phu My,Granite,VN,,
White Picasso,Granite,BR,,
White Pilsen,Granite,BR,,
White Pingdu,Granite,CN,,
White Pollux,Granite,BR,,
White Queen,Granite,IR,,
White Rainbow,Granite,BR,,
White Ravine,Granite,BR,,
White Red,Slate,CN,,
White Rose,Granite,"BR,CN,IN,VN",,
White Royal,Marble,"BR,CN,GR,IN,MM,MX,NA,PT,TR,VN,ZM",,
White Safaga,Granite,EG,,
White Salsali,Marble,IR,,
White Sand,Granite,"BR,CN",,
White Sand,Slate,"BR,CN",,
White Sandstone (Dhrangadhra),Sandstone,IN,,
White Sensation,Marble,BR,,
White Sierra,Marble,AR,,
White Sioux,Granite,BR,,
White Sky,Granite,NA,,
White Sophie,Granite,BR,,
White Soul,Granite,BR,,
White Splash,Granite,BR,,
White Star Beige,Marble,TR,,
White Storm,Marble,"BR,TR,VN",,
White Sunset,Marble,TR,,
White Swan,Marble,TR,,
White Syberian,Marble,BR,,
White Taj,Quartzite,BR,,
White Takab,Granite,IR,,
White Tiger,Marble,"AO,BR,IN,MX,NA,TR",,
White Tiger,Quartzite,"BR,MX,TR",,
White Torroncino,Granite,BR,,
White Traonyx,Onyx,IR,,
White Travertine,Travertine,"IR,IT",,
White Treasure,Granite,BR,,
White Treasure,Marble,BR,,
White Truffle,Marble,BR,,
White Vegas,Granite,BR,,
White Vein,Marble,"BR,CN,ID,IN,IR,IT,MK,NO,OM,TR,VN",,
White Vienna,Granite,BR,,
White Water,Marble,CN,,
White Wave,Travertine,"BR,TR",,
White Waves,Marble,TR,,
White Wendeng,Granite,CN,,
White Wood Jade,Marble,CN,,
White Xiao Cuo,Granite,CN,,
White Yantai,Granite,CN,,
Wiarton Light,Limestone,CA,,
Wicklow,Granite,IE,,
Wicklow,Sandstone,IE,,
Wild,Travertine,IT,,
Wild Acqua,Quartzite,BR,,
Wild Coast Black,Granite,ZA,,
Wild Rose,Granite,"CN,IN",,
Wild Wine,Granite,BR,,
Wildfire,Granite,BR,,
Wildhorse Swirl,Sandstone,US,,
Wilkeson,Sandstone,US,,
Willow,Onyx,TR,,
Willow Green,Marble,CN,,
Winchester,Sandstone,US,,
Winchester Black,Slate,US,,
Windsor Black,Basalt,VN,,
Windsor Gray,Sandstone,US,,
Windsor Grey,Marble,CN,,
Windsor White,Limestone,ES,,
Windy City,Sandstone,US,,
Wine,Slate,BR,,
Wine Red,Marble,"IR,IT,TR",,
Wineberry,Granite,BR,,
Winfield,Limestone,US,,
Winter Mist,Marble,CN,,
Winter River Snow,Marble,"CN,IR,MX,TR",,
Winter Sweet,Marble,IR,,
Wistow,Bluestone,AU,,
Withered,Granite,UA,,
Witton Fell,Sandstone,GB,,
Wloch,Sandstone,PL,,
Wlochy,Sandstone,PL,,
Wolfstein,Granite,DE,,
Wolfville Gray,Marble,BR,,
Wollongong Basalt,Basalt,AU,,
Wombeyan Grey,Marble,AU,,
Wondabyne,Sandstone,AU,,
Wonder Grey,Marble,IN,,
Wonderful Grey,Marble,CN,,
Wonderland,Marble,CN,,
Wood Grain,Travertine,"CN,IR",,
Woodbury Grey,Granite,"PL,US",,
Wooden,Sandstone,"IN,PK,TH,TR",,
Wooden,Travertine,"IN,IR,TH,TR",,
Wooden Black Marble,Marble,"BR,CN,ES,ID,IN,IR",,
Wooden Gold,Marble,"AR,CA,CN,GR,IR,MY,PK,TR,VN",,
Wooden Grey,Sandstone,"CN,IN",,
Woodkirk,Sandstone,GB,,
Woodland,Sandstone,IN,,
Woodstone,Marble,"BR,TR",,
Woodstone,Quartzite,"BR,TR",,
World Expo Gold,Marble,TR,,
Worzeldorf,Sandstone,DE,,
Wu Yi Red,Granite,CN,,
Wucai Green,Granite,CN,,
Wucai Red,Granite,CN,,
Wulan Gold,Granite,CN,,
Wulian Grey,Granite,CN,,
Wustenzell,Sandstone,DE,,
Wuyi Ice Flower,Granite,CN,,
Wyndham Grey,Marble,KH,,
Xemil,Slate,ES,,
Xi Li Red,Granite,CN,,
Xia Red,Granite,"CN,IN",,
Xiang Xue White,Marble,CN,,
Xiangfei Beige,Marble,IR,,
Xiaocuo White,Granite,CN,,
Xiayunling Green,Slate,CN,,
Xiayunling Rust,Slate,CN,,
Xide Purplish Red,Granite,CN,,
Xide Violet,Granite,CN,,
Xijier,Marble,CN,,
Xiling Flower,Granite,CN,,
Xiling Red,Granite,CN,,
Xingeli,Marble,CN,,
Xingzi Black,Slate,CN,,
Xinjiang Classic Brown,Granite,CN,,
Xinjiang Red,Granite,CN,,
Xinmiao Red,Granite,CN,,
Xinyashi White,Marble,"BR,CN,GR,IN,MM,MX,NA,PT,TR,VN,ZM",,
Xinyi Sesame Black,Granite,CN,,
Xishan White Dew,Limestone,CN,,
Xishi Black,Granite,CN,,
Xishi Red,Granite,CN,,
Xishi Red,Marble,CN,,
Xuan Dung,Granite,VN,,
Ya Beige,Marble,TR,,
Yabo White,Marble,CN,,
Yadeen Beige,Marble,TR,,
Yaghoot,Marble,IR,,
Yak Black,Granite,IN,,
Yakawlang,Onyx,AF,,
Yale Brown,Granite,IN,,
Yalun Gold,Marble,CN,,
Yamantau,Marble,RU,,
Yamburg,Limestone,RU,,
Yana,Limestone,IT,,
Yangtz Black,Granite,CN,,
Yangtze River,Limestone,CN,,
Yangtze White,Granite,CN,,
Yankari,Granite,NG,,
Yara Abha,Granite,EG,,
Yara Grey,Granite,"CN,IR,SA",,
Yashi Gold,Granite,"BR,IN",,
Yatagan,Travertine,TR,,
Yatta Yellow,Limestone,IL,,
Yazd Brown,Porphyry,IR,,
Yazd Green,Porphyry,IR,,
Yazd Grey,Travertine,IR,,
Yazd Pink,Travertine,IR,,
Yazd Rainbow,Porphyry,IR,,
Yazir Spider Beige,Limestone,TR,,
Ydj Green,Granite,CN,,
Yekaterinburg,Slate,RU,,
Yekaterinburg Green,Marble,RU,,
Yellow,Limestone,"BR,CN,TR",,
Yellow,Marble,"BR,CN,TR",,
Yellow Baipo Pingshan,Granite,CN,,
Yellow Bianco Purple,Granite,CN,,
Yellow Breccia,Marble,VN,,
Yellow Breeze,Limestone,ES,,
Yellow Brown,Travertine,"IR,TR",,
Yellow Campanario,Granite,ES,,
Yellow Cloud,Onyx,MX,,
Yellow Cream,Marble,CN,,
Yellow Damascus,Marble,SY,,
Yellow Diamond,Limestone,OM,,
Yellow Diamond Light,Granite,BR,,
Yellow Fox,Granite,BR,,
Yellow Gerberia,Travertine,IR,,
Yellow Ghazal,Granite,EG,,
Yellow Grain,Granite,CN,,
Yellow Grey,Limestone,IN,,
Yellow Louise,Marble,CN,,
Yellow Lymjar,Sandstone,ES,,
Yellow Makoo,Travertine,IR,,
Yellow Mantena,Granite,BR,,
Yellow Meche,Limestone,LB,,
Yellow Mellal,Marble,MA,,
Yellow Moon,Granite,BR,,
Yellow Nghe an,Marble,VN,,
Yellow Pearl,Marble,EG,,
Yellow Rain,Granite,BR,,
Yellow Rose,Granite,"CN,IN,IR,PK",,
Yellow Rose,Marble,"CN,IR",,
Yellow Rubies,Limestone,PS,,
Yellow Rust,Slate,TH,,
Yellow Shanxi,Marble,CN,,
Yellow Soraya,Travertine,IR,,
Yellow Subuda,Granite,CN,,
Yellow Sun,Limestone,LB,,
Yellow Sunset,Limestone,"IR,LB",,
Yellow Sunset,Marble,"IR,LB",,
Yellow Touch,Limestone,LB,,
Yellow Traonyx,Onyx,IR,,
Yellow Travertine,Travertine,"IR,TR",,
Yellow Tufa,Tuff,"AM,IT",,
Yellow Web,Onyx,TR,,
Yellow Wooden,Marble,"AR,CA,CN,GR,IR,MY,PK,TR,VN",,
Yesilova Beige,Marble,TR,,
Yetman,Sandstone,AU,,
Yetra Red,Marble,IN,,
Yichang Sesame Green,Granite,CN,,
Yinshan Red,Granite,CN,,
Yinxun Palissandro,Marble,MM,,
Yixian Hei,Granite,CN,,
Yixian Multicolor,Slate,CN,,
Yixing Red Cream,Marble,CN,,
Ykd Black,Granite,IN,,
Ylaemaan Vihreae,Granite,FI,,
Ylang,Marble,EG,,
Yongchun Green,Granite,CN,,
Yongfu Red,Granite,CN,,
Yorke Peninsula,Limestone,AU,,
Yosemite,Quartzite,BR,,
Yozgat,Travertine,TR,,
Yozgat Walnut,Travertine,TR,,
Yuexi Black,Granite,CN,,
Yuexi Black Galaxy,Granite,CN,,
Yuexi Green Diamond,Granite,CN,,
Yuexi Leopard Green,Granite,CN,,
Yuexi Sesame White,Granite,CN,,
Yugong Cream,Marble,CN,,
Yukon White,Granite,"BR,IN,VN",,
Yulan White,Granite,CN,,
Yuliana,Granite,ES,,
Yulong White,Granite,CN,,
Yunan White,Sandstone,CN,,
Yunnan Beige,Sandstone,CN,,
Yunnan Blue,Marble,CN,,
Yunnan Chrysanthemum Yellow,Granite,"BR,CN,ES,IN,PL,SA,TR,US",,
Yunnan Lava,Basalt,CN,,
Yunnan Red,Basalt,CN,,
Yunnan Red,Sandstone,CN,,
Yunsima,Granite,CN,,
Yunsong Green,Granite,CN,,
Yurac Oscuro,Travertine,PE,,
Yushu Forest Wind,Marble,CN,,
Yuzhno Sultayevskiy,Granite,RU,,
Zacapa Nublado,Marble,GT,,
Zafarana,Marble,EG,,
Zafir Gold,Marble,GR,,
Zahavi,Granite,BR,,
Zahedan Balooch,Granite,IR,,
Zalat,Limestone,JO,,
Zalzala,Marble,IN,,
Zambia Black,Granite,"AO,CN,IN,MZ,ZA,ZM,ZW",,
Zamzam,Marble,EG,,
Zanari,Quartzite,BR,,
Zandobbio,Marble,IT,,
Zanjan Beige,Travertine,IR,,
Zanjan Peach,Granite,IR,,
Zapadno Sultayevskiy,Granite,RU,,
Zar Waryaz,Marble,PK,,
Zara Beige,Marble,IR,,
Zara Gris,Marble,PT,,
Zarabag,Granite,UZ,,
Zarband,Marble,UZ,,
Zare,Marble,IR,,
Zaria Beta,Granite,NG,,
Zaria Red,Granite,NG,,
Zarnow,Sandstone,PL,,
Zazia,Limestone,TN,,
Zbuzany,Marble,CZ,,
Zbylutow,Sandstone,PL,,
Zebra,Marble,"AM,CN,GR,IN,IR,IT,MX,NA,TR",,
Zebra,Onyx,"AM,IR,NA,TR",,
Zebra,Travertine,"AM,IR,NA,TR",,
Zebra Black,Granite,IN,,
Zebra Gray,Marble,"IR,TR",,
Zebra Green,Marble,CN,,
Zebra White,Marble,"BR,MZ",,
Zebrina,Marble,TR,,
Zebrino,Onyx,"AR,IT,PE,TR",,
Zebrino Bluette,Marble,IT,,
Zebrino Gold,Marble,ES,,
Zecevo,Limestone,HR,,
Zedernhaus,Marble,AT,,
Zefran,Travertine,TR,,
Zelenytsya,Granite,UA,,
Zelezny Brod,Granite,CZ,,
Zeliszow,Sandstone,PL,,
Zenana,Marble,NA,,
Zenith Lux,Quartzite,BR,,
Zepia,Marble,UY,,
Zerkowice,Sandstone,PL,,
Zermatt,Granite,BR,,
Zeta Brown,Granite,"BR,CN,IN,SE",,
Zeus Gold,Granite,"BR,PL",,
Zeytoni Khoy,Marble,IR,,
Zhalgyz,Granite,KZ,,
Zhangpu Basalt,Basalt,CN,,
Zhangpu Black,Basalt,CN,,
Zhaojun Red,Granite,CN,,
Zhaoyuan Pearl,Granite,"BR,CN,ES,IN,PK,PT",,
Zhaxi Grey,Marble,CN,,
Zhejiang Gray,Tuff,CN,,
Zheltau,Granite,KZ,,
Zhenfeng Wooden,Limestone,CN,,
Zhetibaiski,Limestone,KZ,,
Zhida Red,Granite,CN,,
Zhongnuo Red,Granite,CN,,
Zhu Yue Quin,Granite,CN,,
Zhuoma Grey,Marble,CN,,
Ziarat Grey,Marble,PK,,
Zijiang White,Granite,"CN,TH",,
Zijing Black,Granite,CN,,
Zijing Grey,Granite,CN,,
Zijing Red,Marble,CN,,
Zimbabwe Black,Granite,"AO,CN,IN,MZ,ZA,ZM,ZW",,
Zimnik,Granite,PL,,
Zion Beige,Marble,ID,,
Zion Grey,Granite,CN,,
Ziyu Beige,Marble,CN,,
Zlata Oniks,Onyx,SK,,
Zola Beige,Marble,MA,,
Zola Grey,Limestone,TN,,
Zucchero,Onyx,TR,,
Zula,Onyx,EC,,
Zulova,Granite,CZ,,
Zurich,Granite,BR,,
Zurmat,Marble,AF,,
Zuschen,Sandstone,DE,,
Zygmuntowka,Limestone,PL,,